agent,opponent,players,seed,game,seat,won,win_share,margin,score,opp_score,route_points,ticket_points,tickets_completed,tickets_failed,longest_bonus,longest_path,claims,mean_claim_length,long_claims,trains_left,locomotives_spent,draw_color,draw_locomotive,draw_blind,ticket_draws,tickets_kept,final_round_ticket_draws,passes,triggered_end,turns,seconds,searches,search_seconds
mcts,linear:runs/linear/pass7/p7b_sarsa_lam98_random_s3.json@best,2,9001,0,0,0.0,0.0,-57.0,56.0,113.0,39.0,17.0,3.0,1.0,0.0,18.0,11.0,2.727272727272727,0.0,15.0,4.0,6.0,0.0,36.0,1.0,4.0,0.0,0.0,0.0,66.0,151.48,35,151.44
mcts,linear:runs/linear/pass7/p7b_sarsa_lam98_random_s3.json@best,2,9001,1,0,1.0,1.0,39.0,110.0,71.0,39.0,61.0,6.0,0.0,1.0,18.0,13.0,2.3076923076923075,1.0,15.0,5.0,3.0,0.0,27.0,2.0,6.0,0.0,0.0,0.0,61.0,129.81,33,129.79
mcts,linear:runs/linear/pass7/p7b_sarsa_lam98_random_s3.json@best,2,9001,2,1,0.0,0.0,-9.0,70.0,79.0,39.0,21.0,3.0,1.0,1.0,24.0,14.0,2.2857142857142856,0.0,13.0,1.0,18.0,0.0,14.0,1.0,4.0,0.0,0.0,0.0,63.0,124.72,33,124.7
mcts,linear:runs/linear/pass7/p7b_sarsa_lam98_random_s3.json@best,2,9001,3,0,0.0,0.0,-3.0,76.0,79.0,45.0,21.0,3.0,1.0,1.0,20.0,13.0,2.5384615384615383,1.0,12.0,6.0,5.0,0.0,27.0,1.0,4.0,0.0,0.0,0.0,61.0,123.49,32,123.47
mcts,racer,2,9001,0,0,0.0,0.0,-20.0,74.0,94.0,48.0,16.0,2.0,1.0,1.0,24.0,16.0,2.375,0.0,7.0,7.0,9.0,0.0,33.0,1.0,3.0,0.0,0.0,0.0,76.0,150.66,40,150.65
mcts,racer,2,9001,1,0,1.0,1.0,13.0,94.0,81.0,46.0,38.0,4.0,0.0,1.0,18.0,15.0,2.4,1.0,9.0,2.0,7.0,0.0,29.0,1.0,4.0,0.0,0.0,0.0,69.0,133.9,36,133.89
mcts,racer,2,9001,2,1,0.0,0.0,-26.0,65.0,91.0,39.0,16.0,3.0,1.0,1.0,22.0,15.0,2.1333333333333333,0.0,13.0,5.0,10.0,2.0,18.0,1.0,4.0,0.0,0.0,0.0,65.0,132.94,34,132.93
mcts,racer,2,9001,3,0,1.0,1.0,9.0,102.0,93.0,45.0,47.0,4.0,0.0,1.0,23.0,14.0,2.4285714285714284,1.0,11.0,4.0,4.0,0.0,26.0,1.0,4.0,0.0,0.0,0.0,61.0,126.81,32,126.8
mcts:reward=score,linear:runs/linear/pass7/p7b_sarsa_lam98_random_s3.json@best,2,9001,0,0,0.0,0.0,-23.0,83.0,106.0,50.0,33.0,2.0,0.0,0.0,29.0,15.0,2.466666666666667,1.0,8.0,3.0,25.0,1.0,11.0,0.0,2.0,0.0,0.0,0.0,68.0,142.11,35,142.08
mcts:reward=score,linear:runs/linear/pass7/p7b_sarsa_lam98_random_s3.json@best,2,9001,1,0,1.0,1.0,29.0,113.0,84.0,52.0,61.0,6.0,0.0,0.0,20.0,14.0,2.7142857142857144,1.0,7.0,7.0,6.0,0.0,30.0,2.0,6.0,0.0,0.0,0.0,69.0,140.62,37,140.59
mcts:reward=score,linear:runs/linear/pass7/p7b_sarsa_lam98_random_s3.json@best,2,9001,2,1,1.0,1.0,8.0,92.0,84.0,57.0,25.0,3.0,1.0,1.0,22.0,12.0,2.8333333333333335,3.0,11.0,4.0,8.0,0.0,28.0,1.0,4.0,0.0,0.0,0.0,63.0,128.83,33,128.8
mcts:reward=score,linear:runs/linear/pass7/p7b_sarsa_lam98_random_s3.json@best,2,9001,3,0,0.0,0.0,-4.0,87.0,91.0,44.0,33.0,4.0,1.0,1.0,14.0,14.0,2.357142857142857,1.0,12.0,4.0,5.0,0.0,27.0,2.0,5.0,0.0,0.0,0.0,65.0,132.42,35,132.4
mcts:reward=score,ppo:runs/ppo/pass2/p2b_pool_s3.json,2,9001,0,0,0.0,0.0,-52.0,40.0,92.0,41.0,-1.0,1.0,1.0,0.0,27.0,10.0,2.9,1.0,16.0,3.0,18.0,0.0,24.0,0.0,2.0,0.0,0.0,0.0,62.0,142.76,32,142.7
mcts:reward=score,ppo:runs/ppo/pass2/p2b_pool_s3.json,2,9001,1,0,0.0,0.0,-4.0,67.0,71.0,54.0,13.0,3.0,1.0,0.0,26.0,11.0,3.0,2.0,12.0,5.0,3.0,0.0,33.0,1.0,4.0,0.0,0.0,0.0,61.0,137.86,32,137.8
mcts:reward=score,ppo:runs/ppo/pass2/p2b_pool_s3.json,2,9001,2,1,0.0,0.0,-20.0,73.0,93.0,48.0,25.0,3.0,1.0,0.0,22.0,11.0,2.909090909090909,2.0,13.0,4.0,11.0,0.0,23.0,1.0,4.0,0.0,0.0,0.0,59.0,132.38,31,132.32
mcts:reward=score,ppo:runs/ppo/pass2/p2b_pool_s3.json,2,9001,3,0,0.0,0.0,-33.0,63.0,96.0,42.0,21.0,3.0,1.0,0.0,16.0,11.0,2.6363636363636362,1.0,16.0,4.0,7.0,0.0,25.0,1.0,4.0,0.0,0.0,0.0,57.0,127.81,30,127.75
mcts:reward=score,racer,2,9001,0,0,1.0,1.0,43.0,128.0,85.0,65.0,53.0,4.0,0.0,1.0,32.0,16.0,2.8125,2.0,0.0,4.0,24.0,0.0,24.0,1.0,4.0,0.0,0.0,1.0,81.0,150.35,43,150.33
mcts:reward=score,racer,2,9001,1,0,1.0,1.0,37.0,118.0,81.0,42.0,66.0,8.0,1.0,1.0,20.0,14.0,2.357142857142857,1.0,12.0,6.0,8.0,0.0,28.0,4.0,9.0,0.0,0.0,0.0,73.0,143.69,41,143.68
mcts:reward=score,racer,2,9001,2,1,1.0,1.0,22.0,113.0,91.0,64.0,39.0,4.0,0.0,1.0,29.0,12.0,3.1666666666666665,3.0,7.0,4.0,8.0,1.0,30.0,1.0,4.0,0.0,0.0,0.0,67.0,133.7,35,133.68
mcts:reward=score,racer,2,9001,3,0,1.0,1.0,16.0,109.0,93.0,60.0,39.0,4.0,0.0,1.0,30.0,16.0,2.6875,1.0,2.0,6.0,10.0,1.0,32.0,1.0,4.0,0.0,0.0,0.0,79.0,132.33,41,132.32
mcts,ppo:runs/ppo/pass2/p2b_pool_s3.json,2,9001,0,0,0.0,0.0,-28.0,70.0,98.0,35.0,35.0,3.0,0.0,0.0,18.0,14.0,2.0714285714285716,0.0,16.0,3.0,9.0,0.0,25.0,1.0,3.0,0.0,0.0,0.0,64.0,147.7,34,147.64
mcts,ppo:runs/ppo/pass2/p2b_pool_s3.json,2,9001,1,0,1.0,1.0,39.0,102.0,63.0,54.0,38.0,4.0,0.0,1.0,20.0,14.0,2.7142857142857144,1.0,7.0,5.0,8.0,0.0,30.0,1.0,4.0,0.0,0.0,0.0,69.0,147.87,36,147.8
mcts,ppo:runs/ppo/pass2/p2b_pool_s3.json,2,9001,2,1,0.0,0.0,-37.0,62.0,99.0,41.0,21.0,3.0,1.0,0.0,19.0,16.0,2.1875,0.0,10.0,3.0,12.0,0.0,20.0,1.0,4.0,0.0,0.0,0.0,67.0,139.94,35,139.88
mcts,ppo:runs/ppo/pass2/p2b_pool_s3.json,2,9001,3,0,0.0,0.0,-32.0,67.0,99.0,46.0,21.0,3.0,1.0,0.0,16.0,12.0,2.5833333333333335,2.0,14.0,6.0,12.0,0.0,22.0,1.0,4.0,0.0,0.0,0.0,61.0,132.05,32,131.98
mcts,greedy,2,9001,0,0,1.0,1.0,47.0,122.0,75.0,70.0,42.0,4.0,0.0,1.0,26.0,15.0,3.0,1.0,0.0,6.0,18.0,1.0,22.0,1.0,4.0,0.0,0.0,1.0,73.0,155.9,39,155.89
mcts,greedy,2,9001,1,0,1.0,1.0,68.0,133.0,65.0,62.0,61.0,6.0,0.0,1.0,26.0,16.0,2.75,2.0,1.0,4.0,14.0,1.0,28.0,2.0,6.0,0.0,0.0,1.0,80.0,148.31,43,148.3
mcts,greedy,2,9001,2,1,0.0,0.0,-24.0,102.0,126.0,64.0,28.0,3.0,0.0,1.0,26.0,17.0,2.6470588235294117,2.0,0.0,4.0,18.0,0.0,28.0,0.0,3.0,0.0,0.0,1.0,80.0,153.83,41,153.81
mcts,greedy,2,9001,3,0,0.0,0.0,0.0,112.0,112.0,63.0,39.0,4.0,0.0,1.0,34.0,16.0,2.8125,1.0,0.0,6.0,11.0,0.0,37.0,1.0,4.0,0.0,0.0,1.0,82.0,152.65,43,152.64
mcts,wary,2,9001,0,0,1.0,1.0,38.0,120.0,82.0,68.0,42.0,4.0,0.0,1.0,33.0,16.0,2.8125,1.0,0.0,6.0,17.0,1.0,25.0,1.0,4.0,0.0,0.0,1.0,77.0,157.09,41,157.08
mcts,wary,2,9001,1,0,1.0,1.0,68.0,133.0,65.0,62.0,61.0,6.0,0.0,1.0,26.0,16.0,2.75,2.0,1.0,4.0,14.0,1.0,28.0,2.0,6.0,0.0,0.0,1.0,80.0,145.74,43,145.73
mcts,wary,2,9001,2,1,1.0,1.0,20.0,113.0,93.0,59.0,44.0,4.0,0.0,1.0,26.0,15.0,2.7333333333333334,2.0,4.0,4.0,17.0,0.0,29.0,1.0,4.0,0.0,0.0,0.0,79.0,156.47,41,156.46
mcts,wary,2,9001,3,0,0.0,0.0,-2.0,104.0,106.0,55.0,39.0,4.0,0.0,1.0,34.0,14.0,2.7857142857142856,1.0,6.0,6.0,11.0,0.0,33.0,1.0,4.0,0.0,0.0,0.0,75.0,151.64,39,151.63
mcts:reward=score,wary,2,9001,0,0,1.0,1.0,41.0,143.0,102.0,67.0,66.0,5.0,0.0,1.0,25.0,15.0,3.0,1.0,0.0,5.0,17.0,1.0,33.0,2.0,5.0,0.0,0.0,1.0,85.0,169.83,46,169.82
mcts:reward=score,wary,2,9001,1,0,0.0,0.0,-14.0,103.0,117.0,47.0,56.0,6.0,1.0,0.0,22.0,15.0,2.466666666666667,1.0,8.0,4.0,6.0,0.0,34.0,3.0,7.0,0.0,0.0,0.0,77.0,151.79,42,151.78
mcts:reward=score,wary,2,9001,2,1,1.0,1.0,26.0,134.0,108.0,67.0,57.0,6.0,0.0,1.0,23.0,15.0,2.933333333333333,3.0,1.0,2.0,23.0,0.0,21.0,3.0,6.0,0.0,0.0,0.0,81.0,165.4,44,165.39
mcts:reward=score,wary,2,9001,3,0,0.0,0.0,-10.0,103.0,113.0,48.0,45.0,5.0,1.0,1.0,25.0,16.0,2.375,0.0,7.0,6.0,4.0,1.0,32.0,2.0,6.0,0.0,0.0,0.0,75.0,157.21,40,157.2
mcts:reward=score,greedy,2,9001,0,0,1.0,1.0,40.0,133.0,93.0,67.0,66.0,5.0,0.0,0.0,25.0,15.0,3.0,1.0,0.0,5.0,17.0,1.0,33.0,2.0,5.0,0.0,0.0,1.0,85.0,170.37,46,170.36
mcts:reward=score,greedy,2,9001,1,0,1.0,1.0,38.0,155.0,117.0,64.0,81.0,8.0,0.0,1.0,28.0,16.0,2.8125,1.0,0.0,6.0,6.0,1.0,42.0,4.0,8.0,0.0,0.0,1.0,90.0,163.03,50,163.01
mcts:reward=score,greedy,2,9001,2,1,1.0,1.0,48.0,137.0,89.0,70.0,57.0,6.0,0.0,1.0,23.0,15.0,3.0,3.0,0.0,5.0,21.0,1.0,25.0,3.0,6.0,0.0,0.0,1.0,84.0,166.93,46,166.92
mcts:reward=score,greedy,2,9001,3,0,0.0,0.0,-4.0,118.0,122.0,51.0,57.0,6.0,0.0,1.0,31.0,17.0,2.411764705882353,0.0,4.0,6.0,4.0,1.0,38.0,2.0,6.0,0.0,0.0,0.0,83.0,159.75,44,159.73
mcts,collector,2,9001,0,0,1.0,1.0,87.0,120.0,33.0,80.0,30.0,3.0,0.0,1.0,22.0,13.0,3.4615384615384617,3.0,0.0,8.0,11.0,1.0,31.0,1.0,3.0,0.0,0.0,1.0,71.0,162.88,38,162.87
mcts,collector,2,9001,1,0,1.0,1.0,56.0,109.0,53.0,53.0,46.0,4.0,0.0,1.0,20.0,17.0,2.411764705882353,1.0,4.0,7.0,8.0,0.0,38.0,1.0,4.0,0.0,0.0,0.0,83.0,171.08,43,171.07
mcts,collector,2,9001,2,1,0.0,0.0,-36.0,86.0,122.0,53.0,23.0,4.0,1.0,1.0,24.0,15.0,2.6,1.0,6.0,2.0,24.0,2.0,22.0,2.0,5.0,0.0,0.0,0.0,85.0,189.38,45,189.37
mcts,collector,2,9001,3,0,0.0,0.0,-18.0,94.0,112.0,54.0,40.0,4.0,0.0,0.0,17.0,16.0,2.5,0.0,5.0,7.0,10.0,2.0,28.0,2.0,4.0,0.0,0.0,0.0,79.0,163.77,42,163.76
mcts:reward=score,collector,2,9001,0,0,1.0,1.0,53.0,140.0,87.0,69.0,61.0,4.0,0.0,1.0,24.0,15.0,3.0,2.0,0.0,6.0,19.0,0.0,31.0,2.0,4.0,0.0,0.0,1.0,83.0,172.31,45,172.3
mcts:reward=score,collector,2,9001,1,0,0.0,0.0,-14.0,104.0,118.0,65.0,29.0,4.0,1.0,1.0,22.0,14.0,3.0,2.0,3.0,6.0,11.0,0.0,37.0,2.0,5.0,0.0,0.0,0.0,81.0,168.32,43,168.31
mcts:reward=score,collector,2,9001,2,1,1.0,1.0,54.0,146.0,92.0,75.0,61.0,6.0,1.0,1.0,25.0,14.0,3.2142857142857144,4.0,0.0,5.0,7.0,0.0,51.0,3.0,7.0,0.0,0.0,1.0,92.0,222.99,50,222.98
mcts:reward=score,collector,2,9001,3,0,0.0,0.0,-10.0,103.0,113.0,48.0,45.0,5.0,1.0,1.0,25.0,16.0,2.375,0.0,7.0,6.0,4.0,1.0,32.0,2.0,6.0,0.0,0.0,0.0,75.0,160.53,40,160.52
mcts,racer,2,9001,4,0,0.0,0.0,-2.0,85.0,87.0,56.0,19.0,2.0,1.0,1.0,29.0,12.0,2.9166666666666665,2.0,10.0,2.0,6.0,0.0,30.0,1.0,3.0,0.0,0.0,0.0,62.0,127.45,33,127.44
mcts,racer,2,9001,5,1,1.0,1.0,43.0,133.0,90.0,48.0,75.0,6.0,0.0,1.0,29.0,16.0,2.375,1.0,7.0,4.0,18.0,1.0,20.0,2.0,6.0,0.0,0.0,0.0,77.0,133.84,41,133.83
mcts,racer,2,9001,6,0,1.0,1.0,26.0,118.0,92.0,66.0,42.0,4.0,0.0,1.0,20.0,16.0,2.75,2.0,1.0,4.0,11.0,0.0,35.0,1.0,4.0,0.0,0.0,0.0,80.0,133.0,42,132.98
mcts,racer,2,9001,7,0,0.0,0.0,-3.0,87.0,90.0,38.0,39.0,3.0,0.0,1.0,24.0,15.0,2.2,0.0,12.0,3.0,20.0,1.0,12.0,0.0,3.0,0.0,0.0,0.0,65.0,131.82,33,131.81
mcts:reward=score,racer,2,9001,4,0,1.0,1.0,22.0,109.0,87.0,54.0,45.0,4.0,0.0,1.0,32.0,14.0,2.7142857142857144,1.0,7.0,4.0,4.0,0.0,32.0,2.0,4.0,0.0,0.0,0.0,68.0,134.75,37,134.74
mcts:reward=score,racer,2,9001,5,1,1.0,1.0,33.0,123.0,90.0,45.0,68.0,5.0,0.0,1.0,31.0,14.0,2.5,1.0,10.0,7.0,10.0,1.0,24.0,2.0,5.0,0.0,0.0,0.0,69.0,133.41,37,133.39
mcts:reward=score,racer,2,9001,6,0,0.0,0.0,-12.0,80.0,92.0,44.0,26.0,4.0,1.0,1.0,26.0,15.0,2.3333333333333335,0.0,10.0,4.0,11.0,1.0,23.0,2.0,5.0,0.0,0.0,0.0,70.0,140.63,38,140.62
mcts:reward=score,racer,2,9001,7,0,1.0,1.0,22.0,112.0,90.0,51.0,51.0,4.0,0.0,1.0,24.0,17.0,2.4705882352941178,0.0,3.0,4.0,4.0,0.0,38.0,1.0,4.0,0.0,0.0,0.0,79.0,142.79,41,142.77
mcts,greedy,2,9001,4,0,1.0,1.0,8.0,118.0,110.0,67.0,41.0,3.0,0.0,1.0,26.0,16.0,2.8125,1.0,0.0,5.0,19.0,1.0,21.0,1.0,3.0,0.0,0.0,1.0,75.0,141.42,40,141.41
mcts,greedy,2,9001,5,1,1.0,1.0,2.0,115.0,113.0,73.0,32.0,2.0,0.0,1.0,27.0,13.0,3.3846153846153846,3.0,1.0,5.0,29.0,1.0,21.0,0.0,2.0,0.0,0.0,0.0,79.0,152.11,40,152.1
mcts,greedy,2,9001,6,0,1.0,1.0,41.0,114.0,73.0,63.0,41.0,4.0,0.0,1.0,21.0,18.0,2.5,2.0,0.0,4.0,13.0,1.0,29.0,1.0,4.0,0.0,0.0,1.0,81.0,151.06,43,151.05
mcts,greedy,2,9001,7,0,1.0,1.0,28.0,114.0,86.0,53.0,51.0,4.0,0.0,1.0,33.0,19.0,2.3157894736842106,0.0,1.0,3.0,28.0,2.0,10.0,1.0,4.0,0.0,0.0,1.0,82.0,157.01,43,156.99
mcts,wary,2,9001,4,0,0.0,0.0,-10.0,108.0,118.0,67.0,41.0,3.0,0.0,0.0,26.0,16.0,2.8125,1.0,0.0,5.0,19.0,1.0,21.0,1.0,3.0,0.0,0.0,1.0,75.0,146.69,40,146.68
mcts,wary,2,9001,5,1,0.0,0.0,-10.0,100.0,110.0,58.0,32.0,2.0,0.0,1.0,27.0,12.0,3.1666666666666665,2.0,7.0,5.0,28.0,1.0,22.0,0.0,2.0,0.0,0.0,0.0,77.0,154.59,39,154.58
mcts,wary,2,9001,6,0,1.0,1.0,43.0,114.0,71.0,63.0,41.0,4.0,0.0,1.0,21.0,18.0,2.5,2.0,0.0,3.0,15.0,0.0,29.0,1.0,4.0,0.0,0.0,1.0,81.0,153.96,43,153.95
mcts,wary,2,9001,7,0,0.0,0.0,-15.0,91.0,106.0,48.0,33.0,3.0,1.0,1.0,33.0,16.0,2.4375,0.0,6.0,2.0,28.0,1.0,10.0,1.0,4.0,0.0,0.0,0.0,75.0,154.34,39,154.32
mcts:reward=score,greedy,2,9001,4,0,1.0,1.0,95.0,205.0,110.0,69.0,126.0,9.0,0.0,1.0,36.0,16.0,2.8125,3.0,0.0,2.0,12.0,1.0,30.0,5.0,9.0,0.0,0.0,1.0,85.0,165.24,49,165.23
mcts:reward=score,greedy,2,9001,5,1,1.0,1.0,13.0,126.0,113.0,84.0,32.0,2.0,0.0,1.0,22.0,13.0,3.4615384615384617,5.0,0.0,4.0,23.0,2.0,23.0,0.0,2.0,0.0,0.0,1.0,76.0,146.18,39,146.17
mcts:reward=score,greedy,2,9001,6,0,0.0,0.0,-14.0,111.0,125.0,62.0,39.0,4.0,0.0,1.0,24.0,15.0,2.8,1.0,3.0,8.0,17.0,1.0,27.0,1.0,4.0,0.0,0.0,0.0,78.0,159.94,41,159.93
mcts:reward=score,greedy,2,9001,7,0,1.0,1.0,42.0,135.0,93.0,64.0,61.0,5.0,0.0,1.0,30.0,16.0,2.8125,1.0,0.0,6.0,7.0,0.0,37.0,3.0,5.0,0.0,0.0,1.0,82.0,168.81,45,168.79
mcts,ppo:runs/ppo/pass2/p2b_pool_s3.json,2,9001,4,0,1.0,1.0,20.0,94.0,74.0,60.0,24.0,2.0,0.0,1.0,31.0,13.0,2.923076923076923,2.0,7.0,7.0,6.0,0.0,32.0,0.0,2.0,0.0,0.0,0.0,64.0,136.17,33,136.1
mcts,ppo:runs/ppo/pass2/p2b_pool_s3.json,2,9001,5,1,1.0,1.0,3.0,93.0,90.0,41.0,52.0,4.0,0.0,0.0,29.0,12.0,2.5833333333333335,1.0,14.0,5.0,21.0,2.0,11.0,1.0,4.0,0.0,0.0,0.0,63.0,132.39,33,132.33
mcts,ppo:runs/ppo/pass2/p2b_pool_s3.json,2,9001,6,0,0.0,0.0,-20.0,72.0,92.0,46.0,26.0,4.0,1.0,0.0,19.0,14.0,2.4285714285714284,1.0,11.0,4.0,16.0,0.0,18.0,1.0,5.0,0.0,0.0,0.0,64.0,129.04,34,128.97
mcts,ppo:runs/ppo/pass2/p2b_pool_s3.json,2,9001,7,0,1.0,1.0,18.0,91.0,73.0,42.0,39.0,3.0,0.0,1.0,28.0,16.0,2.1875,0.0,10.0,3.0,14.0,2.0,16.0,0.0,3.0,0.0,0.0,0.0,67.0,139.26,34,139.18
mcts:reward=score,ppo:runs/ppo/pass2/p2b_pool_s3.json,2,9001,4,0,0.0,0.0,-1.0,79.0,80.0,57.0,12.0,3.0,1.0,1.0,27.0,13.0,2.6923076923076925,2.0,10.0,5.0,5.0,0.0,29.0,1.0,4.0,0.0,0.0,0.0,62.0,136.09,33,136.03
mcts:reward=score,ppo:runs/ppo/pass2/p2b_pool_s3.json,2,9001,5,1,1.0,1.0,8.0,96.0,88.0,54.0,32.0,2.0,0.0,1.0,29.0,12.0,3.0833333333333335,1.0,8.0,3.0,22.0,1.0,14.0,0.0,2.0,0.0,0.0,0.0,63.0,138.67,32,138.61
mcts:reward=score,ppo:runs/ppo/pass2/p2b_pool_s3.json,2,9001,6,0,0.0,0.0,-3.0,89.0,92.0,50.0,39.0,4.0,0.0,0.0,18.0,13.0,2.6923076923076925,0.0,10.0,3.0,8.0,0.0,26.0,1.0,4.0,0.0,0.0,0.0,62.0,134.53,33,134.46
mcts:reward=score,ppo:runs/ppo/pass2/p2b_pool_s3.json,2,9001,7,0,0.0,0.0,-9.0,72.0,81.0,38.0,34.0,2.0,0.0,0.0,26.0,13.0,2.4615384615384617,0.0,13.0,4.0,13.0,1.0,21.0,0.0,2.0,0.0,0.0,0.0,63.0,134.91,32,134.85
mcts:reward=score,wary,2,9001,4,0,1.0,1.0,57.0,161.0,104.0,65.0,86.0,8.0,1.0,1.0,40.0,15.0,2.8666666666666667,2.0,2.0,2.0,11.0,1.0,29.0,5.0,9.0,0.0,0.0,0.0,82.0,166.7,47,166.68
mcts:reward=score,wary,2,9001,5,1,1.0,1.0,11.0,124.0,113.0,82.0,32.0,2.0,0.0,1.0,22.0,12.0,3.5833333333333335,5.0,2.0,4.0,23.0,2.0,23.0,0.0,2.0,0.0,0.0,0.0,75.0,151.1,38,151.09
mcts:reward=score,wary,2,9001,6,0,0.0,0.0,-14.0,111.0,125.0,62.0,39.0,4.0,0.0,1.0,24.0,15.0,2.8,1.0,3.0,8.0,17.0,1.0,27.0,1.0,4.0,0.0,0.0,0.0,78.0,161.93,41,161.92
mcts:reward=score,wary,2,9001,7,0,1.0,1.0,42.0,135.0,93.0,64.0,61.0,5.0,0.0,1.0,30.0,16.0,2.8125,1.0,0.0,6.0,7.0,0.0,37.0,3.0,5.0,0.0,0.0,1.0,82.0,172.98,45,172.97
mcts,linear:runs/linear/pass7/p7b_sarsa_lam98_random_s3.json@best,2,9001,4,0,1.0,1.0,26.0,100.0,74.0,66.0,24.0,2.0,0.0,1.0,26.0,14.0,2.7857142857142856,2.0,6.0,4.0,5.0,2.0,31.0,0.0,2.0,0.0,0.0,0.0,68.0,136.46,35,136.44
mcts,linear:runs/linear/pass7/p7b_sarsa_lam98_random_s3.json@best,2,9001,5,1,1.0,1.0,39.0,118.0,79.0,48.0,60.0,5.0,0.0,1.0,32.0,16.0,2.375,1.0,7.0,5.0,23.0,1.0,15.0,1.0,5.0,0.0,0.0,0.0,75.0,140.26,39,140.23
mcts,linear:runs/linear/pass7/p7b_sarsa_lam98_random_s3.json@best,2,9001,6,0,0.0,0.0,-5.0,75.0,80.0,47.0,18.0,3.0,1.0,1.0,22.0,14.0,2.357142857142857,1.0,12.0,6.0,11.0,1.0,25.0,1.0,4.0,0.0,0.0,0.0,68.0,130.53,36,130.5
mcts,linear:runs/linear/pass7/p7b_sarsa_lam98_random_s3.json@best,2,9001,7,0,1.0,1.0,0.0,80.0,80.0,39.0,31.0,3.0,1.0,1.0,25.0,15.0,2.2666666666666666,0.0,11.0,5.0,11.0,1.0,21.0,1.0,4.0,0.0,0.0,0.0,67.0,141.41,35,141.39
mcts,collector,2,9001,4,0,0.0,0.0,-12.0,117.0,129.0,67.0,40.0,4.0,0.0,1.0,28.0,16.0,2.75,1.0,1.0,6.0,17.0,1.0,27.0,1.0,4.0,0.0,0.0,1.0,79.0,158.57,42,158.56
mcts,collector,2,9001,5,1,1.0,1.0,50.0,115.0,65.0,73.0,32.0,2.0,0.0,1.0,25.0,14.0,3.2142857142857144,3.0,0.0,7.0,22.0,0.0,24.0,0.0,2.0,0.0,0.0,1.0,74.0,159.52,38,159.51
mcts,collector,2,9001,6,0,1.0,1.0,50.0,116.0,66.0,65.0,41.0,4.0,0.0,1.0,27.0,18.0,2.5,2.0,0.0,3.0,16.0,1.0,26.0,1.0,4.0,0.0,0.0,1.0,81.0,165.97,43,165.96
mcts,collector,2,9001,7,0,0.0,0.0,-3.0,114.0,117.0,70.0,34.0,2.0,0.0,1.0,28.0,16.0,2.8125,2.0,0.0,3.0,20.0,0.0,28.0,0.0,2.0,0.0,0.0,1.0,80.0,149.79,41,149.78
mcts:reward=score,linear:runs/linear/pass7/p7b_sarsa_lam98_random_s3.json@best,2,9001,4,0,0.0,0.0,-11.0,66.0,77.0,44.0,12.0,3.0,1.0,1.0,19.0,13.0,2.4615384615384617,1.0,13.0,3.0,2.0,0.0,28.0,1.0,4.0,0.0,0.0,0.0,58.0,134.07,31,134.05
mcts:reward=score,linear:runs/linear/pass7/p7b_sarsa_lam98_random_s3.json@best,2,9001,5,1,1.0,1.0,43.0,123.0,80.0,45.0,68.0,5.0,0.0,1.0,29.0,14.0,2.5,1.0,10.0,6.0,11.0,1.0,23.0,2.0,5.0,0.0,0.0,0.0,69.0,132.46,37,132.43
mcts:reward=score,linear:runs/linear/pass7/p7b_sarsa_lam98_random_s3.json@best,2,9001,6,0,0.0,0.0,-12.0,68.0,80.0,43.0,15.0,3.0,1.0,1.0,22.0,13.0,2.3846153846153846,1.0,14.0,6.0,5.0,1.0,31.0,1.0,4.0,0.0,0.0,0.0,66.0,134.63,35,134.61
mcts:reward=score,linear:runs/linear/pass7/p7b_sarsa_lam98_random_s3.json@best,2,9001,7,0,1.0,1.0,22.0,104.0,82.0,43.0,51.0,4.0,0.0,1.0,24.0,15.0,2.4,0.0,9.0,5.0,11.0,1.0,23.0,1.0,4.0,0.0,0.0,0.0,69.0,136.58,36,136.54
mcts:reward=score,collector,2,9001,4,0,1.0,1.0,55.0,156.0,101.0,78.0,68.0,6.0,0.0,1.0,36.0,14.0,3.2142857142857144,4.0,0.0,2.0,10.0,0.0,34.0,3.0,6.0,0.0,0.0,1.0,77.0,164.69,43,164.68
mcts:reward=score,collector,2,9001,5,1,1.0,1.0,48.0,121.0,73.0,79.0,32.0,2.0,0.0,1.0,25.0,14.0,3.2142857142857144,4.0,0.0,2.0,23.0,0.0,23.0,0.0,2.0,0.0,0.0,1.0,74.0,156.24,38,156.23
mcts:reward=score,collector,2,9001,6,0,1.0,1.0,60.0,149.0,89.0,57.0,82.0,8.0,0.0,1.0,33.0,18.0,2.4444444444444446,1.0,1.0,5.0,15.0,0.0,27.0,4.0,8.0,0.0,0.0,0.0,86.0,190.73,48,190.71
mcts:reward=score,collector,2,9001,7,0,1.0,1.0,35.0,145.0,110.0,67.0,68.0,6.0,0.0,1.0,28.0,16.0,2.75,2.0,1.0,5.0,17.0,1.0,25.0,2.0,6.0,0.0,0.0,1.0,80.0,165.37,43,165.35
mcts,racer,2,9001,8,0,0.0,0.0,-33.0,61.0,94.0,51.0,0.0,2.0,1.0,1.0,29.0,10.0,3.2,1.0,13.0,3.0,8.0,0.0,28.0,1.0,3.0,0.0,0.0,0.0,59.0,118.53,31,118.52
mcts,racer,2,9001,9,0,1.0,1.0,8.0,99.0,91.0,44.0,45.0,3.0,0.0,1.0,27.0,11.0,2.727272727272727,1.0,15.0,8.0,8.0,1.0,28.0,1.0,3.0,0.0,0.0,0.0,62.0,132.62,33,132.61
mcts,racer,2,9001,10,1,0.0,0.0,-9.0,87.0,96.0,52.0,25.0,3.0,1.0,1.0,17.0,16.0,2.3125,1.0,8.0,4.0,15.0,1.0,19.0,1.0,4.0,0.0,0.0,0.0,71.0,121.77,37,121.76
mcts,racer,2,9001,11,1,1.0,1.0,7.0,94.0,87.0,50.0,34.0,3.0,0.0,1.0,23.0,12.0,2.9166666666666665,1.0,10.0,5.0,8.0,0.0,28.0,1.0,3.0,0.0,0.0,0.0,63.0,121.1,33,121.09
mcts,greedy,2,9001,8,0,1.0,1.0,14.0,104.0,90.0,67.0,27.0,3.0,0.0,1.0,22.0,15.0,3.0,1.0,0.0,4.0,12.0,0.0,30.0,1.0,3.0,0.0,0.0,1.0,74.0,143.64,39,143.63
mcts,greedy,2,9001,9,0,1.0,1.0,35.0,131.0,96.0,81.0,40.0,3.0,0.0,1.0,30.0,13.0,3.4615384615384617,4.0,0.0,7.0,12.0,2.0,32.0,1.0,3.0,0.0,0.0,1.0,75.0,150.91,40,150.9
mcts,greedy,2,9001,10,1,1.0,1.0,10.0,112.0,102.0,65.0,37.0,3.0,0.0,1.0,34.0,17.0,2.588235294117647,2.0,1.0,6.0,3.0,0.0,37.0,1.0,3.0,0.0,0.0,1.0,76.0,148.45,40,148.43
mcts,greedy,2,9001,11,1,0.0,0.0,-30.0,81.0,111.0,70.0,1.0,1.0,1.0,1.0,25.0,16.0,2.8125,3.0,0.0,8.0,16.0,2.0,26.0,0.0,2.0,0.0,0.0,1.0,78.0,143.99,40,143.98
mcts:reward=score,racer,2,9001,8,0,1.0,1.0,10.0,106.0,96.0,45.0,51.0,5.0,0.0,1.0,21.0,14.0,2.5,0.0,10.0,4.0,10.0,2.0,20.0,1.0,5.0,0.0,0.0,0.0,65.0,128.19,34,128.18
mcts:reward=score,racer,2,9001,9,0,1.0,1.0,19.0,111.0,92.0,51.0,50.0,4.0,0.0,1.0,27.0,15.0,2.466666666666667,1.0,8.0,7.0,3.0,1.0,33.0,2.0,4.0,0.0,0.0,0.0,72.0,139.79,39,139.78
mcts:reward=score,racer,2,9001,10,1,1.0,1.0,3.0,99.0,96.0,49.0,40.0,3.0,0.0,1.0,30.0,15.0,2.466666666666667,1.0,8.0,6.0,17.0,1.0,19.0,1.0,3.0,0.0,0.0,0.0,71.0,127.85,37,127.84
mcts:reward=score,racer,2,9001,11,1,1.0,1.0,16.0,103.0,87.0,59.0,34.0,3.0,0.0,1.0,22.0,13.0,3.0,2.0,6.0,7.0,9.0,1.0,29.0,1.0,3.0,0.0,0.0,0.0,69.0,127.7,36,127.69
mcts:reward=score,greedy,2,9001,8,0,1.0,1.0,63.0,163.0,100.0,72.0,81.0,7.0,0.0,1.0,41.0,14.0,3.2142857142857144,2.0,0.0,6.0,9.0,0.0,39.0,2.0,7.0,0.0,0.0,1.0,80.0,160.81,43,160.8
mcts:reward=score,greedy,2,9001,9,0,1.0,1.0,31.0,130.0,99.0,75.0,45.0,4.0,0.0,1.0,29.0,15.0,3.0,3.0,0.0,7.0,3.0,0.0,49.0,2.0,4.0,0.0,0.0,1.0,85.0,166.22,46,166.21
mcts:reward=score,greedy,2,9001,10,1,1.0,1.0,33.0,142.0,109.0,61.0,71.0,6.0,0.0,1.0,35.0,15.0,2.8,2.0,3.0,3.0,22.0,0.0,28.0,3.0,6.0,0.0,0.0,0.0,87.0,175.29,47,175.28
mcts:reward=score,greedy,2,9001,11,1,1.0,1.0,20.0,119.0,99.0,72.0,37.0,4.0,0.0,1.0,36.0,15.0,3.0,3.0,0.0,5.0,8.0,0.0,38.0,2.0,4.0,0.0,0.0,1.0,80.0,157.57,43,157.56
mcts,wary,2,9001,8,0,1.0,1.0,6.0,100.0,94.0,63.0,27.0,3.0,0.0,1.0,26.0,15.0,2.8666666666666667,1.0,2.0,4.0,12.0,0.0,30.0,1.0,3.0,0.0,0.0,0.0,75.0,146.61,39,146.6
mcts,wary,2,9001,9,0,1.0,1.0,35.0,131.0,96.0,81.0,40.0,3.0,0.0,1.0,30.0,13.0,3.4615384615384617,4.0,0.0,7.0,12.0,2.0,32.0,1.0,3.0,0.0,0.0,1.0,75.0,150.24,40,150.23
mcts,wary,2,9001,10,1,1.0,1.0,20.0,112.0,92.0,65.0,37.0,3.0,0.0,1.0,34.0,16.0,2.6875,2.0,2.0,6.0,3.0,0.0,37.0,1.0,3.0,0.0,0.0,0.0,75.0,148.98,39,148.96
mcts,wary,2,9001,11,1,0.0,0.0,-30.0,81.0,111.0,70.0,1.0,1.0,1.0,1.0,25.0,16.0,2.8125,3.0,0.0,8.0,16.0,2.0,26.0,0.0,2.0,0.0,0.0,1.0,78.0,143.14,40,143.13
mcts,ppo:runs/ppo/pass2/p2b_pool_s3.json,2,9001,8,0,0.0,0.0,-23.0,66.0,89.0,44.0,22.0,3.0,0.0,0.0,15.0,11.0,2.8181818181818183,1.0,14.0,6.0,5.0,0.0,31.0,1.0,3.0,0.0,0.0,0.0,61.0,136.58,32,136.51
mcts,ppo:runs/ppo/pass2/p2b_pool_s3.json,2,9001,9,0,1.0,1.0,15.0,106.0,91.0,51.0,45.0,3.0,0.0,1.0,30.0,14.0,2.5714285714285716,0.0,9.0,8.0,6.0,1.0,28.0,1.0,3.0,0.0,0.0,0.0,66.0,143.44,35,143.38
mcts,ppo:runs/ppo/pass2/p2b_pool_s3.json,2,9001,10,1,0.0,0.0,-15.0,65.0,80.0,45.0,20.0,2.0,0.0,0.0,12.0,13.0,2.5384615384615383,1.0,12.0,5.0,4.0,0.0,30.0,0.0,2.0,0.0,0.0,0.0,61.0,124.86,31,124.79
mcts,ppo:runs/ppo/pass2/p2b_pool_s3.json,2,9001,11,1,0.0,0.0,-45.0,44.0,89.0,44.0,0.0,2.0,1.0,0.0,15.0,14.0,2.4285714285714284,1.0,11.0,7.0,10.0,0.0,22.0,1.0,3.0,0.0,0.0,0.0,63.0,132.34,33,132.27
mcts:reward=score,ppo:runs/ppo/pass2/p2b_pool_s3.json,2,9001,8,0,1.0,1.0,13.0,102.0,89.0,48.0,54.0,5.0,0.0,0.0,26.0,14.0,2.642857142857143,0.0,8.0,4.0,11.0,0.0,25.0,2.0,5.0,0.0,0.0,0.0,69.0,140.86,37,140.79
mcts:reward=score,ppo:runs/ppo/pass2/p2b_pool_s3.json,2,9001,9,0,1.0,1.0,22.0,107.0,85.0,64.0,33.0,3.0,1.0,1.0,26.0,12.0,3.0833333333333335,2.0,8.0,5.0,4.0,0.0,34.0,1.0,4.0,0.0,0.0,0.0,64.0,135.12,34,135.05
mcts:reward=score,ppo:runs/ppo/pass2/p2b_pool_s3.json,2,9001,10,1,0.0,0.0,-33.0,50.0,83.0,38.0,12.0,1.0,1.0,0.0,27.0,14.0,2.2857142857142856,0.0,13.0,2.0,12.0,0.0,22.0,0.0,2.0,0.0,0.0,0.0,63.0,119.79,32,119.73
mcts:reward=score,ppo:runs/ppo/pass2/p2b_pool_s3.json,2,9001,11,1,1.0,1.0,2.0,86.0,84.0,44.0,42.0,4.0,0.0,0.0,31.0,14.0,2.4285714285714284,1.0,11.0,4.0,8.0,0.0,24.0,2.0,4.0,0.0,0.0,0.0,65.0,134.2,35,134.14
mcts,linear:runs/linear/pass7/p7b_sarsa_lam98_random_s3.json@best,2,9001,8,0,1.0,1.0,11.0,100.0,89.0,58.0,32.0,3.0,0.0,1.0,27.0,10.0,3.5,2.0,10.0,7.0,7.0,1.0,31.0,1.0,3.0,0.0,0.0,0.0,63.0,133.64,33,133.61
mcts,linear:runs/linear/pass7/p7b_sarsa_lam98_random_s3.json@best,2,9001,9,0,1.0,1.0,10.0,90.0,80.0,47.0,33.0,3.0,1.0,1.0,29.0,15.0,2.3333333333333335,1.0,10.0,5.0,10.0,1.0,22.0,1.0,4.0,0.0,0.0,0.0,66.0,139.83,35,139.8
mcts,linear:runs/linear/pass7/p7b_sarsa_lam98_random_s3.json@best,2,9001,10,1,0.0,0.0,-57.0,42.0,99.0,40.0,2.0,1.0,1.0,0.0,11.0,10.0,2.8,0.0,17.0,4.0,12.0,1.0,30.0,0.0,2.0,0.0,0.0,0.0,65.0,125.21,33,125.18
mcts,linear:runs/linear/pass7/p7b_sarsa_lam98_random_s3.json@best,2,9001,11,1,1.0,1.0,14.0,99.0,85.0,44.0,45.0,4.0,0.0,1.0,29.0,14.0,2.4285714285714284,1.0,11.0,6.0,4.0,1.0,28.0,1.0,4.0,0.0,0.0,0.0,65.0,130.29,34,130.26
mcts,collector,2,9001,8,0,1.0,1.0,85.0,98.0,13.0,72.0,16.0,2.0,0.0,1.0,27.0,15.0,3.0,2.0,0.0,5.0,9.0,1.0,37.0,0.0,2.0,0.0,0.0,1.0,78.0,153.8,40,153.78
mcts,collector,2,9001,9,0,1.0,1.0,3.0,109.0,106.0,71.0,28.0,2.0,0.0,1.0,24.0,16.0,2.8125,2.0,0.0,6.0,13.0,1.0,29.0,0.0,2.0,0.0,0.0,1.0,75.0,147.61,39,147.6
mcts,collector,2,9001,10,1,1.0,1.0,7.0,92.0,85.0,62.0,20.0,2.0,0.0,1.0,25.0,15.0,2.8666666666666667,1.0,2.0,10.0,4.0,2.0,38.0,0.0,2.0,0.0,0.0,1.0,76.0,157.66,39,157.65
mcts,collector,2,9001,11,1,0.0,0.0,-30.0,81.0,111.0,70.0,1.0,1.0,1.0,1.0,25.0,16.0,2.8125,3.0,0.0,8.0,16.0,2.0,26.0,0.0,2.0,0.0,0.0,1.0,78.0,142.09,40,142.08
mcts:reward=score,wary,2,9001,8,0,1.0,1.0,63.0,163.0,100.0,72.0,81.0,7.0,0.0,1.0,41.0,14.0,3.2142857142857144,2.0,0.0,6.0,9.0,0.0,39.0,2.0,7.0,0.0,0.0,1.0,80.0,162.41,43,162.4
mcts:reward=score,wary,2,9001,9,0,1.0,1.0,29.0,123.0,94.0,68.0,45.0,4.0,0.0,1.0,30.0,14.0,2.857142857142857,3.0,5.0,8.0,3.0,1.0,37.0,2.0,4.0,0.0,0.0,0.0,74.0,156.02,40,156.0
mcts:reward=score,wary,2,9001,10,1,1.0,1.0,40.0,140.0,100.0,59.0,71.0,6.0,0.0,1.0,36.0,16.0,2.625,2.0,3.0,2.0,22.0,0.0,20.0,3.0,6.0,0.0,0.0,0.0,81.0,167.19,44,167.18
mcts:reward=score,wary,2,9001,11,1,1.0,1.0,20.0,117.0,97.0,70.0,37.0,4.0,0.0,1.0,36.0,15.0,3.0,3.0,0.0,5.0,8.0,0.0,38.0,2.0,4.0,0.0,0.0,1.0,80.0,157.51,43,157.5
mcts:reward=score,linear:runs/linear/pass7/p7b_sarsa_lam98_random_s3.json@best,2,9001,8,0,1.0,1.0,7.0,93.0,86.0,48.0,35.0,4.0,0.0,1.0,18.0,14.0,2.5714285714285716,0.0,9.0,4.0,9.0,0.0,29.0,1.0,4.0,0.0,0.0,0.0,69.0,140.04,36,139.99
mcts:reward=score,linear:runs/linear/pass7/p7b_sarsa_lam98_random_s3.json@best,2,9001,9,0,1.0,1.0,5.0,90.0,85.0,47.0,33.0,3.0,1.0,1.0,28.0,13.0,2.5384615384615383,1.0,12.0,5.0,8.0,1.0,26.0,1.0,4.0,0.0,0.0,0.0,64.0,139.87,34,139.84
mcts:reward=score,linear:runs/linear/pass7/p7b_sarsa_lam98_random_s3.json@best,2,9001,10,1,1.0,1.0,6.0,98.0,92.0,48.0,40.0,3.0,0.0,1.0,29.0,15.0,2.466666666666667,1.0,8.0,3.0,15.0,0.0,21.0,1.0,3.0,0.0,0.0,0.0,69.0,131.11,36,131.08
mcts:reward=score,linear:runs/linear/pass7/p7b_sarsa_lam98_random_s3.json@best,2,9001,11,1,1.0,1.0,14.0,89.0,75.0,44.0,35.0,4.0,1.0,1.0,32.0,13.0,2.5384615384615383,1.0,12.0,4.0,4.0,0.0,26.0,2.0,5.0,0.0,0.0,0.0,61.0,130.43,33,130.41
mcts:reward=score,collector,2,9001,8,0,1.0,1.0,55.0,159.0,104.0,72.0,77.0,6.0,0.0,1.0,34.0,14.0,3.2142857142857144,2.0,0.0,5.0,13.0,0.0,35.0,2.0,6.0,0.0,0.0,1.0,80.0,170.76,43,170.75
mcts:reward=score,collector,2,9001,9,0,1.0,1.0,63.0,144.0,81.0,72.0,62.0,4.0,0.0,1.0,38.0,15.0,3.0,2.0,0.0,6.0,5.0,0.0,39.0,1.0,4.0,0.0,0.0,1.0,75.0,166.39,40,166.38
mcts:reward=score,collector,2,9001,10,1,1.0,1.0,82.0,171.0,89.0,67.0,94.0,7.0,0.0,1.0,34.0,16.0,2.8125,3.0,0.0,5.0,21.0,0.0,29.0,3.0,7.0,0.0,0.0,1.0,88.0,185.02,48,185.01
mcts:reward=score,collector,2,9001,11,1,1.0,1.0,58.0,132.0,74.0,73.0,49.0,5.0,0.0,1.0,31.0,14.0,3.2142857142857144,2.0,0.0,7.0,5.0,0.0,45.0,2.0,5.0,0.0,0.0,1.0,82.0,170.23,44,170.21
mcts,greedy,2,9001,12,1,0.0,0.0,-10.0,98.0,108.0,61.0,37.0,2.0,0.0,0.0,25.0,10.0,3.4,2.0,11.0,5.0,20.0,1.0,32.0,0.0,2.0,0.0,0.0,0.0,75.0,136.19,38,136.18
mcts,greedy,2,9001,13,1,0.0,0.0,-5.0,104.0,109.0,64.0,30.0,3.0,0.0,1.0,25.0,16.0,2.8125,1.0,0.0,5.0,8.0,0.0,36.0,0.0,3.0,0.0,0.0,1.0,75.0,147.19,39,147.18
mcts,greedy,2,9001,14,0,0.0,0.0,-12.0,107.0,119.0,66.0,31.0,3.0,0.0,1.0,32.0,15.0,3.0,2.0,0.0,8.0,12.0,1.0,34.0,1.0,3.0,0.0,0.0,1.0,80.0,163.11,42,163.1
mcts,greedy,2,9001,15,1,0.0,0.0,-28.0,91.0,119.0,55.0,26.0,2.0,0.0,1.0,27.0,18.0,2.3333333333333335,1.0,3.0,3.0,15.0,0.0,25.0,0.0,2.0,0.0,0.0,0.0,77.0,144.54,39,144.53
mcts,racer,2,9001,12,1,1.0,1.0,29.0,120.0,91.0,61.0,49.0,3.0,0.0,1.0,28.0,12.0,3.0833333333333335,2.0,8.0,3.0,11.0,0.0,29.0,1.0,3.0,0.0,0.0,0.0,67.0,133.96,35,133.95
mcts,racer,2,9001,13,1,0.0,0.0,-13.0,79.0,92.0,39.0,30.0,3.0,0.0,1.0,18.0,14.0,2.2857142857142856,0.0,13.0,4.0,6.0,0.0,36.0,0.0,3.0,0.0,0.0,0.0,70.0,143.77,36,143.76
mcts,racer,2,9001,14,0,0.0,0.0,-10.0,82.0,92.0,53.0,19.0,2.0,0.0,1.0,27.0,12.0,3.0,1.0,9.0,5.0,7.0,0.0,33.0,0.0,2.0,0.0,0.0,0.0,65.0,128.4,33,128.39
mcts,racer,2,9001,15,1,1.0,1.0,38.0,126.0,88.0,63.0,53.0,3.0,0.0,1.0,29.0,14.0,2.9285714285714284,3.0,4.0,8.0,11.0,0.0,27.0,1.0,3.0,0.0,0.0,0.0,69.0,135.33,36,135.31
mcts:reward=score,racer,2,9001,12,1,1.0,1.0,46.0,137.0,91.0,77.0,50.0,3.0,0.0,1.0,39.0,14.0,3.2142857142857144,3.0,0.0,5.0,14.0,0.0,30.0,1.0,3.0,0.0,0.0,1.0,74.0,136.63,39,136.61
mcts:reward=score,racer,2,9001,13,1,1.0,1.0,14.0,106.0,92.0,48.0,58.0,6.0,0.0,0.0,18.0,15.0,2.4,1.0,9.0,7.0,7.0,1.0,29.0,2.0,6.0,0.0,0.0,0.0,72.0,149.98,39,149.96
mcts:reward=score,racer,2,9001,14,0,0.0,0.0,-32.0,70.0,102.0,57.0,13.0,3.0,1.0,0.0,15.0,12.0,2.8333333333333335,3.0,11.0,7.0,13.0,2.0,29.0,1.0,4.0,0.0,0.0,0.0,73.0,138.89,38,138.88
mcts:reward=score,racer,2,9001,15,1,1.0,1.0,43.0,131.0,88.0,60.0,61.0,4.0,0.0,1.0,26.0,14.0,2.7857142857142856,1.0,6.0,7.0,6.0,1.0,30.0,1.0,4.0,0.0,0.0,0.0,69.0,134.68,36,134.66
mcts:reward=score,greedy,2,9001,12,1,1.0,1.0,66.0,168.0,102.0,70.0,88.0,7.0,1.0,1.0,37.0,16.0,2.75,3.0,1.0,5.0,16.0,2.0,26.0,4.0,8.0,1.0,0.0,1.0,86.0,158.45,48,158.44
mcts:reward=score,greedy,2,9001,13,1,1.0,1.0,23.0,142.0,119.0,59.0,73.0,7.0,1.0,1.0,33.0,17.0,2.588235294117647,1.0,1.0,6.0,6.0,0.0,38.0,4.0,8.0,0.0,0.0,0.0,86.0,165.57,48,165.56
mcts:reward=score,greedy,2,9001,14,0,1.0,1.0,5.0,129.0,124.0,76.0,43.0,4.0,0.0,1.0,29.0,15.0,3.0,4.0,0.0,9.0,6.0,2.0,48.0,1.0,4.0,0.0,0.0,1.0,90.0,183.7,47,183.68
mcts:reward=score,greedy,2,9001,15,1,1.0,1.0,38.0,164.0,126.0,76.0,78.0,5.0,0.0,1.0,34.0,14.0,3.2142857142857144,3.0,0.0,5.0,20.0,1.0,30.0,2.0,5.0,0.0,0.0,1.0,84.0,164.08,45,164.06
mcts,linear:runs/linear/pass7/p7b_sarsa_lam98_random_s3.json@best,2,9001,12,1,1.0,1.0,44.0,135.0,91.0,66.0,59.0,3.0,0.0,1.0,33.0,14.0,2.857142857142857,3.0,5.0,6.0,7.0,0.0,33.0,1.0,3.0,0.0,0.0,0.0,71.0,131.7,37,131.67
mcts,linear:runs/linear/pass7/p7b_sarsa_lam98_random_s3.json@best,2,9001,13,1,1.0,1.0,30.0,100.0,70.0,47.0,43.0,4.0,0.0,1.0,25.0,15.0,2.4,0.0,9.0,6.0,6.0,2.0,28.0,1.0,4.0,0.0,0.0,0.0,70.0,140.51,37,140.48
mcts,linear:runs/linear/pass7/p7b_sarsa_lam98_random_s3.json@best,2,9001,14,0,0.0,0.0,-24.0,59.0,83.0,46.0,3.0,2.0,1.0,1.0,21.0,13.0,2.6153846153846154,1.0,11.0,4.0,7.0,0.0,31.0,1.0,3.0,0.0,0.0,0.0,67.0,132.68,35,132.65
mcts,linear:runs/linear/pass7/p7b_sarsa_lam98_random_s3.json@best,2,9001,15,1,1.0,1.0,24.0,118.0,94.0,55.0,53.0,3.0,0.0,1.0,31.0,13.0,2.769230769230769,2.0,9.0,4.0,8.0,0.0,30.0,1.0,3.0,0.0,0.0,0.0,67.0,130.95,35,130.92
mcts,ppo:runs/ppo/pass2/p2b_pool_s3.json,2,9001,12,1,1.0,1.0,1.0,92.0,91.0,55.0,37.0,2.0,0.0,0.0,25.0,9.0,3.4444444444444446,2.0,14.0,4.0,12.0,0.0,30.0,0.0,2.0,0.0,0.0,0.0,61.0,132.62,31,132.56
mcts,ppo:runs/ppo/pass2/p2b_pool_s3.json,2,9001,13,1,0.0,0.0,-35.0,55.0,90.0,38.0,17.0,3.0,1.0,0.0,19.0,13.0,2.3846153846153846,0.0,14.0,2.0,5.0,1.0,29.0,1.0,4.0,0.0,0.0,0.0,64.0,145.22,34,145.16
mcts,ppo:runs/ppo/pass2/p2b_pool_s3.json,2,9001,14,0,0.0,0.0,-54.0,43.0,97.0,40.0,3.0,2.0,1.0,0.0,14.0,12.0,2.5,1.0,15.0,5.0,11.0,0.0,25.0,1.0,3.0,0.0,0.0,0.0,63.0,138.72,33,138.65
mcts,ppo:runs/ppo/pass2/p2b_pool_s3.json,2,9001,15,1,1.0,1.0,11.0,103.0,92.0,58.0,45.0,3.0,1.0,0.0,24.0,13.0,2.8461538461538463,2.0,8.0,5.0,16.0,1.0,22.0,1.0,4.0,0.0,0.0,0.0,69.0,143.97,36,143.91
mcts,wary,2,9001,12,1,0.0,0.0,-10.0,98.0,108.0,61.0,37.0,2.0,0.0,0.0,25.0,10.0,3.4,2.0,11.0,5.0,20.0,1.0,32.0,0.0,2.0,0.0,0.0,0.0,75.0,147.65,38,147.64
mcts,wary,2,9001,13,1,1.0,1.0,3.0,103.0,100.0,63.0,30.0,3.0,0.0,1.0,25.0,16.0,2.75,1.0,1.0,5.0,7.0,0.0,35.0,0.0,3.0,0.0,0.0,1.0,73.0,149.61,38,149.6
mcts,wary,2,9001,14,0,0.0,0.0,-9.0,109.0,118.0,68.0,31.0,3.0,0.0,1.0,32.0,15.0,3.0,2.0,0.0,9.0,12.0,1.0,34.0,1.0,3.0,0.0,0.0,1.0,80.0,173.5,42,173.48
mcts,wary,2,9001,15,1,0.0,0.0,-28.0,91.0,119.0,55.0,26.0,2.0,0.0,1.0,27.0,18.0,2.3333333333333335,1.0,3.0,3.0,15.0,0.0,25.0,0.0,2.0,0.0,0.0,0.0,77.0,148.71,39,148.69
mcts,collector,2,9001,12,1,1.0,1.0,89.0,127.0,38.0,80.0,37.0,2.0,0.0,1.0,30.0,13.0,3.4615384615384617,3.0,0.0,4.0,21.0,0.0,27.0,0.0,2.0,0.0,0.0,1.0,74.0,142.25,38,142.24
mcts,collector,2,9001,13,1,0.0,0.0,-14.0,104.0,118.0,55.0,49.0,5.0,0.0,0.0,19.0,16.0,2.4375,1.0,6.0,5.0,9.0,0.0,35.0,1.0,5.0,0.0,0.0,0.0,78.0,152.41,41,152.4
mcts,collector,2,9001,14,0,0.0,0.0,-2.0,111.0,113.0,63.0,38.0,4.0,0.0,1.0,29.0,17.0,2.6470588235294117,2.0,0.0,6.0,27.0,1.0,15.0,1.0,4.0,0.0,0.0,1.0,80.0,183.56,42,183.55
mcts,collector,2,9001,15,1,1.0,1.0,6.0,108.0,102.0,63.0,35.0,3.0,0.0,1.0,29.0,17.0,2.588235294117647,1.0,1.0,8.0,12.0,2.0,30.0,1.0,3.0,0.0,0.0,0.0,83.0,150.5,43,150.48
mcts:reward=score,ppo:runs/ppo/pass2/p2b_pool_s3.json,2,9001,12,1,1.0,1.0,17.0,116.0,99.0,57.0,49.0,3.0,0.0,1.0,28.0,13.0,2.769230769230769,2.0,9.0,6.0,6.0,2.0,26.0,1.0,3.0,0.0,0.0,0.0,65.0,143.81,34,143.74
mcts:reward=score,ppo:runs/ppo/pass2/p2b_pool_s3.json,2,9001,13,1,0.0,0.0,-7.0,75.0,82.0,56.0,19.0,3.0,1.0,0.0,30.0,11.0,3.090909090909091,3.0,11.0,6.0,6.0,1.0,32.0,1.0,4.0,0.0,0.0,0.0,64.0,144.9,34,144.83
mcts:reward=score,ppo:runs/ppo/pass2/p2b_pool_s3.json,2,9001,14,0,0.0,0.0,-5.0,92.0,97.0,43.0,49.0,4.0,0.0,0.0,27.0,15.0,2.3333333333333335,0.0,10.0,7.0,11.0,2.0,21.0,1.0,4.0,0.0,0.0,0.0,69.0,155.52,36,155.45
mcts:reward=score,ppo:runs/ppo/pass2/p2b_pool_s3.json,2,9001,15,1,0.0,0.0,-18.0,64.0,82.0,57.0,-3.0,1.0,1.0,1.0,30.0,11.0,3.1818181818181817,2.0,10.0,7.0,6.0,1.0,30.0,0.0,2.0,0.0,0.0,0.0,61.0,138.11,31,138.05
mcts:reward=score,wary,2,9001,12,1,1.0,1.0,77.0,162.0,85.0,66.0,86.0,6.0,0.0,1.0,35.0,14.0,2.857142857142857,3.0,5.0,4.0,16.0,0.0,24.0,3.0,6.0,0.0,0.0,0.0,75.0,157.85,41,157.84
mcts:reward=score,wary,2,9001,13,1,1.0,1.0,13.0,115.0,102.0,55.0,50.0,5.0,0.0,1.0,31.0,16.0,2.5625,1.0,4.0,5.0,6.0,0.0,34.0,1.0,5.0,0.0,0.0,0.0,74.0,156.18,39,156.17
mcts:reward=score,wary,2,9001,14,0,1.0,1.0,5.0,129.0,124.0,76.0,43.0,4.0,0.0,1.0,29.0,15.0,3.0,4.0,0.0,9.0,6.0,2.0,48.0,1.0,4.0,0.0,0.0,1.0,90.0,188.88,47,188.86
mcts:reward=score,wary,2,9001,15,1,1.0,1.0,13.0,119.0,106.0,65.0,44.0,4.0,1.0,1.0,33.0,12.0,3.1666666666666665,3.0,7.0,4.0,19.0,0.0,29.0,2.0,5.0,0.0,0.0,0.0,77.0,164.58,41,164.57
mcts:reward=score,linear:runs/linear/pass7/p7b_sarsa_lam98_random_s3.json@best,2,9001,12,1,1.0,1.0,23.0,103.0,80.0,69.0,24.0,2.0,1.0,1.0,30.0,11.0,3.5454545454545454,3.0,6.0,6.0,10.0,0.0,32.0,1.0,3.0,0.0,0.0,0.0,67.0,131.91,35,131.88
mcts:reward=score,linear:runs/linear/pass7/p7b_sarsa_lam98_random_s3.json@best,2,9001,13,1,1.0,1.0,35.0,116.0,81.0,47.0,69.0,7.0,0.0,0.0,19.0,17.0,2.235294117647059,1.0,7.0,3.0,6.0,1.0,28.0,2.0,7.0,0.0,0.0,0.0,74.0,150.57,40,150.54
mcts:reward=score,linear:runs/linear/pass7/p7b_sarsa_lam98_random_s3.json@best,2,9001,14,0,0.0,0.0,-29.0,51.0,80.0,44.0,-3.0,2.0,1.0,1.0,23.0,14.0,2.4285714285714284,1.0,11.0,6.0,5.0,1.0,29.0,1.0,3.0,0.0,0.0,0.0,67.0,141.21,35,141.18
mcts:reward=score,linear:runs/linear/pass7/p7b_sarsa_lam98_random_s3.json@best,2,9001,15,1,1.0,1.0,37.0,131.0,94.0,60.0,61.0,4.0,0.0,1.0,30.0,12.0,3.0833333333333335,2.0,8.0,6.0,11.0,0.0,31.0,1.0,4.0,0.0,0.0,0.0,69.0,138.65,36,138.62
mcts:reward=score,collector,2,9001,12,1,1.0,1.0,44.0,147.0,103.0,71.0,66.0,5.0,0.0,1.0,32.0,16.0,2.75,3.0,1.0,4.0,17.0,0.0,25.0,3.0,5.0,0.0,0.0,0.0,81.0,166.13,44,166.11
mcts:reward=score,collector,2,9001,13,1,1.0,1.0,48.0,145.0,97.0,63.0,72.0,6.0,0.0,1.0,26.0,15.0,2.8,1.0,3.0,4.0,8.0,1.0,34.0,2.0,6.0,0.0,0.0,0.0,78.0,170.14,42,170.13
mcts:reward=score,collector,2,9001,14,0,1.0,1.0,27.0,123.0,96.0,71.0,42.0,4.0,0.0,1.0,19.0,14.0,3.2142857142857144,2.0,0.0,7.0,9.0,1.0,45.0,1.0,4.0,0.0,0.0,0.0,87.0,194.63,45,194.62
mcts:reward=score,collector,2,9001,15,1,1.0,1.0,35.0,144.0,109.0,69.0,65.0,4.0,0.0,1.0,36.0,13.0,3.1538461538461537,2.0,4.0,4.0,20.0,1.0,26.0,2.0,4.0,0.0,0.0,0.0,79.0,166.25,42,166.24
mcts,greedy,2,9001,16,0,0.0,0.0,-41.0,64.0,105.0,58.0,6.0,4.0,1.0,0.0,25.0,15.0,2.7333333333333334,1.0,4.0,7.0,7.0,2.0,33.0,2.0,5.0,0.0,0.0,0.0,79.0,159.14,42,159.13
mcts,greedy,2,9001,17,1,1.0,1.0,47.0,122.0,75.0,83.0,29.0,2.0,0.0,1.0,27.0,13.0,3.4615384615384617,4.0,0.0,9.0,16.0,3.0,38.0,0.0,2.0,0.0,0.0,1.0,86.0,157.18,44,157.17
mcts,greedy,2,9001,18,0,1.0,1.0,58.0,125.0,67.0,60.0,55.0,4.0,0.0,1.0,30.0,17.0,2.588235294117647,1.0,1.0,6.0,17.0,0.0,25.0,1.0,4.0,0.0,0.0,1.0,77.0,152.16,41,152.14
mcts,greedy,2,9001,19,0,0.0,0.0,0.0,111.0,111.0,69.0,32.0,3.0,0.0,1.0,33.0,15.0,2.933333333333333,2.0,1.0,4.0,12.0,1.0,32.0,0.0,3.0,0.0,0.0,0.0,77.0,132.6,39,132.59
mcts:reward=score,greedy,2,9001,16,0,1.0,1.0,48.0,114.0,66.0,64.0,40.0,5.0,0.0,1.0,24.0,17.0,2.6470588235294117,1.0,0.0,8.0,6.0,1.0,42.0,2.0,5.0,0.0,0.0,1.0,88.0,163.9,47,163.89
mcts:reward=score,greedy,2,9001,17,1,0.0,0.0,-20.0,119.0,139.0,65.0,54.0,5.0,0.0,0.0,31.0,18.0,2.5,1.0,0.0,11.0,8.0,0.0,36.0,2.0,5.0,0.0,0.0,1.0,84.0,159.73,45,159.72
mcts:reward=score,greedy,2,9001,18,0,1.0,1.0,91.0,170.0,79.0,74.0,86.0,6.0,0.0,1.0,33.0,15.0,3.0,3.0,0.0,9.0,10.0,0.0,36.0,2.0,6.0,0.0,0.0,1.0,79.0,158.36,43,158.35
mcts:reward=score,greedy,2,9001,19,0,1.0,1.0,12.0,117.0,105.0,75.0,32.0,3.0,0.0,1.0,36.0,15.0,3.0,4.0,0.0,6.0,14.0,2.0,30.0,0.0,3.0,0.0,0.0,1.0,78.0,132.37,40,132.36
mcts:reward=score,racer,2,9001,16,0,0.0,0.0,-8.0,84.0,92.0,36.0,38.0,5.0,0.0,1.0,19.0,17.0,2.0,0.0,11.0,5.0,3.0,0.0,29.0,2.0,5.0,0.0,0.0,0.0,71.0,134.24,38,134.22
mcts:reward=score,racer,2,9001,17,1,0.0,0.0,-38.0,58.0,96.0,50.0,-2.0,2.0,1.0,1.0,26.0,12.0,2.75,1.0,12.0,5.0,13.0,1.0,21.0,1.0,3.0,0.0,0.0,0.0,63.0,121.63,33,121.62
mcts:reward=score,racer,2,9001,18,0,1.0,1.0,9.0,105.0,96.0,58.0,37.0,4.0,0.0,1.0,26.0,14.0,2.7857142857142856,2.0,6.0,7.0,8.0,0.0,32.0,1.0,4.0,0.0,0.0,0.0,70.0,134.78,37,134.76
mcts:reward=score,racer,2,9001,19,0,1.0,1.0,32.0,115.0,83.0,63.0,42.0,4.0,0.0,1.0,23.0,15.0,2.8,1.0,3.0,6.0,8.0,0.0,36.0,1.0,4.0,0.0,0.0,0.0,77.0,136.08,40,136.07
mcts,racer,2,9001,16,0,0.0,0.0,-26.0,66.0,92.0,39.0,17.0,4.0,1.0,1.0,21.0,14.0,2.2857142857142856,0.0,13.0,7.0,8.0,1.0,30.0,2.0,5.0,0.0,0.0,0.0,73.0,143.47,39,143.46
mcts,racer,2,9001,17,1,0.0,0.0,-6.0,90.0,96.0,50.0,30.0,3.0,0.0,1.0,19.0,17.0,2.2941176470588234,1.0,6.0,3.0,12.0,0.0,28.0,1.0,3.0,0.0,0.0,0.0,77.0,127.28,40,127.26
mcts,racer,2,9001,18,0,0.0,0.0,-20.0,76.0,96.0,45.0,21.0,3.0,1.0,1.0,18.0,14.0,2.4285714285714284,1.0,11.0,7.0,7.0,1.0,27.0,1.0,4.0,0.0,0.0,0.0,66.0,135.99,35,135.98
mcts,racer,2,9001,19,0,1.0,1.0,34.0,113.0,79.0,58.0,45.0,5.0,0.0,1.0,22.0,18.0,2.4444444444444446,0.0,1.0,4.0,14.0,0.0,30.0,1.0,5.0,0.0,0.0,1.0,82.0,136.37,43,136.36
mcts,ppo:runs/ppo/pass2/p2b_pool_s3.json,2,9001,16,0,1.0,1.0,1.0,95.0,94.0,52.0,43.0,4.0,0.0,0.0,25.0,14.0,2.5714285714285716,2.0,9.0,2.0,18.0,1.0,16.0,2.0,4.0,0.0,0.0,0.0,69.0,137.17,37,137.09
mcts,ppo:runs/ppo/pass2/p2b_pool_s3.json,2,9001,17,1,0.0,0.0,-46.0,42.0,88.0,36.0,6.0,2.0,1.0,0.0,12.0,15.0,2.066666666666667,0.0,14.0,4.0,6.0,0.0,28.0,1.0,3.0,0.0,0.0,0.0,67.0,127.95,35,127.88
mcts,ppo:runs/ppo/pass2/p2b_pool_s3.json,2,9001,18,0,0.0,0.0,-30.0,62.0,92.0,41.0,21.0,3.0,1.0,0.0,17.0,14.0,2.2857142857142856,1.0,13.0,5.0,9.0,1.0,21.0,1.0,4.0,0.0,0.0,0.0,62.0,131.51,33,131.45
mcts,ppo:runs/ppo/pass2/p2b_pool_s3.json,2,9001,19,0,1.0,1.0,28.0,88.0,60.0,45.0,33.0,4.0,1.0,1.0,22.0,13.0,2.5384615384615383,0.0,12.0,5.0,8.0,0.0,24.0,1.0,5.0,0.0,0.0,0.0,61.0,136.29,32,136.23
mcts:reward=score,ppo:runs/ppo/pass2/p2b_pool_s3.json,2,9001,16,0,0.0,0.0,-37.0,55.0,92.0,28.0,27.0,4.0,0.0,0.0,19.0,13.0,2.0,0.0,19.0,3.0,5.0,0.0,27.0,1.0,4.0,0.0,0.0,0.0,61.0,129.94,32,129.88
mcts:reward=score,ppo:runs/ppo/pass2/p2b_pool_s3.json,2,9001,17,1,0.0,0.0,-58.0,27.0,85.0,38.0,-11.0,1.0,1.0,0.0,13.0,10.0,2.7,1.0,18.0,6.0,10.0,2.0,22.0,0.0,2.0,0.0,0.0,0.0,57.0,125.72,29,125.66
mcts:reward=score,ppo:runs/ppo/pass2/p2b_pool_s3.json,2,9001,18,0,1.0,1.0,1.0,94.0,93.0,57.0,37.0,4.0,0.0,0.0,26.0,14.0,2.7142857142857144,2.0,7.0,6.0,6.0,0.0,30.0,1.0,4.0,0.0,0.0,0.0,66.0,131.79,35,131.73
mcts:reward=score,ppo:runs/ppo/pass2/p2b_pool_s3.json,2,9001,19,0,1.0,1.0,4.0,74.0,70.0,42.0,32.0,3.0,0.0,0.0,29.0,11.0,2.6363636363636362,1.0,16.0,4.0,9.0,0.0,29.0,0.0,3.0,0.0,0.0,0.0,61.0,132.91,31,132.85
mcts,wary,2,9001,16,0,0.0,0.0,-41.0,64.0,105.0,58.0,6.0,4.0,1.0,0.0,25.0,15.0,2.7333333333333334,1.0,4.0,7.0,7.0,2.0,33.0,2.0,5.0,0.0,0.0,0.0,79.0,160.57,42,160.56
mcts,wary,2,9001,17,1,1.0,1.0,47.0,122.0,75.0,83.0,29.0,2.0,0.0,1.0,27.0,13.0,3.4615384615384617,4.0,0.0,9.0,16.0,3.0,38.0,0.0,2.0,0.0,0.0,1.0,86.0,157.02,44,157.01
mcts,wary,2,9001,18,0,1.0,1.0,100.0,162.0,62.0,59.0,93.0,7.0,0.0,1.0,27.0,16.0,2.6875,1.0,2.0,7.0,16.0,1.0,30.0,2.0,7.0,0.0,0.0,1.0,83.0,158.62,45,158.61
mcts,wary,2,9001,19,0,0.0,0.0,0.0,111.0,111.0,69.0,32.0,3.0,0.0,1.0,33.0,15.0,2.933333333333333,2.0,1.0,4.0,12.0,1.0,32.0,0.0,3.0,0.0,0.0,0.0,77.0,132.28,39,132.27
mcts:reward=score,linear:runs/linear/pass7/p7b_sarsa_lam98_random_s3.json@best,2,9001,16,0,0.0,0.0,-44.0,36.0,80.0,34.0,-8.0,2.0,1.0,1.0,19.0,11.0,2.272727272727273,1.0,20.0,6.0,4.0,1.0,28.0,1.0,3.0,0.0,0.0,0.0,59.0,114.66,31,114.64
mcts:reward=score,linear:runs/linear/pass7/p7b_sarsa_lam98_random_s3.json@best,2,9001,17,1,1.0,1.0,2.0,95.0,93.0,56.0,29.0,2.0,0.0,1.0,31.0,15.0,2.6666666666666665,1.0,5.0,5.0,17.0,2.0,19.0,0.0,2.0,0.0,0.0,0.0,71.0,123.11,36,123.09
mcts:reward=score,linear:runs/linear/pass7/p7b_sarsa_lam98_random_s3.json@best,2,9001,18,0,0.0,0.0,-37.0,74.0,111.0,44.0,30.0,4.0,1.0,0.0,16.0,11.0,2.8181818181818183,1.0,14.0,6.0,8.0,1.0,26.0,2.0,5.0,0.0,0.0,0.0,62.0,127.71,34,127.69
mcts:reward=score,linear:runs/linear/pass7/p7b_sarsa_lam98_random_s3.json@best,2,9001,19,0,1.0,1.0,19.0,98.0,79.0,50.0,38.0,4.0,0.0,1.0,23.0,12.0,2.75,1.0,12.0,4.0,12.0,0.0,24.0,1.0,4.0,0.0,0.0,0.0,63.0,124.16,33,124.14
mcts,linear:runs/linear/pass7/p7b_sarsa_lam98_random_s3.json@best,2,9001,16,0,0.0,0.0,-22.0,74.0,96.0,37.0,27.0,4.0,0.0,1.0,22.0,16.0,2.0,0.0,13.0,2.0,6.0,0.0,26.0,1.0,4.0,0.0,0.0,0.0,67.0,128.34,35,128.31
mcts,linear:runs/linear/pass7/p7b_sarsa_lam98_random_s3.json@best,2,9001,17,1,0.0,0.0,-82.0,28.0,110.0,31.0,-3.0,1.0,1.0,0.0,9.0,12.0,2.0833333333333335,1.0,20.0,2.0,7.0,0.0,31.0,0.0,2.0,0.0,0.0,0.0,63.0,120.99,32,120.97
mcts,linear:runs/linear/pass7/p7b_sarsa_lam98_random_s3.json@best,2,9001,18,0,0.0,0.0,-10.0,91.0,101.0,44.0,37.0,4.0,0.0,1.0,24.0,14.0,2.4285714285714284,1.0,11.0,4.0,7.0,0.0,29.0,1.0,4.0,0.0,0.0,0.0,66.0,133.16,35,133.13
mcts,linear:runs/linear/pass7/p7b_sarsa_lam98_random_s3.json@best,2,9001,19,0,1.0,1.0,26.0,105.0,79.0,50.0,45.0,5.0,0.0,1.0,23.0,15.0,2.3333333333333335,1.0,10.0,7.0,12.0,1.0,20.0,1.0,5.0,0.0,0.0,0.0,67.0,129.75,35,129.73
mcts:reward=score,wary,2,9001,16,0,0.0,0.0,-8.0,102.0,110.0,64.0,28.0,5.0,1.0,1.0,22.0,17.0,2.6470588235294117,1.0,0.0,8.0,6.0,1.0,42.0,3.0,6.0,0.0,0.0,0.0,91.0,173.09,49,173.07
mcts:reward=score,wary,2,9001,17,1,1.0,1.0,4.0,116.0,112.0,62.0,44.0,4.0,1.0,1.0,31.0,16.0,2.625,1.0,3.0,10.0,8.0,0.0,34.0,2.0,5.0,0.0,0.0,0.0,79.0,163.18,42,163.15
mcts:reward=score,wary,2,9001,18,0,1.0,1.0,115.0,194.0,79.0,72.0,112.0,8.0,0.0,1.0,30.0,15.0,2.933333333333333,3.0,1.0,7.0,10.0,0.0,38.0,3.0,8.0,0.0,0.0,1.0,83.0,165.06,46,165.05
mcts:reward=score,wary,2,9001,19,0,1.0,1.0,12.0,117.0,105.0,75.0,32.0,3.0,0.0,1.0,36.0,15.0,3.0,4.0,0.0,6.0,14.0,2.0,30.0,0.0,3.0,0.0,0.0,1.0,78.0,135.4,40,135.38
mcts,collector,2,9001,16,0,1.0,1.0,41.0,107.0,66.0,64.0,33.0,3.0,0.0,1.0,26.0,16.0,2.75,1.0,1.0,7.0,3.0,2.0,35.0,1.0,3.0,0.0,0.0,1.0,76.0,161.74,40,161.72
mcts,collector,2,9001,17,1,1.0,1.0,104.0,151.0,47.0,79.0,62.0,4.0,0.0,1.0,35.0,14.0,3.2142857142857144,3.0,0.0,8.0,20.0,0.0,36.0,2.0,4.0,1.0,0.0,1.0,88.0,189.1,47,189.08
mcts,collector,2,9001,18,0,1.0,1.0,94.0,124.0,30.0,70.0,44.0,4.0,0.0,1.0,18.0,16.0,2.8125,3.0,0.0,4.0,14.0,0.0,34.0,1.0,4.0,0.0,0.0,1.0,81.0,174.86,43,174.85
mcts,collector,2,9001,19,0,1.0,1.0,50.0,97.0,47.0,51.0,36.0,4.0,1.0,1.0,29.0,14.0,2.642857142857143,0.0,8.0,3.0,19.0,1.0,21.0,1.0,5.0,0.0,0.0,0.0,73.0,152.25,38,152.24
mcts:reward=score,collector,2,9001,16,0,1.0,1.0,25.0,113.0,88.0,67.0,36.0,4.0,0.0,1.0,33.0,16.0,2.8125,2.0,0.0,7.0,13.0,0.0,35.0,2.0,4.0,0.0,0.0,1.0,84.0,168.73,45,168.72
mcts:reward=score,collector,2,9001,17,1,1.0,1.0,50.0,151.0,101.0,79.0,62.0,4.0,0.0,1.0,35.0,14.0,3.2142857142857144,3.0,0.0,7.0,8.0,0.0,46.0,2.0,4.0,0.0,0.0,0.0,87.0,187.86,46,187.85
mcts:reward=score,collector,2,9001,18,0,1.0,1.0,109.0,148.0,39.0,58.0,80.0,6.0,0.0,1.0,33.0,17.0,2.6470588235294117,0.0,0.0,10.0,13.0,0.0,35.0,2.0,6.0,0.0,0.0,1.0,85.0,184.74,46,184.72
mcts:reward=score,collector,2,9001,19,0,1.0,1.0,39.0,142.0,103.0,78.0,54.0,5.0,0.0,1.0,34.0,14.0,3.2142857142857144,3.0,0.0,7.0,14.0,1.0,42.0,1.0,5.0,0.0,0.0,0.0,89.0,159.27,46,159.25
mcts,racer,2,9001,20,1,1.0,1.0,19.0,106.0,87.0,63.0,33.0,2.0,0.0,1.0,32.0,11.0,3.4545454545454546,3.0,7.0,2.0,31.0,1.0,11.0,0.0,2.0,0.0,0.0,0.0,66.0,121.08,34,121.07
mcts,racer,2,9001,21,0,1.0,1.0,69.0,162.0,93.0,59.0,93.0,6.0,0.0,1.0,30.0,15.0,2.6666666666666665,1.0,5.0,7.0,15.0,0.0,23.0,2.0,6.0,0.0,0.0,0.0,72.0,134.06,39,134.05
mcts,racer,2,9001,22,0,1.0,1.0,21.0,117.0,96.0,57.0,50.0,4.0,0.0,1.0,28.0,15.0,2.6,2.0,6.0,8.0,7.0,2.0,29.0,1.0,4.0,0.0,0.0,0.0,72.0,125.39,38,125.37
mcts,racer,2,9001,23,0,1.0,1.0,17.0,104.0,87.0,58.0,36.0,4.0,0.0,1.0,20.0,16.0,2.6875,1.0,2.0,3.0,13.0,0.0,29.0,1.0,4.0,0.0,0.0,0.0,77.0,121.99,40,121.98
mcts:reward=score,racer,2,9001,20,1,1.0,1.0,46.0,133.0,87.0,60.0,63.0,4.0,0.0,1.0,36.0,12.0,3.1666666666666665,2.0,7.0,0.0,28.0,0.0,12.0,1.0,4.0,0.0,0.0,0.0,66.0,128.83,35,128.81
mcts:reward=score,racer,2,9001,21,0,1.0,1.0,64.0,157.0,93.0,54.0,93.0,6.0,0.0,1.0,24.0,14.0,2.5714285714285716,1.0,9.0,4.0,9.0,1.0,23.0,2.0,6.0,0.0,0.0,0.0,66.0,133.2,36,133.19
mcts:reward=score,racer,2,9001,22,0,1.0,1.0,3.0,99.0,96.0,59.0,30.0,2.0,0.0,1.0,24.0,13.0,3.0,2.0,6.0,6.0,9.0,1.0,31.0,0.0,2.0,0.0,0.0,0.0,68.0,123.61,35,123.6
mcts:reward=score,racer,2,9001,23,0,1.0,1.0,22.0,109.0,87.0,47.0,52.0,5.0,0.0,1.0,16.0,14.0,2.5,1.0,10.0,3.0,21.0,1.0,13.0,1.0,5.0,0.0,0.0,0.0,67.0,120.0,35,119.99
mcts,greedy,2,9001,20,1,1.0,1.0,14.0,107.0,93.0,64.0,33.0,2.0,0.0,1.0,33.0,16.0,2.8125,1.0,0.0,3.0,29.0,1.0,15.0,0.0,2.0,0.0,0.0,1.0,77.0,135.94,40,135.93
mcts,greedy,2,9001,21,0,1.0,1.0,31.0,139.0,108.0,68.0,61.0,4.0,0.0,1.0,27.0,16.0,2.8125,1.0,0.0,5.0,24.0,1.0,20.0,1.0,4.0,0.0,0.0,1.0,79.0,143.39,42,143.38
mcts,greedy,2,9001,22,0,1.0,1.0,23.0,108.0,85.0,68.0,30.0,2.0,0.0,1.0,23.0,15.0,3.0,2.0,0.0,7.0,10.0,1.0,36.0,0.0,2.0,0.0,0.0,1.0,77.0,134.81,40,134.81
mcts,greedy,2,9001,23,0,0.0,0.0,-30.0,88.0,118.0,62.0,16.0,4.0,1.0,1.0,34.0,14.0,2.9285714285714284,2.0,4.0,4.0,14.0,0.0,30.0,2.0,5.0,0.0,0.0,0.0,77.0,138.39,41,138.38
mcts:reward=score,greedy,2,9001,20,1,1.0,1.0,60.0,175.0,115.0,68.0,97.0,7.0,0.0,1.0,40.0,14.0,3.142857142857143,2.0,1.0,2.0,22.0,1.0,28.0,4.0,7.0,0.0,0.0,1.0,87.0,153.19,49,153.18
mcts:reward=score,greedy,2,9001,21,0,1.0,1.0,43.0,152.0,109.0,62.0,80.0,7.0,0.0,1.0,30.0,17.0,2.5294117647058822,1.0,2.0,7.0,10.0,0.0,36.0,3.0,7.0,0.0,0.0,0.0,86.0,161.18,47,161.17
mcts:reward=score,greedy,2,9001,22,0,1.0,1.0,48.0,165.0,117.0,71.0,84.0,7.0,0.0,1.0,31.0,15.0,3.0,2.0,0.0,8.0,10.0,0.0,36.0,5.0,7.0,0.0,0.0,0.0,86.0,146.33,49,146.32
mcts:reward=score,greedy,2,9001,23,0,0.0,0.0,-6.0,120.0,126.0,78.0,42.0,4.0,0.0,0.0,16.0,13.0,3.4615384615384617,4.0,0.0,8.0,9.0,0.0,39.0,1.0,4.0,0.0,0.0,1.0,76.0,136.37,40,136.36
mcts,ppo:runs/ppo/pass2/p2b_pool_s3.json,2,9001,20,1,1.0,1.0,15.0,89.0,74.0,46.0,33.0,2.0,0.0,1.0,31.0,13.0,2.6153846153846154,1.0,11.0,3.0,25.0,2.0,7.0,0.0,2.0,0.0,0.0,0.0,62.0,130.13,32,130.07
mcts,ppo:runs/ppo/pass2/p2b_pool_s3.json,2,9001,21,0,1.0,1.0,19.0,108.0,89.0,54.0,54.0,4.0,0.0,0.0,24.0,14.0,2.5714285714285716,1.0,9.0,3.0,16.0,0.0,18.0,1.0,4.0,0.0,0.0,0.0,64.0,130.0,34,129.94
mcts,ppo:runs/ppo/pass2/p2b_pool_s3.json,2,9001,22,0,1.0,1.0,22.0,106.0,84.0,66.0,30.0,2.0,0.0,1.0,30.0,12.0,3.25,3.0,6.0,5.0,7.0,1.0,31.0,0.0,2.0,0.0,0.0,0.0,64.0,125.67,33,125.61
mcts,ppo:runs/ppo/pass2/p2b_pool_s3.json,2,9001,23,0,0.0,0.0,-47.0,45.0,92.0,48.0,-3.0,1.0,1.0,0.0,10.0,12.0,2.8333333333333335,0.0,11.0,1.0,9.0,0.0,25.0,0.0,2.0,0.0,0.0,0.0,59.0,123.73,30,123.67
mcts:reward=score,ppo:runs/ppo/pass2/p2b_pool_s3.json,2,9001,20,1,1.0,1.0,32.0,109.0,77.0,49.0,50.0,3.0,0.0,1.0,30.0,14.0,2.5714285714285716,1.0,9.0,2.0,22.0,0.0,12.0,1.0,3.0,0.0,0.0,0.0,64.0,121.31,34,121.25
mcts:reward=score,ppo:runs/ppo/pass2/p2b_pool_s3.json,2,9001,21,0,1.0,1.0,26.0,111.0,85.0,52.0,59.0,5.0,1.0,0.0,24.0,13.0,2.6153846153846154,1.0,11.0,1.0,16.0,0.0,16.0,2.0,6.0,0.0,0.0,0.0,62.0,125.65,34,125.6
mcts:reward=score,ppo:runs/ppo/pass2/p2b_pool_s3.json,2,9001,22,0,1.0,1.0,12.0,107.0,95.0,77.0,30.0,2.0,0.0,0.0,21.0,11.0,3.727272727272727,4.0,4.0,8.0,6.0,1.0,34.0,0.0,2.0,0.0,0.0,0.0,64.0,128.59,33,128.52
mcts:reward=score,ppo:runs/ppo/pass2/p2b_pool_s3.json,2,9001,23,0,0.0,0.0,-16.0,71.0,87.0,41.0,30.0,4.0,1.0,0.0,16.0,12.0,2.5,1.0,15.0,5.0,12.0,0.0,20.0,1.0,5.0,0.0,0.0,0.0,59.0,122.26,31,122.2
mcts,wary,2,9001,20,1,1.0,1.0,14.0,107.0,93.0,64.0,33.0,2.0,0.0,1.0,33.0,16.0,2.8125,1.0,0.0,3.0,29.0,1.0,15.0,0.0,2.0,0.0,0.0,1.0,77.0,142.72,40,142.71
mcts,wary,2,9001,21,0,1.0,1.0,65.0,166.0,101.0,64.0,92.0,6.0,0.0,1.0,27.0,16.0,2.6875,1.0,2.0,4.0,24.0,1.0,16.0,2.0,6.0,0.0,0.0,0.0,78.0,147.6,42,147.59
mcts,wary,2,9001,22,0,1.0,1.0,28.0,104.0,76.0,64.0,30.0,2.0,0.0,1.0,28.0,16.0,2.8125,1.0,0.0,7.0,10.0,1.0,34.0,0.0,2.0,0.0,0.0,1.0,77.0,143.01,40,143.0
mcts,wary,2,9001,23,0,0.0,0.0,-50.0,76.0,126.0,60.0,16.0,4.0,1.0,0.0,20.0,14.0,2.857142857142857,2.0,5.0,4.0,14.0,0.0,28.0,2.0,5.0,0.0,0.0,0.0,75.0,142.66,40,142.65
mcts,collector,2,9001,20,1,1.0,1.0,88.0,121.0,33.0,73.0,38.0,3.0,0.0,1.0,24.0,16.0,2.8125,3.0,0.0,2.0,29.0,0.0,15.0,1.0,3.0,0.0,0.0,1.0,77.0,140.52,41,140.51
mcts,collector,2,9001,21,0,1.0,1.0,96.0,170.0,74.0,74.0,86.0,7.0,0.0,1.0,29.0,14.0,3.142857142857143,2.0,1.0,1.0,22.0,0.0,24.0,4.0,7.0,0.0,0.0,0.0,82.0,150.26,46,150.25
mcts,collector,2,9001,22,0,1.0,1.0,33.0,116.0,83.0,76.0,30.0,2.0,0.0,1.0,28.0,13.0,3.4615384615384617,3.0,0.0,6.0,24.0,0.0,32.0,0.0,2.0,0.0,0.0,1.0,81.0,150.32,42,150.31
mcts,collector,2,9001,23,0,1.0,1.0,19.0,94.0,75.0,65.0,19.0,2.0,0.0,1.0,25.0,17.0,2.6470588235294117,3.0,0.0,6.0,15.0,1.0,29.0,0.0,2.0,0.0,0.0,1.0,80.0,154.48,41,154.47
mcts:reward=score,wary,2,9001,20,1,1.0,1.0,60.0,175.0,115.0,68.0,97.0,7.0,0.0,1.0,40.0,14.0,3.142857142857143,2.0,1.0,2.0,22.0,1.0,28.0,4.0,7.0,0.0,0.0,1.0,87.0,158.44,49,158.43
mcts:reward=score,wary,2,9001,21,0,1.0,1.0,51.0,155.0,104.0,65.0,80.0,7.0,0.0,1.0,35.0,17.0,2.588235294117647,1.0,1.0,7.0,10.0,0.0,34.0,3.0,7.0,0.0,0.0,0.0,84.0,163.99,46,163.97
mcts:reward=score,wary,2,9001,22,0,1.0,1.0,67.0,158.0,91.0,68.0,80.0,6.0,0.0,1.0,31.0,15.0,2.933333333333333,2.0,1.0,8.0,8.0,0.0,40.0,3.0,6.0,0.0,0.0,1.0,83.0,149.57,46,149.56
mcts:reward=score,wary,2,9001,23,0,0.0,0.0,-7.0,118.0,125.0,76.0,42.0,4.0,0.0,0.0,16.0,12.0,3.5833333333333335,4.0,2.0,8.0,9.0,0.0,43.0,1.0,4.0,0.0,0.0,0.0,79.0,142.26,41,142.25
mcts,linear:runs/linear/pass7/p7b_sarsa_lam98_random_s3.json@best,2,9001,20,1,1.0,1.0,25.0,102.0,77.0,63.0,29.0,3.0,1.0,1.0,34.0,11.0,3.4545454545454546,2.0,7.0,3.0,25.0,2.0,13.0,1.0,4.0,0.0,0.0,0.0,66.0,128.8,35,128.77
mcts,linear:runs/linear/pass7/p7b_sarsa_lam98_random_s3.json@best,2,9001,21,0,1.0,1.0,30.0,121.0,91.0,57.0,54.0,4.0,0.0,1.0,27.0,14.0,2.7142857142857144,1.0,7.0,6.0,18.0,0.0,20.0,1.0,4.0,0.0,0.0,0.0,68.0,130.82,36,130.79
mcts,linear:runs/linear/pass7/p7b_sarsa_lam98_random_s3.json@best,2,9001,22,0,1.0,1.0,19.0,99.0,80.0,59.0,30.0,2.0,0.0,1.0,23.0,13.0,3.0,2.0,6.0,7.0,3.0,2.0,35.0,0.0,2.0,0.0,0.0,0.0,68.0,127.91,35,127.88
mcts,linear:runs/linear/pass7/p7b_sarsa_lam98_random_s3.json@best,2,9001,23,0,1.0,1.0,11.0,86.0,75.0,58.0,18.0,3.0,1.0,1.0,17.0,11.0,3.1818181818181817,2.0,10.0,4.0,8.0,0.0,32.0,1.0,4.0,0.0,0.0,0.0,65.0,123.25,34,123.22
mcts:reward=score,linear:runs/linear/pass7/p7b_sarsa_lam98_random_s3.json@best,2,9001,20,1,1.0,1.0,5.0,110.0,105.0,46.0,64.0,5.0,1.0,0.0,29.0,15.0,2.4,1.0,9.0,0.0,28.0,0.0,8.0,2.0,6.0,0.0,0.0,0.0,70.0,128.13,38,128.1
mcts:reward=score,linear:runs/linear/pass7/p7b_sarsa_lam98_random_s3.json@best,2,9001,21,0,1.0,1.0,36.0,119.0,83.0,55.0,54.0,4.0,0.0,1.0,27.0,13.0,2.769230769230769,1.0,9.0,5.0,10.0,0.0,26.0,1.0,4.0,0.0,0.0,0.0,64.0,131.18,34,131.15
mcts:reward=score,linear:runs/linear/pass7/p7b_sarsa_lam98_random_s3.json@best,2,9001,22,0,0.0,0.0,-73.0,41.0,114.0,51.0,-10.0,1.0,1.0,0.0,21.0,10.0,3.2,2.0,13.0,3.0,8.0,0.0,34.0,0.0,2.0,0.0,0.0,0.0,62.0,114.05,32,114.03
mcts:reward=score,linear:runs/linear/pass7/p7b_sarsa_lam98_random_s3.json@best,2,9001,23,0,0.0,0.0,-19.0,73.0,92.0,43.0,30.0,4.0,1.0,0.0,16.0,13.0,2.4615384615384617,1.0,13.0,4.0,7.0,2.0,21.0,1.0,5.0,0.0,0.0,0.0,61.0,116.95,32,116.92
mcts:reward=score,collector,2,9001,20,1,1.0,1.0,45.0,143.0,98.0,74.0,59.0,4.0,0.0,1.0,42.0,13.0,3.4615384615384617,3.0,0.0,3.0,22.0,1.0,30.0,2.0,4.0,0.0,0.0,1.0,83.0,150.02,45,150.0
mcts:reward=score,collector,2,9001,21,0,1.0,1.0,72.0,166.0,94.0,78.0,78.0,5.0,0.0,1.0,32.0,14.0,3.2142857142857144,3.0,0.0,4.0,18.0,0.0,34.0,2.0,5.0,0.0,0.0,1.0,83.0,162.51,45,162.49
mcts:reward=score,collector,2,9001,22,0,1.0,1.0,48.0,155.0,107.0,73.0,72.0,5.0,0.0,1.0,29.0,14.0,3.2142857142857144,2.0,0.0,6.0,8.0,1.0,50.0,3.0,5.0,0.0,0.0,1.0,93.0,180.02,51,180.01
mcts:reward=score,collector,2,9001,23,0,1.0,1.0,92.0,151.0,59.0,75.0,66.0,6.0,0.0,1.0,42.0,14.0,3.2142857142857144,2.0,0.0,7.0,9.0,1.0,49.0,2.0,6.0,0.0,0.0,1.0,92.0,176.13,49,176.11
mcts,racer,2,9001,24,0,1.0,1.0,26.0,115.0,89.0,48.0,57.0,4.0,0.0,1.0,36.0,15.0,2.4,1.0,9.0,3.0,21.0,0.0,15.0,2.0,4.0,0.0,0.0,0.0,71.0,120.47,38,120.46
mcts,racer,2,9001,25,0,0.0,0.0,-4.0,97.0,101.0,49.0,48.0,5.0,0.0,0.0,19.0,15.0,2.466666666666667,1.0,8.0,5.0,6.0,1.0,26.0,2.0,5.0,0.0,0.0,0.0,68.0,129.75,37,129.74
mcts,racer,2,9001,26,0,1.0,1.0,25.0,116.0,91.0,64.0,42.0,3.0,0.0,1.0,28.0,13.0,3.1538461538461537,2.0,4.0,4.0,10.0,1.0,28.0,1.0,3.0,0.0,0.0,0.0,68.0,127.09,36,127.08
mcts,racer,2,9001,27,1,1.0,1.0,19.0,113.0,94.0,51.0,52.0,5.0,0.0,1.0,26.0,17.0,2.2941176470588234,0.0,6.0,5.0,8.0,0.0,28.0,1.0,5.0,0.0,0.0,0.0,73.0,123.36,38,123.34
mcts,greedy,2,9001,24,0,1.0,1.0,57.0,138.0,81.0,71.0,57.0,4.0,0.0,1.0,33.0,16.0,2.75,4.0,1.0,5.0,20.0,1.0,20.0,1.0,4.0,0.0,0.0,1.0,76.0,132.54,40,132.53
mcts,greedy,2,9001,25,0,1.0,1.0,37.0,94.0,57.0,65.0,19.0,2.0,0.0,1.0,19.0,15.0,3.0,1.0,0.0,4.0,7.0,0.0,41.0,0.0,2.0,0.0,0.0,1.0,77.0,145.1,40,145.09
mcts,greedy,2,9001,26,0,1.0,1.0,31.0,126.0,95.0,62.0,54.0,4.0,0.0,1.0,33.0,17.0,2.588235294117647,1.0,1.0,5.0,17.0,1.0,25.0,2.0,4.0,0.0,0.0,1.0,81.0,156.79,44,156.78
mcts,greedy,2,9001,27,1,1.0,1.0,9.0,113.0,104.0,61.0,42.0,4.0,0.0,1.0,29.0,17.0,2.6470588235294117,0.0,0.0,4.0,15.0,1.0,27.0,1.0,4.0,0.0,0.0,1.0,80.0,157.61,42,157.6
mcts:reward=score,racer,2,9001,24,0,1.0,1.0,34.0,123.0,89.0,56.0,57.0,4.0,0.0,1.0,36.0,15.0,2.6,2.0,6.0,2.0,26.0,2.0,12.0,2.0,4.0,0.0,0.0,0.0,77.0,130.67,41,130.65
mcts:reward=score,racer,2,9001,25,0,1.0,1.0,15.0,106.0,91.0,52.0,44.0,5.0,0.0,1.0,17.0,14.0,2.642857142857143,2.0,8.0,2.0,3.0,0.0,35.0,1.0,5.0,0.0,0.0,0.0,68.0,129.39,36,129.38
mcts:reward=score,racer,2,9001,26,0,1.0,1.0,62.0,153.0,91.0,64.0,79.0,7.0,0.0,1.0,27.0,15.0,2.933333333333333,1.0,1.0,4.0,16.0,1.0,24.0,3.0,7.0,0.0,0.0,0.0,78.0,141.29,43,141.27
mcts:reward=score,racer,2,9001,27,1,1.0,1.0,2.0,96.0,94.0,46.0,40.0,5.0,1.0,1.0,15.0,15.0,2.3333333333333335,0.0,10.0,6.0,4.0,0.0,28.0,2.0,6.0,0.0,0.0,0.0,67.0,120.5,36,120.49
mcts:reward=score,greedy,2,9001,24,0,1.0,1.0,22.0,127.0,105.0,65.0,52.0,4.0,1.0,1.0,35.0,15.0,2.7333333333333334,3.0,4.0,3.0,21.0,0.0,17.0,3.0,5.0,0.0,0.0,0.0,75.0,136.71,41,136.7
mcts:reward=score,greedy,2,9001,25,0,1.0,1.0,62.0,136.0,74.0,76.0,50.0,5.0,0.0,1.0,18.0,14.0,3.2142857142857144,3.0,0.0,7.0,4.0,0.0,50.0,1.0,5.0,0.0,0.0,1.0,83.0,154.58,44,154.57
mcts:reward=score,greedy,2,9001,26,0,1.0,1.0,70.0,155.0,85.0,64.0,81.0,6.0,0.0,1.0,33.0,16.0,2.8125,1.0,0.0,4.0,16.0,0.0,32.0,3.0,6.0,0.0,0.0,1.0,85.0,160.35,47,160.34
mcts:reward=score,greedy,2,9001,27,1,0.0,0.0,-4.0,123.0,127.0,57.0,56.0,6.0,0.0,1.0,26.0,14.0,2.7857142857142856,1.0,6.0,2.0,15.0,0.0,27.0,2.0,6.0,0.0,0.0,0.0,75.0,155.18,40,155.17
mcts,ppo:runs/ppo/pass2/p2b_pool_s3.json,2,9001,24,0,0.0,0.0,-8.0,81.0,89.0,53.0,28.0,2.0,0.0,0.0,24.0,11.0,3.090909090909091,2.0,11.0,3.0,24.0,1.0,14.0,0.0,2.0,0.0,0.0,0.0,63.0,123.9,32,123.84
mcts,ppo:runs/ppo/pass2/p2b_pool_s3.json,2,9001,25,0,1.0,1.0,11.0,88.0,77.0,45.0,43.0,5.0,0.0,0.0,17.0,14.0,2.4285714285714284,1.0,11.0,3.0,16.0,0.0,18.0,2.0,5.0,0.0,0.0,0.0,66.0,138.86,36,138.8
mcts,ppo:runs/ppo/pass2/p2b_pool_s3.json,2,9001,26,0,0.0,0.0,-22.0,62.0,84.0,53.0,9.0,3.0,1.0,0.0,18.0,12.0,2.9166666666666665,1.0,10.0,3.0,10.0,0.0,26.0,1.0,4.0,0.0,0.0,0.0,62.0,139.24,33,139.18
mcts,ppo:runs/ppo/pass2/p2b_pool_s3.json,2,9001,27,1,1.0,1.0,4.0,92.0,88.0,47.0,35.0,4.0,0.0,1.0,21.0,15.0,2.3333333333333335,0.0,10.0,6.0,2.0,1.0,30.0,1.0,4.0,0.0,0.0,0.0,67.0,125.27,35,125.2
mcts,wary,2,9001,24,0,1.0,1.0,57.0,138.0,81.0,71.0,57.0,4.0,0.0,1.0,33.0,16.0,2.75,4.0,1.0,5.0,20.0,1.0,20.0,1.0,4.0,0.0,0.0,1.0,76.0,139.97,40,139.95
mcts,wary,2,9001,25,0,1.0,1.0,11.0,94.0,83.0,65.0,19.0,2.0,0.0,1.0,19.0,15.0,3.0,1.0,0.0,4.0,7.0,0.0,41.0,0.0,2.0,0.0,0.0,1.0,77.0,145.9,40,145.89
mcts,wary,2,9001,26,0,0.0,0.0,-1.0,100.0,101.0,60.0,30.0,3.0,1.0,1.0,33.0,16.0,2.625,1.0,3.0,5.0,16.0,1.0,24.0,2.0,4.0,0.0,0.0,0.0,78.0,160.71,42,160.7
mcts,wary,2,9001,27,1,0.0,0.0,-1.0,109.0,110.0,57.0,42.0,4.0,0.0,1.0,26.0,16.0,2.625,0.0,3.0,3.0,15.0,0.0,29.0,1.0,4.0,0.0,0.0,0.0,79.0,160.52,41,160.51
mcts,linear:runs/linear/pass7/p7b_sarsa_lam98_random_s3.json@best,2,9001,24,0,0.0,0.0,-27.0,75.0,102.0,48.0,17.0,2.0,1.0,1.0,28.0,14.0,2.5714285714285716,1.0,9.0,1.0,33.0,0.0,3.0,1.0,3.0,0.0,0.0,0.0,67.0,121.39,35,121.34
mcts,linear:runs/linear/pass7/p7b_sarsa_lam98_random_s3.json@best,2,9001,25,0,1.0,1.0,10.0,91.0,81.0,55.0,26.0,3.0,0.0,1.0,16.0,12.0,2.9166666666666665,2.0,10.0,4.0,10.0,0.0,28.0,1.0,3.0,0.0,0.0,0.0,64.0,131.47,34,131.44
mcts,linear:runs/linear/pass7/p7b_sarsa_lam98_random_s3.json@best,2,9001,26,0,1.0,1.0,19.0,102.0,83.0,50.0,42.0,3.0,0.0,1.0,31.0,14.0,2.642857142857143,1.0,8.0,6.0,7.0,0.0,31.0,1.0,3.0,0.0,0.0,0.0,68.0,132.77,36,132.74
mcts,linear:runs/linear/pass7/p7b_sarsa_lam98_random_s3.json@best,2,9001,27,1,1.0,1.0,4.0,88.0,84.0,49.0,29.0,4.0,1.0,1.0,17.0,13.0,2.6153846153846154,1.0,11.0,3.0,7.0,0.0,31.0,2.0,5.0,0.0,0.0,0.0,69.0,127.03,37,127.0
mcts:reward=score,wary,2,9001,24,0,1.0,1.0,25.0,127.0,102.0,65.0,52.0,4.0,1.0,1.0,35.0,15.0,2.7333333333333334,3.0,4.0,5.0,21.0,1.0,15.0,3.0,5.0,0.0,0.0,0.0,75.0,139.88,41,139.87
mcts:reward=score,wary,2,9001,25,0,1.0,1.0,55.0,136.0,81.0,76.0,50.0,5.0,0.0,1.0,18.0,14.0,3.2142857142857144,3.0,0.0,7.0,4.0,0.0,50.0,1.0,5.0,0.0,0.0,1.0,83.0,153.6,44,153.59
mcts:reward=score,wary,2,9001,26,0,1.0,1.0,25.0,123.0,98.0,59.0,54.0,4.0,0.0,1.0,33.0,14.0,2.9285714285714284,1.0,4.0,4.0,16.0,0.0,32.0,2.0,4.0,0.0,0.0,0.0,80.0,156.82,43,156.81
mcts:reward=score,wary,2,9001,27,1,1.0,1.0,3.0,126.0,123.0,60.0,56.0,6.0,0.0,1.0,25.0,16.0,2.6875,1.0,2.0,3.0,15.0,1.0,27.0,2.0,6.0,0.0,0.0,0.0,81.0,159.06,43,159.05
mcts:reward=score,ppo:runs/ppo/pass2/p2b_pool_s3.json,2,9001,24,0,0.0,0.0,-22.0,70.0,92.0,51.0,19.0,2.0,1.0,0.0,24.0,11.0,3.090909090909091,2.0,11.0,1.0,29.0,0.0,5.0,1.0,3.0,0.0,0.0,0.0,59.0,124.42,31,124.36
mcts:reward=score,ppo:runs/ppo/pass2/p2b_pool_s3.json,2,9001,25,0,1.0,1.0,20.0,96.0,76.0,52.0,44.0,5.0,0.0,0.0,17.0,13.0,2.8461538461538463,1.0,8.0,2.0,15.0,0.0,19.0,3.0,5.0,0.0,0.0,0.0,66.0,145.38,37,145.31
mcts:reward=score,ppo:runs/ppo/pass2/p2b_pool_s3.json,2,9001,26,0,0.0,0.0,-18.0,73.0,91.0,36.0,37.0,4.0,0.0,0.0,19.0,9.0,2.888888888888889,0.0,19.0,2.0,10.0,1.0,28.0,1.0,4.0,0.0,0.0,0.0,60.0,140.5,32,140.44
mcts:reward=score,ppo:runs/ppo/pass2/p2b_pool_s3.json,2,9001,27,1,0.0,0.0,-33.0,63.0,96.0,39.0,24.0,4.0,1.0,0.0,17.0,11.0,2.5454545454545454,0.0,17.0,5.0,2.0,0.0,34.0,1.0,5.0,0.0,0.0,0.0,61.0,127.84,32,127.78
mcts:reward=score,linear:runs/linear/pass7/p7b_sarsa_lam98_random_s3.json@best,2,9001,24,0,1.0,1.0,2.0,106.0,104.0,57.0,39.0,3.0,0.0,1.0,30.0,15.0,2.7333333333333334,1.0,4.0,2.0,21.0,1.0,17.0,1.0,3.0,0.0,0.0,0.0,73.0,122.02,38,121.99
mcts:reward=score,linear:runs/linear/pass7/p7b_sarsa_lam98_random_s3.json@best,2,9001,25,0,1.0,1.0,7.0,92.0,85.0,58.0,34.0,4.0,0.0,0.0,15.0,15.0,2.6666666666666665,1.0,5.0,4.0,8.0,1.0,28.0,1.0,4.0,0.0,0.0,0.0,70.0,133.88,37,133.85
mcts:reward=score,linear:runs/linear/pass7/p7b_sarsa_lam98_random_s3.json@best,2,9001,26,0,1.0,1.0,28.0,109.0,81.0,51.0,48.0,4.0,0.0,1.0,26.0,13.0,2.8461538461538463,0.0,8.0,5.0,7.0,1.0,27.0,2.0,4.0,0.0,0.0,0.0,66.0,133.01,36,132.98
mcts:reward=score,linear:runs/linear/pass7/p7b_sarsa_lam98_random_s3.json@best,2,9001,27,1,0.0,0.0,-4.0,88.0,92.0,42.0,46.0,5.0,0.0,0.0,15.0,13.0,2.4615384615384617,0.0,13.0,7.0,5.0,1.0,27.0,1.0,5.0,0.0,0.0,0.0,63.0,122.66,33,122.63
mcts,collector,2,9001,24,0,1.0,1.0,49.0,125.0,76.0,72.0,43.0,4.0,0.0,1.0,37.0,15.0,2.933333333333333,3.0,1.0,3.0,30.0,0.0,18.0,1.0,4.0,0.0,0.0,1.0,80.0,162.95,42,162.93
mcts,collector,2,9001,25,0,0.0,0.0,-6.0,88.0,94.0,59.0,19.0,2.0,0.0,1.0,32.0,17.0,2.6470588235294117,0.0,0.0,4.0,12.0,0.0,30.0,0.0,2.0,0.0,0.0,1.0,75.0,159.51,39,159.5
mcts,collector,2,9001,26,0,1.0,1.0,28.0,110.0,82.0,67.0,33.0,3.0,0.0,1.0,27.0,14.0,3.142857142857143,2.0,1.0,5.0,13.0,1.0,45.0,1.0,3.0,0.0,0.0,1.0,89.0,173.68,47,173.66
mcts,collector,2,9001,27,1,1.0,1.0,20.0,108.0,88.0,58.0,40.0,5.0,0.0,1.0,29.0,17.0,2.5294117647058822,0.0,2.0,3.0,18.0,1.0,24.0,1.0,5.0,0.0,0.0,0.0,81.0,159.45,42,159.44
mcts:reward=score,collector,2,9001,24,0,1.0,1.0,46.0,126.0,80.0,72.0,44.0,4.0,1.0,1.0,42.0,15.0,2.933333333333333,4.0,1.0,2.0,31.0,0.0,17.0,3.0,5.0,0.0,0.0,1.0,84.0,163.42,46,163.41
mcts:reward=score,collector,2,9001,25,0,1.0,1.0,61.0,126.0,65.0,64.0,52.0,5.0,0.0,1.0,33.0,16.0,2.8125,1.0,0.0,6.0,4.0,1.0,56.0,2.0,5.0,0.0,0.0,1.0,97.0,182.43,52,182.42
mcts:reward=score,collector,2,9001,26,0,1.0,1.0,61.0,135.0,74.0,79.0,46.0,4.0,0.0,1.0,42.0,13.0,3.4615384615384617,3.0,0.0,4.0,9.0,1.0,41.0,2.0,4.0,0.0,0.0,0.0,82.0,166.68,44,166.67
mcts:reward=score,collector,2,9001,27,1,1.0,1.0,19.0,126.0,107.0,70.0,46.0,5.0,0.0,1.0,30.0,15.0,3.0,3.0,0.0,5.0,17.0,0.0,33.0,1.0,5.0,0.0,0.0,1.0,82.0,160.89,43,160.88
mcts,greedy,2,9001,28,0,0.0,0.0,-16.0,95.0,111.0,52.0,43.0,3.0,0.0,0.0,29.0,18.0,2.388888888888889,0.0,2.0,3.0,18.0,2.0,24.0,0.0,3.0,0.0,0.0,0.0,83.0,158.17,42,158.16
mcts,greedy,2,9001,29,1,1.0,1.0,28.0,117.0,89.0,74.0,33.0,2.0,0.0,1.0,26.0,15.0,3.0,3.0,0.0,4.0,11.0,0.0,35.0,0.0,2.0,0.0,0.0,1.0,75.0,146.03,39,146.02
mcts,greedy,2,9001,30,0,1.0,1.0,52.0,129.0,77.0,69.0,50.0,3.0,0.0,1.0,36.0,16.0,2.8125,3.0,0.0,5.0,11.0,0.0,33.0,1.0,3.0,0.0,0.0,1.0,78.0,144.73,41,144.72
mcts,greedy,2,9001,31,1,0.0,0.0,-23.0,97.0,120.0,61.0,26.0,2.0,0.0,1.0,31.0,13.0,3.076923076923077,2.0,5.0,2.0,24.0,1.0,28.0,0.0,2.0,0.0,0.0,0.0,81.0,138.35,41,138.34
mcts,racer,2,9001,28,0,0.0,0.0,-50.0,49.0,99.0,38.0,1.0,2.0,1.0,1.0,17.0,15.0,2.2,0.0,12.0,2.0,19.0,1.0,13.0,0.0,3.0,0.0,0.0,0.0,65.0,131.4,33,131.39
mcts,racer,2,9001,29,1,1.0,1.0,26.0,115.0,89.0,72.0,33.0,2.0,0.0,1.0,32.0,15.0,2.933333333333333,3.0,1.0,1.0,18.0,1.0,24.0,0.0,2.0,0.0,0.0,1.0,73.0,125.97,38,125.96
mcts,racer,2,9001,30,0,1.0,1.0,24.0,111.0,87.0,62.0,39.0,3.0,0.0,1.0,30.0,15.0,2.8,2.0,3.0,5.0,18.0,0.0,22.0,0.0,3.0,0.0,0.0,0.0,71.0,122.45,36,122.44
mcts,racer,2,9001,31,1,0.0,0.0,-25.0,64.0,89.0,44.0,10.0,2.0,1.0,1.0,23.0,16.0,2.1875,0.0,10.0,1.0,23.0,0.0,11.0,1.0,3.0,0.0,0.0,0.0,69.0,120.91,36,120.9
mcts:reward=score,racer,2,9001,28,0,1.0,1.0,8.0,107.0,99.0,59.0,38.0,4.0,0.0,1.0,19.0,15.0,2.6666666666666665,2.0,5.0,6.0,12.0,0.0,26.0,2.0,4.0,0.0,0.0,0.0,73.0,137.79,39,137.78
mcts:reward=score,racer,2,9001,29,1,1.0,1.0,7.0,100.0,93.0,65.0,25.0,2.0,1.0,1.0,22.0,11.0,3.4545454545454546,3.0,7.0,6.0,9.0,1.0,33.0,1.0,3.0,0.0,0.0,0.0,68.0,132.24,36,132.22
mcts:reward=score,racer,2,9001,30,0,1.0,1.0,22.0,109.0,87.0,58.0,41.0,3.0,1.0,1.0,37.0,15.0,2.6,1.0,6.0,4.0,19.0,0.0,19.0,1.0,4.0,0.0,0.0,0.0,71.0,132.45,37,132.43
mcts:reward=score,racer,2,9001,31,1,0.0,0.0,-4.0,85.0,89.0,44.0,31.0,3.0,1.0,1.0,24.0,15.0,2.3333333333333335,1.0,10.0,1.0,11.0,0.0,23.0,1.0,4.0,0.0,0.0,0.0,67.0,125.26,35,125.25
mcts:reward=score,greedy,2,9001,28,0,1.0,1.0,25.0,118.0,93.0,65.0,43.0,3.0,0.0,1.0,32.0,16.0,2.8125,2.0,0.0,2.0,22.0,2.0,24.0,0.0,3.0,0.0,0.0,1.0,82.0,163.4,42,163.38
mcts:reward=score,greedy,2,9001,29,1,1.0,1.0,75.0,168.0,93.0,86.0,72.0,6.0,0.0,1.0,28.0,12.0,3.75,4.0,0.0,7.0,7.0,1.0,43.0,2.0,6.0,0.0,0.0,1.0,79.0,154.75,43,154.73
mcts:reward=score,greedy,2,9001,30,0,1.0,1.0,74.0,179.0,105.0,70.0,99.0,7.0,0.0,1.0,30.0,16.0,2.8125,2.0,0.0,5.0,12.0,0.0,34.0,3.0,7.0,0.0,0.0,1.0,84.0,157.98,46,157.97
mcts:reward=score,greedy,2,9001,31,1,1.0,1.0,7.0,122.0,115.0,67.0,45.0,4.0,0.0,1.0,36.0,15.0,2.8666666666666667,1.0,2.0,5.0,19.0,0.0,29.0,2.0,4.0,0.0,0.0,0.0,83.0,144.44,44,144.43
mcts,ppo:runs/ppo/pass2/p2b_pool_s3.json,2,9001,28,0,0.0,0.0,-21.0,84.0,105.0,41.0,43.0,3.0,0.0,0.0,24.0,16.0,2.1875,0.0,10.0,3.0,19.0,2.0,11.0,0.0,3.0,0.0,0.0,0.0,67.0,138.75,34,138.69
mcts,ppo:runs/ppo/pass2/p2b_pool_s3.json,2,9001,29,1,0.0,0.0,-37.0,60.0,97.0,53.0,7.0,1.0,1.0,0.0,26.0,13.0,2.769230769230769,2.0,9.0,3.0,12.0,0.0,26.0,0.0,2.0,0.0,0.0,0.0,64.0,130.1,33,130.04
mcts,ppo:runs/ppo/pass2/p2b_pool_s3.json,2,9001,30,0,0.0,0.0,-42.0,34.0,76.0,45.0,-21.0,1.0,2.0,1.0,17.0,13.0,2.5384615384615383,0.0,12.0,2.0,27.0,0.0,11.0,0.0,3.0,0.0,0.0,0.0,65.0,127.79,33,127.73
mcts,ppo:runs/ppo/pass2/p2b_pool_s3.json,2,9001,31,1,0.0,0.0,-15.0,68.0,83.0,42.0,26.0,2.0,0.0,0.0,24.0,14.0,2.2857142857142856,1.0,13.0,6.0,14.0,3.0,22.0,0.0,2.0,0.0,0.0,0.0,71.0,137.91,36,137.84
mcts:reward=score,ppo:runs/ppo/pass2/p2b_pool_s3.json,2,9001,28,0,0.0,0.0,-21.0,82.0,103.0,44.0,38.0,3.0,0.0,0.0,17.0,13.0,2.5384615384615383,0.0,12.0,4.0,11.0,0.0,21.0,1.0,3.0,0.0,0.0,0.0,61.0,131.23,32,131.17
mcts:reward=score,ppo:runs/ppo/pass2/p2b_pool_s3.json,2,9001,29,1,0.0,0.0,-21.0,74.0,95.0,48.0,16.0,2.0,2.0,1.0,26.0,13.0,2.6153846153846154,1.0,11.0,4.0,11.0,1.0,25.0,1.0,4.0,0.0,0.0,0.0,66.0,133.83,35,133.76
mcts:reward=score,ppo:runs/ppo/pass2/p2b_pool_s3.json,2,9001,30,0,1.0,1.0,11.0,91.0,80.0,51.0,30.0,2.0,0.0,1.0,23.0,10.0,3.2,1.0,13.0,2.0,26.0,1.0,12.0,0.0,2.0,0.0,0.0,0.0,61.0,122.24,31,122.19
mcts:reward=score,ppo:runs/ppo/pass2/p2b_pool_s3.json,2,9001,31,1,0.0,0.0,-8.0,68.0,76.0,42.0,26.0,2.0,0.0,0.0,20.0,11.0,2.6363636363636362,1.0,16.0,1.0,11.0,0.0,27.0,0.0,2.0,0.0,0.0,0.0,61.0,124.88,31,124.82
mcts,linear:runs/linear/pass7/p7b_sarsa_lam98_random_s3.json@best,2,9001,28,0,1.0,1.0,13.0,109.0,96.0,40.0,59.0,4.0,0.0,1.0,24.0,15.0,2.2666666666666666,0.0,11.0,3.0,13.0,0.0,19.0,1.0,4.0,0.0,0.0,0.0,65.0,135.49,34,135.46
mcts,linear:runs/linear/pass7/p7b_sarsa_lam98_random_s3.json@best,2,9001,29,1,1.0,1.0,36.0,118.0,82.0,58.0,50.0,4.0,0.0,1.0,27.0,15.0,2.6,1.0,6.0,7.0,10.0,0.0,26.0,1.0,4.0,0.0,0.0,0.0,68.0,137.11,36,137.07
mcts,linear:runs/linear/pass7/p7b_sarsa_lam98_random_s3.json@best,2,9001,30,0,1.0,1.0,1.0,69.0,68.0,54.0,5.0,2.0,1.0,1.0,23.0,14.0,2.7142857142857144,1.0,7.0,3.0,32.0,0.0,6.0,0.0,3.0,0.0,0.0,0.0,67.0,124.11,34,124.09
mcts,linear:runs/linear/pass7/p7b_sarsa_lam98_random_s3.json@best,2,9001,31,1,0.0,0.0,-37.0,43.0,80.0,41.0,-8.0,1.0,1.0,1.0,19.0,12.0,2.5,0.0,15.0,1.0,19.0,1.0,17.0,0.0,2.0,0.0,0.0,0.0,63.0,128.23,32,128.2
mcts,wary,2,9001,28,0,0.0,0.0,-17.0,90.0,107.0,47.0,43.0,3.0,0.0,0.0,28.0,18.0,2.2222222222222223,0.0,5.0,3.0,18.0,2.0,22.0,0.0,3.0,0.0,0.0,0.0,81.0,165.14,41,165.13
mcts,wary,2,9001,29,1,1.0,1.0,26.0,116.0,90.0,73.0,33.0,2.0,0.0,1.0,26.0,14.0,3.142857142857143,3.0,1.0,4.0,11.0,0.0,37.0,0.0,2.0,0.0,0.0,1.0,75.0,150.19,39,150.18
mcts,wary,2,9001,30,0,1.0,1.0,54.0,129.0,75.0,69.0,50.0,3.0,0.0,1.0,39.0,15.0,2.933333333333333,3.0,1.0,5.0,11.0,0.0,35.0,1.0,3.0,0.0,0.0,1.0,78.0,147.39,41,147.38
mcts,wary,2,9001,31,1,0.0,0.0,-23.0,94.0,117.0,58.0,26.0,2.0,0.0,1.0,35.0,13.0,3.0,1.0,6.0,2.0,24.0,1.0,22.0,0.0,2.0,0.0,0.0,0.0,75.0,141.71,38,141.7
mcts:reward=score,wary,2,9001,28,0,1.0,1.0,23.0,116.0,93.0,63.0,43.0,3.0,0.0,1.0,32.0,15.0,2.8666666666666667,2.0,2.0,2.0,22.0,2.0,24.0,0.0,3.0,0.0,0.0,0.0,81.0,159.68,41,159.67
mcts:reward=score,wary,2,9001,29,1,1.0,1.0,76.0,168.0,92.0,86.0,72.0,6.0,0.0,1.0,28.0,12.0,3.75,4.0,0.0,7.0,7.0,1.0,43.0,2.0,6.0,0.0,0.0,1.0,79.0,155.03,43,155.02
mcts:reward=score,wary,2,9001,30,0,1.0,1.0,70.0,158.0,88.0,71.0,77.0,5.0,0.0,1.0,33.0,15.0,3.0,2.0,0.0,5.0,13.0,0.0,35.0,1.0,5.0,0.0,0.0,1.0,80.0,145.36,42,145.35
mcts:reward=score,wary,2,9001,31,1,1.0,1.0,7.0,122.0,115.0,67.0,45.0,4.0,0.0,1.0,36.0,15.0,2.8666666666666667,1.0,2.0,5.0,19.0,0.0,29.0,2.0,4.0,0.0,0.0,0.0,83.0,150.0,44,149.98
mcts,collector,2,9001,28,0,0.0,0.0,-43.0,63.0,106.0,54.0,-1.0,1.0,2.0,1.0,33.0,16.0,2.4375,1.0,6.0,3.0,22.0,1.0,26.0,0.0,3.0,0.0,0.0,0.0,83.0,181.18,42,181.17
mcts,collector,2,9001,29,1,1.0,1.0,82.0,124.0,42.0,68.0,46.0,3.0,0.0,1.0,28.0,16.0,2.8125,2.0,0.0,2.0,22.0,0.0,20.0,1.0,3.0,0.0,0.0,1.0,75.0,150.19,40,150.17
mcts,collector,2,9001,30,0,1.0,1.0,65.0,133.0,68.0,73.0,50.0,3.0,0.0,1.0,36.0,15.0,3.0,4.0,0.0,6.0,16.0,2.0,26.0,1.0,3.0,0.0,0.0,1.0,78.0,143.29,41,143.28
mcts,collector,2,9001,31,1,0.0,0.0,-13.0,109.0,122.0,61.0,38.0,3.0,0.0,1.0,35.0,15.0,2.7333333333333334,1.0,4.0,2.0,26.0,2.0,18.0,1.0,3.0,0.0,0.0,0.0,81.0,145.6,42,145.59
mcts:reward=score,linear:runs/linear/pass7/p7b_sarsa_lam98_random_s3.json@best,2,9001,28,0,1.0,1.0,6.0,103.0,97.0,44.0,49.0,5.0,0.0,1.0,22.0,14.0,2.4285714285714284,1.0,11.0,6.0,12.0,0.0,18.0,3.0,5.0,0.0,0.0,0.0,65.0,134.95,36,134.93
mcts:reward=score,linear:runs/linear/pass7/p7b_sarsa_lam98_random_s3.json@best,2,9001,29,1,1.0,1.0,18.0,117.0,99.0,57.0,50.0,4.0,0.0,1.0,28.0,15.0,2.6,1.0,6.0,4.0,7.0,0.0,31.0,1.0,4.0,0.0,0.0,0.0,70.0,130.25,37,130.22
mcts:reward=score,linear:runs/linear/pass7/p7b_sarsa_lam98_random_s3.json@best,2,9001,30,0,1.0,1.0,21.0,98.0,77.0,52.0,36.0,3.0,0.0,1.0,21.0,13.0,2.6923076923076925,1.0,10.0,4.0,20.0,1.0,14.0,1.0,3.0,0.0,0.0,0.0,65.0,126.38,34,126.35
mcts:reward=score,linear:runs/linear/pass7/p7b_sarsa_lam98_random_s3.json@best,2,9001,31,1,1.0,1.0,4.0,81.0,77.0,45.0,26.0,2.0,0.0,1.0,23.0,13.0,2.5384615384615383,0.0,12.0,3.0,17.0,1.0,19.0,0.0,2.0,0.0,0.0,0.0,65.0,123.72,33,123.69
mcts:reward=score,collector,2,9001,28,0,1.0,1.0,91.0,176.0,85.0,69.0,97.0,7.0,1.0,1.0,28.0,16.0,2.8125,3.0,0.0,4.0,15.0,1.0,27.0,4.0,8.0,0.0,0.0,1.0,84.0,194.8,47,194.79
mcts:reward=score,collector,2,9001,29,1,1.0,1.0,47.0,140.0,93.0,71.0,59.0,5.0,1.0,1.0,28.0,15.0,3.0,2.0,0.0,7.0,8.0,0.0,48.0,3.0,6.0,0.0,0.0,1.0,91.0,191.55,50,191.53
mcts:reward=score,collector,2,9001,30,0,1.0,1.0,65.0,158.0,93.0,73.0,75.0,5.0,0.0,1.0,24.0,14.0,3.142857142857143,3.0,1.0,7.0,8.0,2.0,40.0,2.0,5.0,0.0,0.0,0.0,85.0,153.91,45,153.89
mcts:reward=score,collector,2,9001,31,1,0.0,0.0,-1.0,121.0,122.0,66.0,45.0,4.0,0.0,1.0,39.0,16.0,2.75,1.0,1.0,4.0,17.0,0.0,27.0,2.0,4.0,0.0,0.0,0.0,81.0,149.56,43,149.54
mcts,racer,2,9001,32,1,0.0,0.0,-16.0,78.0,94.0,46.0,22.0,3.0,1.0,1.0,21.0,11.0,2.909090909090909,1.0,13.0,5.0,3.0,2.0,31.0,1.0,4.0,0.0,0.0,0.0,62.0,133.82,33,133.81
mcts,racer,2,9001,33,1,0.0,0.0,-23.0,61.0,84.0,39.0,12.0,2.0,1.0,1.0,23.0,15.0,2.1333333333333333,0.0,13.0,2.0,19.0,1.0,13.0,0.0,3.0,0.0,0.0,0.0,65.0,134.2,33,134.18
mcts,racer,2,9001,34,1,0.0,0.0,-9.0,86.0,95.0,48.0,28.0,3.0,1.0,1.0,25.0,15.0,2.466666666666667,1.0,8.0,5.0,10.0,0.0,26.0,1.0,4.0,0.0,0.0,0.0,68.0,133.1,36,133.09
mcts,racer,2,9001,35,0,1.0,1.0,31.0,104.0,73.0,45.0,49.0,5.0,0.0,1.0,27.0,15.0,2.3333333333333335,1.0,10.0,7.0,5.0,0.0,27.0,2.0,5.0,0.0,0.0,0.0,67.0,131.51,36,131.49
mcts,greedy,2,9001,32,1,1.0,1.0,75.0,124.0,49.0,73.0,41.0,3.0,0.0,1.0,29.0,15.0,3.0,3.0,0.0,9.0,13.0,2.0,33.0,1.0,3.0,0.0,0.0,1.0,81.0,146.46,43,146.45
mcts,greedy,2,9001,33,1,0.0,0.0,-6.0,113.0,119.0,58.0,45.0,4.0,0.0,1.0,22.0,16.0,2.625,1.0,3.0,3.0,23.0,0.0,25.0,1.0,4.0,0.0,0.0,0.0,83.0,153.54,43,153.53
mcts,greedy,2,9001,34,1,1.0,1.0,41.0,118.0,77.0,66.0,42.0,3.0,0.0,1.0,25.0,16.0,2.8125,1.0,0.0,6.0,10.0,1.0,30.0,1.0,3.0,0.0,0.0,1.0,75.0,154.37,40,154.36
mcts,greedy,2,9001,35,0,0.0,0.0,-13.0,107.0,120.0,71.0,26.0,2.0,0.0,1.0,24.0,15.0,3.0,2.0,0.0,8.0,16.0,1.0,36.0,0.0,2.0,0.0,0.0,1.0,84.0,140.72,43,140.71
mcts:reward=score,greedy,2,9001,32,1,1.0,1.0,36.0,147.0,111.0,72.0,65.0,5.0,0.0,1.0,29.0,14.0,3.0714285714285716,3.0,2.0,8.0,10.0,1.0,38.0,2.0,5.0,0.0,0.0,0.0,82.0,150.73,44,150.72
mcts:reward=score,greedy,2,9001,33,1,1.0,1.0,19.0,138.0,119.0,71.0,57.0,5.0,0.0,1.0,28.0,14.0,3.2142857142857144,3.0,0.0,5.0,8.0,1.0,44.0,2.0,5.0,0.0,0.0,1.0,86.0,149.92,46,149.9
mcts:reward=score,greedy,2,9001,34,1,1.0,1.0,30.0,145.0,115.0,59.0,76.0,6.0,0.0,1.0,37.0,16.0,2.6875,1.0,2.0,6.0,8.0,0.0,34.0,3.0,6.0,0.0,0.0,0.0,80.0,162.61,44,162.6
mcts:reward=score,greedy,2,9001,35,0,1.0,1.0,11.0,117.0,106.0,74.0,33.0,3.0,0.0,1.0,32.0,15.0,3.0,3.0,0.0,9.0,13.0,1.0,43.0,1.0,3.0,0.0,0.0,1.0,90.0,146.06,47,146.05
mcts:reward=score,racer,2,9001,32,1,0.0,0.0,-8.0,86.0,94.0,46.0,30.0,4.0,1.0,1.0,21.0,12.0,2.75,1.0,12.0,6.0,9.0,0.0,25.0,3.0,5.0,0.0,0.0,0.0,64.0,143.59,36,143.58
mcts:reward=score,racer,2,9001,33,1,0.0,0.0,-13.0,71.0,84.0,51.0,10.0,2.0,1.0,1.0,29.0,10.0,3.2,3.0,13.0,3.0,10.0,0.0,28.0,1.0,3.0,0.0,0.0,0.0,61.0,124.69,32,124.68
mcts:reward=score,racer,2,9001,34,1,1.0,1.0,33.0,128.0,95.0,55.0,63.0,5.0,0.0,1.0,29.0,16.0,2.5625,1.0,4.0,7.0,20.0,1.0,18.0,2.0,5.0,0.0,0.0,0.0,76.0,142.03,41,142.02
mcts:reward=score,racer,2,9001,35,0,1.0,1.0,48.0,121.0,73.0,66.0,45.0,4.0,0.0,1.0,23.0,15.0,2.8,2.0,3.0,6.0,12.0,1.0,32.0,1.0,4.0,0.0,0.0,0.0,79.0,134.12,41,134.1
mcts:reward=score,ppo:runs/ppo/pass2/p2b_pool_s3.json,2,9001,32,1,0.0,0.0,-65.0,37.0,102.0,39.0,-2.0,2.0,2.0,0.0,14.0,12.0,2.4166666666666665,1.0,16.0,6.0,2.0,1.0,32.0,1.0,4.0,0.0,0.0,0.0,62.0,139.19,33,139.13
mcts:reward=score,ppo:runs/ppo/pass2/p2b_pool_s3.json,2,9001,33,1,0.0,0.0,-3.0,66.0,69.0,46.0,10.0,2.0,1.0,1.0,30.0,12.0,2.75,1.0,12.0,2.0,11.0,0.0,25.0,1.0,3.0,0.0,0.0,0.0,63.0,127.83,33,127.76
mcts:reward=score,ppo:runs/ppo/pass2/p2b_pool_s3.json,2,9001,34,1,0.0,0.0,-9.0,82.0,91.0,39.0,43.0,4.0,1.0,0.0,26.0,13.0,2.3076923076923075,1.0,15.0,1.0,12.0,0.0,18.0,3.0,5.0,0.0,0.0,0.0,62.0,134.63,35,134.56
mcts:reward=score,ppo:runs/ppo/pass2/p2b_pool_s3.json,2,9001,35,0,1.0,1.0,24.0,95.0,71.0,40.0,45.0,4.0,0.0,1.0,26.0,14.0,2.2857142857142856,1.0,13.0,6.0,6.0,0.0,26.0,1.0,4.0,0.0,0.0,0.0,63.0,121.78,33,121.71
mcts,ppo:runs/ppo/pass2/p2b_pool_s3.json,2,9001,32,1,1.0,1.0,11.0,106.0,95.0,48.0,58.0,6.0,0.0,0.0,16.0,14.0,2.4285714285714284,2.0,11.0,6.0,4.0,1.0,28.0,3.0,6.0,0.0,0.0,0.0,68.0,145.79,38,145.72
mcts,ppo:runs/ppo/pass2/p2b_pool_s3.json,2,9001,33,1,0.0,0.0,-11.0,55.0,66.0,37.0,8.0,2.0,1.0,1.0,25.0,14.0,2.2142857142857144,0.0,14.0,1.0,18.0,1.0,14.0,0.0,3.0,0.0,0.0,0.0,63.0,133.71,32,133.65
mcts,ppo:runs/ppo/pass2/p2b_pool_s3.json,2,9001,34,1,0.0,0.0,-17.0,74.0,91.0,46.0,28.0,3.0,1.0,0.0,22.0,14.0,2.5,1.0,10.0,5.0,14.0,1.0,20.0,1.0,4.0,0.0,0.0,0.0,66.0,137.1,35,137.04
mcts,ppo:runs/ppo/pass2/p2b_pool_s3.json,2,9001,35,0,1.0,1.0,36.0,95.0,59.0,40.0,45.0,4.0,0.0,1.0,25.0,16.0,2.125,0.0,11.0,7.0,7.0,0.0,25.0,1.0,4.0,0.0,0.0,0.0,67.0,125.09,35,125.02
mcts,wary,2,9001,32,1,1.0,1.0,75.0,124.0,49.0,73.0,41.0,3.0,0.0,1.0,29.0,15.0,3.0,3.0,0.0,9.0,13.0,2.0,33.0,1.0,3.0,0.0,0.0,1.0,81.0,153.07,43,153.05
mcts,wary,2,9001,33,1,0.0,0.0,-11.0,93.0,104.0,60.0,23.0,3.0,1.0,1.0,24.0,17.0,2.588235294117647,1.0,1.0,4.0,23.0,0.0,25.0,1.0,4.0,0.0,0.0,0.0,85.0,157.97,44,157.96
mcts,wary,2,9001,34,1,1.0,1.0,13.0,116.0,103.0,64.0,42.0,3.0,0.0,1.0,25.0,15.0,2.8666666666666667,1.0,2.0,4.0,11.0,0.0,31.0,1.0,3.0,0.0,0.0,0.0,74.0,159.22,39,159.21
mcts,wary,2,9001,35,0,0.0,0.0,-19.0,85.0,104.0,58.0,17.0,2.0,2.0,1.0,24.0,15.0,2.7333333333333334,1.0,4.0,7.0,16.0,1.0,24.0,1.0,4.0,0.0,0.0,0.0,75.0,135.18,39,135.17
mcts,linear:runs/linear/pass7/p7b_sarsa_lam98_random_s3.json@best,2,9001,32,1,1.0,1.0,29.0,116.0,87.0,48.0,58.0,6.0,0.0,1.0,18.0,13.0,2.6153846153846154,2.0,11.0,7.0,7.0,1.0,25.0,3.0,6.0,0.0,0.0,0.0,66.0,139.29,37,139.27
mcts,linear:runs/linear/pass7/p7b_sarsa_lam98_random_s3.json@best,2,9001,33,1,0.0,0.0,-14.0,84.0,98.0,40.0,34.0,3.0,0.0,1.0,21.0,14.0,2.357142857142857,0.0,12.0,3.0,9.0,1.0,27.0,0.0,3.0,0.0,0.0,0.0,67.0,130.62,34,130.59
mcts,linear:runs/linear/pass7/p7b_sarsa_lam98_random_s3.json@best,2,9001,34,1,1.0,1.0,3.0,79.0,76.0,41.0,28.0,3.0,1.0,1.0,24.0,16.0,2.1875,0.0,10.0,6.0,7.0,0.0,25.0,1.0,4.0,0.0,0.0,0.0,66.0,133.29,35,133.26
mcts,linear:runs/linear/pass7/p7b_sarsa_lam98_random_s3.json@best,2,9001,35,0,0.0,0.0,-29.0,86.0,115.0,41.0,45.0,4.0,0.0,0.0,21.0,17.0,2.0588235294117645,0.0,10.0,6.0,8.0,0.0,24.0,1.0,4.0,0.0,0.0,0.0,69.0,120.73,36,120.7
mcts:reward=score,wary,2,9001,32,1,1.0,1.0,53.0,147.0,94.0,73.0,64.0,5.0,0.0,1.0,29.0,13.0,3.230769230769231,4.0,3.0,8.0,10.0,1.0,38.0,2.0,5.0,0.0,0.0,0.0,80.0,152.79,43,152.77
mcts:reward=score,wary,2,9001,33,1,0.0,0.0,-3.0,107.0,110.0,65.0,32.0,3.0,0.0,1.0,28.0,12.0,3.3333333333333335,3.0,5.0,5.0,8.0,1.0,44.0,1.0,3.0,0.0,0.0,0.0,81.0,147.58,42,147.57
mcts:reward=score,wary,2,9001,34,1,1.0,1.0,30.0,145.0,115.0,59.0,76.0,6.0,0.0,1.0,37.0,16.0,2.6875,1.0,2.0,6.0,8.0,0.0,34.0,3.0,6.0,0.0,0.0,0.0,80.0,167.76,44,167.75
mcts:reward=score,wary,2,9001,35,0,0.0,0.0,-8.0,117.0,125.0,74.0,33.0,3.0,0.0,1.0,32.0,15.0,3.0,3.0,0.0,9.0,13.0,1.0,43.0,1.0,3.0,0.0,0.0,1.0,90.0,142.98,47,142.97
mcts,collector,2,9001,32,1,1.0,1.0,55.0,110.0,55.0,64.0,36.0,4.0,0.0,1.0,19.0,16.0,2.8125,2.0,0.0,6.0,12.0,0.0,32.0,1.0,4.0,0.0,0.0,1.0,77.0,155.94,41,155.92
mcts,collector,2,9001,33,1,0.0,0.0,-11.0,100.0,111.0,56.0,34.0,3.0,0.0,1.0,27.0,18.0,2.4444444444444446,0.0,1.0,4.0,23.0,1.0,19.0,0.0,3.0,0.0,0.0,0.0,81.0,156.26,41,156.25
mcts,collector,2,9001,34,1,1.0,1.0,31.0,105.0,74.0,64.0,31.0,2.0,0.0,1.0,25.0,16.0,2.8125,1.0,0.0,4.0,8.0,0.0,36.0,0.0,2.0,0.0,0.0,1.0,75.0,172.21,39,172.2
mcts,collector,2,9001,35,0,1.0,1.0,36.0,102.0,66.0,66.0,26.0,2.0,0.0,1.0,28.0,16.0,2.75,2.0,1.0,6.0,20.0,3.0,18.0,0.0,2.0,0.0,0.0,1.0,76.0,146.6,39,146.58
mcts:reward=score,linear:runs/linear/pass7/p7b_sarsa_lam98_random_s3.json@best,2,9001,32,1,0.0,0.0,-21.0,76.0,97.0,54.0,22.0,3.0,1.0,0.0,21.0,13.0,2.8461538461538463,1.0,8.0,4.0,4.0,1.0,32.0,1.0,4.0,0.0,0.0,0.0,66.0,142.41,35,142.38
mcts:reward=score,linear:runs/linear/pass7/p7b_sarsa_lam98_random_s3.json@best,2,9001,33,1,1.0,1.0,28.0,101.0,73.0,61.0,30.0,4.0,1.0,1.0,25.0,13.0,2.923076923076923,2.0,7.0,4.0,12.0,0.0,26.0,2.0,5.0,0.0,0.0,0.0,69.0,133.39,37,133.36
mcts:reward=score,linear:runs/linear/pass7/p7b_sarsa_lam98_random_s3.json@best,2,9001,34,1,0.0,0.0,-16.0,101.0,117.0,38.0,63.0,5.0,0.0,0.0,25.0,14.0,2.2857142857142856,0.0,13.0,3.0,6.0,1.0,26.0,2.0,5.0,0.0,0.0,0.0,66.0,131.42,36,131.39
mcts:reward=score,linear:runs/linear/pass7/p7b_sarsa_lam98_random_s3.json@best,2,9001,35,0,1.0,1.0,40.0,100.0,60.0,41.0,49.0,5.0,0.0,1.0,23.0,16.0,2.1875,0.0,10.0,8.0,10.0,1.0,22.0,2.0,5.0,0.0,0.0,0.0,71.0,123.06,38,123.03
mcts:reward=score,collector,2,9001,32,1,1.0,1.0,64.0,137.0,73.0,78.0,49.0,5.0,0.0,1.0,33.0,14.0,3.2142857142857144,3.0,0.0,9.0,11.0,0.0,45.0,2.0,5.0,0.0,0.0,1.0,87.0,173.56,47,173.55
mcts:reward=score,collector,2,9001,33,1,1.0,1.0,49.0,133.0,84.0,71.0,52.0,5.0,0.0,1.0,25.0,15.0,3.0,2.0,0.0,7.0,12.0,1.0,32.0,3.0,5.0,0.0,0.0,1.0,82.0,150.93,45,150.92
mcts:reward=score,collector,2,9001,34,1,1.0,1.0,45.0,146.0,101.0,61.0,75.0,6.0,0.0,1.0,29.0,16.0,2.8125,0.0,0.0,4.0,7.0,0.0,43.0,2.0,6.0,0.0,0.0,1.0,85.0,187.37,46,187.35
mcts:reward=score,collector,2,9001,35,0,1.0,1.0,66.0,130.0,64.0,73.0,47.0,4.0,1.0,1.0,38.0,14.0,3.2142857142857144,3.0,0.0,6.0,15.0,0.0,35.0,3.0,5.0,0.0,0.0,1.0,84.0,160.75,46,160.74
mcts,racer,2,9001,36,1,1.0,1.0,1.0,96.0,95.0,43.0,43.0,3.0,0.0,1.0,31.0,11.0,2.8181818181818183,1.0,14.0,7.0,12.0,2.0,22.0,1.0,3.0,0.0,0.0,0.0,63.0,123.78,33,123.77
mcts,racer,2,9001,37,1,1.0,1.0,8.0,103.0,95.0,65.0,28.0,2.0,0.0,1.0,27.0,14.0,3.0714285714285716,2.0,2.0,6.0,9.0,1.0,35.0,0.0,2.0,0.0,0.0,0.0,74.0,116.16,38,116.15
mcts,racer,2,9001,38,1,1.0,1.0,13.0,109.0,96.0,48.0,51.0,4.0,0.0,1.0,25.0,14.0,2.5,1.0,10.0,5.0,13.0,2.0,21.0,1.0,4.0,0.0,0.0,0.0,68.0,125.26,36,125.25
mcts,racer,2,9001,39,0,1.0,1.0,10.0,89.0,79.0,62.0,17.0,2.0,1.0,1.0,25.0,12.0,3.1666666666666665,2.0,7.0,5.0,7.0,2.0,31.0,1.0,3.0,0.0,0.0,0.0,68.0,127.51,36,127.49
mcts,greedy,2,9001,36,1,1.0,1.0,37.0,169.0,132.0,56.0,103.0,7.0,0.0,1.0,36.0,17.0,2.4705882352941178,1.0,3.0,3.0,13.0,0.0,29.0,3.0,7.0,0.0,0.0,0.0,83.0,172.63,45,172.62
mcts,greedy,2,9001,37,1,1.0,1.0,18.0,118.0,100.0,80.0,28.0,2.0,0.0,1.0,32.0,12.0,3.75,3.0,0.0,9.0,6.0,0.0,48.0,0.0,2.0,0.0,0.0,1.0,77.0,128.61,40,128.6
mcts,greedy,2,9001,38,1,1.0,1.0,71.0,113.0,42.0,70.0,33.0,2.0,0.0,1.0,34.0,16.0,2.8125,2.0,0.0,9.0,24.0,2.0,16.0,0.0,2.0,0.0,0.0,1.0,75.0,148.63,39,148.62
mcts,greedy,2,9001,39,0,1.0,1.0,47.0,127.0,80.0,73.0,44.0,3.0,0.0,1.0,33.0,13.0,3.3846153846153846,3.0,1.0,6.0,10.0,1.0,30.0,1.0,3.0,0.0,0.0,1.0,69.0,126.05,37,126.04
mcts:reward=score,racer,2,9001,36,1,1.0,1.0,31.0,126.0,95.0,53.0,63.0,5.0,0.0,1.0,33.0,14.0,2.7142857142857144,1.0,7.0,4.0,11.0,0.0,27.0,2.0,5.0,0.0,0.0,0.0,71.0,126.93,38,126.92
mcts:reward=score,racer,2,9001,37,1,1.0,1.0,14.0,109.0,95.0,71.0,28.0,2.0,0.0,1.0,26.0,13.0,3.3076923076923075,2.0,2.0,6.0,5.0,0.0,39.0,0.0,2.0,0.0,0.0,0.0,70.0,122.04,36,122.02
mcts:reward=score,racer,2,9001,38,1,1.0,1.0,10.0,106.0,96.0,45.0,51.0,4.0,0.0,1.0,28.0,16.0,2.3125,0.0,8.0,3.0,15.0,0.0,23.0,1.0,4.0,0.0,0.0,0.0,72.0,133.04,38,133.02
mcts:reward=score,racer,2,9001,39,0,1.0,1.0,12.0,91.0,79.0,51.0,30.0,4.0,1.0,1.0,19.0,11.0,3.090909090909091,1.0,11.0,7.0,4.0,1.0,34.0,2.0,5.0,0.0,0.0,0.0,66.0,133.65,36,133.64
mcts:reward=score,greedy,2,9001,36,1,1.0,1.0,13.0,145.0,132.0,67.0,68.0,5.0,0.0,1.0,30.0,16.0,2.6875,3.0,2.0,5.0,5.0,0.0,41.0,2.0,5.0,0.0,0.0,0.0,83.0,160.5,44,160.49
mcts:reward=score,greedy,2,9001,37,1,0.0,0.0,-10.0,120.0,130.0,80.0,40.0,5.0,1.0,0.0,23.0,14.0,3.2142857142857144,4.0,0.0,7.0,3.0,0.0,45.0,3.0,6.0,0.0,0.0,1.0,81.0,132.36,45,132.35
mcts:reward=score,greedy,2,9001,38,1,1.0,1.0,20.0,143.0,123.0,62.0,81.0,7.0,0.0,0.0,27.0,17.0,2.6470588235294117,1.0,0.0,6.0,9.0,0.0,35.0,3.0,7.0,0.0,0.0,0.0,84.0,159.98,46,159.97
mcts:reward=score,greedy,2,9001,39,0,1.0,1.0,12.0,135.0,123.0,74.0,51.0,4.0,0.0,1.0,27.0,14.0,3.2142857142857144,2.0,0.0,7.0,6.0,0.0,46.0,1.0,4.0,0.0,0.0,1.0,81.0,143.13,43,143.12
mcts,ppo:runs/ppo/pass2/p2b_pool_s3.json,2,9001,36,1,0.0,0.0,-29.0,67.0,96.0,45.0,22.0,2.0,0.0,0.0,12.0,11.0,2.8181818181818183,1.0,14.0,3.0,16.0,0.0,20.0,0.0,2.0,0.0,0.0,0.0,59.0,116.98,30,116.93
mcts,ppo:runs/ppo/pass2/p2b_pool_s3.json,2,9001,37,1,0.0,0.0,-5.0,88.0,93.0,60.0,28.0,2.0,0.0,0.0,25.0,13.0,3.076923076923077,2.0,5.0,6.0,13.0,1.0,29.0,0.0,2.0,0.0,0.0,0.0,70.0,118.8,36,118.74
mcts,ppo:runs/ppo/pass2/p2b_pool_s3.json,2,9001,38,1,1.0,1.0,33.0,109.0,76.0,48.0,51.0,4.0,0.0,1.0,25.0,14.0,2.5,1.0,10.0,5.0,18.0,1.0,14.0,1.0,4.0,0.0,0.0,0.0,64.0,131.28,34,131.21
mcts,ppo:runs/ppo/pass2/p2b_pool_s3.json,2,9001,39,0,1.0,1.0,10.0,88.0,78.0,57.0,31.0,3.0,0.0,0.0,27.0,12.0,3.0833333333333335,1.0,8.0,1.0,22.0,0.0,18.0,1.0,3.0,0.0,0.0,0.0,66.0,136.35,35,136.29
mcts,wary,2,9001,36,1,1.0,1.0,40.0,169.0,129.0,56.0,103.0,7.0,0.0,1.0,36.0,17.0,2.4705882352941178,1.0,3.0,3.0,13.0,0.0,29.0,3.0,7.0,0.0,0.0,0.0,83.0,164.61,45,164.6
mcts,wary,2,9001,37,1,1.0,1.0,24.0,118.0,94.0,80.0,28.0,2.0,0.0,1.0,32.0,12.0,3.75,3.0,0.0,9.0,6.0,0.0,48.0,0.0,2.0,0.0,0.0,1.0,77.0,125.34,40,125.33
mcts,wary,2,9001,38,1,1.0,1.0,61.0,113.0,52.0,70.0,33.0,2.0,0.0,1.0,34.0,16.0,2.8125,2.0,0.0,9.0,24.0,2.0,16.0,0.0,2.0,0.0,0.0,1.0,75.0,145.73,39,145.72
mcts,wary,2,9001,39,0,1.0,1.0,47.0,127.0,80.0,73.0,44.0,3.0,0.0,1.0,33.0,13.0,3.3846153846153846,3.0,1.0,6.0,10.0,1.0,30.0,1.0,3.0,0.0,0.0,1.0,69.0,127.01,37,127.0
mcts,linear:runs/linear/pass7/p7b_sarsa_lam98_random_s3.json@best,2,9001,36,1,0.0,0.0,-59.0,41.0,100.0,41.0,0.0,1.0,1.0,0.0,16.0,13.0,2.5384615384615383,0.0,12.0,7.0,13.0,1.0,23.0,0.0,2.0,0.0,0.0,0.0,65.0,120.97,33,120.95
mcts,linear:runs/linear/pass7/p7b_sarsa_lam98_random_s3.json@best,2,9001,37,1,1.0,1.0,28.0,113.0,85.0,58.0,45.0,4.0,0.0,1.0,28.0,15.0,2.7333333333333334,1.0,4.0,7.0,7.0,1.0,31.0,1.0,4.0,0.0,0.0,0.0,72.0,125.01,38,124.98
mcts,linear:runs/linear/pass7/p7b_sarsa_lam98_random_s3.json@best,2,9001,38,1,0.0,0.0,-12.0,82.0,94.0,37.0,35.0,3.0,1.0,1.0,20.0,14.0,2.2142857142857144,0.0,14.0,4.0,10.0,0.0,22.0,1.0,4.0,0.0,0.0,0.0,62.0,131.07,33,131.05
mcts,linear:runs/linear/pass7/p7b_sarsa_lam98_random_s3.json@best,2,9001,39,0,0.0,0.0,-24.0,85.0,109.0,58.0,17.0,2.0,1.0,1.0,27.0,12.0,3.0833333333333335,2.0,8.0,6.0,6.0,2.0,32.0,1.0,3.0,0.0,0.0,0.0,68.0,134.36,36,134.33
mcts:reward=score,wary,2,9001,36,1,1.0,1.0,16.0,145.0,129.0,67.0,68.0,5.0,0.0,1.0,30.0,16.0,2.6875,3.0,2.0,5.0,5.0,0.0,39.0,2.0,5.0,0.0,0.0,0.0,81.0,161.41,43,161.39
mcts:reward=score,wary,2,9001,37,1,0.0,0.0,-21.0,87.0,108.0,77.0,10.0,3.0,3.0,0.0,21.0,12.0,3.5,4.0,3.0,7.0,3.0,0.0,45.0,3.0,6.0,0.0,0.0,0.0,78.0,133.37,43,133.36
mcts:reward=score,wary,2,9001,38,1,0.0,0.0,-1.0,111.0,112.0,52.0,59.0,5.0,0.0,0.0,22.0,16.0,2.5,1.0,5.0,5.0,9.0,0.0,35.0,2.0,5.0,0.0,0.0,0.0,80.0,162.29,43,162.28
mcts:reward=score,wary,2,9001,39,0,1.0,1.0,0.0,117.0,117.0,66.0,51.0,4.0,0.0,0.0,22.0,12.0,3.3333333333333335,2.0,5.0,7.0,6.0,0.0,46.0,1.0,4.0,0.0,0.0,0.0,78.0,147.75,41,147.74
mcts:reward=score,ppo:runs/ppo/pass2/p2b_pool_s3.json,2,9001,36,1,1.0,1.0,8.0,92.0,84.0,60.0,22.0,2.0,0.0,1.0,29.0,10.0,3.5,3.0,10.0,8.0,11.0,0.0,29.0,0.0,2.0,0.0,0.0,0.0,61.0,123.97,31,123.9
mcts:reward=score,ppo:runs/ppo/pass2/p2b_pool_s3.json,2,9001,37,1,1.0,1.0,24.0,109.0,85.0,62.0,37.0,3.0,0.0,1.0,25.0,11.0,3.3636363636363638,2.0,8.0,4.0,8.0,0.0,34.0,1.0,3.0,0.0,0.0,0.0,66.0,129.92,35,129.86
mcts:reward=score,ppo:runs/ppo/pass2/p2b_pool_s3.json,2,9001,38,1,1.0,1.0,10.0,91.0,81.0,38.0,43.0,4.0,1.0,1.0,20.0,15.0,2.2,0.0,12.0,3.0,15.0,0.0,17.0,2.0,5.0,0.0,0.0,0.0,66.0,143.57,36,143.51
mcts:reward=score,ppo:runs/ppo/pass2/p2b_pool_s3.json,2,9001,39,0,1.0,1.0,40.0,122.0,82.0,66.0,56.0,4.0,0.0,0.0,25.0,13.0,3.1538461538461537,3.0,4.0,4.0,20.0,2.0,16.0,1.0,4.0,0.0,0.0,0.0,68.0,147.83,36,147.77
mcts:reward=score,linear:runs/linear/pass7/p7b_sarsa_lam98_random_s3.json@best,2,9001,36,1,1.0,1.0,26.0,111.0,85.0,45.0,56.0,4.0,0.0,1.0,31.0,13.0,2.5384615384615383,1.0,12.0,2.0,11.0,0.0,25.0,1.0,4.0,0.0,0.0,0.0,65.0,118.13,34,118.1
mcts:reward=score,linear:runs/linear/pass7/p7b_sarsa_lam98_random_s3.json@best,2,9001,37,1,1.0,1.0,23.0,114.0,91.0,59.0,45.0,4.0,0.0,1.0,23.0,14.0,2.7142857142857144,2.0,7.0,6.0,5.0,1.0,29.0,1.0,4.0,0.0,0.0,0.0,66.0,121.62,35,121.59
mcts:reward=score,linear:runs/linear/pass7/p7b_sarsa_lam98_random_s3.json@best,2,9001,38,1,1.0,1.0,40.0,125.0,85.0,53.0,62.0,5.0,0.0,1.0,27.0,15.0,2.6,1.0,6.0,5.0,19.0,0.0,17.0,1.0,5.0,0.0,0.0,0.0,68.0,136.4,36,136.37
mcts:reward=score,linear:runs/linear/pass7/p7b_sarsa_lam98_random_s3.json@best,2,9001,39,0,0.0,0.0,-12.0,101.0,113.0,60.0,31.0,3.0,0.0,1.0,21.0,12.0,3.1666666666666665,1.0,7.0,3.0,6.0,1.0,34.0,1.0,3.0,0.0,0.0,0.0,68.0,135.74,36,135.71
mcts,collector,2,9001,36,1,1.0,1.0,41.0,149.0,108.0,58.0,81.0,6.0,0.0,1.0,35.0,17.0,2.5294117647058822,1.0,2.0,5.0,12.0,1.0,28.0,2.0,6.0,0.0,0.0,0.0,81.0,170.71,43,170.7
mcts,collector,2,9001,37,1,1.0,1.0,73.0,121.0,48.0,68.0,43.0,4.0,0.0,1.0,33.0,15.0,3.0,2.0,0.0,4.0,14.0,0.0,28.0,1.0,4.0,0.0,0.0,1.0,73.0,142.89,39,142.88
mcts,collector,2,9001,38,1,1.0,1.0,70.0,151.0,81.0,66.0,75.0,6.0,0.0,1.0,33.0,17.0,2.6470588235294117,2.0,0.0,6.0,17.0,1.0,27.0,3.0,6.0,0.0,0.0,1.0,85.0,184.41,47,184.4
mcts,collector,2,9001,39,0,1.0,1.0,86.0,116.0,30.0,69.0,37.0,3.0,0.0,1.0,29.0,14.0,3.142857142857143,2.0,1.0,6.0,18.0,2.0,22.0,1.0,3.0,0.0,0.0,1.0,73.0,155.78,39,155.77
mcts:reward=score,collector,2,9001,36,1,1.0,1.0,81.0,164.0,83.0,63.0,91.0,8.0,0.0,1.0,30.0,17.0,2.588235294117647,2.0,1.0,5.0,5.0,0.0,39.0,4.0,8.0,0.0,0.0,1.0,86.0,184.47,48,184.46
mcts:reward=score,collector,2,9001,37,1,1.0,1.0,70.0,137.0,67.0,73.0,54.0,5.0,0.0,1.0,27.0,15.0,3.0,3.0,0.0,7.0,7.0,0.0,41.0,2.0,5.0,0.0,0.0,1.0,81.0,156.08,44,156.07
mcts:reward=score,collector,2,9001,38,1,1.0,1.0,47.0,148.0,101.0,63.0,75.0,6.0,1.0,1.0,29.0,16.0,2.75,2.0,1.0,9.0,16.0,1.0,32.0,4.0,7.0,0.0,0.0,0.0,90.0,196.06,50,196.05
mcts:reward=score,collector,2,9001,39,0,1.0,1.0,25.0,156.0,131.0,67.0,79.0,8.0,1.0,1.0,32.0,16.0,2.8125,1.0,0.0,6.0,6.0,0.0,46.0,5.0,9.0,0.0,0.0,0.0,94.0,190.64,53,190.61
mcts,racer,2,9001,40,0,0.0,0.0,-66.0,30.0,96.0,34.0,-14.0,1.0,1.0,1.0,19.0,11.0,2.4545454545454546,0.0,18.0,5.0,4.0,0.0,44.0,0.0,2.0,0.0,0.0,0.0,71.0,119.84,36,119.83
mcts,racer,2,9001,41,0,1.0,1.0,10.0,105.0,95.0,60.0,35.0,3.0,0.0,1.0,36.0,14.0,2.9285714285714284,1.0,4.0,7.0,4.0,0.0,36.0,1.0,3.0,0.0,0.0,0.0,71.0,123.2,37,123.19
mcts,racer,2,9001,42,1,0.0,0.0,-12.0,80.0,92.0,43.0,27.0,4.0,1.0,1.0,16.0,16.0,2.1875,0.0,10.0,1.0,13.0,0.0,19.0,2.0,5.0,0.0,0.0,0.0,69.0,133.02,37,133.01
mcts,racer,2,9001,43,1,1.0,1.0,59.0,146.0,87.0,58.0,78.0,6.0,0.0,1.0,30.0,14.0,2.7857142857142856,2.0,6.0,4.0,24.0,1.0,12.0,2.0,6.0,0.0,0.0,0.0,70.0,135.43,38,135.41
mcts,greedy,2,9001,40,0,1.0,1.0,72.0,128.0,56.0,92.0,26.0,2.0,0.0,1.0,20.0,11.0,4.090909090909091,6.0,0.0,11.0,4.0,2.0,46.0,0.0,2.0,0.0,0.0,1.0,76.0,133.01,39,133.0
mcts,greedy,2,9001,41,0,1.0,1.0,13.0,104.0,91.0,65.0,29.0,3.0,0.0,1.0,28.0,16.0,2.8125,1.0,0.0,3.0,13.0,0.0,35.0,0.0,3.0,0.0,0.0,1.0,80.0,131.32,41,131.31
mcts,greedy,2,9001,42,1,1.0,1.0,31.0,123.0,92.0,63.0,50.0,5.0,0.0,1.0,25.0,16.0,2.8125,1.0,0.0,7.0,2.0,0.0,44.0,2.0,5.0,0.0,0.0,1.0,82.0,155.65,44,155.64
mcts,greedy,2,9001,43,1,1.0,1.0,48.0,148.0,100.0,60.0,78.0,6.0,0.0,1.0,31.0,17.0,2.5294117647058822,2.0,2.0,3.0,25.0,0.0,19.0,2.0,6.0,0.0,0.0,1.0,81.0,153.24,44,153.23
mcts:reward=score,racer,2,9001,40,0,1.0,1.0,29.0,125.0,96.0,59.0,56.0,5.0,0.0,1.0,22.0,14.0,2.857142857142857,1.0,5.0,8.0,6.0,1.0,32.0,2.0,5.0,0.0,0.0,0.0,73.0,123.7,39,123.69
mcts:reward=score,racer,2,9001,41,0,1.0,1.0,7.0,102.0,95.0,74.0,18.0,2.0,0.0,1.0,34.0,12.0,3.5,4.0,3.0,6.0,5.0,2.0,37.0,0.0,2.0,0.0,0.0,0.0,71.0,125.78,36,125.77
mcts:reward=score,racer,2,9001,42,1,1.0,1.0,6.0,108.0,102.0,49.0,59.0,6.0,0.0,0.0,19.0,14.0,2.5714285714285716,1.0,9.0,5.0,16.0,2.0,16.0,2.0,6.0,0.0,0.0,0.0,69.0,127.81,37,127.79
mcts:reward=score,racer,2,9001,43,1,1.0,1.0,48.0,135.0,87.0,64.0,61.0,4.0,0.0,1.0,30.0,13.0,3.1538461538461537,3.0,4.0,5.0,20.0,0.0,22.0,1.0,4.0,0.0,0.0,0.0,70.0,128.18,37,128.17
mcts:reward=score,greedy,2,9001,40,0,1.0,1.0,57.0,155.0,98.0,78.0,67.0,5.0,0.0,1.0,42.0,14.0,3.2142857142857144,4.0,0.0,7.0,0.0,0.0,50.0,2.0,5.0,0.0,0.0,1.0,82.0,148.55,44,148.54
mcts:reward=score,greedy,2,9001,41,0,1.0,1.0,22.0,126.0,104.0,59.0,57.0,6.0,1.0,1.0,24.0,15.0,2.8,1.0,3.0,8.0,9.0,0.0,41.0,4.0,7.0,0.0,0.0,0.0,89.0,169.64,49,169.62
mcts:reward=score,greedy,2,9001,42,1,0.0,0.0,-2.0,125.0,127.0,60.0,65.0,7.0,0.0,0.0,23.0,17.0,2.6470588235294117,1.0,0.0,7.0,6.0,1.0,40.0,3.0,7.0,0.0,0.0,1.0,88.0,167.78,48,167.77
mcts:reward=score,greedy,2,9001,43,1,1.0,1.0,41.0,163.0,122.0,64.0,89.0,7.0,0.0,1.0,28.0,15.0,2.8,2.0,3.0,5.0,18.0,1.0,28.0,3.0,7.0,0.0,0.0,0.0,84.0,172.88,46,172.86
mcts,wary,2,9001,40,0,1.0,1.0,65.0,122.0,57.0,86.0,26.0,2.0,0.0,1.0,27.0,12.0,3.75,5.0,0.0,10.0,4.0,2.0,40.0,0.0,2.0,0.0,0.0,1.0,72.0,135.84,37,135.83
mcts,wary,2,9001,41,0,1.0,1.0,36.0,109.0,73.0,70.0,29.0,3.0,0.0,1.0,28.0,14.0,3.142857142857143,2.0,1.0,4.0,14.0,0.0,34.0,0.0,3.0,0.0,0.0,1.0,76.0,130.07,39,130.06
mcts,wary,2,9001,42,1,0.0,0.0,-4.0,123.0,127.0,63.0,50.0,5.0,0.0,1.0,25.0,16.0,2.8125,1.0,0.0,7.0,2.0,0.0,44.0,2.0,5.0,0.0,0.0,1.0,82.0,158.02,44,158.01
mcts,wary,2,9001,43,1,1.0,1.0,45.0,148.0,103.0,60.0,78.0,6.0,0.0,1.0,31.0,17.0,2.5294117647058822,2.0,2.0,3.0,25.0,0.0,19.0,2.0,6.0,0.0,0.0,1.0,81.0,159.03,44,159.02
mcts,ppo:runs/ppo/pass2/p2b_pool_s3.json,2,9001,40,0,0.0,0.0,-30.0,51.0,81.0,55.0,-14.0,1.0,1.0,1.0,24.0,11.0,3.0,2.0,12.0,3.0,5.0,0.0,35.0,0.0,2.0,0.0,0.0,0.0,63.0,126.0,32,125.94
mcts,ppo:runs/ppo/pass2/p2b_pool_s3.json,2,9001,41,0,0.0,0.0,-10.0,81.0,91.0,53.0,18.0,2.0,0.0,1.0,28.0,13.0,2.8461538461538463,1.0,8.0,7.0,6.0,1.0,32.0,0.0,2.0,0.0,0.0,0.0,67.0,126.21,34,126.13
mcts,ppo:runs/ppo/pass2/p2b_pool_s3.json,2,9001,42,1,0.0,0.0,-30.0,61.0,91.0,38.0,23.0,3.0,1.0,0.0,13.0,11.0,2.5454545454545454,1.0,17.0,0.0,11.0,0.0,21.0,2.0,4.0,0.0,0.0,0.0,59.0,132.89,32,132.82
mcts,ppo:runs/ppo/pass2/p2b_pool_s3.json,2,9001,43,1,1.0,1.0,13.0,99.0,86.0,50.0,39.0,3.0,1.0,1.0,22.0,11.0,2.909090909090909,2.0,13.0,6.0,24.0,2.0,10.0,1.0,4.0,0.0,0.0,0.0,62.0,143.15,33,143.09
mcts:reward=score,ppo:runs/ppo/pass2/p2b_pool_s3.json,2,9001,40,0,0.0,0.0,-36.0,53.0,89.0,67.0,-14.0,1.0,1.0,0.0,21.0,11.0,3.5454545454545454,3.0,6.0,5.0,0.0,1.0,40.0,0.0,2.0,0.0,0.0,0.0,65.0,122.88,33,122.82
mcts:reward=score,ppo:runs/ppo/pass2/p2b_pool_s3.json,2,9001,41,0,1.0,1.0,8.0,99.0,91.0,54.0,35.0,3.0,0.0,1.0,26.0,12.0,3.0,1.0,9.0,3.0,5.0,1.0,27.0,1.0,3.0,0.0,0.0,0.0,61.0,117.66,32,117.6
mcts:reward=score,ppo:runs/ppo/pass2/p2b_pool_s3.json,2,9001,42,1,0.0,0.0,-1.0,93.0,94.0,44.0,49.0,5.0,0.0,0.0,15.0,11.0,2.727272727272727,2.0,15.0,4.0,16.0,0.0,20.0,1.0,5.0,0.0,0.0,0.0,61.0,130.99,32,130.93
mcts:reward=score,ppo:runs/ppo/pass2/p2b_pool_s3.json,2,9001,43,1,1.0,1.0,3.0,91.0,88.0,52.0,39.0,3.0,1.0,0.0,22.0,10.0,3.2,3.0,13.0,3.0,16.0,1.0,22.0,1.0,4.0,0.0,0.0,0.0,62.0,137.64,33,137.58
mcts,linear:runs/linear/pass7/p7b_sarsa_lam98_random_s3.json@best,2,9001,40,0,1.0,1.0,5.0,100.0,95.0,64.0,26.0,2.0,0.0,1.0,23.0,12.0,3.25,2.0,6.0,6.0,13.0,0.0,37.0,0.0,2.0,0.0,0.0,0.0,75.0,123.91,38,123.88
mcts,linear:runs/linear/pass7/p7b_sarsa_lam98_random_s3.json@best,2,9001,41,0,0.0,0.0,-28.0,57.0,85.0,46.0,1.0,2.0,1.0,1.0,24.0,10.0,3.1,1.0,14.0,5.0,5.0,2.0,27.0,1.0,3.0,0.0,0.0,0.0,59.0,121.01,31,120.98
mcts,linear:runs/linear/pass7/p7b_sarsa_lam98_random_s3.json@best,2,9001,42,1,0.0,0.0,-8.0,77.0,85.0,44.0,23.0,3.0,1.0,1.0,13.0,12.0,2.5833333333333335,1.0,14.0,2.0,13.0,1.0,21.0,2.0,4.0,0.0,0.0,0.0,65.0,137.79,35,137.76
mcts,linear:runs/linear/pass7/p7b_sarsa_lam98_random_s3.json@best,2,9001,43,1,1.0,1.0,29.0,103.0,74.0,54.0,39.0,3.0,1.0,1.0,24.0,14.0,2.642857142857143,1.0,8.0,4.0,17.0,0.0,19.0,1.0,4.0,0.0,0.0,0.0,66.0,133.23,35,133.21
mcts:reward=score,wary,2,9001,40,0,1.0,1.0,64.0,146.0,82.0,78.0,58.0,4.0,0.0,1.0,42.0,14.0,3.2142857142857144,4.0,0.0,7.0,0.0,0.0,50.0,1.0,4.0,0.0,0.0,1.0,80.0,143.52,42,143.51
mcts:reward=score,wary,2,9001,41,0,1.0,1.0,60.0,134.0,74.0,60.0,64.0,6.0,0.0,1.0,24.0,16.0,2.75,1.0,1.0,9.0,9.0,0.0,39.0,3.0,6.0,0.0,0.0,1.0,86.0,160.1,47,160.09
mcts:reward=score,wary,2,9001,42,1,0.0,0.0,-13.0,120.0,133.0,55.0,65.0,7.0,0.0,0.0,15.0,15.0,2.7333333333333334,1.0,4.0,7.0,6.0,1.0,38.0,3.0,7.0,0.0,0.0,0.0,83.0,163.46,45,163.45
mcts:reward=score,wary,2,9001,43,1,1.0,1.0,32.0,156.0,124.0,64.0,82.0,6.0,0.0,1.0,34.0,15.0,2.8,2.0,3.0,4.0,18.0,0.0,28.0,2.0,6.0,0.0,0.0,0.0,80.0,165.41,43,165.4
mcts,collector,2,9001,40,0,1.0,1.0,49.0,115.0,66.0,74.0,31.0,3.0,0.0,1.0,21.0,15.0,3.0,3.0,0.0,8.0,5.0,1.0,37.0,1.0,3.0,0.0,0.0,1.0,76.0,143.66,40,143.65
mcts,collector,2,9001,41,0,1.0,1.0,44.0,114.0,70.0,75.0,29.0,3.0,0.0,1.0,22.0,14.0,3.2142857142857144,3.0,0.0,4.0,15.0,1.0,29.0,0.0,3.0,0.0,0.0,1.0,74.0,141.53,38,141.51
mcts,collector,2,9001,42,1,0.0,0.0,-3.0,105.0,108.0,57.0,38.0,3.0,0.0,1.0,31.0,16.0,2.6875,0.0,2.0,2.0,12.0,0.0,30.0,1.0,3.0,0.0,0.0,1.0,76.0,172.03,40,172.01
mcts,collector,2,9001,43,1,0.0,0.0,-2.0,111.0,113.0,67.0,34.0,2.0,0.0,1.0,31.0,15.0,2.8666666666666667,3.0,2.0,4.0,24.0,1.0,18.0,0.0,2.0,0.0,0.0,1.0,73.0,148.27,38,148.26
mcts:reward=score,linear:runs/linear/pass7/p7b_sarsa_lam98_random_s3.json@best,2,9001,40,0,0.0,0.0,-12.0,102.0,114.0,63.0,39.0,3.0,0.0,0.0,23.0,13.0,3.1538461538461537,2.0,4.0,5.0,6.0,0.0,34.0,1.0,3.0,0.0,0.0,0.0,69.0,119.18,36,119.15
mcts:reward=score,linear:runs/linear/pass7/p7b_sarsa_lam98_random_s3.json@best,2,9001,41,0,1.0,1.0,25.0,112.0,87.0,67.0,35.0,3.0,0.0,1.0,32.0,12.0,3.3333333333333335,2.0,5.0,1.0,6.0,0.0,34.0,1.0,3.0,0.0,0.0,0.0,67.0,125.5,35,125.47
mcts:reward=score,linear:runs/linear/pass7/p7b_sarsa_lam98_random_s3.json@best,2,9001,42,1,1.0,1.0,17.0,99.0,82.0,48.0,41.0,5.0,1.0,1.0,18.0,12.0,2.75,2.0,12.0,2.0,12.0,0.0,20.0,2.0,6.0,0.0,0.0,0.0,61.0,129.63,33,129.61
mcts:reward=score,linear:runs/linear/pass7/p7b_sarsa_lam98_random_s3.json@best,2,9001,43,1,1.0,1.0,33.0,113.0,80.0,42.0,61.0,4.0,0.0,1.0,27.0,11.0,2.727272727272727,1.0,15.0,3.0,21.0,1.0,15.0,1.0,4.0,0.0,0.0,0.0,62.0,132.24,33,132.21
mcts:reward=score,collector,2,9001,40,0,1.0,1.0,44.0,134.0,90.0,91.0,33.0,3.0,0.0,1.0,24.0,11.0,4.090909090909091,5.0,0.0,11.0,2.0,1.0,58.0,1.0,3.0,0.0,0.0,1.0,86.0,165.03,45,165.02
mcts:reward=score,collector,2,9001,41,0,1.0,1.0,67.0,149.0,82.0,75.0,64.0,5.0,0.0,1.0,37.0,14.0,3.2142857142857144,3.0,0.0,8.0,9.0,1.0,47.0,2.0,5.0,0.0,0.0,1.0,90.0,178.11,48,178.1
mcts:reward=score,collector,2,9001,42,1,1.0,1.0,40.0,162.0,122.0,60.0,92.0,8.0,0.0,1.0,31.0,16.0,2.75,1.0,1.0,5.0,13.0,0.0,33.0,4.0,8.0,0.0,0.0,0.0,87.0,190.9,48,190.89
mcts:reward=score,collector,2,9001,43,1,1.0,1.0,43.0,164.0,121.0,71.0,83.0,7.0,0.0,1.0,30.0,14.0,3.2142857142857144,2.0,0.0,3.0,21.0,0.0,27.0,3.0,7.0,0.0,0.0,1.0,81.0,165.98,45,165.97
mcts,racer,2,9001,44,0,1.0,1.0,9.0,104.0,95.0,72.0,22.0,2.0,0.0,1.0,33.0,15.0,2.933333333333333,4.0,1.0,3.0,15.0,0.0,29.0,0.0,2.0,0.0,0.0,0.0,74.0,126.44,38,126.43
mcts,racer,2,9001,45,1,1.0,1.0,14.0,102.0,88.0,51.0,41.0,4.0,0.0,1.0,24.0,15.0,2.533333333333333,0.0,7.0,6.0,17.0,0.0,19.0,1.0,4.0,0.0,0.0,0.0,68.0,131.08,36,131.07
mcts,racer,2,9001,46,0,1.0,1.0,13.0,106.0,93.0,49.0,47.0,5.0,0.0,1.0,30.0,15.0,2.466666666666667,1.0,8.0,1.0,19.0,0.0,17.0,2.0,5.0,0.0,0.0,0.0,70.0,130.74,38,130.73
mcts,racer,2,9001,47,1,1.0,1.0,2.0,97.0,95.0,48.0,39.0,4.0,0.0,1.0,17.0,14.0,2.5,1.0,10.0,6.0,6.0,2.0,26.0,1.0,4.0,0.0,0.0,0.0,67.0,115.97,35,115.96
mcts:reward=score,greedy,2,9001,44,0,0.0,0.0,-40.0,98.0,138.0,68.0,30.0,4.0,1.0,0.0,30.0,17.0,2.6470588235294117,1.0,0.0,3.0,13.0,0.0,33.0,1.0,5.0,0.0,0.0,1.0,81.0,152.64,43,152.63
mcts:reward=score,greedy,2,9001,45,1,0.0,0.0,-4.0,122.0,126.0,62.0,50.0,5.0,0.0,1.0,30.0,17.0,2.6470588235294117,0.0,0.0,5.0,14.0,1.0,28.0,2.0,5.0,0.0,0.0,1.0,81.0,157.26,44,157.25
mcts:reward=score,greedy,2,9001,46,0,1.0,1.0,46.0,142.0,96.0,83.0,49.0,4.0,0.0,1.0,38.0,14.0,3.2142857142857144,4.0,0.0,6.0,8.0,2.0,42.0,1.0,4.0,0.0,0.0,1.0,83.0,152.38,44,152.37
mcts:reward=score,greedy,2,9001,47,1,1.0,1.0,47.0,163.0,116.0,63.0,90.0,6.0,0.0,1.0,32.0,16.0,2.8125,1.0,0.0,4.0,15.0,1.0,37.0,1.0,6.0,0.0,0.0,1.0,88.0,149.8,46,149.79
mcts,greedy,2,9001,44,0,1.0,1.0,25.0,114.0,89.0,69.0,35.0,3.0,0.0,1.0,35.0,17.0,2.6470588235294117,2.0,0.0,4.0,13.0,0.0,31.0,1.0,3.0,0.0,0.0,1.0,79.0,168.64,42,168.62
mcts,greedy,2,9001,45,1,1.0,1.0,18.0,92.0,74.0,57.0,25.0,2.0,0.0,1.0,27.0,18.0,2.4444444444444446,1.0,1.0,4.0,16.0,1.0,24.0,0.0,2.0,0.0,0.0,1.0,77.0,154.04,40,154.03
mcts,greedy,2,9001,46,0,1.0,1.0,42.0,89.0,47.0,71.0,8.0,2.0,1.0,1.0,19.0,15.0,3.0,3.0,0.0,4.0,20.0,2.0,22.0,0.0,3.0,0.0,0.0,1.0,75.0,149.09,39,149.08
mcts,greedy,2,9001,47,1,1.0,1.0,16.0,97.0,81.0,68.0,19.0,2.0,0.0,1.0,34.0,17.0,2.6470588235294117,2.0,0.0,7.0,8.0,0.0,40.0,0.0,2.0,0.0,0.0,1.0,82.0,144.86,42,144.85
mcts:reward=score,racer,2,9001,44,0,1.0,1.0,11.0,106.0,95.0,61.0,35.0,3.0,0.0,1.0,22.0,16.0,2.6875,1.0,2.0,5.0,9.0,1.0,29.0,1.0,3.0,0.0,0.0,0.0,74.0,133.15,39,133.14
mcts:reward=score,racer,2,9001,45,1,1.0,1.0,22.0,110.0,88.0,52.0,48.0,5.0,0.0,1.0,22.0,14.0,2.642857142857143,0.0,8.0,5.0,10.0,2.0,26.0,2.0,5.0,0.0,0.0,0.0,72.0,135.88,39,135.86
mcts:reward=score,racer,2,9001,46,0,1.0,1.0,17.0,110.0,93.0,51.0,49.0,4.0,0.0,1.0,31.0,15.0,2.466666666666667,2.0,8.0,2.0,7.0,0.0,33.0,1.0,4.0,0.0,0.0,0.0,72.0,130.79,38,130.77
mcts:reward=score,racer,2,9001,47,1,1.0,1.0,0.0,95.0,95.0,55.0,30.0,3.0,0.0,1.0,15.0,12.0,2.9166666666666665,2.0,10.0,6.0,4.0,2.0,36.0,0.0,3.0,0.0,0.0,0.0,69.0,119.25,35,119.23
mcts,ppo:runs/ppo/pass2/p2b_pool_s3.json,2,9001,44,0,1.0,1.0,6.0,79.0,73.0,47.0,22.0,2.0,0.0,1.0,27.0,13.0,2.5384615384615383,0.0,12.0,3.0,13.0,0.0,23.0,0.0,2.0,0.0,0.0,0.0,62.0,125.28,32,125.22
mcts,ppo:runs/ppo/pass2/p2b_pool_s3.json,2,9001,45,1,0.0,0.0,-28.0,61.0,89.0,42.0,19.0,3.0,1.0,0.0,24.0,13.0,2.3846153846153846,1.0,14.0,4.0,13.0,1.0,21.0,1.0,4.0,0.0,0.0,0.0,64.0,127.33,34,127.27
mcts,ppo:runs/ppo/pass2/p2b_pool_s3.json,2,9001,46,0,0.0,0.0,-13.0,62.0,75.0,40.0,12.0,2.0,1.0,1.0,29.0,15.0,2.2666666666666666,0.0,11.0,2.0,9.0,0.0,23.0,0.0,3.0,0.0,0.0,0.0,62.0,122.98,32,122.91
mcts,ppo:runs/ppo/pass2/p2b_pool_s3.json,2,9001,47,1,0.0,0.0,-48.0,49.0,97.0,39.0,10.0,2.0,1.0,0.0,11.0,11.0,2.5454545454545454,1.0,17.0,6.0,10.0,1.0,26.0,0.0,3.0,0.0,0.0,0.0,61.0,122.51,31,122.45
mcts:reward=score,ppo:runs/ppo/pass2/p2b_pool_s3.json,2,9001,44,0,1.0,1.0,18.0,91.0,73.0,46.0,35.0,3.0,0.0,1.0,27.0,13.0,2.5384615384615383,0.0,12.0,4.0,12.0,2.0,16.0,1.0,3.0,0.0,0.0,0.0,60.0,128.83,32,128.78
mcts:reward=score,ppo:runs/ppo/pass2/p2b_pool_s3.json,2,9001,45,1,0.0,0.0,-17.0,72.0,89.0,45.0,27.0,4.0,2.0,0.0,24.0,15.0,2.3333333333333335,0.0,10.0,3.0,13.0,0.0,19.0,2.0,6.0,0.0,0.0,0.0,66.0,128.79,36,128.72
mcts:reward=score,ppo:runs/ppo/pass2/p2b_pool_s3.json,2,9001,46,0,0.0,0.0,-16.0,71.0,87.0,48.0,23.0,3.0,1.0,0.0,32.0,13.0,2.6153846153846154,2.0,11.0,3.0,3.0,1.0,31.0,1.0,4.0,0.0,0.0,0.0,64.0,126.57,34,126.52
mcts:reward=score,ppo:runs/ppo/pass2/p2b_pool_s3.json,2,9001,47,1,0.0,0.0,-24.0,61.0,85.0,43.0,8.0,2.0,1.0,1.0,28.0,12.0,2.5833333333333335,1.0,14.0,5.0,11.0,2.0,21.0,0.0,3.0,0.0,0.0,0.0,61.0,119.61,31,119.54
mcts,wary,2,9001,44,0,1.0,1.0,29.0,114.0,85.0,69.0,35.0,3.0,0.0,1.0,35.0,17.0,2.6470588235294117,2.0,0.0,4.0,13.0,0.0,31.0,1.0,3.0,0.0,0.0,1.0,79.0,163.51,42,163.5
mcts,wary,2,9001,45,1,1.0,1.0,18.0,92.0,74.0,57.0,25.0,2.0,0.0,1.0,27.0,18.0,2.4444444444444446,1.0,1.0,4.0,16.0,1.0,24.0,0.0,2.0,0.0,0.0,1.0,77.0,144.58,40,144.57
mcts,wary,2,9001,46,0,1.0,1.0,42.0,89.0,47.0,71.0,8.0,2.0,1.0,1.0,19.0,15.0,3.0,3.0,0.0,4.0,20.0,2.0,22.0,0.0,3.0,0.0,0.0,1.0,75.0,142.69,39,142.68
mcts,wary,2,9001,47,1,0.0,0.0,-5.0,98.0,103.0,69.0,19.0,2.0,0.0,1.0,33.0,16.0,2.8125,2.0,0.0,7.0,10.0,0.0,40.0,0.0,2.0,0.0,0.0,1.0,82.0,146.91,42,146.9
mcts,linear:runs/linear/pass7/p7b_sarsa_lam98_random_s3.json@best,2,9001,44,0,1.0,1.0,5.0,92.0,87.0,49.0,33.0,3.0,0.0,1.0,24.0,16.0,2.1875,1.0,10.0,2.0,14.0,0.0,20.0,1.0,3.0,0.0,0.0,0.0,68.0,122.38,36,122.35
mcts,linear:runs/linear/pass7/p7b_sarsa_lam98_random_s3.json@best,2,9001,45,1,0.0,0.0,-64.0,24.0,88.0,33.0,-9.0,1.0,1.0,0.0,15.0,11.0,2.3636363636363638,0.0,19.0,3.0,16.0,0.0,22.0,0.0,2.0,0.0,0.0,0.0,60.0,119.69,31,119.66
mcts,linear:runs/linear/pass7/p7b_sarsa_lam98_random_s3.json@best,2,9001,46,0,0.0,0.0,-10.0,85.0,95.0,49.0,26.0,4.0,1.0,1.0,30.0,14.0,2.5714285714285716,1.0,9.0,4.0,21.0,2.0,15.0,1.0,5.0,0.0,0.0,0.0,70.0,135.5,37,135.47
mcts,linear:runs/linear/pass7/p7b_sarsa_lam98_random_s3.json@best,2,9001,47,1,0.0,0.0,-18.0,65.0,83.0,47.0,8.0,2.0,1.0,1.0,29.0,13.0,2.6153846153846154,1.0,11.0,7.0,4.0,0.0,36.0,0.0,3.0,0.0,0.0,0.0,67.0,119.04,34,119.02
mcts:reward=score,wary,2,9001,44,0,1.0,1.0,37.0,132.0,95.0,66.0,56.0,5.0,0.0,1.0,27.0,17.0,2.588235294117647,1.0,1.0,5.0,13.0,0.0,31.0,1.0,5.0,0.0,0.0,0.0,80.0,150.58,42,150.57
mcts:reward=score,wary,2,9001,45,1,0.0,0.0,-4.0,122.0,126.0,62.0,50.0,5.0,0.0,1.0,30.0,17.0,2.6470588235294117,0.0,0.0,5.0,14.0,1.0,28.0,2.0,5.0,0.0,0.0,1.0,81.0,155.9,44,155.89
mcts:reward=score,wary,2,9001,46,0,1.0,1.0,33.0,131.0,98.0,72.0,49.0,4.0,0.0,1.0,24.0,12.0,3.25,3.0,6.0,4.0,8.0,2.0,42.0,1.0,4.0,0.0,0.0,0.0,80.0,152.98,42,152.97
mcts:reward=score,wary,2,9001,47,1,1.0,1.0,53.0,163.0,110.0,63.0,90.0,6.0,0.0,1.0,32.0,16.0,2.8125,1.0,0.0,4.0,15.0,1.0,37.0,1.0,6.0,0.0,0.0,1.0,88.0,155.21,46,155.2
mcts,collector,2,9001,44,0,1.0,1.0,9.0,102.0,93.0,62.0,30.0,3.0,0.0,1.0,25.0,17.0,2.5294117647058822,1.0,2.0,7.0,18.0,2.0,24.0,1.0,3.0,0.0,0.0,1.0,81.0,176.62,43,176.61
mcts,collector,2,9001,45,1,1.0,1.0,17.0,108.0,91.0,55.0,43.0,4.0,0.0,1.0,26.0,16.0,2.625,0.0,3.0,3.0,21.0,0.0,23.0,2.0,4.0,0.0,0.0,0.0,80.0,152.1,43,152.09
mcts,collector,2,9001,46,0,1.0,1.0,25.0,100.0,75.0,60.0,30.0,3.0,0.0,1.0,36.0,17.0,2.6470588235294117,1.0,0.0,2.0,30.0,0.0,16.0,0.0,3.0,0.0,0.0,1.0,79.0,146.17,41,146.16
mcts,collector,2,9001,47,1,0.0,0.0,-3.0,108.0,111.0,62.0,36.0,3.0,0.0,1.0,36.0,17.0,2.588235294117647,1.0,1.0,6.0,17.0,0.0,25.0,1.0,3.0,0.0,0.0,1.0,78.0,169.09,41,169.08
mcts:reward=score,linear:runs/linear/pass7/p7b_sarsa_lam98_random_s3.json@best,2,9001,44,0,0.0,0.0,-31.0,67.0,98.0,51.0,6.0,1.0,1.0,1.0,24.0,12.0,2.8333333333333335,1.0,11.0,0.0,10.0,0.0,32.0,0.0,2.0,0.0,0.0,0.0,66.0,122.81,34,122.78
mcts:reward=score,linear:runs/linear/pass7/p7b_sarsa_lam98_random_s3.json@best,2,9001,45,1,1.0,1.0,27.0,104.0,77.0,46.0,48.0,5.0,0.0,1.0,24.0,15.0,2.4,0.0,9.0,3.0,14.0,0.0,20.0,2.0,5.0,0.0,0.0,0.0,68.0,126.53,37,126.5
mcts:reward=score,linear:runs/linear/pass7/p7b_sarsa_lam98_random_s3.json@best,2,9001,46,0,0.0,0.0,-39.0,57.0,96.0,38.0,19.0,2.0,0.0,0.0,20.0,13.0,2.3076923076923075,0.0,15.0,1.0,6.0,0.0,34.0,0.0,2.0,0.0,0.0,0.0,66.0,125.21,34,125.18
mcts:reward=score,linear:runs/linear/pass7/p7b_sarsa_lam98_random_s3.json@best,2,9001,47,1,1.0,1.0,10.0,93.0,83.0,53.0,30.0,3.0,0.0,1.0,17.0,13.0,2.769230769230769,1.0,9.0,8.0,4.0,1.0,32.0,0.0,3.0,0.0,0.0,0.0,65.0,121.61,33,121.58
mcts:reward=score,collector,2,9001,44,0,1.0,1.0,77.0,169.0,92.0,61.0,98.0,7.0,0.0,1.0,34.0,15.0,2.6666666666666665,1.0,5.0,4.0,12.0,1.0,40.0,3.0,7.0,0.0,0.0,0.0,90.0,198.96,49,198.94
mcts:reward=score,collector,2,9001,45,1,1.0,1.0,20.0,136.0,116.0,60.0,66.0,6.0,0.0,1.0,31.0,16.0,2.6875,0.0,2.0,5.0,14.0,1.0,26.0,4.0,6.0,0.0,0.0,0.0,82.0,157.55,46,157.54
mcts:reward=score,collector,2,9001,46,0,1.0,1.0,49.0,131.0,82.0,84.0,37.0,5.0,0.0,1.0,34.0,13.0,3.4615384615384617,4.0,0.0,5.0,7.0,1.0,49.0,2.0,5.0,0.0,0.0,1.0,87.0,170.97,47,170.96
mcts:reward=score,collector,2,9001,47,1,0.0,0.0,-10.0,109.0,119.0,66.0,43.0,4.0,0.0,0.0,18.0,16.0,2.8125,2.0,0.0,6.0,24.0,1.0,24.0,1.0,4.0,0.0,0.0,1.0,84.0,169.38,44,169.36
mcts,greedy,2,9001,48,0,1.0,1.0,12.0,99.0,87.0,60.0,39.0,3.0,0.0,0.0,24.0,18.0,2.5,1.0,0.0,4.0,23.0,1.0,23.0,0.0,3.0,0.0,0.0,1.0,83.0,149.16,43,149.15
mcts,greedy,2,9001,49,0,0.0,0.0,-35.0,105.0,140.0,77.0,18.0,2.0,0.0,1.0,34.0,15.0,3.0,3.0,0.0,6.0,8.0,0.0,42.0,0.0,2.0,0.0,0.0,1.0,80.0,146.7,41,146.69
mcts,greedy,2,9001,50,1,1.0,1.0,1.0,122.0,121.0,84.0,28.0,2.0,0.0,1.0,27.0,13.0,3.4615384615384617,3.0,0.0,6.0,12.0,0.0,40.0,0.0,2.0,0.0,0.0,1.0,77.0,129.58,40,129.57
mcts,greedy,2,9001,51,1,0.0,0.0,-33.0,74.0,107.0,79.0,-15.0,1.0,1.0,1.0,16.0,15.0,3.0,3.0,0.0,4.0,7.0,0.0,39.0,0.0,2.0,0.0,0.0,1.0,76.0,136.42,39,136.41
mcts,racer,2,9001,48,0,1.0,1.0,37.0,112.0,75.0,63.0,39.0,3.0,0.0,1.0,27.0,17.0,2.588235294117647,1.0,1.0,3.0,31.0,1.0,11.0,0.0,3.0,0.0,0.0,1.0,77.0,146.36,40,146.34
mcts,racer,2,9001,49,0,1.0,1.0,24.0,113.0,89.0,60.0,43.0,5.0,0.0,1.0,27.0,15.0,2.6666666666666665,1.0,5.0,6.0,5.0,1.0,37.0,1.0,5.0,0.0,0.0,0.0,77.0,128.99,40,128.98
mcts,racer,2,9001,50,1,0.0,0.0,-41.0,52.0,93.0,54.0,-12.0,1.0,1.0,1.0,26.0,12.0,3.0,1.0,9.0,6.0,15.0,1.0,23.0,0.0,2.0,0.0,0.0,0.0,64.0,124.63,33,124.62
mcts,racer,2,9001,51,1,1.0,1.0,22.0,110.0,88.0,64.0,36.0,4.0,0.0,1.0,20.0,14.0,2.857142857142857,2.0,5.0,8.0,4.0,0.0,34.0,1.0,4.0,0.0,0.0,0.0,69.0,125.16,36,125.15
mcts:reward=score,racer,2,9001,48,0,1.0,1.0,41.0,125.0,84.0,58.0,57.0,6.0,0.0,1.0,19.0,15.0,2.7333333333333334,2.0,4.0,4.0,16.0,0.0,24.0,2.0,6.0,0.0,0.0,0.0,74.0,152.77,40,152.75
mcts:reward=score,racer,2,9001,49,0,1.0,1.0,18.0,107.0,89.0,49.0,48.0,5.0,0.0,1.0,25.0,14.0,2.642857142857143,1.0,8.0,7.0,6.0,1.0,28.0,1.0,5.0,0.0,0.0,0.0,67.0,128.45,35,128.44
mcts:reward=score,racer,2,9001,50,1,1.0,1.0,11.0,104.0,93.0,56.0,38.0,3.0,0.0,1.0,19.0,15.0,2.533333333333333,1.0,7.0,7.0,7.0,1.0,31.0,1.0,3.0,0.0,0.0,0.0,72.0,126.06,38,126.05
mcts:reward=score,racer,2,9001,51,1,0.0,0.0,-22.0,75.0,97.0,37.0,38.0,5.0,1.0,0.0,18.0,14.0,2.2142857142857144,0.0,14.0,4.0,2.0,0.0,26.0,2.0,6.0,0.0,0.0,0.0,61.0,120.2,33,120.19
mcts:reward=score,greedy,2,9001,48,0,1.0,1.0,48.0,147.0,99.0,67.0,70.0,7.0,0.0,1.0,26.0,15.0,3.0,3.0,0.0,2.0,12.0,0.0,42.0,2.0,7.0,0.0,0.0,1.0,87.0,154.58,47,154.56
mcts:reward=score,greedy,2,9001,49,0,1.0,1.0,43.0,162.0,119.0,60.0,92.0,8.0,0.0,1.0,29.0,18.0,2.5,1.0,0.0,11.0,7.0,1.0,39.0,4.0,8.0,0.0,0.0,1.0,92.0,170.19,51,170.18
mcts:reward=score,greedy,2,9001,50,1,1.0,1.0,32.0,141.0,109.0,80.0,51.0,4.0,0.0,1.0,32.0,14.0,3.2142857142857144,3.0,0.0,5.0,9.0,0.0,41.0,1.0,4.0,0.0,0.0,1.0,79.0,137.01,42,137.0
mcts:reward=score,greedy,2,9001,51,1,0.0,0.0,-34.0,117.0,151.0,53.0,54.0,6.0,0.0,1.0,20.0,20.0,2.2,0.0,1.0,6.0,8.0,0.0,36.0,2.0,6.0,0.0,0.0,0.0,89.0,153.28,47,153.27
mcts,wary,2,9001,48,0,0.0,0.0,-41.0,51.0,92.0,46.0,5.0,2.0,1.0,0.0,19.0,16.0,2.3125,0.0,8.0,2.0,23.0,0.0,19.0,0.0,3.0,0.0,0.0,0.0,74.0,146.18,38,146.17
mcts,wary,2,9001,49,0,0.0,0.0,-34.0,80.0,114.0,72.0,-2.0,1.0,1.0,1.0,33.0,13.0,3.1538461538461537,3.0,4.0,6.0,8.0,0.0,38.0,0.0,2.0,0.0,0.0,0.0,73.0,139.14,37,139.13
mcts,wary,2,9001,50,1,1.0,1.0,5.0,122.0,117.0,84.0,28.0,2.0,0.0,1.0,27.0,13.0,3.4615384615384617,3.0,0.0,6.0,12.0,0.0,40.0,0.0,2.0,0.0,0.0,1.0,77.0,129.0,40,128.99
mcts,wary,2,9001,51,1,0.0,0.0,-38.0,72.0,110.0,77.0,-15.0,1.0,1.0,1.0,16.0,14.0,3.0714285714285716,3.0,2.0,4.0,7.0,0.0,39.0,0.0,2.0,0.0,0.0,0.0,75.0,135.86,38,135.85
mcts,ppo:runs/ppo/pass2/p2b_pool_s3.json,2,9001,48,0,0.0,0.0,-27.0,55.0,82.0,40.0,5.0,2.0,1.0,1.0,23.0,12.0,2.5,1.0,15.0,3.0,20.0,1.0,16.0,0.0,3.0,0.0,0.0,0.0,62.0,137.03,32,136.96
mcts,ppo:runs/ppo/pass2/p2b_pool_s3.json,2,9001,49,0,0.0,0.0,-43.0,47.0,90.0,43.0,4.0,3.0,2.0,0.0,21.0,13.0,2.3846153846153846,2.0,14.0,5.0,16.0,1.0,14.0,1.0,5.0,0.0,0.0,0.0,61.0,123.72,32,123.66
mcts,ppo:runs/ppo/pass2/p2b_pool_s3.json,2,9001,50,1,0.0,0.0,-1.0,97.0,98.0,49.0,38.0,3.0,0.0,1.0,28.0,12.0,2.8333333333333335,1.0,11.0,6.0,2.0,0.0,36.0,1.0,3.0,0.0,0.0,0.0,64.0,124.03,34,123.97
mcts,ppo:runs/ppo/pass2/p2b_pool_s3.json,2,9001,51,1,0.0,0.0,-1.0,87.0,88.0,55.0,22.0,3.0,1.0,1.0,28.0,12.0,2.9166666666666665,2.0,10.0,5.0,3.0,0.0,31.0,1.0,4.0,0.0,0.0,0.0,61.0,120.65,32,120.59
mcts:reward=score,wary,2,9001,48,0,1.0,1.0,54.0,145.0,91.0,65.0,70.0,7.0,0.0,1.0,23.0,15.0,2.933333333333333,3.0,1.0,3.0,12.0,0.0,34.0,2.0,7.0,0.0,0.0,0.0,80.0,153.32,43,153.31
mcts:reward=score,wary,2,9001,49,0,0.0,0.0,-17.0,109.0,126.0,48.0,61.0,6.0,1.0,0.0,26.0,15.0,2.466666666666667,1.0,8.0,8.0,7.0,1.0,31.0,3.0,7.0,0.0,0.0,0.0,77.0,160.64,42,160.63
mcts:reward=score,wary,2,9001,50,1,1.0,1.0,5.0,130.0,125.0,79.0,51.0,4.0,0.0,0.0,28.0,13.0,3.3846153846153846,3.0,1.0,5.0,9.0,0.0,41.0,1.0,4.0,0.0,0.0,0.0,78.0,137.83,41,137.82
mcts:reward=score,wary,2,9001,51,1,0.0,0.0,-1.0,107.0,108.0,43.0,54.0,6.0,0.0,1.0,18.0,17.0,2.1176470588235294,0.0,9.0,6.0,8.0,0.0,24.0,2.0,6.0,0.0,0.0,0.0,71.0,143.42,38,143.41
mcts:reward=score,ppo:runs/ppo/pass2/p2b_pool_s3.json,2,9001,48,0,1.0,1.0,11.0,101.0,90.0,41.0,60.0,6.0,0.0,0.0,19.0,12.0,2.5833333333333335,1.0,14.0,5.0,10.0,1.0,24.0,2.0,6.0,0.0,0.0,0.0,64.0,136.89,35,136.83
mcts:reward=score,ppo:runs/ppo/pass2/p2b_pool_s3.json,2,9001,49,0,0.0,0.0,-8.0,87.0,95.0,42.0,45.0,5.0,0.0,0.0,20.0,12.0,2.5833333333333335,1.0,14.0,5.0,5.0,0.0,29.0,2.0,5.0,0.0,0.0,0.0,63.0,135.14,34,135.08
mcts:reward=score,ppo:runs/ppo/pass2/p2b_pool_s3.json,2,9001,50,1,0.0,0.0,-9.0,82.0,91.0,54.0,28.0,2.0,0.0,0.0,23.0,11.0,3.0,1.0,12.0,4.0,13.0,0.0,25.0,0.0,2.0,0.0,0.0,0.0,60.0,118.94,31,118.88
mcts:reward=score,ppo:runs/ppo/pass2/p2b_pool_s3.json,2,9001,51,1,0.0,0.0,-15.0,73.0,88.0,35.0,38.0,5.0,1.0,0.0,20.0,14.0,2.142857142857143,0.0,15.0,2.0,7.0,0.0,21.0,2.0,6.0,0.0,0.0,0.0,61.0,121.29,33,121.23
mcts,linear:runs/linear/pass7/p7b_sarsa_lam98_random_s3.json@best,2,9001,48,0,0.0,0.0,-25.0,55.0,80.0,40.0,5.0,2.0,1.0,1.0,20.0,15.0,2.2,0.0,12.0,2.0,16.0,1.0,18.0,0.0,3.0,0.0,0.0,0.0,66.0,139.46,34,139.44
mcts,linear:runs/linear/pass7/p7b_sarsa_lam98_random_s3.json@best,2,9001,49,0,0.0,0.0,-20.0,94.0,114.0,51.0,33.0,4.0,0.0,1.0,27.0,18.0,2.2222222222222223,1.0,5.0,5.0,10.0,0.0,28.0,1.0,4.0,0.0,0.0,0.0,77.0,129.02,40,128.99
mcts,linear:runs/linear/pass7/p7b_sarsa_lam98_random_s3.json@best,2,9001,50,1,1.0,1.0,2.0,83.0,81.0,45.0,28.0,2.0,0.0,1.0,25.0,13.0,2.5384615384615383,0.0,12.0,6.0,15.0,2.0,17.0,0.0,2.0,0.0,0.0,0.0,62.0,117.53,32,117.51
mcts,linear:runs/linear/pass7/p7b_sarsa_lam98_random_s3.json@best,2,9001,51,1,0.0,0.0,-1.0,83.0,84.0,48.0,25.0,2.0,0.0,1.0,25.0,12.0,2.6666666666666665,1.0,13.0,3.0,8.0,0.0,28.0,0.0,2.0,0.0,0.0,0.0,61.0,115.38,31,115.36
mcts,collector,2,9001,48,0,1.0,1.0,75.0,117.0,42.0,68.0,39.0,3.0,0.0,1.0,27.0,17.0,2.6470588235294117,3.0,0.0,4.0,25.0,0.0,27.0,0.0,3.0,0.0,0.0,1.0,85.0,164.66,44,164.65
mcts,collector,2,9001,49,0,0.0,0.0,-14.0,101.0,115.0,73.0,18.0,2.0,0.0,1.0,36.0,15.0,3.0,2.0,0.0,8.0,8.0,1.0,44.0,0.0,2.0,0.0,0.0,1.0,84.0,150.74,43,150.73
mcts,collector,2,9001,50,1,1.0,1.0,34.0,148.0,114.0,80.0,58.0,4.0,0.0,1.0,31.0,13.0,3.4615384615384617,3.0,0.0,9.0,20.0,1.0,30.0,1.0,4.0,0.0,0.0,1.0,79.0,138.47,42,138.46
mcts,collector,2,9001,51,1,1.0,1.0,48.0,116.0,68.0,69.0,37.0,3.0,0.0,1.0,24.0,16.0,2.8125,2.0,0.0,2.0,12.0,0.0,30.0,1.0,3.0,0.0,0.0,1.0,76.0,152.46,40,152.45
mcts:reward=score,linear:runs/linear/pass7/p7b_sarsa_lam98_random_s3.json@best,2,9001,48,0,1.0,1.0,46.0,130.0,84.0,44.0,86.0,9.0,0.0,0.0,20.0,17.0,2.0588235294117645,1.0,10.0,6.0,11.0,1.0,19.0,4.0,9.0,0.0,0.0,0.0,74.0,142.75,42,142.72
mcts:reward=score,linear:runs/linear/pass7/p7b_sarsa_lam98_random_s3.json@best,2,9001,49,0,0.0,0.0,-20.0,74.0,94.0,36.0,38.0,4.0,0.0,0.0,19.0,12.0,2.4166666666666665,0.0,16.0,8.0,3.0,1.0,29.0,1.0,4.0,0.0,0.0,0.0,61.0,126.89,32,126.87
mcts:reward=score,linear:runs/linear/pass7/p7b_sarsa_lam98_random_s3.json@best,2,9001,50,1,1.0,1.0,22.0,105.0,83.0,57.0,38.0,3.0,0.0,1.0,31.0,14.0,2.7857142857142856,1.0,6.0,7.0,7.0,1.0,31.0,1.0,3.0,0.0,0.0,0.0,70.0,126.72,37,126.69
mcts:reward=score,linear:runs/linear/pass7/p7b_sarsa_lam98_random_s3.json@best,2,9001,51,1,0.0,0.0,-28.0,86.0,114.0,51.0,35.0,4.0,0.0,0.0,20.0,13.0,2.6153846153846154,1.0,11.0,4.0,5.0,0.0,33.0,1.0,4.0,0.0,0.0,0.0,67.0,122.38,35,122.35
mcts:reward=score,collector,2,9001,48,0,1.0,1.0,84.0,158.0,74.0,76.0,72.0,6.0,0.0,1.0,28.0,14.0,3.2142857142857144,3.0,0.0,5.0,19.0,0.0,45.0,2.0,6.0,0.0,0.0,1.0,95.0,176.45,51,176.43
mcts:reward=score,collector,2,9001,49,0,1.0,1.0,3.0,140.0,137.0,64.0,66.0,6.0,0.0,1.0,33.0,17.0,2.6470588235294117,2.0,0.0,7.0,5.0,2.0,41.0,2.0,6.0,0.0,0.0,1.0,88.0,175.5,47,175.49
mcts:reward=score,collector,2,9001,50,1,1.0,1.0,61.0,163.0,102.0,83.0,70.0,6.0,0.0,1.0,31.0,13.0,3.4615384615384617,3.0,0.0,7.0,9.0,0.0,39.0,2.0,6.0,0.0,0.0,1.0,77.0,151.75,42,151.74
mcts:reward=score,collector,2,9001,51,1,1.0,1.0,38.0,132.0,94.0,70.0,52.0,6.0,0.0,1.0,32.0,16.0,2.8125,2.0,0.0,6.0,4.0,0.0,40.0,3.0,6.0,0.0,0.0,0.0,83.0,156.74,45,156.73
mcts,greedy,2,9001,52,0,1.0,1.0,46.0,125.0,79.0,69.0,46.0,4.0,0.0,1.0,30.0,15.0,3.0,3.0,0.0,7.0,9.0,2.0,39.0,1.0,4.0,0.0,0.0,1.0,83.0,144.7,44,144.69
mcts,greedy,2,9001,53,1,0.0,0.0,-12.0,76.0,88.0,49.0,17.0,3.0,1.0,1.0,31.0,18.0,2.2222222222222223,1.0,5.0,6.0,9.0,1.0,31.0,1.0,4.0,0.0,0.0,0.0,81.0,140.11,42,140.1
mcts,greedy,2,9001,54,1,1.0,1.0,29.0,100.0,71.0,67.0,23.0,2.0,0.0,1.0,19.0,16.0,2.8125,1.0,0.0,2.0,13.0,0.0,29.0,0.0,2.0,0.0,0.0,1.0,73.0,127.7,38,127.69
mcts,greedy,2,9001,55,1,0.0,0.0,-12.0,119.0,131.0,65.0,44.0,4.0,0.0,1.0,29.0,16.0,2.8125,2.0,0.0,3.0,22.0,1.0,22.0,1.0,4.0,0.0,0.0,1.0,80.0,137.22,42,137.21
mcts,racer,2,9001,52,0,1.0,1.0,3.0,94.0,91.0,67.0,17.0,2.0,0.0,1.0,21.0,12.0,3.3333333333333335,3.0,5.0,3.0,14.0,0.0,30.0,0.0,2.0,0.0,0.0,0.0,68.0,115.13,35,115.12
mcts,racer,2,9001,53,1,0.0,0.0,-11.0,71.0,82.0,40.0,21.0,2.0,0.0,1.0,24.0,10.0,2.8,1.0,17.0,6.0,10.0,1.0,30.0,0.0,2.0,0.0,0.0,0.0,63.0,119.07,32,119.06
mcts,racer,2,9001,54,1,0.0,0.0,-17.0,76.0,93.0,52.0,14.0,3.0,1.0,1.0,19.0,15.0,2.466666666666667,1.0,8.0,4.0,6.0,0.0,30.0,2.0,4.0,0.0,0.0,0.0,70.0,122.47,38,122.45
mcts,racer,2,9001,55,1,1.0,1.0,48.0,129.0,81.0,55.0,64.0,4.0,0.0,1.0,26.0,13.0,2.8461538461538463,2.0,8.0,3.0,22.0,0.0,18.0,1.0,4.0,0.0,0.0,0.0,69.0,118.4,36,118.39
mcts:reward=score,racer,2,9001,52,0,1.0,1.0,8.0,99.0,91.0,57.0,32.0,4.0,0.0,1.0,24.0,15.0,2.7333333333333334,1.0,4.0,4.0,9.0,0.0,31.0,1.0,4.0,0.0,0.0,0.0,72.0,119.12,38,119.1
mcts:reward=score,racer,2,9001,53,1,1.0,1.0,11.0,93.0,82.0,43.0,40.0,5.0,1.0,1.0,22.0,15.0,2.2666666666666666,1.0,11.0,4.0,9.0,0.0,23.0,2.0,6.0,0.0,0.0,0.0,67.0,121.67,36,121.66
mcts:reward=score,racer,2,9001,54,1,0.0,0.0,-28.0,75.0,103.0,50.0,25.0,3.0,1.0,0.0,16.0,15.0,2.466666666666667,1.0,8.0,7.0,11.0,0.0,25.0,2.0,4.0,0.0,0.0,0.0,70.0,122.12,38,122.11
mcts:reward=score,racer,2,9001,55,1,1.0,1.0,45.0,126.0,81.0,50.0,66.0,5.0,0.0,1.0,30.0,14.0,2.5,2.0,10.0,2.0,16.0,0.0,20.0,3.0,5.0,0.0,0.0,0.0,71.0,121.78,39,121.77
mcts:reward=score,greedy,2,9001,52,0,1.0,1.0,69.0,129.0,60.0,78.0,41.0,4.0,0.0,1.0,26.0,13.0,3.4615384615384617,4.0,0.0,4.0,15.0,0.0,39.0,1.0,4.0,0.0,0.0,1.0,81.0,146.24,43,146.23
mcts:reward=score,greedy,2,9001,53,1,0.0,0.0,-5.0,116.0,121.0,53.0,53.0,5.0,0.0,1.0,23.0,15.0,2.466666666666667,2.0,8.0,5.0,8.0,0.0,38.0,2.0,5.0,0.0,0.0,0.0,81.0,152.49,43,152.48
mcts:reward=score,greedy,2,9001,54,1,1.0,1.0,22.0,116.0,94.0,63.0,43.0,4.0,0.0,1.0,27.0,16.0,2.8125,1.0,0.0,7.0,9.0,1.0,39.0,1.0,4.0,0.0,0.0,1.0,83.0,148.52,44,148.5
mcts:reward=score,greedy,2,9001,55,1,1.0,1.0,19.0,148.0,129.0,63.0,75.0,7.0,0.0,1.0,28.0,16.0,2.75,2.0,1.0,6.0,18.0,0.0,32.0,3.0,7.0,0.0,0.0,0.0,89.0,152.23,48,152.22
mcts,wary,2,9001,52,0,1.0,1.0,8.0,111.0,103.0,55.0,46.0,4.0,0.0,1.0,30.0,14.0,2.7142857142857144,1.0,7.0,6.0,9.0,1.0,39.0,1.0,4.0,0.0,0.0,0.0,80.0,141.78,42,141.77
mcts,wary,2,9001,53,1,0.0,0.0,-30.0,77.0,107.0,50.0,17.0,3.0,1.0,1.0,31.0,19.0,2.1578947368421053,1.0,4.0,7.0,9.0,2.0,29.0,1.0,4.0,0.0,0.0,0.0,83.0,141.65,43,141.64
mcts,wary,2,9001,54,1,1.0,1.0,17.0,101.0,84.0,68.0,23.0,2.0,0.0,1.0,16.0,15.0,3.0,1.0,0.0,4.0,13.0,0.0,35.0,0.0,2.0,0.0,0.0,1.0,77.0,126.87,40,126.86
mcts,wary,2,9001,55,1,0.0,0.0,-12.0,119.0,131.0,65.0,44.0,4.0,0.0,1.0,29.0,16.0,2.8125,2.0,0.0,3.0,22.0,1.0,22.0,1.0,4.0,0.0,0.0,1.0,80.0,138.47,42,138.46
mcts,ppo:runs/ppo/pass2/p2b_pool_s3.json,2,9001,52,0,1.0,1.0,41.0,109.0,68.0,49.0,50.0,4.0,0.0,1.0,26.0,14.0,2.5714285714285716,1.0,9.0,2.0,11.0,1.0,21.0,2.0,4.0,0.0,0.0,0.0,66.0,124.46,36,124.4
mcts,ppo:runs/ppo/pass2/p2b_pool_s3.json,2,9001,53,1,1.0,1.0,22.0,94.0,72.0,47.0,37.0,3.0,0.0,1.0,27.0,13.0,2.6923076923076925,0.0,10.0,6.0,10.0,1.0,24.0,1.0,3.0,0.0,0.0,0.0,65.0,128.52,34,128.46
mcts,ppo:runs/ppo/pass2/p2b_pool_s3.json,2,9001,54,1,1.0,1.0,12.0,92.0,80.0,51.0,31.0,3.0,1.0,1.0,30.0,15.0,2.466666666666667,1.0,8.0,5.0,8.0,0.0,30.0,1.0,4.0,0.0,0.0,0.0,70.0,124.61,37,124.54
mcts,ppo:runs/ppo/pass2/p2b_pool_s3.json,2,9001,55,1,1.0,1.0,41.0,109.0,68.0,47.0,52.0,4.0,0.0,1.0,30.0,15.0,2.4,1.0,9.0,2.0,24.0,0.0,14.0,2.0,4.0,0.0,0.0,0.0,73.0,129.63,39,129.56
mcts:reward=score,ppo:runs/ppo/pass2/p2b_pool_s3.json,2,9001,52,0,0.0,0.0,-20.0,62.0,82.0,44.0,18.0,3.0,1.0,0.0,21.0,12.0,2.6666666666666665,1.0,13.0,3.0,11.0,1.0,25.0,1.0,4.0,0.0,0.0,0.0,64.0,120.14,34,120.08
mcts:reward=score,ppo:runs/ppo/pass2/p2b_pool_s3.json,2,9001,53,1,0.0,0.0,-8.0,70.0,78.0,39.0,21.0,2.0,0.0,1.0,22.0,11.0,2.6363636363636362,1.0,16.0,3.0,12.0,1.0,30.0,0.0,2.0,0.0,0.0,0.0,67.0,128.54,34,128.48
mcts:reward=score,ppo:runs/ppo/pass2/p2b_pool_s3.json,2,9001,54,1,0.0,0.0,-20.0,73.0,93.0,49.0,24.0,2.0,0.0,0.0,13.0,10.0,3.2,1.0,13.0,4.0,16.0,1.0,26.0,0.0,2.0,0.0,0.0,0.0,64.0,123.96,33,123.89
mcts:reward=score,ppo:runs/ppo/pass2/p2b_pool_s3.json,2,9001,55,1,1.0,1.0,54.0,120.0,66.0,46.0,64.0,4.0,0.0,1.0,26.0,11.0,2.8181818181818183,2.0,14.0,6.0,17.0,1.0,21.0,1.0,4.0,0.0,0.0,0.0,65.0,128.41,34,128.35
mcts:reward=score,wary,2,9001,52,0,1.0,1.0,32.0,129.0,97.0,78.0,41.0,4.0,0.0,1.0,26.0,13.0,3.4615384615384617,4.0,0.0,4.0,15.0,0.0,39.0,1.0,4.0,0.0,0.0,1.0,81.0,142.01,43,142.0
mcts:reward=score,wary,2,9001,53,1,0.0,0.0,-6.0,114.0,120.0,51.0,53.0,5.0,0.0,1.0,24.0,14.0,2.5,2.0,10.0,5.0,8.0,0.0,38.0,2.0,5.0,0.0,0.0,0.0,79.0,147.11,42,147.1
mcts:reward=score,wary,2,9001,54,1,1.0,1.0,5.0,114.0,109.0,61.0,43.0,4.0,0.0,1.0,27.0,16.0,2.75,1.0,1.0,7.0,9.0,1.0,33.0,1.0,4.0,0.0,0.0,0.0,78.0,140.39,41,140.38
mcts:reward=score,wary,2,9001,55,1,0.0,0.0,-7.0,120.0,127.0,53.0,57.0,6.0,1.0,1.0,28.0,15.0,2.6,1.0,6.0,5.0,19.0,1.0,27.0,3.0,7.0,0.0,0.0,0.0,85.0,145.23,46,145.22
mcts,linear:runs/linear/pass7/p7b_sarsa_lam98_random_s3.json@best,2,9001,52,0,0.0,0.0,-3.0,86.0,89.0,49.0,27.0,3.0,1.0,1.0,31.0,13.0,2.6153846153846154,1.0,11.0,1.0,19.0,0.0,17.0,1.0,4.0,0.0,0.0,0.0,64.0,122.82,34,122.8
mcts,linear:runs/linear/pass7/p7b_sarsa_lam98_random_s3.json@best,2,9001,53,1,0.0,0.0,-10.0,73.0,83.0,42.0,21.0,2.0,0.0,1.0,24.0,14.0,2.357142857142857,1.0,12.0,4.0,10.0,1.0,24.0,0.0,2.0,0.0,0.0,0.0,65.0,119.47,33,119.44
mcts,linear:runs/linear/pass7/p7b_sarsa_lam98_random_s3.json@best,2,9001,54,1,0.0,0.0,-16.0,67.0,83.0,50.0,7.0,2.0,1.0,1.0,14.0,13.0,2.6923076923076925,1.0,10.0,2.0,16.0,0.0,20.0,1.0,3.0,0.0,0.0,0.0,64.0,117.31,34,117.28
mcts,linear:runs/linear/pass7/p7b_sarsa_lam98_random_s3.json@best,2,9001,55,1,1.0,1.0,15.0,89.0,74.0,43.0,36.0,3.0,1.0,1.0,28.0,14.0,2.357142857142857,1.0,12.0,5.0,16.0,0.0,14.0,2.0,4.0,0.0,0.0,0.0,63.0,120.04,34,120.01
mcts:reward=score,linear:runs/linear/pass7/p7b_sarsa_lam98_random_s3.json@best,2,9001,52,0,0.0,0.0,-15.0,79.0,94.0,47.0,32.0,4.0,0.0,0.0,17.0,15.0,2.466666666666667,1.0,8.0,4.0,10.0,1.0,24.0,1.0,4.0,0.0,0.0,0.0,68.0,120.62,36,120.59
mcts:reward=score,linear:runs/linear/pass7/p7b_sarsa_lam98_random_s3.json@best,2,9001,53,1,0.0,0.0,-29.0,58.0,87.0,43.0,5.0,2.0,1.0,1.0,20.0,13.0,2.5384615384615383,1.0,12.0,5.0,11.0,0.0,27.0,1.0,3.0,0.0,0.0,0.0,67.0,121.48,35,121.46
mcts:reward=score,linear:runs/linear/pass7/p7b_sarsa_lam98_random_s3.json@best,2,9001,54,1,0.0,0.0,-12.0,71.0,83.0,52.0,9.0,3.0,2.0,1.0,18.0,14.0,2.642857142857143,1.0,8.0,6.0,7.0,0.0,31.0,2.0,5.0,0.0,0.0,0.0,70.0,126.06,38,126.03
mcts:reward=score,linear:runs/linear/pass7/p7b_sarsa_lam98_random_s3.json@best,2,9001,55,1,1.0,1.0,10.0,84.0,74.0,51.0,23.0,2.0,0.0,1.0,26.0,13.0,2.769230769230769,1.0,9.0,2.0,13.0,0.0,25.0,0.0,2.0,0.0,0.0,0.0,65.0,115.72,33,115.7
mcts,collector,2,9001,52,0,1.0,1.0,36.0,120.0,84.0,63.0,47.0,4.0,0.0,1.0,33.0,17.0,2.6470588235294117,1.0,0.0,6.0,11.0,1.0,35.0,1.0,4.0,0.0,0.0,1.0,83.0,162.52,44,162.51
mcts,collector,2,9001,53,1,1.0,1.0,86.0,154.0,68.0,64.0,80.0,6.0,0.0,1.0,33.0,16.0,2.8125,2.0,0.0,6.0,18.0,2.0,24.0,3.0,6.0,1.0,0.0,1.0,84.0,169.68,46,169.67
mcts,collector,2,9001,54,1,1.0,1.0,5.0,104.0,99.0,71.0,23.0,2.0,0.0,1.0,34.0,15.0,3.0,2.0,0.0,6.0,16.0,0.0,30.0,0.0,2.0,0.0,0.0,1.0,75.0,136.13,39,136.12
mcts,collector,2,9001,55,1,1.0,1.0,40.0,127.0,87.0,66.0,51.0,4.0,0.0,1.0,30.0,16.0,2.8125,3.0,0.0,1.0,23.0,1.0,23.0,1.0,4.0,0.0,0.0,1.0,82.0,147.92,43,147.9
mcts:reward=score,collector,2,9001,52,0,1.0,1.0,94.0,148.0,54.0,70.0,68.0,6.0,0.0,1.0,38.0,15.0,3.0,2.0,0.0,5.0,15.0,0.0,39.0,2.0,6.0,0.0,0.0,1.0,87.0,175.24,47,175.22
mcts:reward=score,collector,2,9001,53,1,1.0,1.0,83.0,132.0,49.0,68.0,54.0,5.0,0.0,1.0,24.0,16.0,2.8125,2.0,0.0,2.0,10.0,0.0,36.0,1.0,5.0,0.0,0.0,1.0,80.0,164.59,42,164.58
mcts:reward=score,collector,2,9001,54,1,1.0,1.0,50.0,130.0,80.0,80.0,40.0,3.0,0.0,1.0,27.0,13.0,3.4615384615384617,4.0,0.0,6.0,5.0,1.0,45.0,1.0,3.0,0.0,0.0,1.0,79.0,144.66,42,144.65
mcts:reward=score,collector,2,9001,55,1,1.0,1.0,13.0,126.0,113.0,66.0,50.0,5.0,0.0,1.0,30.0,16.0,2.8125,3.0,0.0,3.0,23.0,0.0,25.0,2.0,5.0,0.0,0.0,1.0,84.0,143.07,45,143.06
mcts,greedy,2,9001,56,0,1.0,1.0,42.0,115.0,73.0,70.0,35.0,3.0,0.0,1.0,30.0,14.0,3.2142857142857144,2.0,0.0,6.0,7.0,0.0,37.0,0.0,3.0,0.0,0.0,1.0,72.0,124.21,37,124.21
mcts,greedy,2,9001,57,0,1.0,1.0,30.0,125.0,95.0,51.0,64.0,7.0,0.0,1.0,30.0,20.0,2.15,0.0,2.0,2.0,17.0,0.0,27.0,2.0,7.0,0.0,0.0,1.0,87.0,149.58,47,149.57
mcts,greedy,2,9001,58,0,1.0,1.0,19.0,128.0,109.0,83.0,35.0,2.0,0.0,1.0,26.0,14.0,3.2142857142857144,3.0,0.0,2.0,24.0,0.0,22.0,0.0,2.0,0.0,0.0,1.0,73.0,121.5,38,121.49
mcts,greedy,2,9001,59,1,1.0,1.0,20.0,114.0,94.0,82.0,22.0,2.0,0.0,1.0,28.0,14.0,3.2142857142857144,3.0,0.0,4.0,13.0,1.0,35.0,0.0,2.0,0.0,0.0,1.0,78.0,130.61,40,130.6
mcts,racer,2,9001,56,0,1.0,1.0,16.0,113.0,97.0,60.0,43.0,4.0,0.0,1.0,23.0,15.0,2.6,2.0,6.0,2.0,25.0,1.0,11.0,2.0,4.0,0.0,0.0,0.0,73.0,116.08,39,116.07
mcts,racer,2,9001,57,0,0.0,0.0,-10.0,90.0,100.0,41.0,49.0,5.0,0.0,0.0,20.0,14.0,2.357142857142857,0.0,12.0,2.0,5.0,1.0,31.0,1.0,5.0,0.0,0.0,0.0,68.0,132.01,36,132.0
mcts,racer,2,9001,58,0,1.0,1.0,49.0,132.0,83.0,55.0,67.0,6.0,1.0,1.0,27.0,14.0,2.7857142857142856,0.0,6.0,2.0,16.0,0.0,20.0,3.0,7.0,0.0,0.0,0.0,70.0,127.36,39,127.35
mcts,racer,2,9001,59,1,1.0,1.0,29.0,109.0,80.0,66.0,33.0,3.0,0.0,1.0,33.0,16.0,2.8125,2.0,0.0,6.0,12.0,2.0,28.0,1.0,3.0,0.0,0.0,1.0,78.0,120.74,41,120.73
mcts:reward=score,greedy,2,9001,56,0,1.0,1.0,51.0,132.0,81.0,85.0,37.0,3.0,0.0,1.0,28.0,13.0,3.4615384615384617,4.0,0.0,9.0,6.0,0.0,48.0,1.0,3.0,0.0,0.0,1.0,82.0,138.88,43,138.86
mcts:reward=score,greedy,2,9001,57,0,1.0,1.0,51.0,138.0,87.0,54.0,74.0,8.0,0.0,1.0,29.0,20.0,2.25,0.0,0.0,6.0,10.0,2.0,34.0,2.0,8.0,0.0,0.0,1.0,91.0,165.97,49,165.95
mcts:reward=score,greedy,2,9001,58,0,1.0,1.0,62.0,161.0,99.0,71.0,80.0,6.0,0.0,1.0,34.0,15.0,3.0,2.0,0.0,2.0,21.0,0.0,27.0,2.0,6.0,0.0,0.0,1.0,81.0,138.0,44,137.99
mcts:reward=score,greedy,2,9001,59,1,1.0,1.0,29.0,129.0,100.0,70.0,49.0,4.0,0.0,1.0,29.0,15.0,3.0,1.0,0.0,5.0,13.0,0.0,37.0,2.0,4.0,0.0,0.0,1.0,84.0,140.06,45,140.05
mcts:reward=score,racer,2,9001,56,0,1.0,1.0,6.0,103.0,97.0,55.0,38.0,3.0,0.0,1.0,24.0,13.0,2.8461538461538463,2.0,8.0,4.0,10.0,1.0,26.0,1.0,3.0,0.0,0.0,0.0,67.0,123.0,35,122.99
mcts:reward=score,racer,2,9001,57,0,1.0,1.0,37.0,127.0,90.0,60.0,57.0,5.0,0.0,1.0,24.0,15.0,2.6666666666666665,2.0,5.0,5.0,6.0,1.0,32.0,2.0,5.0,0.0,0.0,0.0,74.0,143.13,40,143.12
mcts:reward=score,racer,2,9001,58,0,1.0,1.0,22.0,105.0,83.0,60.0,35.0,2.0,0.0,1.0,29.0,14.0,2.857142857142857,1.0,5.0,3.0,19.0,0.0,21.0,0.0,2.0,0.0,0.0,0.0,68.0,125.04,35,125.03
mcts:reward=score,racer,2,9001,59,1,1.0,1.0,23.0,103.0,80.0,61.0,32.0,3.0,0.0,1.0,22.0,17.0,2.411764705882353,1.0,4.0,4.0,13.0,0.0,27.0,1.0,3.0,0.0,0.0,0.0,77.0,126.07,40,126.06
mcts,wary,2,9001,56,0,1.0,1.0,42.0,115.0,73.0,70.0,35.0,3.0,0.0,1.0,30.0,14.0,3.2142857142857144,2.0,0.0,6.0,7.0,0.0,37.0,0.0,3.0,0.0,0.0,1.0,72.0,124.82,37,124.81
mcts,wary,2,9001,57,0,1.0,1.0,3.0,91.0,88.0,39.0,42.0,6.0,1.0,1.0,28.0,18.0,2.0,0.0,9.0,1.0,21.0,0.0,17.0,2.0,7.0,0.0,0.0,0.0,78.0,146.2,42,146.19
mcts,wary,2,9001,58,0,1.0,1.0,23.0,128.0,105.0,83.0,35.0,2.0,0.0,1.0,26.0,14.0,3.2142857142857144,3.0,0.0,2.0,24.0,0.0,22.0,0.0,2.0,0.0,0.0,1.0,73.0,122.22,38,122.21
mcts,wary,2,9001,59,1,1.0,1.0,20.0,114.0,94.0,82.0,22.0,2.0,0.0,1.0,28.0,14.0,3.2142857142857144,3.0,0.0,4.0,13.0,1.0,35.0,0.0,2.0,0.0,0.0,1.0,78.0,130.98,40,130.97
mcts:reward=score,wary,2,9001,56,0,1.0,1.0,21.0,124.0,103.0,76.0,38.0,3.0,0.0,1.0,31.0,11.0,3.5454545454545454,4.0,6.0,7.0,6.0,0.0,46.0,1.0,3.0,0.0,0.0,0.0,77.0,133.5,40,133.48
mcts:reward=score,wary,2,9001,57,0,1.0,1.0,39.0,118.0,79.0,54.0,54.0,7.0,1.0,1.0,30.0,17.0,2.411764705882353,1.0,4.0,6.0,10.0,2.0,34.0,2.0,8.0,0.0,0.0,0.0,86.0,160.22,46,160.2
mcts:reward=score,wary,2,9001,58,0,1.0,1.0,35.0,134.0,99.0,68.0,56.0,5.0,1.0,1.0,30.0,15.0,2.933333333333333,2.0,1.0,2.0,20.0,0.0,24.0,2.0,6.0,0.0,0.0,0.0,78.0,134.87,42,134.85
mcts:reward=score,wary,2,9001,59,1,1.0,1.0,37.0,124.0,87.0,65.0,49.0,4.0,0.0,1.0,25.0,15.0,2.8,1.0,3.0,5.0,13.0,0.0,27.0,2.0,4.0,0.0,0.0,0.0,75.0,132.84,40,132.83
mcts,ppo:runs/ppo/pass2/p2b_pool_s3.json,2,9001,56,0,1.0,1.0,15.0,90.0,75.0,64.0,16.0,2.0,1.0,1.0,28.0,12.0,3.1666666666666665,3.0,7.0,6.0,10.0,1.0,24.0,1.0,3.0,0.0,0.0,0.0,63.0,121.34,33,121.27
mcts,ppo:runs/ppo/pass2/p2b_pool_s3.json,2,9001,57,0,1.0,1.0,19.0,101.0,82.0,42.0,49.0,5.0,0.0,1.0,22.0,17.0,2.1176470588235294,0.0,9.0,1.0,10.0,0.0,24.0,1.0,5.0,0.0,0.0,0.0,70.0,136.58,37,136.52
mcts,ppo:runs/ppo/pass2/p2b_pool_s3.json,2,9001,58,0,1.0,1.0,77.0,142.0,65.0,64.0,68.0,5.0,0.0,1.0,26.0,12.0,3.1666666666666665,2.0,7.0,3.0,21.0,1.0,13.0,1.0,5.0,0.0,0.0,0.0,62.0,125.78,33,125.72
mcts,ppo:runs/ppo/pass2/p2b_pool_s3.json,2,9001,59,1,1.0,1.0,13.0,93.0,80.0,60.0,33.0,3.0,0.0,0.0,29.0,12.0,3.0833333333333335,1.0,8.0,7.0,13.0,2.0,23.0,1.0,3.0,0.0,0.0,0.0,67.0,128.78,35,128.71
mcts,linear:runs/linear/pass7/p7b_sarsa_lam98_random_s3.json@best,2,9001,56,0,0.0,0.0,-35.0,50.0,85.0,53.0,-13.0,1.0,1.0,1.0,17.0,13.0,2.769230769230769,2.0,9.0,3.0,16.0,0.0,20.0,0.0,2.0,0.0,0.0,0.0,63.0,110.43,32,110.41
mcts,linear:runs/linear/pass7/p7b_sarsa_lam98_random_s3.json@best,2,9001,57,0,1.0,1.0,21.0,101.0,80.0,53.0,38.0,4.0,0.0,1.0,23.0,16.0,2.4375,1.0,6.0,3.0,8.0,0.0,30.0,1.0,4.0,0.0,0.0,0.0,72.0,133.92,38,133.89
mcts,linear:runs/linear/pass7/p7b_sarsa_lam98_random_s3.json@best,2,9001,58,0,1.0,1.0,52.0,145.0,93.0,56.0,79.0,6.0,0.0,1.0,29.0,12.0,3.0833333333333335,1.0,8.0,3.0,15.0,1.0,23.0,2.0,6.0,0.0,0.0,0.0,68.0,125.86,37,125.83
mcts,linear:runs/linear/pass7/p7b_sarsa_lam98_random_s3.json@best,2,9001,59,1,1.0,1.0,5.0,73.0,68.0,52.0,11.0,2.0,1.0,1.0,24.0,12.0,2.75,2.0,12.0,3.0,16.0,1.0,20.0,1.0,3.0,0.0,0.0,0.0,65.0,119.94,34,119.92
mcts,collector,2,9001,56,0,1.0,1.0,110.0,141.0,31.0,71.0,60.0,5.0,0.0,1.0,29.0,15.0,3.0,2.0,0.0,5.0,10.0,1.0,34.0,1.0,5.0,0.0,0.0,1.0,78.0,142.91,41,142.9
mcts,collector,2,9001,57,0,1.0,1.0,61.0,121.0,60.0,56.0,55.0,5.0,0.0,1.0,31.0,20.0,2.2,1.0,1.0,1.0,21.0,0.0,21.0,2.0,5.0,0.0,0.0,1.0,85.0,171.13,46,171.12
mcts,collector,2,9001,58,0,1.0,1.0,31.0,128.0,97.0,83.0,35.0,2.0,0.0,1.0,26.0,13.0,3.4615384615384617,3.0,0.0,4.0,23.0,2.0,19.0,0.0,2.0,0.0,0.0,1.0,71.0,123.25,37,123.24
mcts,collector,2,9001,59,1,1.0,1.0,70.0,125.0,55.0,70.0,45.0,4.0,0.0,1.0,32.0,17.0,2.6470588235294117,2.0,0.0,4.0,21.0,2.0,19.0,1.0,4.0,0.0,0.0,1.0,80.0,142.51,42,142.5
mcts:reward=score,ppo:runs/ppo/pass2/p2b_pool_s3.json,2,9001,56,0,1.0,1.0,34.0,118.0,84.0,81.0,27.0,2.0,0.0,1.0,23.0,10.0,4.3,4.0,2.0,5.0,11.0,0.0,35.0,0.0,2.0,0.0,0.0,0.0,67.0,125.14,34,125.07
mcts:reward=score,ppo:runs/ppo/pass2/p2b_pool_s3.json,2,9001,57,0,1.0,1.0,23.0,107.0,84.0,40.0,57.0,6.0,0.0,1.0,22.0,15.0,2.2666666666666666,0.0,11.0,2.0,8.0,0.0,26.0,2.0,6.0,0.0,0.0,0.0,68.0,136.97,37,136.91
mcts:reward=score,ppo:runs/ppo/pass2/p2b_pool_s3.json,2,9001,58,0,1.0,1.0,26.0,98.0,72.0,63.0,35.0,2.0,0.0,0.0,31.0,11.0,3.3636363636363638,1.0,8.0,4.0,12.0,1.0,28.0,0.0,2.0,0.0,0.0,0.0,64.0,125.24,33,125.18
mcts:reward=score,ppo:runs/ppo/pass2/p2b_pool_s3.json,2,9001,59,1,0.0,0.0,-16.0,64.0,80.0,53.0,11.0,2.0,1.0,0.0,29.0,11.0,3.0,1.0,12.0,4.0,14.0,1.0,20.0,1.0,3.0,0.0,0.0,0.0,61.0,121.47,32,121.41
mcts:reward=score,linear:runs/linear/pass7/p7b_sarsa_lam98_random_s3.json@best,2,9001,56,0,1.0,1.0,12.0,102.0,90.0,54.0,38.0,3.0,0.0,1.0,28.0,12.0,2.8333333333333335,2.0,11.0,5.0,13.0,1.0,21.0,1.0,3.0,0.0,0.0,0.0,63.0,116.38,33,116.35
mcts:reward=score,linear:runs/linear/pass7/p7b_sarsa_lam98_random_s3.json@best,2,9001,57,0,0.0,0.0,-8.0,78.0,86.0,38.0,40.0,4.0,0.0,0.0,17.0,14.0,2.2857142857142856,0.0,13.0,2.0,9.0,1.0,27.0,1.0,4.0,0.0,0.0,0.0,68.0,128.71,36,128.68
mcts:reward=score,linear:runs/linear/pass7/p7b_sarsa_lam98_random_s3.json@best,2,9001,58,0,0.0,0.0,-43.0,28.0,71.0,53.0,-35.0,0.0,2.0,1.0,21.0,13.0,2.769230769230769,1.0,9.0,4.0,18.0,1.0,18.0,0.0,2.0,0.0,0.0,0.0,64.0,121.9,33,121.88
mcts:reward=score,linear:runs/linear/pass7/p7b_sarsa_lam98_random_s3.json@best,2,9001,59,1,0.0,0.0,-19.0,97.0,116.0,54.0,33.0,3.0,0.0,1.0,30.0,13.0,2.769230769230769,2.0,9.0,4.0,22.0,2.0,14.0,1.0,3.0,0.0,0.0,0.0,69.0,121.76,36,121.73
mcts:reward=score,collector,2,9001,56,0,1.0,1.0,95.0,148.0,53.0,86.0,52.0,4.0,0.0,1.0,34.0,12.0,3.6666666666666665,5.0,1.0,11.0,6.0,0.0,56.0,1.0,4.0,0.0,0.0,1.0,88.0,156.33,46,156.32
mcts:reward=score,collector,2,9001,57,0,1.0,1.0,56.0,135.0,79.0,68.0,57.0,4.0,0.0,1.0,32.0,14.0,3.2142857142857144,1.0,0.0,7.0,5.0,2.0,51.0,1.0,4.0,0.0,0.0,1.0,89.0,180.12,47,180.11
mcts:reward=score,collector,2,9001,58,0,1.0,1.0,40.0,139.0,99.0,72.0,57.0,4.0,0.0,1.0,32.0,15.0,3.0,2.0,0.0,4.0,18.0,0.0,30.0,1.0,4.0,0.0,0.0,1.0,79.0,138.36,42,138.34
mcts:reward=score,collector,2,9001,59,1,1.0,1.0,21.0,164.0,143.0,65.0,89.0,7.0,0.0,1.0,32.0,18.0,2.5,1.0,0.0,3.0,17.0,0.0,35.0,2.0,7.0,0.0,0.0,1.0,92.0,168.31,49,168.3
mcts,racer,2,9001,60,1,1.0,1.0,2.0,92.0,90.0,45.0,37.0,4.0,0.0,1.0,24.0,13.0,2.4615384615384617,1.0,13.0,5.0,10.0,1.0,22.0,1.0,4.0,0.0,0.0,0.0,63.0,115.34,33,115.33
mcts,racer,2,9001,61,1,1.0,1.0,17.0,112.0,95.0,53.0,49.0,5.0,0.0,1.0,29.0,14.0,2.7142857142857144,1.0,7.0,3.0,5.0,0.0,35.0,1.0,5.0,0.0,0.0,0.0,71.0,133.71,37,133.7
mcts,racer,2,9001,62,1,1.0,1.0,14.0,99.0,85.0,45.0,44.0,5.0,0.0,1.0,19.0,15.0,2.2666666666666666,1.0,11.0,3.0,12.0,2.0,16.0,1.0,5.0,0.0,0.0,0.0,64.0,120.11,34,120.1
mcts,racer,2,9001,63,1,1.0,1.0,6.0,97.0,91.0,46.0,41.0,4.0,0.0,1.0,23.0,18.0,2.0555555555555554,1.0,8.0,3.0,15.0,0.0,21.0,1.0,4.0,0.0,0.0,0.0,75.0,124.43,39,124.42
mcts,greedy,2,9001,60,1,1.0,1.0,14.0,124.0,110.0,54.0,60.0,7.0,0.0,1.0,21.0,21.0,2.142857142857143,0.0,0.0,7.0,15.0,1.0,29.0,3.0,7.0,0.0,0.0,1.0,94.0,161.13,51,161.12
mcts,greedy,2,9001,61,1,0.0,0.0,-37.0,91.0,128.0,50.0,41.0,4.0,0.0,0.0,24.0,16.0,2.375,1.0,7.0,6.0,13.0,0.0,33.0,1.0,4.0,0.0,0.0,0.0,81.0,145.33,42,145.32
mcts,greedy,2,9001,62,1,1.0,1.0,23.0,123.0,100.0,65.0,48.0,5.0,0.0,1.0,34.0,17.0,2.6470588235294117,2.0,0.0,3.0,12.0,0.0,32.0,1.0,5.0,0.0,0.0,1.0,79.0,134.38,42,134.37
mcts,greedy,2,9001,63,1,1.0,1.0,8.0,114.0,106.0,54.0,50.0,5.0,0.0,1.0,26.0,20.0,2.2,1.0,1.0,6.0,18.0,0.0,24.0,1.0,5.0,0.0,0.0,0.0,85.0,150.96,44,150.95
mcts:reward=score,racer,2,9001,60,1,0.0,0.0,-18.0,82.0,100.0,42.0,40.0,5.0,0.0,0.0,14.0,15.0,2.1333333333333333,1.0,13.0,4.0,9.0,2.0,21.0,2.0,5.0,0.0,0.0,0.0,69.0,121.31,37,121.29
mcts:reward=score,racer,2,9001,61,1,1.0,1.0,1.0,96.0,95.0,44.0,42.0,5.0,1.0,1.0,24.0,15.0,2.3333333333333335,0.0,10.0,6.0,7.0,0.0,25.0,2.0,6.0,0.0,0.0,0.0,67.0,132.54,36,132.52
mcts:reward=score,racer,2,9001,62,1,1.0,1.0,26.0,111.0,85.0,66.0,35.0,4.0,0.0,1.0,32.0,17.0,2.6470588235294117,3.0,0.0,4.0,6.0,0.0,38.0,1.0,4.0,0.0,0.0,1.0,79.0,130.09,42,130.07
mcts:reward=score,racer,2,9001,63,1,0.0,0.0,-5.0,86.0,91.0,43.0,33.0,3.0,0.0,1.0,25.0,12.0,2.5833333333333335,1.0,14.0,2.0,13.0,0.0,25.0,1.0,3.0,0.0,0.0,0.0,65.0,118.28,34,118.27
mcts:reward=score,greedy,2,9001,60,1,1.0,1.0,11.0,130.0,119.0,54.0,66.0,6.0,0.0,1.0,30.0,18.0,2.388888888888889,0.0,2.0,4.0,11.0,0.0,31.0,3.0,6.0,0.0,0.0,0.0,85.0,155.17,46,155.16
mcts:reward=score,greedy,2,9001,61,1,1.0,1.0,35.0,156.0,121.0,62.0,84.0,7.0,0.0,1.0,29.0,16.0,2.75,1.0,1.0,7.0,4.0,1.0,40.0,3.0,7.0,0.0,0.0,0.0,85.0,156.05,46,156.04
mcts:reward=score,greedy,2,9001,62,1,1.0,1.0,15.0,126.0,111.0,89.0,27.0,3.0,0.0,1.0,27.0,12.0,3.75,5.0,0.0,9.0,3.0,2.0,55.0,1.0,3.0,0.0,0.0,1.0,87.0,141.44,46,141.43
mcts:reward=score,greedy,2,9001,63,1,1.0,1.0,16.0,120.0,104.0,60.0,50.0,5.0,0.0,1.0,27.0,19.0,2.3684210526315788,1.0,0.0,6.0,19.0,1.0,27.0,2.0,5.0,0.0,0.0,1.0,90.0,147.89,48,147.88
mcts,ppo:runs/ppo/pass2/p2b_pool_s3.json,2,9001,60,1,0.0,0.0,-21.0,54.0,75.0,35.0,19.0,2.0,0.0,0.0,21.0,13.0,2.1538461538461537,0.0,17.0,2.0,6.0,1.0,28.0,0.0,2.0,0.0,0.0,0.0,63.0,114.97,32,114.91
mcts,ppo:runs/ppo/pass2/p2b_pool_s3.json,2,9001,61,1,0.0,0.0,-27.0,56.0,83.0,39.0,7.0,3.0,1.0,1.0,23.0,15.0,2.1333333333333333,0.0,13.0,5.0,14.0,0.0,18.0,1.0,4.0,0.0,0.0,0.0,65.0,129.32,34,129.26
mcts,ppo:runs/ppo/pass2/p2b_pool_s3.json,2,9001,62,1,0.0,0.0,-15.0,72.0,87.0,46.0,26.0,4.0,1.0,0.0,15.0,15.0,2.2666666666666666,2.0,11.0,3.0,17.0,1.0,13.0,1.0,5.0,0.0,0.0,0.0,64.0,120.97,34,120.91
mcts,ppo:runs/ppo/pass2/p2b_pool_s3.json,2,9001,63,1,0.0,0.0,-18.0,79.0,97.0,46.0,33.0,3.0,0.0,0.0,23.0,12.0,2.6666666666666665,2.0,13.0,6.0,14.0,1.0,20.0,1.0,3.0,0.0,0.0,0.0,63.0,121.67,33,121.61
mcts,linear:runs/linear/pass7/p7b_sarsa_lam98_random_s3.json@best,2,9001,60,1,0.0,0.0,-16.0,72.0,88.0,44.0,18.0,3.0,1.0,1.0,15.0,14.0,2.4285714285714284,0.0,11.0,4.0,7.0,0.0,27.0,1.0,4.0,0.0,0.0,0.0,65.0,115.27,34,115.24
mcts,linear:runs/linear/pass7/p7b_sarsa_lam98_random_s3.json@best,2,9001,61,1,1.0,1.0,19.0,104.0,85.0,45.0,49.0,5.0,0.0,1.0,29.0,15.0,2.4,0.0,9.0,5.0,3.0,0.0,33.0,1.0,5.0,0.0,0.0,0.0,69.0,127.03,36,127.0
mcts,linear:runs/linear/pass7/p7b_sarsa_lam98_random_s3.json@best,2,9001,62,1,0.0,0.0,-14.0,71.0,85.0,42.0,19.0,3.0,1.0,1.0,16.0,14.0,2.2857142857142856,1.0,13.0,2.0,11.0,0.0,21.0,1.0,4.0,0.0,0.0,0.0,62.0,119.19,33,119.16
mcts,linear:runs/linear/pass7/p7b_sarsa_lam98_random_s3.json@best,2,9001,63,1,0.0,0.0,-26.0,75.0,101.0,42.0,23.0,2.0,0.0,1.0,27.0,13.0,2.4615384615384617,1.0,13.0,3.0,12.0,0.0,22.0,0.0,2.0,0.0,0.0,0.0,61.0,116.25,31,116.22
mcts,wary,2,9001,60,1,1.0,1.0,7.0,123.0,116.0,53.0,60.0,7.0,0.0,1.0,21.0,20.0,2.2,0.0,1.0,7.0,15.0,1.0,29.0,3.0,7.0,0.0,0.0,0.0,93.0,161.9,50,161.89
mcts,wary,2,9001,61,1,0.0,0.0,-50.0,69.0,119.0,50.0,19.0,3.0,1.0,0.0,24.0,15.0,2.466666666666667,1.0,8.0,6.0,12.0,0.0,30.0,1.0,4.0,0.0,0.0,0.0,75.0,141.32,39,141.31
mcts,wary,2,9001,62,1,1.0,1.0,26.0,123.0,97.0,65.0,48.0,5.0,0.0,1.0,34.0,17.0,2.6470588235294117,2.0,0.0,2.0,12.0,0.0,32.0,1.0,5.0,0.0,0.0,1.0,79.0,135.26,42,135.25
mcts,wary,2,9001,63,1,1.0,1.0,7.0,113.0,106.0,53.0,50.0,5.0,0.0,1.0,26.0,19.0,2.210526315789474,1.0,3.0,5.0,18.0,0.0,22.0,1.0,5.0,0.0,0.0,0.0,81.0,149.35,42,149.34
mcts:reward=score,ppo:runs/ppo/pass2/p2b_pool_s3.json,2,9001,60,1,1.0,1.0,23.0,95.0,72.0,48.0,37.0,4.0,0.0,1.0,27.0,13.0,2.6153846153846154,0.0,11.0,5.0,6.0,0.0,28.0,1.0,4.0,0.0,0.0,0.0,63.0,123.6,33,123.53
mcts:reward=score,ppo:runs/ppo/pass2/p2b_pool_s3.json,2,9001,61,1,1.0,1.0,18.0,103.0,85.0,51.0,42.0,5.0,1.0,1.0,27.0,13.0,2.769230769230769,1.0,9.0,4.0,5.0,0.0,29.0,2.0,6.0,0.0,0.0,0.0,65.0,134.55,35,134.49
mcts:reward=score,ppo:runs/ppo/pass2/p2b_pool_s3.json,2,9001,62,1,0.0,0.0,-18.0,67.0,85.0,41.0,26.0,4.0,1.0,0.0,13.0,12.0,2.4166666666666665,2.0,16.0,3.0,7.0,0.0,29.0,1.0,5.0,0.0,0.0,0.0,62.0,122.74,33,122.69
mcts:reward=score,ppo:runs/ppo/pass2/p2b_pool_s3.json,2,9001,63,1,0.0,0.0,-46.0,53.0,99.0,40.0,13.0,2.0,1.0,0.0,23.0,12.0,2.5,1.0,15.0,3.0,10.0,0.0,26.0,1.0,3.0,0.0,0.0,0.0,63.0,121.98,33,121.92
mcts:reward=score,linear:runs/linear/pass7/p7b_sarsa_lam98_random_s3.json@best,2,9001,60,1,0.0,0.0,-23.0,57.0,80.0,39.0,8.0,3.0,2.0,1.0,14.0,14.0,2.2142857142857144,0.0,14.0,4.0,13.0,0.0,17.0,1.0,5.0,0.0,0.0,0.0,61.0,114.24,32,114.22
mcts:reward=score,linear:runs/linear/pass7/p7b_sarsa_lam98_random_s3.json@best,2,9001,61,1,1.0,1.0,25.0,113.0,88.0,54.0,49.0,5.0,0.0,1.0,26.0,14.0,2.7857142857142856,1.0,6.0,5.0,4.0,0.0,34.0,1.0,5.0,0.0,0.0,0.0,69.0,131.65,36,131.62
mcts:reward=score,linear:runs/linear/pass7/p7b_sarsa_lam98_random_s3.json@best,2,9001,62,1,0.0,0.0,-9.0,69.0,78.0,40.0,19.0,2.0,0.0,1.0,16.0,10.0,2.7,2.0,18.0,1.0,6.0,0.0,38.0,0.0,2.0,0.0,0.0,0.0,64.0,118.84,33,118.81
mcts:reward=score,linear:runs/linear/pass7/p7b_sarsa_lam98_random_s3.json@best,2,9001,63,1,0.0,0.0,-23.0,68.0,91.0,45.0,13.0,2.0,1.0,1.0,26.0,12.0,2.6666666666666665,1.0,13.0,2.0,16.0,0.0,18.0,1.0,3.0,0.0,0.0,0.0,61.0,121.93,32,121.9
mcts:reward=score,wary,2,9001,60,1,0.0,0.0,-25.0,84.0,109.0,50.0,24.0,5.0,1.0,1.0,24.0,16.0,2.4375,0.0,6.0,3.0,11.0,0.0,29.0,3.0,6.0,0.0,0.0,0.0,79.0,154.04,43,154.03
mcts:reward=score,wary,2,9001,61,1,1.0,1.0,35.0,156.0,121.0,62.0,84.0,7.0,0.0,1.0,29.0,16.0,2.75,1.0,1.0,7.0,4.0,1.0,40.0,3.0,7.0,0.0,0.0,0.0,85.0,159.44,46,159.43
mcts:reward=score,wary,2,9001,62,1,1.0,1.0,15.0,126.0,111.0,89.0,27.0,3.0,0.0,1.0,27.0,12.0,3.75,5.0,0.0,9.0,3.0,2.0,55.0,1.0,3.0,0.0,0.0,1.0,87.0,142.74,46,142.73
mcts:reward=score,wary,2,9001,63,1,0.0,0.0,-1.0,117.0,118.0,57.0,50.0,5.0,0.0,1.0,29.0,18.0,2.388888888888889,1.0,2.0,6.0,19.0,1.0,23.0,2.0,5.0,0.0,0.0,0.0,85.0,148.21,45,148.2
mcts,collector,2,9001,60,1,0.0,0.0,-6.0,104.0,110.0,47.0,47.0,5.0,0.0,1.0,20.0,18.0,2.1666666666666665,0.0,6.0,2.0,16.0,1.0,24.0,2.0,5.0,0.0,0.0,0.0,83.0,155.08,44,155.07
mcts,collector,2,9001,61,1,0.0,0.0,-10.0,105.0,115.0,65.0,30.0,3.0,0.0,1.0,24.0,16.0,2.8125,1.0,0.0,6.0,13.0,0.0,37.0,0.0,3.0,0.0,0.0,1.0,82.0,162.43,42,162.42
mcts,collector,2,9001,62,1,1.0,1.0,98.0,122.0,24.0,71.0,41.0,3.0,0.0,1.0,40.0,16.0,2.8125,3.0,0.0,5.0,9.0,0.0,33.0,1.0,3.0,0.0,0.0,1.0,75.0,141.5,40,141.48
mcts,collector,2,9001,63,1,1.0,1.0,6.0,105.0,99.0,54.0,41.0,4.0,0.0,1.0,29.0,16.0,2.5,2.0,5.0,3.0,27.0,0.0,15.0,1.0,4.0,0.0,0.0,0.0,77.0,148.3,40,148.29
mcts:reward=score,collector,2,9001,60,1,1.0,1.0,76.0,153.0,77.0,68.0,75.0,6.0,0.0,1.0,28.0,16.0,2.8125,1.0,0.0,4.0,14.0,1.0,36.0,3.0,6.0,0.0,0.0,1.0,90.0,162.59,49,162.57
mcts:reward=score,collector,2,9001,61,1,1.0,1.0,37.0,157.0,120.0,77.0,70.0,6.0,0.0,1.0,29.0,14.0,3.2142857142857144,2.0,0.0,10.0,6.0,5.0,42.0,3.0,6.0,0.0,0.0,1.0,92.0,204.15,50,204.13
mcts:reward=score,collector,2,9001,62,1,0.0,0.0,-19.0,93.0,112.0,60.0,23.0,4.0,1.0,1.0,36.0,16.0,2.625,2.0,3.0,5.0,15.0,0.0,29.0,3.0,5.0,0.0,0.0,0.0,82.0,149.02,45,149.01
mcts:reward=score,collector,2,9001,63,1,1.0,1.0,4.0,104.0,100.0,53.0,41.0,4.0,0.0,1.0,26.0,17.0,2.3529411764705883,1.0,5.0,3.0,22.0,0.0,18.0,1.0,4.0,0.0,0.0,0.0,77.0,142.35,40,142.34
mcts,racer,2,9001,64,0,1.0,1.0,16.0,106.0,90.0,65.0,31.0,3.0,0.0,1.0,27.0,15.0,2.7333333333333334,2.0,4.0,3.0,14.0,1.0,26.0,0.0,3.0,0.0,0.0,0.0,73.0,122.5,37,122.49
mcts,racer,2,9001,65,0,1.0,1.0,22.0,111.0,89.0,62.0,39.0,3.0,0.0,1.0,30.0,15.0,2.8666666666666667,2.0,2.0,8.0,13.0,0.0,29.0,1.0,3.0,0.0,0.0,0.0,74.0,127.84,39,127.82
mcts,racer,2,9001,66,0,1.0,1.0,32.0,124.0,92.0,50.0,64.0,5.0,0.0,1.0,24.0,18.0,2.2777777777777777,0.0,4.0,5.0,17.0,2.0,19.0,2.0,5.0,0.0,0.0,0.0,80.0,139.33,43,139.32
mcts,racer,2,9001,67,1,0.0,0.0,-12.0,75.0,87.0,43.0,22.0,2.0,0.0,1.0,23.0,15.0,2.2666666666666666,0.0,11.0,3.0,7.0,0.0,33.0,0.0,2.0,0.0,0.0,0.0,70.0,127.66,36,127.64
mcts:reward=score,racer,2,9001,64,0,1.0,1.0,22.0,112.0,90.0,71.0,31.0,3.0,0.0,1.0,26.0,15.0,2.933333333333333,3.0,1.0,3.0,9.0,1.0,33.0,0.0,3.0,0.0,0.0,0.0,75.0,120.5,38,120.49
mcts:reward=score,racer,2,9001,65,0,1.0,1.0,38.0,127.0,89.0,61.0,56.0,4.0,0.0,1.0,28.0,12.0,3.1666666666666665,2.0,7.0,5.0,10.0,1.0,28.0,2.0,4.0,0.0,0.0,0.0,68.0,123.22,37,123.21
mcts:reward=score,racer,2,9001,66,0,1.0,1.0,16.0,108.0,92.0,42.0,56.0,4.0,0.0,1.0,26.0,16.0,2.25,0.0,9.0,8.0,3.0,2.0,31.0,2.0,4.0,0.0,0.0,0.0,74.0,136.85,40,136.84
mcts:reward=score,racer,2,9001,67,1,1.0,1.0,3.0,90.0,87.0,59.0,21.0,2.0,0.0,1.0,24.0,10.0,3.4,3.0,11.0,6.0,3.0,1.0,39.0,0.0,2.0,0.0,0.0,0.0,64.0,126.35,33,126.34
mcts,greedy,2,9001,64,0,1.0,1.0,48.0,106.0,58.0,65.0,31.0,3.0,0.0,1.0,28.0,18.0,2.5,1.0,0.0,3.0,18.0,1.0,26.0,0.0,3.0,0.0,0.0,1.0,82.0,143.5,42,143.49
mcts,greedy,2,9001,65,0,1.0,1.0,82.0,156.0,74.0,61.0,85.0,6.0,0.0,1.0,39.0,17.0,2.6470588235294117,1.0,0.0,5.0,13.0,1.0,31.0,2.0,6.0,0.0,0.0,1.0,83.0,153.42,45,153.41
mcts,greedy,2,9001,66,0,1.0,1.0,82.0,183.0,101.0,58.0,115.0,8.0,0.0,1.0,34.0,19.0,2.3684210526315788,1.0,0.0,3.0,25.0,0.0,17.0,3.0,8.0,0.0,0.0,1.0,85.0,159.46,47,159.45
mcts,greedy,2,9001,67,1,1.0,1.0,17.0,107.0,90.0,58.0,39.0,4.0,0.0,1.0,19.0,19.0,2.3157894736842106,1.0,1.0,6.0,14.0,2.0,26.0,1.0,4.0,0.0,0.0,1.0,83.0,143.4,44,143.39
mcts:reward=score,greedy,2,9001,64,0,1.0,1.0,89.0,147.0,58.0,86.0,51.0,6.0,0.0,1.0,33.0,12.0,3.75,3.0,0.0,7.0,2.0,0.0,54.0,2.0,6.0,0.0,0.0,1.0,84.0,152.75,45,152.74
mcts:reward=score,greedy,2,9001,65,0,1.0,1.0,10.0,119.0,109.0,69.0,40.0,3.0,0.0,1.0,35.0,15.0,3.0,2.0,0.0,4.0,6.0,0.0,50.0,1.0,3.0,0.0,0.0,1.0,87.0,151.17,46,151.15
mcts:reward=score,greedy,2,9001,66,0,1.0,1.0,66.0,173.0,107.0,62.0,101.0,6.0,0.0,1.0,37.0,15.0,2.7333333333333334,2.0,4.0,6.0,11.0,1.0,35.0,2.0,6.0,0.0,0.0,0.0,82.0,152.74,44,152.73
mcts:reward=score,greedy,2,9001,67,1,1.0,1.0,0.0,134.0,134.0,69.0,65.0,6.0,0.0,0.0,32.0,15.0,3.0,3.0,0.0,6.0,6.0,0.0,46.0,3.0,6.0,0.0,0.0,1.0,87.0,151.27,48,151.25
mcts,wary,2,9001,64,0,1.0,1.0,38.0,106.0,68.0,65.0,31.0,3.0,0.0,1.0,28.0,18.0,2.5,1.0,0.0,3.0,18.0,1.0,26.0,0.0,3.0,0.0,0.0,1.0,82.0,140.83,42,140.82
mcts,wary,2,9001,65,0,1.0,1.0,82.0,156.0,74.0,61.0,85.0,6.0,0.0,1.0,39.0,17.0,2.6470588235294117,1.0,0.0,5.0,13.0,1.0,31.0,2.0,6.0,0.0,0.0,1.0,83.0,150.52,45,150.51
mcts,wary,2,9001,66,0,1.0,1.0,73.0,183.0,110.0,58.0,115.0,8.0,0.0,1.0,34.0,19.0,2.3684210526315788,1.0,0.0,3.0,25.0,0.0,17.0,3.0,8.0,0.0,0.0,1.0,85.0,158.3,47,158.29
mcts,wary,2,9001,67,1,1.0,1.0,17.0,107.0,90.0,58.0,39.0,4.0,0.0,1.0,19.0,19.0,2.3157894736842106,1.0,1.0,6.0,14.0,2.0,26.0,1.0,4.0,0.0,0.0,1.0,83.0,152.48,44,152.47
mcts,ppo:runs/ppo/pass2/p2b_pool_s3.json,2,9001,64,0,0.0,0.0,-58.0,39.0,97.0,42.0,-3.0,2.0,1.0,0.0,17.0,14.0,2.2857142857142856,0.0,13.0,2.0,19.0,1.0,17.0,0.0,3.0,0.0,0.0,0.0,67.0,123.2,34,123.13
mcts,ppo:runs/ppo/pass2/p2b_pool_s3.json,2,9001,65,0,0.0,0.0,-53.0,41.0,94.0,41.0,0.0,1.0,1.0,0.0,17.0,13.0,2.4615384615384617,0.0,13.0,2.0,19.0,0.0,17.0,0.0,2.0,0.0,0.0,0.0,62.0,119.86,32,119.8
mcts,ppo:runs/ppo/pass2/p2b_pool_s3.json,2,9001,66,0,1.0,1.0,2.0,94.0,92.0,44.0,50.0,3.0,0.0,0.0,29.0,13.0,2.6153846153846154,0.0,11.0,2.0,15.0,1.0,19.0,1.0,3.0,0.0,0.0,0.0,64.0,135.32,34,135.26
mcts,ppo:runs/ppo/pass2/p2b_pool_s3.json,2,9001,67,1,0.0,0.0,-17.0,64.0,81.0,45.0,19.0,3.0,1.0,0.0,27.0,14.0,2.4285714285714284,0.0,11.0,5.0,8.0,0.0,28.0,1.0,4.0,0.0,0.0,0.0,66.0,139.86,35,139.8
mcts,collector,2,9001,64,0,1.0,1.0,18.0,108.0,90.0,67.0,31.0,3.0,0.0,1.0,24.0,17.0,2.588235294117647,2.0,1.0,4.0,14.0,1.0,28.0,0.0,3.0,0.0,0.0,1.0,78.0,136.29,40,136.28
mcts,collector,2,9001,65,0,1.0,1.0,82.0,156.0,74.0,61.0,85.0,6.0,0.0,1.0,39.0,17.0,2.6470588235294117,1.0,0.0,5.0,13.0,1.0,31.0,2.0,6.0,0.0,0.0,1.0,83.0,149.69,45,149.67
mcts,collector,2,9001,66,0,1.0,1.0,66.0,115.0,49.0,68.0,37.0,2.0,0.0,1.0,27.0,14.0,3.142857142857143,1.0,1.0,2.0,27.0,0.0,15.0,0.0,2.0,0.0,0.0,1.0,69.0,136.47,36,136.46
mcts,collector,2,9001,67,1,1.0,1.0,13.0,97.0,84.0,57.0,30.0,3.0,0.0,1.0,27.0,20.0,2.25,1.0,0.0,4.0,10.0,0.0,34.0,1.0,3.0,0.0,0.0,1.0,85.0,166.73,45,166.71
mcts,linear:runs/linear/pass7/p7b_sarsa_lam98_random_s3.json@best,2,9001,64,0,1.0,1.0,22.0,100.0,78.0,59.0,31.0,3.0,0.0,1.0,23.0,13.0,2.769230769230769,2.0,9.0,2.0,15.0,1.0,21.0,0.0,3.0,0.0,0.0,0.0,65.0,114.65,33,114.62
mcts,linear:runs/linear/pass7/p7b_sarsa_lam98_random_s3.json@best,2,9001,65,0,1.0,1.0,5.0,92.0,87.0,60.0,22.0,2.0,0.0,1.0,24.0,16.0,2.6875,1.0,2.0,4.0,10.0,0.0,32.0,0.0,2.0,0.0,0.0,0.0,74.0,124.08,38,124.05
mcts,linear:runs/linear/pass7/p7b_sarsa_lam98_random_s3.json@best,2,9001,66,0,1.0,1.0,24.0,103.0,79.0,43.0,50.0,3.0,0.0,1.0,24.0,15.0,2.3333333333333335,0.0,10.0,0.0,14.0,0.0,22.0,1.0,3.0,0.0,0.0,0.0,68.0,135.03,36,135.0
mcts,linear:runs/linear/pass7/p7b_sarsa_lam98_random_s3.json@best,2,9001,67,1,1.0,1.0,17.0,94.0,77.0,45.0,39.0,4.0,0.0,1.0,23.0,16.0,2.25,0.0,9.0,6.0,6.0,1.0,28.0,1.0,4.0,0.0,0.0,0.0,70.0,139.4,37,139.36
mcts:reward=score,ppo:runs/ppo/pass2/p2b_pool_s3.json,2,9001,64,0,0.0,0.0,-17.0,66.0,83.0,59.0,-3.0,2.0,1.0,1.0,29.0,13.0,2.8461538461538463,2.0,8.0,1.0,21.0,0.0,17.0,0.0,3.0,0.0,0.0,0.0,65.0,126.48,33,126.41
mcts:reward=score,ppo:runs/ppo/pass2/p2b_pool_s3.json,2,9001,65,0,1.0,1.0,11.0,99.0,88.0,60.0,29.0,3.0,1.0,1.0,26.0,11.0,3.3636363636363638,2.0,8.0,4.0,3.0,0.0,35.0,2.0,4.0,0.0,0.0,0.0,64.0,127.68,35,127.62
mcts:reward=score,ppo:runs/ppo/pass2/p2b_pool_s3.json,2,9001,66,0,0.0,0.0,-31.0,62.0,93.0,38.0,24.0,2.0,1.0,0.0,22.0,12.0,2.4166666666666665,1.0,16.0,3.0,9.0,1.0,23.0,1.0,3.0,0.0,0.0,0.0,60.0,130.55,32,130.49
mcts:reward=score,ppo:runs/ppo/pass2/p2b_pool_s3.json,2,9001,67,1,0.0,0.0,-11.0,72.0,83.0,41.0,21.0,2.0,0.0,1.0,22.0,11.0,2.6363636363636362,1.0,16.0,4.0,9.0,0.0,33.0,0.0,2.0,0.0,0.0,0.0,64.0,145.58,33,145.51
mcts:reward=score,wary,2,9001,64,0,1.0,1.0,74.0,147.0,73.0,86.0,51.0,6.0,0.0,1.0,33.0,12.0,3.75,3.0,0.0,7.0,2.0,0.0,54.0,2.0,6.0,0.0,0.0,1.0,84.0,153.92,45,153.91
mcts:reward=score,wary,2,9001,65,0,0.0,0.0,-20.0,78.0,98.0,72.0,-4.0,2.0,1.0,1.0,31.0,14.0,3.2142857142857144,2.0,0.0,5.0,6.0,1.0,42.0,1.0,3.0,0.0,0.0,0.0,80.0,148.49,42,148.48
mcts:reward=score,wary,2,9001,66,0,1.0,1.0,66.0,173.0,107.0,62.0,101.0,6.0,0.0,1.0,37.0,15.0,2.7333333333333334,2.0,4.0,6.0,11.0,1.0,35.0,2.0,6.0,0.0,0.0,0.0,82.0,155.7,44,155.69
mcts:reward=score,wary,2,9001,67,1,1.0,1.0,0.0,134.0,134.0,69.0,65.0,6.0,0.0,0.0,32.0,15.0,3.0,3.0,0.0,6.0,6.0,0.0,46.0,3.0,6.0,0.0,0.0,1.0,87.0,165.6,48,165.59
mcts:reward=score,collector,2,9001,64,0,1.0,1.0,92.0,173.0,81.0,74.0,89.0,9.0,0.0,1.0,32.0,14.0,3.142857142857143,2.0,1.0,5.0,2.0,0.0,40.0,5.0,9.0,0.0,0.0,0.0,81.0,157.12,46,157.11
mcts:reward=score,collector,2,9001,65,0,1.0,1.0,79.0,132.0,53.0,82.0,40.0,3.0,0.0,1.0,26.0,11.0,4.090909090909091,4.0,0.0,8.0,11.0,0.0,45.0,1.0,3.0,0.0,0.0,1.0,79.0,147.49,42,147.47
mcts:reward=score,collector,2,9001,66,0,1.0,1.0,6.0,110.0,104.0,60.0,50.0,3.0,0.0,0.0,25.0,17.0,2.6470588235294117,1.0,0.0,2.0,13.0,0.0,29.0,1.0,3.0,0.0,0.0,1.0,77.0,152.43,41,152.41
mcts:reward=score,collector,2,9001,67,1,1.0,1.0,62.0,137.0,75.0,69.0,58.0,6.0,0.0,1.0,22.0,16.0,2.8125,2.0,0.0,6.0,2.0,1.0,54.0,2.0,6.0,0.0,0.0,1.0,93.0,192.19,50,192.17
mcts:reward=score,linear:runs/linear/pass7/p7b_sarsa_lam98_random_s3.json@best,2,9001,64,0,1.0,1.0,42.0,122.0,80.0,59.0,53.0,5.0,0.0,1.0,24.0,13.0,2.8461538461538463,2.0,8.0,7.0,2.0,0.0,36.0,1.0,5.0,0.0,0.0,0.0,67.0,122.28,35,122.25
mcts:reward=score,linear:runs/linear/pass7/p7b_sarsa_lam98_random_s3.json@best,2,9001,65,0,1.0,1.0,43.0,119.0,76.0,53.0,56.0,5.0,0.0,1.0,23.0,15.0,2.6,1.0,6.0,4.0,2.0,0.0,36.0,2.0,5.0,0.0,0.0,0.0,72.0,133.42,39,133.39
mcts:reward=score,linear:runs/linear/pass7/p7b_sarsa_lam98_random_s3.json@best,2,9001,66,0,1.0,1.0,12.0,97.0,85.0,39.0,48.0,4.0,1.0,1.0,23.0,16.0,2.125,0.0,11.0,7.0,7.0,2.0,21.0,2.0,5.0,0.0,0.0,0.0,68.0,141.26,37,141.23
mcts:reward=score,linear:runs/linear/pass7/p7b_sarsa_lam98_random_s3.json@best,2,9001,67,1,0.0,0.0,-7.0,68.0,75.0,57.0,1.0,1.0,1.0,1.0,16.0,11.0,3.1818181818181817,2.0,10.0,7.0,3.0,1.0,39.0,0.0,2.0,0.0,0.0,0.0,66.0,140.57,34,140.54
mcts,racer,2,9001,68,1,1.0,1.0,17.0,102.0,85.0,55.0,37.0,4.0,0.0,1.0,22.0,13.0,2.769230769230769,1.0,9.0,12.0,10.0,2.0,26.0,1.0,4.0,0.0,0.0,0.0,68.0,127.97,36,127.95
mcts,racer,2,9001,69,1,0.0,0.0,-13.0,85.0,98.0,53.0,22.0,3.0,1.0,1.0,20.0,15.0,2.6,0.0,6.0,6.0,6.0,0.0,34.0,1.0,4.0,0.0,0.0,0.0,73.0,133.61,38,133.6
mcts,racer,2,9001,70,1,1.0,1.0,17.0,102.0,85.0,46.0,46.0,4.0,0.0,1.0,30.0,16.0,2.3125,0.0,8.0,4.0,8.0,1.0,26.0,1.0,4.0,0.0,0.0,0.0,71.0,132.73,37,132.72
mcts,racer,2,9001,71,1,1.0,1.0,9.0,99.0,90.0,43.0,46.0,4.0,1.0,1.0,28.0,14.0,2.357142857142857,1.0,12.0,3.0,22.0,0.0,14.0,2.0,5.0,0.0,0.0,0.0,68.0,135.64,37,135.63
mcts:reward=score,racer,2,9001,68,1,1.0,1.0,19.0,104.0,85.0,44.0,50.0,6.0,0.0,1.0,21.0,15.0,2.4,0.0,9.0,9.0,7.0,0.0,29.0,2.0,6.0,0.0,0.0,0.0,70.0,127.91,38,127.9
mcts:reward=score,racer,2,9001,69,1,1.0,1.0,23.0,121.0,98.0,62.0,49.0,5.0,0.0,1.0,21.0,16.0,2.75,0.0,1.0,7.0,7.0,1.0,33.0,2.0,5.0,0.0,0.0,1.0,78.0,139.96,42,139.94
mcts:reward=score,racer,2,9001,70,1,1.0,1.0,23.0,108.0,85.0,48.0,50.0,5.0,0.0,1.0,23.0,15.0,2.466666666666667,0.0,8.0,3.0,6.0,1.0,28.0,2.0,5.0,0.0,0.0,0.0,71.0,129.66,38,129.65
mcts:reward=score,racer,2,9001,71,1,1.0,1.0,16.0,106.0,90.0,50.0,46.0,4.0,1.0,1.0,25.0,12.0,2.8333333333333335,1.0,11.0,4.0,18.0,0.0,16.0,2.0,5.0,0.0,0.0,0.0,62.0,132.17,34,132.16
mcts,greedy,2,9001,68,1,1.0,1.0,20.0,121.0,101.0,53.0,58.0,6.0,0.0,1.0,30.0,17.0,2.411764705882353,0.0,4.0,8.0,14.0,1.0,24.0,3.0,6.0,0.0,0.0,0.0,80.0,156.44,44,156.43
mcts,greedy,2,9001,69,1,1.0,1.0,60.0,102.0,42.0,61.0,31.0,3.0,0.0,1.0,22.0,17.0,2.6470588235294117,1.0,0.0,6.0,13.0,1.0,29.0,0.0,3.0,0.0,0.0,1.0,78.0,157.67,40,157.65
mcts,greedy,2,9001,70,1,0.0,0.0,-6.0,102.0,108.0,57.0,35.0,3.0,0.0,1.0,31.0,17.0,2.4705882352941178,1.0,3.0,3.0,6.0,0.0,40.0,1.0,3.0,0.0,0.0,0.0,83.0,152.11,43,152.1
mcts,greedy,2,9001,71,1,0.0,0.0,-6.0,109.0,115.0,71.0,28.0,2.0,0.0,1.0,30.0,14.0,3.2142857142857144,3.0,0.0,4.0,21.0,1.0,31.0,0.0,2.0,0.0,0.0,1.0,81.0,150.62,42,150.61
mcts:reward=score,greedy,2,9001,68,1,1.0,1.0,77.0,166.0,89.0,57.0,99.0,10.0,0.0,1.0,30.0,18.0,2.4444444444444446,0.0,1.0,4.0,8.0,0.0,32.0,5.0,10.0,0.0,0.0,1.0,85.0,155.78,49,155.77
mcts:reward=score,greedy,2,9001,69,1,1.0,1.0,54.0,130.0,76.0,66.0,54.0,5.0,0.0,1.0,32.0,15.0,3.0,0.0,0.0,5.0,14.0,0.0,34.0,2.0,5.0,0.0,0.0,1.0,82.0,154.25,44,154.23
mcts:reward=score,greedy,2,9001,70,1,1.0,1.0,27.0,130.0,103.0,75.0,45.0,4.0,0.0,1.0,26.0,13.0,3.230769230769231,4.0,3.0,7.0,6.0,1.0,44.0,2.0,4.0,0.0,0.0,0.0,83.0,158.15,44,158.14
mcts:reward=score,greedy,2,9001,71,1,1.0,1.0,59.0,171.0,112.0,65.0,96.0,7.0,0.0,1.0,34.0,17.0,2.6470588235294117,2.0,0.0,5.0,16.0,0.0,30.0,3.0,7.0,0.0,0.0,1.0,85.0,154.52,47,154.51
mcts,ppo:runs/ppo/pass2/p2b_pool_s3.json,2,9001,68,1,0.0,0.0,-6.0,77.0,83.0,40.0,37.0,4.0,0.0,0.0,18.0,15.0,2.2,0.0,12.0,6.0,4.0,0.0,28.0,1.0,4.0,0.0,0.0,0.0,64.0,133.72,34,133.66
mcts,ppo:runs/ppo/pass2/p2b_pool_s3.json,2,9001,69,1,0.0,0.0,-28.0,65.0,93.0,38.0,17.0,2.0,1.0,1.0,18.0,13.0,2.3076923076923075,0.0,15.0,3.0,15.0,0.0,23.0,0.0,3.0,0.0,0.0,0.0,65.0,127.89,33,127.83
mcts,ppo:runs/ppo/pass2/p2b_pool_s3.json,2,9001,70,1,0.0,0.0,-63.0,20.0,83.0,27.0,-7.0,2.0,1.0,0.0,17.0,12.0,2.0,0.0,21.0,3.0,4.0,1.0,26.0,1.0,3.0,0.0,0.0,0.0,59.0,124.37,31,124.31
mcts,ppo:runs/ppo/pass2/p2b_pool_s3.json,2,9001,71,1,1.0,1.0,22.0,99.0,77.0,53.0,46.0,4.0,1.0,0.0,27.0,13.0,2.6923076923076925,2.0,10.0,2.0,17.0,1.0,15.0,1.0,5.0,0.0,0.0,0.0,62.0,134.69,33,134.63
mcts:reward=score,ppo:runs/ppo/pass2/p2b_pool_s3.json,2,9001,68,1,1.0,1.0,5.0,92.0,87.0,42.0,50.0,6.0,0.0,0.0,21.0,14.0,2.4285714285714284,0.0,11.0,8.0,7.0,0.0,27.0,2.0,6.0,0.0,0.0,0.0,66.0,138.72,36,138.66
mcts:reward=score,ppo:runs/ppo/pass2/p2b_pool_s3.json,2,9001,69,1,0.0,0.0,-37.0,56.0,93.0,44.0,12.0,3.0,2.0,0.0,18.0,12.0,2.75,0.0,12.0,5.0,6.0,0.0,32.0,1.0,5.0,0.0,0.0,0.0,65.0,132.58,34,132.52
mcts:reward=score,ppo:runs/ppo/pass2/p2b_pool_s3.json,2,9001,70,1,0.0,0.0,-11.0,79.0,90.0,36.0,43.0,4.0,0.0,0.0,23.0,14.0,2.2142857142857144,0.0,14.0,1.0,4.0,1.0,26.0,2.0,4.0,0.0,0.0,0.0,65.0,127.33,35,127.27
mcts:reward=score,ppo:runs/ppo/pass2/p2b_pool_s3.json,2,9001,71,1,1.0,1.0,5.0,84.0,79.0,51.0,33.0,3.0,1.0,0.0,27.0,12.0,2.8333333333333335,1.0,11.0,2.0,25.0,1.0,11.0,1.0,4.0,0.0,0.0,0.0,64.0,131.5,34,131.44
mcts,linear:runs/linear/pass7/p7b_sarsa_lam98_random_s3.json@best,2,9001,68,1,1.0,1.0,32.0,107.0,75.0,48.0,49.0,6.0,0.0,1.0,29.0,15.0,2.533333333333333,0.0,7.0,7.0,10.0,0.0,28.0,2.0,6.0,0.0,0.0,0.0,72.0,139.86,39,139.83
mcts,linear:runs/linear/pass7/p7b_sarsa_lam98_random_s3.json@best,2,9001,69,1,0.0,0.0,-26.0,65.0,91.0,46.0,9.0,2.0,1.0,1.0,15.0,15.0,2.4,0.0,9.0,4.0,11.0,1.0,21.0,0.0,3.0,0.0,0.0,0.0,65.0,121.97,33,121.94
mcts,linear:runs/linear/pass7/p7b_sarsa_lam98_random_s3.json@best,2,9001,70,1,1.0,1.0,33.0,106.0,73.0,41.0,55.0,5.0,0.0,1.0,23.0,14.0,2.357142857142857,0.0,12.0,4.0,7.0,1.0,25.0,2.0,5.0,0.0,0.0,0.0,67.0,127.92,36,127.9
mcts,linear:runs/linear/pass7/p7b_sarsa_lam98_random_s3.json@best,2,9001,71,1,1.0,1.0,5.0,85.0,80.0,44.0,31.0,3.0,1.0,1.0,28.0,13.0,2.4615384615384617,1.0,13.0,6.0,9.0,0.0,25.0,1.0,4.0,0.0,0.0,0.0,62.0,132.93,33,132.91
mcts,wary,2,9001,68,1,1.0,1.0,21.0,121.0,100.0,53.0,58.0,6.0,0.0,1.0,30.0,17.0,2.411764705882353,0.0,4.0,8.0,14.0,1.0,24.0,3.0,6.0,0.0,0.0,0.0,80.0,161.07,44,161.05
mcts,wary,2,9001,69,1,1.0,1.0,32.0,100.0,68.0,59.0,31.0,3.0,0.0,1.0,22.0,16.0,2.6875,1.0,2.0,5.0,13.0,0.0,33.0,0.0,3.0,0.0,0.0,0.0,79.0,150.16,40,150.15
mcts,wary,2,9001,70,1,1.0,1.0,6.0,108.0,102.0,63.0,35.0,3.0,0.0,1.0,33.0,17.0,2.6470588235294117,1.0,0.0,4.0,6.0,1.0,38.0,1.0,3.0,0.0,0.0,1.0,82.0,146.92,43,146.91
mcts,wary,2,9001,71,1,0.0,0.0,-14.0,99.0,113.0,61.0,28.0,2.0,0.0,1.0,27.0,13.0,3.076923076923077,2.0,5.0,4.0,21.0,0.0,31.0,0.0,2.0,0.0,0.0,0.0,78.0,148.01,40,148.0
mcts:reward=score,linear:runs/linear/pass7/p7b_sarsa_lam98_random_s3.json@best,2,9001,68,1,1.0,1.0,21.0,96.0,75.0,37.0,49.0,6.0,0.0,1.0,16.0,13.0,2.3076923076923075,0.0,15.0,6.0,7.0,1.0,19.0,3.0,6.0,0.0,0.0,0.0,60.0,134.96,34,134.94
mcts:reward=score,linear:runs/linear/pass7/p7b_sarsa_lam98_random_s3.json@best,2,9001,69,1,0.0,0.0,-18.0,69.0,87.0,50.0,9.0,2.0,1.0,1.0,24.0,11.0,3.090909090909091,1.0,11.0,4.0,5.0,0.0,39.0,0.0,3.0,0.0,0.0,0.0,67.0,125.08,34,125.05
mcts:reward=score,linear:runs/linear/pass7/p7b_sarsa_lam98_random_s3.json@best,2,9001,70,1,1.0,1.0,5.0,78.0,73.0,37.0,31.0,4.0,1.0,1.0,23.0,13.0,2.3076923076923075,0.0,15.0,3.0,10.0,0.0,22.0,2.0,5.0,0.0,0.0,0.0,63.0,122.92,34,122.89
mcts:reward=score,linear:runs/linear/pass7/p7b_sarsa_lam98_random_s3.json@best,2,9001,71,1,1.0,1.0,29.0,109.0,80.0,46.0,53.0,4.0,0.0,1.0,25.0,13.0,2.6153846153846154,0.0,11.0,6.0,13.0,2.0,23.0,2.0,4.0,0.0,0.0,0.0,70.0,143.42,38,143.39
mcts:reward=score,wary,2,9001,68,1,1.0,1.0,79.0,166.0,87.0,57.0,99.0,10.0,0.0,1.0,30.0,18.0,2.4444444444444446,0.0,1.0,4.0,8.0,0.0,32.0,5.0,10.0,0.0,0.0,1.0,85.0,165.53,49,165.52
mcts:reward=score,wary,2,9001,69,1,1.0,1.0,73.0,130.0,57.0,66.0,54.0,5.0,0.0,1.0,32.0,15.0,3.0,0.0,0.0,5.0,14.0,0.0,34.0,2.0,5.0,0.0,0.0,1.0,82.0,151.93,44,151.92
mcts:reward=score,wary,2,9001,70,1,1.0,1.0,30.0,130.0,100.0,75.0,45.0,4.0,0.0,1.0,26.0,13.0,3.230769230769231,4.0,3.0,8.0,6.0,1.0,42.0,2.0,4.0,0.0,0.0,0.0,81.0,155.41,43,155.4
mcts:reward=score,wary,2,9001,71,1,1.0,1.0,59.0,171.0,112.0,65.0,96.0,7.0,0.0,1.0,34.0,17.0,2.6470588235294117,2.0,0.0,5.0,16.0,0.0,30.0,3.0,7.0,0.0,0.0,1.0,85.0,158.52,47,158.51
mcts,collector,2,9001,68,1,1.0,1.0,14.0,101.0,87.0,59.0,32.0,3.0,0.0,1.0,32.0,19.0,2.3684210526315788,1.0,0.0,7.0,24.0,0.0,22.0,1.0,3.0,0.0,0.0,1.0,85.0,172.3,45,172.28
mcts,collector,2,9001,69,1,1.0,1.0,42.0,109.0,67.0,68.0,31.0,3.0,0.0,1.0,29.0,16.0,2.8125,1.0,0.0,8.0,11.0,1.0,39.0,0.0,3.0,0.0,0.0,1.0,84.0,184.48,43,184.47
mcts,collector,2,9001,70,1,1.0,1.0,16.0,119.0,103.0,68.0,41.0,5.0,0.0,1.0,23.0,17.0,2.6470588235294117,2.0,0.0,3.0,12.0,0.0,40.0,1.0,5.0,0.0,0.0,1.0,88.0,162.21,46,162.19
mcts,collector,2,9001,71,1,1.0,1.0,45.0,107.0,62.0,69.0,28.0,2.0,0.0,1.0,25.0,15.0,2.933333333333333,2.0,1.0,2.0,19.0,0.0,21.0,0.0,2.0,0.0,0.0,1.0,69.0,142.02,36,142.01
mcts:reward=score,collector,2,9001,68,1,1.0,1.0,67.0,149.0,82.0,74.0,65.0,6.0,0.0,1.0,32.0,15.0,3.0,2.0,0.0,8.0,8.0,1.0,40.0,3.0,6.0,0.0,0.0,1.0,85.0,186.15,47,186.13
mcts:reward=score,collector,2,9001,69,1,1.0,1.0,69.0,132.0,63.0,61.0,61.0,5.0,0.0,1.0,28.0,14.0,3.0,0.0,3.0,2.0,13.0,0.0,43.0,1.0,5.0,0.0,0.0,0.0,87.0,159.52,45,159.5
mcts:reward=score,collector,2,9001,70,1,1.0,1.0,45.0,153.0,108.0,63.0,80.0,6.0,0.0,1.0,25.0,15.0,2.7333333333333334,2.0,4.0,8.0,1.0,2.0,53.0,3.0,6.0,0.0,0.0,0.0,95.0,187.63,51,187.61
mcts:reward=score,collector,2,9001,71,1,1.0,1.0,49.0,127.0,78.0,63.0,54.0,6.0,0.0,1.0,30.0,17.0,2.6470588235294117,1.0,0.0,4.0,15.0,1.0,31.0,2.0,6.0,0.0,0.0,1.0,85.0,163.69,46,163.67
mcts,racer,2,9001,72,1,0.0,0.0,-8.0,84.0,92.0,41.0,33.0,5.0,1.0,1.0,26.0,16.0,2.125,0.0,11.0,4.0,4.0,0.0,30.0,2.0,6.0,0.0,0.0,0.0,71.0,136.25,38,136.24
mcts,racer,2,9001,73,1,0.0,0.0,-18.0,73.0,91.0,38.0,25.0,3.0,0.0,1.0,17.0,15.0,2.1333333333333333,0.0,13.0,5.0,12.0,1.0,24.0,0.0,3.0,0.0,0.0,0.0,68.0,132.59,35,132.58
mcts,racer,2,9001,74,1,1.0,1.0,2.0,102.0,100.0,43.0,49.0,5.0,0.0,1.0,21.0,12.0,2.75,0.0,12.0,7.0,9.0,1.0,25.0,2.0,5.0,0.0,0.0,0.0,65.0,138.84,35,138.83
mcts,racer,2,9001,75,0,1.0,1.0,1.0,89.0,88.0,49.0,30.0,2.0,0.0,1.0,27.0,16.0,2.375,0.0,7.0,5.0,7.0,1.0,27.0,0.0,2.0,0.0,0.0,0.0,69.0,126.88,35,126.87
mcts:reward=score,racer,2,9001,72,1,1.0,1.0,4.0,96.0,92.0,42.0,44.0,7.0,1.0,1.0,23.0,16.0,2.1875,0.0,10.0,6.0,4.0,0.0,30.0,5.0,8.0,0.0,0.0,0.0,77.0,127.24,44,127.23
mcts:reward=score,racer,2,9001,73,1,1.0,1.0,7.0,98.0,91.0,49.0,39.0,4.0,1.0,1.0,27.0,14.0,2.5,0.0,10.0,7.0,5.0,1.0,31.0,2.0,5.0,0.0,0.0,0.0,70.0,134.4,38,134.39
mcts:reward=score,racer,2,9001,74,1,1.0,1.0,3.0,93.0,90.0,42.0,41.0,5.0,0.0,1.0,22.0,15.0,2.2666666666666666,0.0,11.0,6.0,17.0,0.0,13.0,2.0,5.0,0.0,0.0,0.0,65.0,129.86,35,129.84
mcts:reward=score,racer,2,9001,75,0,1.0,1.0,13.0,101.0,88.0,48.0,43.0,5.0,0.0,1.0,22.0,13.0,2.6923076923076925,1.0,10.0,6.0,6.0,0.0,30.0,1.0,5.0,0.0,0.0,0.0,65.0,127.86,34,127.85
mcts:reward=score,greedy,2,9001,72,1,0.0,0.0,-10.0,104.0,114.0,82.0,12.0,2.0,1.0,1.0,24.0,13.0,3.4615384615384617,5.0,0.0,10.0,10.0,1.0,42.0,1.0,3.0,0.0,0.0,0.0,83.0,143.74,43,143.72
mcts:reward=score,greedy,2,9001,73,1,1.0,1.0,21.0,124.0,103.0,72.0,42.0,4.0,0.0,1.0,27.0,15.0,3.0,2.0,0.0,10.0,3.0,0.0,41.0,1.0,4.0,0.0,0.0,1.0,75.0,149.92,40,149.91
mcts:reward=score,greedy,2,9001,74,1,1.0,1.0,16.0,127.0,111.0,57.0,60.0,6.0,0.0,1.0,29.0,18.0,2.4444444444444446,0.0,1.0,9.0,6.0,0.0,38.0,3.0,6.0,0.0,0.0,0.0,87.0,164.91,47,164.9
mcts:reward=score,greedy,2,9001,75,0,1.0,1.0,21.0,131.0,110.0,66.0,55.0,5.0,0.0,1.0,28.0,15.0,2.933333333333333,2.0,1.0,3.0,19.0,0.0,31.0,1.0,5.0,0.0,0.0,0.0,83.0,145.47,43,145.46
mcts,greedy,2,9001,72,1,0.0,0.0,-25.0,100.0,125.0,48.0,42.0,5.0,0.0,1.0,27.0,19.0,2.1578947368421053,0.0,4.0,7.0,9.0,1.0,33.0,2.0,5.0,0.0,0.0,0.0,87.0,162.69,46,162.68
mcts,greedy,2,9001,73,1,1.0,1.0,3.0,95.0,92.0,60.0,25.0,3.0,0.0,1.0,24.0,17.0,2.6470588235294117,1.0,0.0,6.0,9.0,2.0,35.0,0.0,3.0,0.0,0.0,1.0,81.0,159.4,42,159.39
mcts,greedy,2,9001,74,1,1.0,1.0,17.0,117.0,100.0,66.0,41.0,4.0,0.0,1.0,25.0,17.0,2.6470588235294117,1.0,0.0,6.0,20.0,1.0,24.0,1.0,4.0,0.0,0.0,0.0,83.0,166.96,43,166.95
mcts,greedy,2,9001,75,0,1.0,1.0,11.0,143.0,132.0,59.0,74.0,8.0,0.0,1.0,27.0,18.0,2.5,1.0,0.0,9.0,4.0,2.0,38.0,3.0,8.0,0.0,0.0,1.0,88.0,169.55,48,169.53
mcts:reward=score,ppo:runs/ppo/pass2/p2b_pool_s3.json,2,9001,72,1,0.0,0.0,-38.0,50.0,88.0,29.0,21.0,2.0,0.0,0.0,11.0,10.0,2.3,0.0,22.0,6.0,5.0,1.0,35.0,0.0,2.0,0.0,0.0,0.0,63.0,128.91,32,128.84
mcts:reward=score,ppo:runs/ppo/pass2/p2b_pool_s3.json,2,9001,73,1,0.0,0.0,-59.0,38.0,97.0,35.0,3.0,3.0,3.0,0.0,13.0,13.0,2.230769230769231,0.0,16.0,4.0,10.0,0.0,22.0,2.0,6.0,0.0,0.0,0.0,62.0,135.79,34,135.73
mcts:reward=score,ppo:runs/ppo/pass2/p2b_pool_s3.json,2,9001,74,1,0.0,0.0,-33.0,60.0,93.0,28.0,32.0,4.0,0.0,0.0,13.0,11.0,2.1818181818181817,0.0,21.0,6.0,11.0,0.0,27.0,1.0,4.0,0.0,0.0,0.0,63.0,119.55,33,119.49
mcts:reward=score,ppo:runs/ppo/pass2/p2b_pool_s3.json,2,9001,75,0,1.0,1.0,7.0,91.0,84.0,48.0,43.0,5.0,0.0,0.0,22.0,13.0,2.6923076923076925,1.0,10.0,5.0,6.0,0.0,28.0,1.0,5.0,0.0,0.0,0.0,63.0,128.12,33,128.06
mcts,ppo:runs/ppo/pass2/p2b_pool_s3.json,2,9001,72,1,0.0,0.0,-35.0,53.0,88.0,43.0,10.0,3.0,1.0,0.0,14.0,15.0,2.3333333333333335,1.0,10.0,5.0,8.0,0.0,24.0,1.0,4.0,0.0,0.0,0.0,65.0,134.66,34,134.59
mcts,ppo:runs/ppo/pass2/p2b_pool_s3.json,2,9001,73,1,0.0,0.0,-32.0,64.0,96.0,39.0,25.0,3.0,0.0,0.0,23.0,16.0,2.0625,0.0,12.0,6.0,11.0,1.0,21.0,0.0,3.0,0.0,0.0,0.0,66.0,138.14,34,138.05
mcts,ppo:runs/ppo/pass2/p2b_pool_s3.json,2,9001,74,1,0.0,0.0,-18.0,74.0,92.0,42.0,32.0,3.0,0.0,0.0,24.0,11.0,2.6363636363636362,1.0,16.0,5.0,18.0,1.0,16.0,1.0,3.0,0.0,0.0,0.0,61.0,119.8,32,119.74
mcts,ppo:runs/ppo/pass2/p2b_pool_s3.json,2,9001,75,0,1.0,1.0,1.0,87.0,86.0,49.0,38.0,4.0,1.0,0.0,27.0,13.0,2.6153846153846154,1.0,11.0,4.0,17.0,0.0,17.0,1.0,5.0,0.0,0.0,0.0,63.0,130.76,33,130.7
mcts:reward=score,wary,2,9001,72,1,0.0,0.0,-10.0,104.0,114.0,82.0,12.0,2.0,1.0,1.0,24.0,13.0,3.4615384615384617,5.0,0.0,10.0,10.0,1.0,42.0,1.0,3.0,0.0,0.0,0.0,83.0,150.22,43,150.2
mcts:reward=score,wary,2,9001,73,1,1.0,1.0,22.0,124.0,102.0,72.0,42.0,4.0,0.0,1.0,28.0,15.0,3.0,2.0,0.0,10.0,3.0,0.0,41.0,1.0,4.0,0.0,0.0,1.0,75.0,152.68,40,152.67
mcts:reward=score,wary,2,9001,74,1,0.0,0.0,-7.0,105.0,112.0,55.0,50.0,5.0,0.0,0.0,19.0,17.0,2.4705882352941178,0.0,3.0,9.0,6.0,0.0,36.0,2.0,5.0,0.0,0.0,0.0,81.0,155.49,43,155.48
mcts:reward=score,wary,2,9001,75,0,1.0,1.0,22.0,129.0,107.0,64.0,55.0,5.0,0.0,1.0,28.0,15.0,2.8666666666666667,2.0,2.0,3.0,19.0,0.0,29.0,1.0,5.0,0.0,0.0,0.0,81.0,140.37,42,140.36
mcts,linear:runs/linear/pass7/p7b_sarsa_lam98_random_s3.json@best,2,9001,72,1,0.0,0.0,-16.0,62.0,78.0,38.0,14.0,2.0,0.0,1.0,18.0,14.0,2.2857142857142856,0.0,13.0,3.0,1.0,0.0,37.0,0.0,2.0,0.0,0.0,0.0,67.0,127.71,34,127.68
mcts,linear:runs/linear/pass7/p7b_sarsa_lam98_random_s3.json@best,2,9001,73,1,0.0,0.0,-8.0,75.0,83.0,45.0,20.0,4.0,1.0,1.0,26.0,14.0,2.4285714285714284,0.0,11.0,7.0,10.0,1.0,26.0,1.0,5.0,0.0,0.0,0.0,68.0,133.14,36,133.11
mcts,linear:runs/linear/pass7/p7b_sarsa_lam98_random_s3.json@best,2,9001,74,1,1.0,1.0,10.0,93.0,83.0,47.0,36.0,4.0,0.0,1.0,15.0,13.0,2.6153846153846154,1.0,11.0,8.0,13.0,1.0,25.0,1.0,4.0,0.0,0.0,0.0,69.0,122.88,36,122.85
mcts,linear:runs/linear/pass7/p7b_sarsa_lam98_random_s3.json@best,2,9001,75,0,1.0,1.0,1.0,79.0,78.0,39.0,30.0,2.0,0.0,1.0,29.0,14.0,2.2857142857142856,0.0,13.0,4.0,8.0,0.0,22.0,0.0,2.0,0.0,0.0,0.0,59.0,115.41,30,115.38
mcts,wary,2,9001,72,1,0.0,0.0,-45.0,86.0,131.0,44.0,42.0,5.0,0.0,0.0,22.0,18.0,2.111111111111111,0.0,7.0,7.0,9.0,1.0,29.0,2.0,5.0,0.0,0.0,0.0,81.0,162.6,43,162.59
mcts,wary,2,9001,73,1,1.0,1.0,3.0,95.0,92.0,60.0,25.0,3.0,0.0,1.0,24.0,17.0,2.6470588235294117,1.0,0.0,6.0,9.0,2.0,35.0,0.0,3.0,0.0,0.0,1.0,81.0,158.67,42,158.66
mcts,wary,2,9001,74,1,1.0,1.0,17.0,117.0,100.0,66.0,41.0,4.0,0.0,1.0,25.0,17.0,2.6470588235294117,1.0,0.0,6.0,20.0,1.0,24.0,1.0,4.0,0.0,0.0,0.0,83.0,158.27,43,158.25
mcts,wary,2,9001,75,0,1.0,1.0,21.0,138.0,117.0,54.0,74.0,8.0,0.0,1.0,27.0,17.0,2.411764705882353,1.0,4.0,8.0,3.0,1.0,37.0,3.0,8.0,0.0,0.0,0.0,83.0,158.07,45,158.06
mcts:reward=score,linear:runs/linear/pass7/p7b_sarsa_lam98_random_s3.json@best,2,9001,72,1,1.0,1.0,16.0,95.0,79.0,50.0,35.0,4.0,0.0,1.0,28.0,16.0,2.4375,1.0,6.0,6.0,7.0,1.0,31.0,1.0,4.0,0.0,0.0,0.0,75.0,132.52,39,132.49
mcts:reward=score,linear:runs/linear/pass7/p7b_sarsa_lam98_random_s3.json@best,2,9001,73,1,1.0,1.0,31.0,114.0,83.0,56.0,48.0,4.0,0.0,1.0,27.0,15.0,2.6,0.0,6.0,6.0,5.0,0.0,35.0,1.0,4.0,0.0,0.0,0.0,72.0,134.98,38,134.95
mcts:reward=score,linear:runs/linear/pass7/p7b_sarsa_lam98_random_s3.json@best,2,9001,74,1,1.0,1.0,3.0,90.0,87.0,47.0,43.0,5.0,0.0,0.0,14.0,13.0,2.5384615384615383,1.0,12.0,6.0,12.0,0.0,26.0,2.0,5.0,0.0,0.0,0.0,69.0,125.82,37,125.79
mcts:reward=score,linear:runs/linear/pass7/p7b_sarsa_lam98_random_s3.json@best,2,9001,75,0,1.0,1.0,1.0,91.0,90.0,50.0,41.0,5.0,0.0,0.0,18.0,12.0,2.9166666666666665,1.0,10.0,6.0,7.0,1.0,31.0,2.0,5.0,0.0,0.0,0.0,69.0,133.34,37,133.31
mcts,collector,2,9001,72,1,1.0,1.0,45.0,124.0,79.0,68.0,46.0,4.0,0.0,1.0,33.0,17.0,2.6470588235294117,3.0,0.0,8.0,11.0,1.0,35.0,2.0,4.0,0.0,0.0,1.0,86.0,192.91,46,192.89
mcts,collector,2,9001,73,1,0.0,0.0,-12.0,79.0,91.0,57.0,12.0,3.0,1.0,1.0,21.0,18.0,2.5,0.0,0.0,5.0,19.0,0.0,25.0,1.0,4.0,0.0,0.0,1.0,81.0,177.55,43,177.54
mcts,collector,2,9001,74,1,0.0,0.0,-13.0,106.0,119.0,59.0,47.0,6.0,0.0,0.0,19.0,17.0,2.5294117647058822,0.0,2.0,5.0,26.0,2.0,18.0,1.0,6.0,0.0,0.0,0.0,85.0,168.27,44,168.25
mcts,collector,2,9001,75,0,1.0,1.0,25.0,115.0,90.0,62.0,43.0,5.0,0.0,1.0,21.0,17.0,2.588235294117647,1.0,1.0,5.0,3.0,0.0,37.0,1.0,5.0,0.0,0.0,1.0,76.0,156.92,40,156.9
mcts:reward=score,collector,2,9001,72,1,1.0,1.0,41.0,122.0,81.0,70.0,42.0,3.0,0.0,1.0,28.0,15.0,3.0,3.0,0.0,5.0,17.0,1.0,33.0,1.0,3.0,0.0,0.0,0.0,85.0,166.77,44,166.76
mcts:reward=score,collector,2,9001,73,1,1.0,1.0,31.0,135.0,104.0,62.0,73.0,7.0,0.0,0.0,25.0,16.0,2.8125,1.0,0.0,8.0,5.0,1.0,43.0,4.0,7.0,0.0,0.0,1.0,89.0,179.11,50,179.1
mcts:reward=score,collector,2,9001,74,1,1.0,1.0,83.0,135.0,52.0,65.0,60.0,7.0,0.0,1.0,29.0,17.0,2.6470588235294117,1.0,0.0,10.0,11.0,0.0,39.0,2.0,7.0,0.0,0.0,1.0,88.0,173.46,47,173.44
mcts:reward=score,collector,2,9001,75,0,1.0,1.0,21.0,152.0,131.0,78.0,64.0,5.0,0.0,1.0,28.0,15.0,3.0,3.0,0.0,7.0,12.0,1.0,46.0,2.0,5.0,0.0,0.0,1.0,94.0,171.08,50,171.06
mcts,racer,2,9001,76,0,1.0,1.0,32.0,124.0,92.0,58.0,56.0,4.0,0.0,1.0,28.0,16.0,2.6875,0.0,2.0,5.0,14.0,1.0,30.0,1.0,4.0,0.0,0.0,0.0,80.0,129.05,42,129.04
mcts,racer,2,9001,77,1,1.0,1.0,24.0,115.0,91.0,64.0,41.0,3.0,0.0,1.0,29.0,12.0,3.25,3.0,6.0,5.0,9.0,0.0,29.0,1.0,3.0,0.0,0.0,0.0,65.0,111.35,34,111.34
mcts,racer,2,9001,78,0,1.0,1.0,17.0,112.0,95.0,70.0,32.0,2.0,0.0,1.0,27.0,14.0,3.0714285714285716,2.0,2.0,5.0,13.0,0.0,29.0,0.0,2.0,0.0,0.0,0.0,70.0,129.24,36,129.23
mcts,racer,2,9001,79,1,0.0,0.0,-15.0,76.0,91.0,45.0,21.0,4.0,1.0,1.0,18.0,15.0,2.3333333333333335,0.0,10.0,2.0,11.0,0.0,25.0,2.0,5.0,0.0,0.0,0.0,70.0,130.98,38,130.97
mcts,greedy,2,9001,76,0,1.0,1.0,17.0,110.0,93.0,64.0,36.0,3.0,0.0,1.0,26.0,16.0,2.8125,0.0,0.0,5.0,14.0,0.0,32.0,1.0,3.0,0.0,0.0,1.0,79.0,153.6,42,153.59
mcts,greedy,2,9001,77,1,1.0,1.0,54.0,122.0,68.0,84.0,28.0,2.0,0.0,1.0,21.0,12.0,3.75,4.0,0.0,4.0,20.0,0.0,24.0,0.0,2.0,0.0,0.0,1.0,68.0,118.55,35,118.54
mcts,greedy,2,9001,78,0,1.0,1.0,36.0,109.0,73.0,67.0,32.0,2.0,0.0,1.0,28.0,17.0,2.6470588235294117,2.0,0.0,2.0,17.0,1.0,23.0,0.0,2.0,0.0,0.0,1.0,75.0,156.63,39,156.62
mcts,greedy,2,9001,79,1,1.0,1.0,32.0,102.0,70.0,62.0,30.0,3.0,0.0,1.0,25.0,17.0,2.6470588235294117,1.0,0.0,2.0,18.0,0.0,26.0,0.0,3.0,0.0,0.0,1.0,77.0,141.07,40,141.06
mcts:reward=score,racer,2,9001,76,0,0.0,0.0,-8.0,94.0,102.0,50.0,44.0,3.0,0.0,0.0,21.0,16.0,2.4375,0.0,6.0,3.0,13.0,0.0,27.0,1.0,3.0,0.0,0.0,0.0,74.0,129.21,39,129.19
mcts:reward=score,racer,2,9001,77,1,1.0,1.0,8.0,99.0,91.0,61.0,28.0,2.0,0.0,1.0,23.0,11.0,3.4545454545454546,2.0,7.0,4.0,7.0,0.0,35.0,0.0,2.0,0.0,0.0,0.0,65.0,118.43,33,118.42
mcts:reward=score,racer,2,9001,78,0,1.0,1.0,37.0,132.0,95.0,53.0,69.0,5.0,0.0,1.0,30.0,14.0,2.7142857142857144,1.0,7.0,5.0,9.0,1.0,29.0,2.0,5.0,0.0,0.0,0.0,72.0,140.21,39,140.19
mcts:reward=score,racer,2,9001,79,1,1.0,1.0,29.0,120.0,91.0,66.0,44.0,4.0,0.0,1.0,27.0,15.0,2.933333333333333,1.0,1.0,4.0,6.0,0.0,36.0,1.0,4.0,0.0,0.0,0.0,74.0,142.16,39,142.14
mcts:reward=score,greedy,2,9001,76,0,1.0,1.0,71.0,149.0,78.0,62.0,77.0,6.0,0.0,1.0,27.0,17.0,2.6470588235294117,1.0,0.0,7.0,6.0,0.0,40.0,2.0,6.0,0.0,0.0,1.0,83.0,145.48,45,145.47
mcts:reward=score,greedy,2,9001,77,1,1.0,1.0,14.0,116.0,102.0,72.0,34.0,3.0,0.0,1.0,22.0,15.0,3.0,3.0,0.0,2.0,12.0,0.0,32.0,1.0,3.0,0.0,0.0,1.0,76.0,127.23,40,127.22
mcts:reward=score,greedy,2,9001,78,0,1.0,1.0,35.0,142.0,107.0,72.0,60.0,4.0,0.0,1.0,35.0,15.0,3.0,3.0,0.0,3.0,19.0,0.0,29.0,1.0,4.0,0.0,0.0,1.0,79.0,165.23,42,165.22
mcts:reward=score,greedy,2,9001,79,1,1.0,1.0,40.0,148.0,108.0,67.0,71.0,6.0,0.0,1.0,31.0,14.0,3.142857142857143,2.0,1.0,6.0,14.0,0.0,34.0,3.0,6.0,0.0,0.0,0.0,82.0,148.35,45,148.34
mcts,wary,2,9001,76,0,1.0,1.0,17.0,110.0,93.0,64.0,36.0,3.0,0.0,1.0,26.0,16.0,2.8125,0.0,0.0,5.0,14.0,0.0,32.0,1.0,3.0,0.0,0.0,1.0,79.0,149.69,42,149.68
mcts,wary,2,9001,77,1,1.0,1.0,77.0,122.0,45.0,84.0,28.0,2.0,0.0,1.0,21.0,12.0,3.75,4.0,0.0,4.0,20.0,0.0,24.0,0.0,2.0,0.0,0.0,1.0,68.0,118.89,35,118.88
mcts,wary,2,9001,78,0,1.0,1.0,32.0,109.0,77.0,67.0,32.0,2.0,0.0,1.0,30.0,17.0,2.6470588235294117,2.0,0.0,2.0,17.0,1.0,23.0,0.0,2.0,0.0,0.0,1.0,75.0,149.42,39,149.41
mcts,wary,2,9001,79,1,0.0,0.0,-1.0,100.0,101.0,60.0,30.0,3.0,0.0,1.0,31.0,16.0,2.6875,1.0,2.0,2.0,18.0,0.0,26.0,0.0,3.0,0.0,0.0,0.0,76.0,136.94,39,136.93
mcts,ppo:runs/ppo/pass2/p2b_pool_s3.json,2,9001,76,0,0.0,0.0,-26.0,65.0,91.0,38.0,27.0,2.0,0.0,0.0,18.0,12.0,2.5,0.0,15.0,4.0,9.0,0.0,29.0,0.0,2.0,0.0,0.0,0.0,62.0,128.94,32,128.88
mcts,ppo:runs/ppo/pass2/p2b_pool_s3.json,2,9001,77,1,0.0,0.0,-47.0,37.0,84.0,49.0,-12.0,1.0,1.0,0.0,17.0,13.0,2.6923076923076925,0.0,10.0,4.0,6.0,2.0,28.0,0.0,2.0,0.0,0.0,0.0,65.0,120.29,33,120.23
mcts,ppo:runs/ppo/pass2/p2b_pool_s3.json,2,9001,78,0,0.0,0.0,-67.0,28.0,95.0,50.0,-32.0,0.0,2.0,1.0,30.0,13.0,2.769230769230769,1.0,9.0,4.0,9.0,1.0,31.0,0.0,2.0,0.0,0.0,0.0,68.0,138.64,35,138.58
mcts,ppo:runs/ppo/pass2/p2b_pool_s3.json,2,9001,79,1,0.0,0.0,-5.0,83.0,88.0,49.0,34.0,4.0,0.0,0.0,16.0,13.0,2.6923076923076925,0.0,10.0,4.0,16.0,0.0,20.0,1.0,4.0,0.0,0.0,0.0,64.0,138.21,34,138.13
mcts,collector,2,9001,76,0,1.0,1.0,94.0,125.0,31.0,69.0,46.0,4.0,0.0,1.0,26.0,15.0,3.0,2.0,0.0,5.0,8.0,0.0,34.0,1.0,4.0,0.0,0.0,1.0,73.0,144.43,39,144.42
mcts,collector,2,9001,77,1,1.0,1.0,83.0,116.0,33.0,78.0,28.0,2.0,0.0,1.0,32.0,13.0,3.4615384615384617,3.0,0.0,5.0,8.0,0.0,36.0,0.0,2.0,0.0,0.0,1.0,70.0,119.83,36,119.82
mcts,collector,2,9001,78,0,1.0,1.0,63.0,113.0,50.0,71.0,32.0,2.0,0.0,1.0,33.0,16.0,2.8125,3.0,0.0,3.0,18.0,0.0,28.0,0.0,2.0,0.0,0.0,1.0,77.0,155.49,40,155.48
mcts,collector,2,9001,79,1,1.0,1.0,41.0,105.0,64.0,65.0,30.0,3.0,0.0,1.0,24.0,16.0,2.8125,1.0,0.0,3.0,17.0,0.0,27.0,0.0,3.0,0.0,0.0,1.0,75.0,150.58,39,150.57
mcts:reward=score,wary,2,9001,76,0,1.0,1.0,71.0,149.0,78.0,62.0,77.0,6.0,0.0,1.0,27.0,17.0,2.6470588235294117,1.0,0.0,7.0,6.0,0.0,40.0,2.0,6.0,0.0,0.0,1.0,83.0,151.28,45,151.27
mcts:reward=score,wary,2,9001,77,1,1.0,1.0,24.0,119.0,95.0,75.0,34.0,3.0,0.0,1.0,29.0,14.0,3.2142857142857144,3.0,0.0,2.0,12.0,0.0,32.0,1.0,3.0,0.0,0.0,1.0,74.0,130.83,39,130.81
mcts:reward=score,wary,2,9001,78,0,1.0,1.0,35.0,142.0,107.0,72.0,60.0,4.0,0.0,1.0,35.0,15.0,3.0,3.0,0.0,3.0,19.0,0.0,29.0,1.0,4.0,0.0,0.0,1.0,79.0,164.32,42,164.31
mcts:reward=score,wary,2,9001,79,1,1.0,1.0,40.0,148.0,108.0,67.0,71.0,6.0,0.0,1.0,31.0,14.0,3.142857142857143,2.0,1.0,6.0,14.0,0.0,34.0,3.0,6.0,0.0,0.0,0.0,82.0,155.38,45,155.37
mcts:reward=score,ppo:runs/ppo/pass2/p2b_pool_s3.json,2,9001,76,0,0.0,0.0,-23.0,64.0,87.0,42.0,22.0,2.0,1.0,0.0,26.0,14.0,2.357142857142857,1.0,12.0,5.0,14.0,0.0,20.0,1.0,3.0,0.0,0.0,0.0,64.0,130.83,34,130.77
mcts:reward=score,ppo:runs/ppo/pass2/p2b_pool_s3.json,2,9001,77,1,1.0,1.0,16.0,96.0,80.0,58.0,28.0,2.0,0.0,1.0,26.0,11.0,3.3636363636363638,2.0,8.0,3.0,8.0,1.0,28.0,0.0,2.0,0.0,0.0,0.0,61.0,113.17,31,113.11
mcts:reward=score,ppo:runs/ppo/pass2/p2b_pool_s3.json,2,9001,78,0,1.0,1.0,8.0,107.0,99.0,55.0,52.0,4.0,0.0,0.0,30.0,13.0,2.769230769230769,1.0,9.0,5.0,14.0,0.0,28.0,2.0,4.0,0.0,0.0,0.0,72.0,140.62,39,140.55
mcts:reward=score,ppo:runs/ppo/pass2/p2b_pool_s3.json,2,9001,79,1,0.0,0.0,-11.0,86.0,97.0,42.0,44.0,4.0,0.0,0.0,25.0,12.0,2.6666666666666665,0.0,13.0,4.0,7.0,0.0,29.0,1.0,4.0,0.0,0.0,0.0,62.0,141.5,33,141.45
mcts,linear:runs/linear/pass7/p7b_sarsa_lam98_random_s3.json@best,2,9001,76,0,1.0,1.0,30.0,110.0,80.0,44.0,56.0,4.0,0.0,1.0,25.0,16.0,2.25,0.0,9.0,7.0,6.0,0.0,28.0,1.0,4.0,0.0,0.0,0.0,68.0,128.96,36,128.93
mcts,linear:runs/linear/pass7/p7b_sarsa_lam98_random_s3.json@best,2,9001,77,1,1.0,1.0,8.0,104.0,96.0,66.0,28.0,2.0,0.0,1.0,28.0,14.0,3.0714285714285716,1.0,2.0,4.0,5.0,0.0,37.0,0.0,2.0,0.0,0.0,0.0,71.0,121.56,36,121.53
mcts,linear:runs/linear/pass7/p7b_sarsa_lam98_random_s3.json@best,2,9001,78,0,1.0,1.0,2.0,85.0,83.0,43.0,32.0,2.0,0.0,1.0,25.0,11.0,2.727272727272727,1.0,15.0,4.0,10.0,1.0,34.0,0.0,2.0,0.0,0.0,0.0,68.0,134.41,35,134.38
mcts,linear:runs/linear/pass7/p7b_sarsa_lam98_random_s3.json@best,2,9001,79,1,1.0,1.0,9.0,95.0,86.0,55.0,30.0,3.0,0.0,1.0,26.0,15.0,2.7333333333333334,0.0,4.0,3.0,21.0,0.0,19.0,0.0,3.0,0.0,0.0,0.0,70.0,133.61,36,133.58
mcts:reward=score,collector,2,9001,76,0,1.0,1.0,16.0,113.0,97.0,68.0,35.0,4.0,1.0,1.0,29.0,14.0,3.0,2.0,3.0,4.0,10.0,0.0,46.0,1.0,5.0,0.0,0.0,0.0,86.0,158.84,45,158.82
mcts:reward=score,collector,2,9001,77,1,1.0,1.0,23.0,129.0,106.0,78.0,41.0,3.0,0.0,1.0,29.0,13.0,3.4615384615384617,3.0,0.0,7.0,8.0,0.0,52.0,1.0,3.0,0.0,0.0,1.0,88.0,157.23,46,157.22
mcts:reward=score,collector,2,9001,78,0,1.0,1.0,67.0,131.0,64.0,76.0,45.0,3.0,0.0,1.0,27.0,14.0,3.2142857142857144,3.0,0.0,5.0,12.0,0.0,36.0,1.0,3.0,0.0,0.0,1.0,77.0,172.7,41,172.68
mcts:reward=score,collector,2,9001,79,1,1.0,1.0,30.0,105.0,75.0,54.0,41.0,6.0,1.0,1.0,27.0,16.0,2.5625,0.0,4.0,2.0,12.0,0.0,32.0,3.0,7.0,0.0,0.0,0.0,82.0,167.96,45,167.95
mcts:reward=score,linear:runs/linear/pass7/p7b_sarsa_lam98_random_s3.json@best,2,9001,76,0,0.0,0.0,-12.0,73.0,85.0,41.0,22.0,3.0,1.0,1.0,21.0,13.0,2.4615384615384617,0.0,13.0,3.0,7.0,0.0,27.0,1.0,4.0,0.0,0.0,0.0,62.0,124.79,33,124.76
mcts:reward=score,linear:runs/linear/pass7/p7b_sarsa_lam98_random_s3.json@best,2,9001,77,1,1.0,1.0,26.0,122.0,96.0,60.0,52.0,4.0,0.0,1.0,28.0,14.0,3.0,1.0,3.0,6.0,4.0,0.0,38.0,1.0,4.0,0.0,0.0,0.0,73.0,124.09,38,124.06
mcts:reward=score,linear:runs/linear/pass7/p7b_sarsa_lam98_random_s3.json@best,2,9001,78,0,1.0,1.0,20.0,105.0,85.0,54.0,41.0,3.0,0.0,1.0,27.0,13.0,2.769230769230769,1.0,9.0,6.0,12.0,4.0,24.0,1.0,3.0,0.0,0.0,0.0,72.0,135.47,38,135.44
mcts:reward=score,linear:runs/linear/pass7/p7b_sarsa_lam98_random_s3.json@best,2,9001,79,1,1.0,1.0,49.0,126.0,77.0,52.0,64.0,5.0,0.0,1.0,25.0,14.0,2.642857142857143,2.0,8.0,5.0,14.0,0.0,24.0,2.0,5.0,0.0,0.0,0.0,70.0,139.6,38,139.56
mcts,greedy,2,9001,80,1,1.0,1.0,15.0,120.0,105.0,66.0,44.0,4.0,0.0,1.0,34.0,16.0,2.8125,1.0,0.0,6.0,17.0,0.0,31.0,1.0,4.0,0.0,0.0,1.0,82.0,136.04,43,136.03
mcts,greedy,2,9001,81,0,1.0,1.0,4.0,115.0,111.0,71.0,34.0,3.0,0.0,1.0,22.0,15.0,3.0,2.0,0.0,3.0,20.0,0.0,22.0,0.0,3.0,0.0,0.0,1.0,72.0,126.0,37,125.99
mcts,greedy,2,9001,82,1,1.0,1.0,61.0,161.0,100.0,83.0,68.0,4.0,0.0,1.0,36.0,13.0,3.4615384615384617,5.0,0.0,7.0,23.0,3.0,25.0,1.0,4.0,0.0,0.0,1.0,81.0,147.84,43,147.83
mcts,greedy,2,9001,83,0,0.0,0.0,-52.0,91.0,143.0,66.0,25.0,2.0,0.0,0.0,20.0,15.0,3.0,1.0,0.0,3.0,12.0,2.0,34.0,0.0,2.0,0.0,0.0,1.0,80.0,135.31,41,135.3
mcts:reward=score,racer,2,9001,80,1,1.0,1.0,11.0,98.0,87.0,48.0,40.0,4.0,0.0,1.0,25.0,13.0,2.6923076923076925,0.0,10.0,3.0,14.0,0.0,26.0,1.0,4.0,0.0,0.0,0.0,69.0,124.56,36,124.55
mcts:reward=score,racer,2,9001,81,0,1.0,1.0,29.0,111.0,82.0,56.0,45.0,5.0,0.0,1.0,27.0,14.0,2.642857142857143,2.0,8.0,5.0,6.0,0.0,32.0,3.0,5.0,0.0,0.0,0.0,73.0,130.29,40,130.28
mcts:reward=score,racer,2,9001,82,1,1.0,1.0,11.0,103.0,92.0,62.0,31.0,2.0,0.0,1.0,31.0,10.0,3.6,3.0,9.0,2.0,24.0,0.0,18.0,0.0,2.0,0.0,0.0,0.0,62.0,116.79,32,116.78
mcts:reward=score,racer,2,9001,83,0,1.0,1.0,55.0,140.0,85.0,62.0,68.0,7.0,0.0,1.0,31.0,16.0,2.6875,2.0,2.0,4.0,7.0,0.0,37.0,2.0,7.0,0.0,0.0,0.0,81.0,129.81,43,129.8
mcts,racer,2,9001,80,1,1.0,1.0,38.0,125.0,87.0,53.0,62.0,6.0,0.0,1.0,27.0,16.0,2.5,0.0,5.0,8.0,8.0,3.0,30.0,2.0,6.0,0.0,0.0,0.0,81.0,136.64,43,136.63
mcts,racer,2,9001,81,0,1.0,1.0,18.0,100.0,82.0,56.0,34.0,3.0,0.0,1.0,19.0,13.0,2.923076923076923,1.0,7.0,6.0,7.0,2.0,33.0,0.0,3.0,0.0,0.0,0.0,71.0,130.94,36,130.93
mcts,racer,2,9001,82,1,1.0,1.0,12.0,104.0,92.0,63.0,31.0,2.0,0.0,1.0,34.0,12.0,3.25,3.0,6.0,5.0,24.0,3.0,14.0,0.0,2.0,0.0,0.0,0.0,68.0,123.63,35,123.61
mcts,racer,2,9001,83,0,1.0,1.0,27.0,112.0,85.0,44.0,58.0,6.0,0.0,1.0,24.0,15.0,2.2666666666666666,1.0,11.0,2.0,5.0,0.0,33.0,2.0,6.0,0.0,0.0,0.0,73.0,131.49,39,131.47
mcts:reward=score,greedy,2,9001,80,1,1.0,1.0,18.0,120.0,102.0,49.0,61.0,6.0,0.0,1.0,27.0,18.0,2.2222222222222223,0.0,5.0,5.0,14.0,0.0,26.0,3.0,6.0,0.0,0.0,0.0,83.0,148.78,45,148.77
mcts:reward=score,greedy,2,9001,81,0,1.0,1.0,6.0,136.0,130.0,74.0,52.0,5.0,1.0,1.0,29.0,15.0,3.0,3.0,0.0,8.0,4.0,0.0,54.0,3.0,6.0,0.0,0.0,0.0,95.0,173.51,51,173.49
mcts:reward=score,greedy,2,9001,82,1,1.0,1.0,55.0,152.0,97.0,76.0,66.0,6.0,0.0,1.0,32.0,14.0,3.2142857142857144,3.0,0.0,2.0,22.0,0.0,28.0,2.0,6.0,0.0,0.0,1.0,81.0,147.07,44,147.06
mcts:reward=score,greedy,2,9001,83,0,1.0,1.0,32.0,143.0,111.0,65.0,68.0,7.0,0.0,1.0,33.0,17.0,2.6470588235294117,3.0,0.0,4.0,9.0,1.0,33.0,2.0,7.0,0.0,0.0,1.0,82.0,151.05,44,151.04
mcts,wary,2,9001,80,1,1.0,1.0,32.0,118.0,86.0,64.0,44.0,4.0,0.0,1.0,30.0,15.0,2.8666666666666667,1.0,2.0,6.0,16.0,0.0,28.0,1.0,4.0,0.0,0.0,0.0,77.0,130.61,40,130.6
mcts,wary,2,9001,81,0,1.0,1.0,14.0,116.0,102.0,72.0,34.0,3.0,0.0,1.0,22.0,15.0,3.0,3.0,0.0,3.0,20.0,0.0,22.0,0.0,3.0,0.0,0.0,1.0,72.0,125.79,37,125.78
mcts,wary,2,9001,82,1,1.0,1.0,64.0,160.0,96.0,82.0,68.0,4.0,0.0,1.0,36.0,12.0,3.6666666666666665,5.0,1.0,8.0,23.0,3.0,27.0,1.0,4.0,0.0,0.0,1.0,81.0,151.48,43,151.47
mcts,wary,2,9001,83,0,0.0,0.0,-42.0,91.0,133.0,66.0,25.0,2.0,0.0,0.0,20.0,15.0,3.0,1.0,0.0,3.0,12.0,2.0,32.0,0.0,2.0,0.0,0.0,0.0,79.0,137.47,40,137.45
mcts,ppo:runs/ppo/pass2/p2b_pool_s3.json,2,9001,80,1,1.0,1.0,5.0,85.0,80.0,46.0,29.0,2.0,0.0,1.0,23.0,11.0,2.909090909090909,1.0,13.0,6.0,12.0,1.0,26.0,0.0,2.0,0.0,0.0,0.0,63.0,120.9,32,120.84
mcts,ppo:runs/ppo/pass2/p2b_pool_s3.json,2,9001,81,0,1.0,1.0,20.0,94.0,74.0,58.0,26.0,3.0,1.0,1.0,14.0,12.0,3.1666666666666665,2.0,7.0,5.0,13.0,0.0,27.0,1.0,4.0,0.0,0.0,0.0,67.0,141.01,35,140.95
mcts,ppo:runs/ppo/pass2/p2b_pool_s3.json,2,9001,82,1,0.0,0.0,-62.0,27.0,89.0,58.0,-31.0,0.0,2.0,0.0,12.0,11.0,3.1818181818181817,3.0,10.0,3.0,16.0,0.0,26.0,0.0,2.0,0.0,0.0,0.0,64.0,130.5,33,130.43
mcts,ppo:runs/ppo/pass2/p2b_pool_s3.json,2,9001,83,0,1.0,1.0,10.0,91.0,81.0,45.0,36.0,4.0,1.0,1.0,28.0,15.0,2.2666666666666666,1.0,11.0,4.0,18.0,1.0,12.0,1.0,5.0,0.0,0.0,0.0,65.0,130.96,34,130.9
mcts,linear:runs/linear/pass7/p7b_sarsa_lam98_random_s3.json@best,2,9001,80,1,1.0,1.0,7.0,96.0,89.0,42.0,44.0,4.0,0.0,1.0,26.0,16.0,2.1875,0.0,10.0,9.0,7.0,1.0,25.0,1.0,4.0,0.0,0.0,0.0,69.0,126.19,36,126.16
mcts,linear:runs/linear/pass7/p7b_sarsa_lam98_random_s3.json@best,2,9001,81,0,0.0,0.0,-8.0,74.0,82.0,50.0,14.0,2.0,1.0,1.0,18.0,12.0,2.8333333333333335,2.0,11.0,4.0,16.0,2.0,22.0,0.0,3.0,0.0,0.0,0.0,67.0,125.56,34,125.54
mcts,linear:runs/linear/pass7/p7b_sarsa_lam98_random_s3.json@best,2,9001,82,1,0.0,0.0,-37.0,52.0,89.0,55.0,-13.0,1.0,1.0,1.0,19.0,14.0,2.7142857142857144,1.0,7.0,5.0,30.0,2.0,8.0,0.0,2.0,0.0,0.0,0.0,70.0,123.23,36,123.2
mcts,linear:runs/linear/pass7/p7b_sarsa_lam98_random_s3.json@best,2,9001,83,0,1.0,1.0,11.0,84.0,73.0,42.0,32.0,4.0,1.0,1.0,20.0,13.0,2.4615384615384617,0.0,13.0,3.0,8.0,0.0,26.0,1.0,5.0,0.0,0.0,0.0,63.0,121.04,33,121.02
mcts:reward=score,wary,2,9001,80,1,1.0,1.0,14.0,115.0,101.0,43.0,62.0,7.0,1.0,1.0,25.0,16.0,2.25,0.0,9.0,5.0,15.0,0.0,23.0,5.0,8.0,0.0,0.0,0.0,81.0,152.49,46,152.47
mcts:reward=score,wary,2,9001,81,0,1.0,1.0,42.0,147.0,105.0,74.0,63.0,5.0,0.0,1.0,29.0,14.0,3.142857142857143,3.0,1.0,8.0,4.0,1.0,44.0,2.0,5.0,0.0,0.0,1.0,82.0,166.54,44,166.53
mcts:reward=score,wary,2,9001,82,1,1.0,1.0,56.0,152.0,96.0,76.0,66.0,6.0,0.0,1.0,32.0,14.0,3.2142857142857144,3.0,0.0,2.0,22.0,0.0,28.0,2.0,6.0,0.0,0.0,1.0,81.0,154.35,44,154.34
mcts:reward=score,wary,2,9001,83,0,1.0,1.0,19.0,139.0,120.0,61.0,68.0,7.0,0.0,1.0,33.0,16.0,2.625,3.0,3.0,4.0,9.0,2.0,29.0,2.0,7.0,0.0,0.0,0.0,79.0,145.4,42,145.39
mcts:reward=score,linear:runs/linear/pass7/p7b_sarsa_lam98_random_s3.json@best,2,9001,80,1,1.0,1.0,20.0,96.0,76.0,46.0,40.0,4.0,0.0,1.0,25.0,13.0,2.6153846153846154,0.0,11.0,4.0,19.0,1.0,19.0,1.0,4.0,0.0,0.0,0.0,69.0,128.29,36,128.26
mcts:reward=score,linear:runs/linear/pass7/p7b_sarsa_lam98_random_s3.json@best,2,9001,81,0,1.0,1.0,9.0,91.0,82.0,58.0,23.0,2.0,0.0,1.0,14.0,10.0,3.5,2.0,10.0,5.0,6.0,0.0,34.0,0.0,2.0,0.0,0.0,0.0,61.0,127.9,31,127.87
mcts:reward=score,linear:runs/linear/pass7/p7b_sarsa_lam98_random_s3.json@best,2,9001,82,1,1.0,1.0,30.0,112.0,82.0,54.0,48.0,3.0,0.0,1.0,33.0,13.0,2.8461538461538463,2.0,8.0,3.0,26.0,1.0,10.0,1.0,3.0,0.0,0.0,0.0,66.0,124.22,35,124.19
mcts:reward=score,linear:runs/linear/pass7/p7b_sarsa_lam98_random_s3.json@best,2,9001,83,0,0.0,0.0,-4.0,117.0,121.0,47.0,70.0,7.0,0.0,0.0,21.0,14.0,2.5,1.0,10.0,1.0,11.0,0.0,23.0,2.0,7.0,0.0,0.0,0.0,67.0,126.74,36,126.71
mcts,collector,2,9001,80,1,1.0,1.0,43.0,132.0,89.0,72.0,50.0,4.0,0.0,1.0,31.0,15.0,3.0,2.0,0.0,4.0,23.0,1.0,21.0,1.0,4.0,0.0,0.0,1.0,78.0,151.58,41,151.57
mcts,collector,2,9001,81,0,1.0,1.0,59.0,108.0,49.0,64.0,34.0,3.0,0.0,1.0,16.0,15.0,2.8666666666666667,2.0,2.0,2.0,31.0,1.0,11.0,0.0,3.0,0.0,0.0,1.0,74.0,144.91,38,144.9
mcts,collector,2,9001,82,1,1.0,1.0,89.0,130.0,41.0,69.0,51.0,4.0,0.0,1.0,32.0,16.0,2.75,3.0,1.0,5.0,27.0,1.0,15.0,1.0,4.0,0.0,0.0,1.0,77.0,152.65,41,152.64
mcts,collector,2,9001,83,0,1.0,1.0,68.0,125.0,57.0,70.0,45.0,4.0,0.0,1.0,18.0,15.0,3.0,2.0,0.0,4.0,15.0,0.0,33.0,1.0,4.0,0.0,0.0,1.0,80.0,167.08,42,167.07
mcts:reward=score,ppo:runs/ppo/pass2/p2b_pool_s3.json,2,9001,80,1,1.0,1.0,4.0,81.0,77.0,41.0,30.0,4.0,1.0,1.0,28.0,14.0,2.357142857142857,0.0,12.0,5.0,14.0,0.0,18.0,1.0,5.0,0.0,0.0,0.0,63.0,127.01,33,126.95
mcts:reward=score,ppo:runs/ppo/pass2/p2b_pool_s3.json,2,9001,81,0,0.0,0.0,-16.0,74.0,90.0,52.0,22.0,3.0,1.0,0.0,14.0,11.0,3.090909090909091,2.0,11.0,4.0,4.0,0.0,34.0,1.0,4.0,0.0,0.0,0.0,63.0,141.47,33,141.4
mcts:reward=score,ppo:runs/ppo/pass2/p2b_pool_s3.json,2,9001,82,1,1.0,1.0,39.0,111.0,72.0,70.0,31.0,2.0,0.0,1.0,38.0,12.0,3.5,2.0,3.0,4.0,14.0,1.0,24.0,0.0,2.0,0.0,0.0,0.0,64.0,126.19,33,126.12
mcts:reward=score,ppo:runs/ppo/pass2/p2b_pool_s3.json,2,9001,83,0,0.0,0.0,-5.0,90.0,95.0,46.0,44.0,4.0,0.0,0.0,15.0,10.0,3.0,2.0,15.0,5.0,11.0,0.0,31.0,1.0,4.0,0.0,0.0,0.0,65.0,139.95,34,139.88
mcts:reward=score,collector,2,9001,80,1,1.0,1.0,57.0,160.0,103.0,69.0,81.0,6.0,0.0,1.0,29.0,16.0,2.8125,2.0,0.0,7.0,13.0,0.0,35.0,3.0,6.0,0.0,0.0,0.0,87.0,174.06,47,174.04
mcts:reward=score,collector,2,9001,81,0,1.0,1.0,25.0,146.0,121.0,75.0,61.0,5.0,0.0,1.0,29.0,14.0,3.2142857142857144,3.0,0.0,7.0,4.0,0.0,48.0,2.0,5.0,0.0,0.0,1.0,84.0,171.82,45,171.81
mcts:reward=score,collector,2,9001,82,1,1.0,1.0,55.0,136.0,81.0,87.0,39.0,3.0,0.0,1.0,41.0,11.0,4.0,5.0,1.0,8.0,24.0,1.0,42.0,1.0,3.0,0.0,0.0,1.0,91.0,166.91,48,166.89
mcts:reward=score,collector,2,9001,83,0,1.0,1.0,3.0,99.0,96.0,74.0,25.0,3.0,1.0,0.0,17.0,13.0,3.3846153846153846,4.0,1.0,5.0,13.0,1.0,47.0,2.0,4.0,0.0,0.0,0.0,93.0,195.61,49,195.59
mcts,racer,2,9001,84,0,1.0,1.0,16.0,106.0,90.0,47.0,49.0,5.0,1.0,1.0,30.0,14.0,2.5,1.0,10.0,4.0,18.0,0.0,20.0,2.0,6.0,0.0,0.0,0.0,71.0,135.67,38,135.66
mcts,racer,2,9001,85,0,1.0,1.0,40.0,127.0,87.0,45.0,72.0,5.0,0.0,1.0,33.0,15.0,2.2666666666666666,1.0,11.0,1.0,23.0,0.0,11.0,1.0,5.0,0.0,0.0,0.0,67.0,133.59,35,133.58
mcts,racer,2,9001,86,1,0.0,0.0,-2.0,85.0,87.0,49.0,26.0,4.0,1.0,1.0,26.0,14.0,2.5714285714285716,1.0,9.0,5.0,19.0,0.0,17.0,1.0,5.0,0.0,0.0,0.0,66.0,132.15,35,132.14
mcts,racer,2,9001,87,0,0.0,0.0,-51.0,38.0,89.0,44.0,-16.0,1.0,1.0,1.0,25.0,14.0,2.5,0.0,10.0,2.0,7.0,0.0,29.0,0.0,2.0,0.0,0.0,0.0,65.0,121.46,33,121.44
mcts,greedy,2,9001,84,0,1.0,1.0,48.0,140.0,92.0,71.0,59.0,5.0,0.0,1.0,36.0,15.0,2.933333333333333,2.0,1.0,7.0,2.0,2.0,38.0,2.0,5.0,0.0,0.0,1.0,78.0,151.03,42,151.01
mcts,greedy,2,9001,85,0,1.0,1.0,12.0,120.0,108.0,59.0,51.0,5.0,0.0,1.0,32.0,16.0,2.6875,1.0,2.0,2.0,28.0,0.0,18.0,2.0,5.0,0.0,0.0,0.0,83.0,143.97,44,143.96
mcts,greedy,2,9001,86,1,1.0,1.0,20.0,118.0,98.0,70.0,38.0,4.0,0.0,1.0,21.0,15.0,3.0,2.0,0.0,5.0,12.0,0.0,38.0,1.0,4.0,0.0,0.0,1.0,81.0,145.06,43,145.05
mcts,greedy,2,9001,87,0,1.0,1.0,44.0,122.0,78.0,74.0,38.0,4.0,0.0,1.0,28.0,14.0,3.2142857142857144,3.0,0.0,9.0,10.0,1.0,36.0,1.0,4.0,0.0,0.0,1.0,78.0,141.33,41,141.32
mcts:reward=score,racer,2,9001,84,0,1.0,1.0,16.0,106.0,90.0,47.0,49.0,5.0,1.0,1.0,30.0,14.0,2.5,1.0,10.0,2.0,6.0,0.0,30.0,2.0,6.0,0.0,0.0,0.0,69.0,133.83,37,133.82
mcts:reward=score,racer,2,9001,85,0,1.0,1.0,47.0,134.0,87.0,60.0,64.0,5.0,0.0,1.0,31.0,14.0,2.857142857142857,2.0,5.0,3.0,30.0,0.0,10.0,1.0,5.0,0.0,0.0,0.0,71.0,122.97,37,122.95
mcts:reward=score,racer,2,9001,86,1,0.0,0.0,-8.0,79.0,87.0,39.0,30.0,5.0,1.0,1.0,24.0,17.0,2.0588235294117645,0.0,10.0,5.0,9.0,1.0,23.0,3.0,6.0,0.0,0.0,0.0,74.0,136.83,41,136.82
mcts:reward=score,racer,2,9001,87,0,1.0,1.0,26.0,115.0,89.0,68.0,37.0,3.0,0.0,1.0,31.0,12.0,3.3333333333333335,2.0,5.0,7.0,3.0,1.0,33.0,1.0,3.0,0.0,0.0,0.0,65.0,126.18,34,126.17
mcts:reward=score,greedy,2,9001,84,0,1.0,1.0,12.0,127.0,115.0,59.0,58.0,6.0,1.0,1.0,31.0,16.0,2.625,2.0,3.0,5.0,14.0,2.0,26.0,4.0,7.0,0.0,0.0,0.0,85.0,159.72,47,159.7
mcts:reward=score,greedy,2,9001,85,0,1.0,1.0,38.0,146.0,108.0,65.0,71.0,6.0,0.0,1.0,34.0,14.0,3.0,3.0,3.0,1.0,31.0,0.0,17.0,3.0,6.0,0.0,0.0,0.0,83.0,148.77,45,148.76
mcts:reward=score,greedy,2,9001,86,1,1.0,1.0,32.0,137.0,105.0,51.0,76.0,7.0,0.0,1.0,32.0,20.0,2.2,0.0,1.0,6.0,18.0,0.0,22.0,3.0,7.0,0.0,0.0,1.0,85.0,157.46,47,157.45
mcts:reward=score,greedy,2,9001,87,0,1.0,1.0,18.0,126.0,108.0,89.0,27.0,4.0,1.0,1.0,24.0,12.0,3.75,4.0,0.0,7.0,7.0,0.0,45.0,2.0,5.0,0.0,0.0,1.0,80.0,150.71,43,150.7
mcts,wary,2,9001,84,0,1.0,1.0,48.0,140.0,92.0,71.0,59.0,5.0,0.0,1.0,36.0,15.0,2.933333333333333,2.0,1.0,7.0,2.0,2.0,38.0,2.0,5.0,0.0,0.0,1.0,78.0,148.34,42,148.33
mcts,wary,2,9001,85,0,1.0,1.0,12.0,120.0,108.0,59.0,51.0,5.0,0.0,1.0,32.0,16.0,2.6875,1.0,2.0,2.0,28.0,0.0,18.0,2.0,5.0,0.0,0.0,0.0,83.0,146.49,44,146.48
mcts,wary,2,9001,86,1,1.0,1.0,20.0,118.0,98.0,70.0,38.0,4.0,0.0,1.0,21.0,15.0,3.0,2.0,0.0,5.0,12.0,0.0,38.0,1.0,4.0,0.0,0.0,1.0,81.0,147.45,43,147.44
mcts,wary,2,9001,87,0,1.0,1.0,3.0,96.0,93.0,74.0,12.0,3.0,1.0,1.0,25.0,12.0,3.5,3.0,3.0,7.0,10.0,0.0,38.0,1.0,4.0,0.0,0.0,0.0,75.0,143.18,39,143.17
mcts,ppo:runs/ppo/pass2/p2b_pool_s3.json,2,9001,84,0,0.0,0.0,-9.0,72.0,81.0,52.0,20.0,2.0,0.0,0.0,15.0,9.0,3.3333333333333335,2.0,15.0,4.0,7.0,1.0,31.0,0.0,2.0,0.0,0.0,0.0,59.0,122.01,30,121.95
mcts,ppo:runs/ppo/pass2/p2b_pool_s3.json,2,9001,85,0,0.0,0.0,-11.0,65.0,76.0,54.0,11.0,2.0,1.0,0.0,24.0,12.0,2.9166666666666665,2.0,10.0,1.0,30.0,0.0,4.0,0.0,3.0,0.0,0.0,0.0,59.0,127.03,30,126.97
mcts,ppo:runs/ppo/pass2/p2b_pool_s3.json,2,9001,86,1,0.0,0.0,-6.0,66.0,72.0,40.0,26.0,4.0,1.0,0.0,25.0,14.0,2.357142857142857,0.0,12.0,6.0,8.0,1.0,24.0,1.0,5.0,0.0,0.0,0.0,64.0,137.33,34,137.26
mcts,ppo:runs/ppo/pass2/p2b_pool_s3.json,2,9001,87,0,1.0,1.0,17.0,92.0,75.0,58.0,24.0,2.0,0.0,1.0,25.0,13.0,3.0,1.0,6.0,9.0,4.0,1.0,32.0,0.0,2.0,0.0,0.0,0.0,65.0,136.27,33,136.21
mcts:reward=score,ppo:runs/ppo/pass2/p2b_pool_s3.json,2,9001,84,0,1.0,1.0,24.0,103.0,79.0,45.0,48.0,4.0,0.0,1.0,34.0,14.0,2.4285714285714284,1.0,11.0,3.0,15.0,1.0,15.0,1.0,4.0,0.0,0.0,0.0,63.0,128.57,33,128.5
mcts:reward=score,ppo:runs/ppo/pass2/p2b_pool_s3.json,2,9001,85,0,0.0,0.0,-4.0,65.0,69.0,44.0,11.0,2.0,1.0,1.0,30.0,13.0,2.4615384615384617,1.0,13.0,5.0,25.0,1.0,7.0,0.0,3.0,0.0,0.0,0.0,61.0,126.45,31,126.39
mcts:reward=score,ppo:runs/ppo/pass2/p2b_pool_s3.json,2,9001,86,1,1.0,1.0,12.0,89.0,77.0,41.0,48.0,5.0,0.0,0.0,21.0,16.0,2.1875,0.0,10.0,6.0,5.0,1.0,27.0,1.0,5.0,0.0,0.0,0.0,68.0,133.85,36,133.78
mcts:reward=score,ppo:runs/ppo/pass2/p2b_pool_s3.json,2,9001,87,0,0.0,0.0,-17.0,72.0,89.0,61.0,11.0,2.0,1.0,0.0,28.0,9.0,3.5555555555555554,3.0,13.0,7.0,4.0,2.0,30.0,1.0,3.0,0.0,0.0,0.0,59.0,127.3,31,127.23
mcts,linear:runs/linear/pass7/p7b_sarsa_lam98_random_s3.json@best,2,9001,84,0,0.0,0.0,-2.0,75.0,77.0,45.0,20.0,2.0,0.0,1.0,28.0,12.0,2.6666666666666665,1.0,13.0,5.0,10.0,1.0,30.0,0.0,2.0,0.0,0.0,0.0,67.0,125.71,34,125.68
mcts,linear:runs/linear/pass7/p7b_sarsa_lam98_random_s3.json@best,2,9001,85,0,0.0,0.0,-39.0,41.0,80.0,42.0,-11.0,1.0,2.0,1.0,21.0,14.0,2.357142857142857,0.0,12.0,4.0,15.0,0.0,23.0,0.0,3.0,0.0,0.0,0.0,67.0,129.86,34,129.83
mcts,linear:runs/linear/pass7/p7b_sarsa_lam98_random_s3.json@best,2,9001,86,1,1.0,1.0,32.0,112.0,80.0,50.0,52.0,4.0,0.0,1.0,35.0,16.0,2.375,1.0,7.0,6.0,12.0,2.0,22.0,1.0,4.0,0.0,0.0,0.0,72.0,137.76,38,137.73
mcts,linear:runs/linear/pass7/p7b_sarsa_lam98_random_s3.json@best,2,9001,87,0,0.0,0.0,-15.0,77.0,92.0,43.0,24.0,2.0,0.0,1.0,23.0,13.0,2.4615384615384617,0.0,13.0,7.0,8.0,1.0,28.0,0.0,2.0,0.0,0.0,0.0,65.0,126.86,33,126.83
mcts:reward=score,wary,2,9001,84,0,1.0,1.0,14.0,121.0,107.0,51.0,60.0,5.0,1.0,1.0,31.0,13.0,2.6923076923076925,2.0,10.0,4.0,14.0,2.0,24.0,3.0,6.0,0.0,0.0,0.0,75.0,151.03,41,151.02
mcts:reward=score,wary,2,9001,85,0,1.0,1.0,38.0,146.0,108.0,65.0,71.0,6.0,0.0,1.0,34.0,14.0,3.0,3.0,3.0,1.0,31.0,0.0,17.0,3.0,6.0,0.0,0.0,0.0,83.0,153.06,45,153.04
mcts:reward=score,wary,2,9001,86,1,1.0,1.0,48.0,129.0,81.0,53.0,66.0,7.0,0.0,1.0,27.0,18.0,2.388888888888889,0.0,2.0,4.0,16.0,0.0,26.0,3.0,7.0,0.0,0.0,0.0,84.0,159.45,46,159.43
mcts:reward=score,wary,2,9001,87,0,1.0,1.0,17.0,126.0,109.0,89.0,27.0,4.0,1.0,1.0,40.0,12.0,3.75,4.0,0.0,7.0,7.0,0.0,45.0,2.0,5.0,0.0,0.0,1.0,80.0,151.77,43,151.75
mcts,collector,2,9001,84,0,1.0,1.0,21.0,98.0,77.0,68.0,20.0,2.0,0.0,1.0,22.0,15.0,3.0,2.0,0.0,7.0,2.0,0.0,46.0,0.0,2.0,0.0,0.0,1.0,78.0,147.85,40,147.84
mcts,collector,2,9001,85,0,1.0,1.0,75.0,119.0,44.0,59.0,50.0,5.0,1.0,1.0,38.0,18.0,2.5,1.0,0.0,2.0,25.0,0.0,19.0,2.0,6.0,0.0,0.0,1.0,84.0,167.1,45,167.09
mcts,collector,2,9001,86,1,1.0,1.0,51.0,114.0,63.0,68.0,36.0,4.0,0.0,1.0,31.0,16.0,2.8125,1.0,0.0,7.0,10.0,0.0,38.0,1.0,4.0,0.0,0.0,1.0,81.0,155.17,43,155.16
mcts,collector,2,9001,87,0,1.0,1.0,4.0,96.0,92.0,72.0,14.0,2.0,0.0,1.0,24.0,14.0,3.2142857142857144,2.0,0.0,8.0,6.0,0.0,38.0,0.0,2.0,0.0,0.0,1.0,72.0,140.0,37,139.99
mcts:reward=score,collector,2,9001,84,0,1.0,1.0,18.0,127.0,109.0,56.0,61.0,5.0,1.0,1.0,30.0,14.0,2.7857142857142856,2.0,6.0,5.0,16.0,1.0,24.0,2.0,6.0,0.0,0.0,0.0,75.0,156.02,40,156.0
mcts:reward=score,collector,2,9001,85,0,1.0,1.0,95.0,152.0,57.0,65.0,77.0,6.0,0.0,1.0,35.0,17.0,2.6470588235294117,2.0,0.0,2.0,16.0,1.0,30.0,2.0,6.0,0.0,0.0,1.0,86.0,178.01,46,178.0
mcts:reward=score,collector,2,9001,86,1,1.0,1.0,37.0,131.0,94.0,62.0,59.0,6.0,0.0,1.0,28.0,15.0,2.7333333333333334,2.0,4.0,5.0,21.0,1.0,25.0,2.0,6.0,0.0,0.0,0.0,82.0,160.17,44,160.16
mcts:reward=score,collector,2,9001,87,0,1.0,1.0,68.0,151.0,83.0,69.0,72.0,6.0,1.0,1.0,29.0,14.0,3.0,2.0,3.0,9.0,9.0,1.0,35.0,3.0,7.0,0.0,0.0,0.0,81.0,164.26,44,164.25
mcts:reward=score,linear:runs/linear/pass7/p7b_sarsa_lam98_random_s3.json@best,2,9001,84,0,1.0,1.0,16.0,111.0,95.0,52.0,49.0,5.0,2.0,1.0,31.0,14.0,2.642857142857143,1.0,8.0,3.0,7.0,0.0,29.0,4.0,7.0,0.0,0.0,0.0,73.0,131.67,41,131.64
mcts:reward=score,linear:runs/linear/pass7/p7b_sarsa_lam98_random_s3.json@best,2,9001,85,0,1.0,1.0,8.0,88.0,80.0,45.0,33.0,3.0,0.0,1.0,30.0,12.0,2.5833333333333335,1.0,14.0,3.0,21.0,1.0,17.0,0.0,3.0,0.0,0.0,0.0,65.0,128.5,33,128.47
mcts:reward=score,linear:runs/linear/pass7/p7b_sarsa_lam98_random_s3.json@best,2,9001,86,1,1.0,1.0,3.0,99.0,96.0,41.0,48.0,5.0,0.0,1.0,25.0,17.0,2.0588235294117645,0.0,10.0,5.0,3.0,0.0,29.0,1.0,5.0,0.0,0.0,0.0,68.0,135.62,36,135.59
mcts:reward=score,linear:runs/linear/pass7/p7b_sarsa_lam98_random_s3.json@best,2,9001,87,0,1.0,1.0,29.0,109.0,80.0,62.0,37.0,3.0,0.0,1.0,28.0,10.0,3.4,2.0,11.0,6.0,3.0,1.0,39.0,1.0,3.0,0.0,0.0,0.0,67.0,130.0,35,129.97
mcts,racer,2,9001,88,0,1.0,1.0,39.0,129.0,90.0,51.0,68.0,5.0,0.0,1.0,32.0,14.0,2.642857142857143,1.0,8.0,3.0,17.0,0.0,23.0,2.0,5.0,0.0,0.0,0.0,72.0,135.62,39,135.61
mcts,racer,2,9001,89,0,0.0,0.0,-24.0,76.0,100.0,43.0,33.0,3.0,0.0,0.0,14.0,15.0,2.2666666666666666,1.0,11.0,3.0,21.0,0.0,21.0,0.0,3.0,0.0,0.0,0.0,73.0,132.2,37,132.18
mcts,racer,2,9001,90,0,0.0,0.0,-22.0,74.0,96.0,40.0,24.0,2.0,0.0,1.0,31.0,13.0,2.3846153846153846,0.0,14.0,7.0,6.0,2.0,26.0,0.0,2.0,0.0,0.0,0.0,63.0,115.97,32,115.96
mcts,racer,2,9001,91,0,0.0,0.0,-5.0,90.0,95.0,43.0,37.0,5.0,1.0,1.0,18.0,15.0,2.3333333333333335,0.0,10.0,6.0,11.0,2.0,21.0,3.0,6.0,0.0,0.0,0.0,73.0,126.8,40,126.79
mcts:reward=score,racer,2,9001,88,0,1.0,1.0,19.0,109.0,90.0,51.0,48.0,4.0,0.0,1.0,30.0,13.0,2.8461538461538463,1.0,8.0,4.0,12.0,1.0,28.0,1.0,4.0,0.0,0.0,0.0,70.0,131.07,37,131.06
mcts:reward=score,racer,2,9001,89,0,1.0,1.0,5.0,95.0,90.0,41.0,44.0,4.0,0.0,1.0,23.0,14.0,2.2857142857142856,1.0,13.0,3.0,21.0,0.0,11.0,1.0,4.0,0.0,0.0,0.0,63.0,129.36,33,129.35
mcts:reward=score,racer,2,9001,90,0,1.0,1.0,59.0,155.0,96.0,54.0,91.0,6.0,0.0,1.0,29.0,16.0,2.5,0.0,5.0,5.0,13.0,1.0,23.0,3.0,6.0,0.0,0.0,0.0,77.0,136.24,42,136.23
mcts:reward=score,racer,2,9001,91,0,0.0,0.0,-21.0,84.0,105.0,37.0,37.0,5.0,1.0,1.0,18.0,13.0,2.3076923076923075,0.0,15.0,4.0,13.0,0.0,17.0,3.0,6.0,0.0,0.0,0.0,63.0,122.82,35,122.81
mcts,greedy,2,9001,88,0,1.0,1.0,46.0,104.0,58.0,63.0,31.0,3.0,0.0,1.0,24.0,16.0,2.8125,1.0,0.0,4.0,23.0,0.0,21.0,0.0,3.0,0.0,0.0,1.0,75.0,144.74,39,144.73
mcts,greedy,2,9001,89,0,1.0,1.0,25.0,123.0,98.0,71.0,42.0,3.0,0.0,1.0,28.0,17.0,2.6470588235294117,3.0,0.0,9.0,8.0,0.0,36.0,1.0,3.0,0.0,0.0,1.0,80.0,167.57,42,167.56
mcts,greedy,2,9001,90,0,1.0,1.0,99.0,149.0,50.0,62.0,77.0,5.0,0.0,1.0,31.0,18.0,2.5,1.0,0.0,3.0,20.0,0.0,24.0,2.0,5.0,0.0,0.0,1.0,84.0,160.84,45,160.83
mcts,greedy,2,9001,91,0,1.0,1.0,17.0,107.0,90.0,57.0,40.0,4.0,0.0,1.0,30.0,15.0,2.7333333333333334,0.0,4.0,4.0,12.0,1.0,34.0,1.0,4.0,0.0,0.0,0.0,81.0,158.43,42,158.42
mcts:reward=score,greedy,2,9001,88,0,1.0,1.0,53.0,166.0,113.0,69.0,87.0,7.0,0.0,1.0,31.0,15.0,3.0,2.0,0.0,7.0,10.0,1.0,46.0,2.0,7.0,0.0,0.0,0.0,92.0,163.63,49,163.61
mcts:reward=score,greedy,2,9001,89,0,1.0,1.0,15.0,131.0,116.0,79.0,42.0,3.0,0.0,1.0,34.0,14.0,3.2142857142857144,4.0,0.0,4.0,7.0,0.0,41.0,1.0,3.0,0.0,0.0,1.0,78.0,151.83,41,151.82
mcts:reward=score,greedy,2,9001,90,0,1.0,1.0,31.0,168.0,137.0,64.0,94.0,6.0,0.0,1.0,30.0,17.0,2.588235294117647,2.0,1.0,5.0,13.0,0.0,35.0,3.0,6.0,0.0,0.0,0.0,89.0,161.04,48,161.03
mcts:reward=score,greedy,2,9001,91,0,1.0,1.0,8.0,112.0,104.0,63.0,39.0,5.0,0.0,1.0,40.0,13.0,3.1538461538461537,0.0,4.0,5.0,15.0,0.0,33.0,3.0,5.0,0.0,0.0,0.0,81.0,156.55,44,156.54
mcts:reward=score,ppo:runs/ppo/pass2/p2b_pool_s3.json,2,9001,88,0,0.0,0.0,-19.0,67.0,86.0,46.0,21.0,3.0,1.0,0.0,15.0,10.0,3.1,2.0,14.0,4.0,19.0,1.0,19.0,1.0,4.0,0.0,0.0,0.0,62.0,129.26,33,129.2
mcts:reward=score,ppo:runs/ppo/pass2/p2b_pool_s3.json,2,9001,89,0,0.0,0.0,-70.0,22.0,92.0,33.0,-11.0,1.0,2.0,0.0,11.0,12.0,2.25,0.0,18.0,3.0,15.0,0.0,19.0,0.0,3.0,0.0,0.0,0.0,59.0,129.07,30,129.01
mcts:reward=score,ppo:runs/ppo/pass2/p2b_pool_s3.json,2,9001,90,0,0.0,0.0,-18.0,68.0,86.0,44.0,24.0,2.0,0.0,0.0,23.0,9.0,3.111111111111111,1.0,17.0,4.0,15.0,1.0,23.0,0.0,2.0,0.0,0.0,0.0,59.0,129.17,30,129.1
mcts:reward=score,ppo:runs/ppo/pass2/p2b_pool_s3.json,2,9001,91,0,0.0,0.0,-13.0,78.0,91.0,38.0,40.0,4.0,0.0,0.0,18.0,12.0,2.4166666666666665,0.0,16.0,5.0,8.0,0.0,26.0,1.0,4.0,0.0,0.0,0.0,61.0,123.01,32,122.95
mcts,wary,2,9001,88,0,1.0,1.0,44.0,104.0,60.0,63.0,31.0,3.0,0.0,1.0,24.0,16.0,2.8125,1.0,0.0,4.0,23.0,0.0,21.0,0.0,3.0,0.0,0.0,1.0,75.0,141.68,39,141.67
mcts,wary,2,9001,89,0,0.0,0.0,-44.0,72.0,116.0,60.0,2.0,2.0,1.0,1.0,26.0,17.0,2.411764705882353,2.0,4.0,7.0,8.0,0.0,32.0,1.0,3.0,0.0,0.0,0.0,77.0,159.72,40,159.71
mcts,wary,2,9001,90,0,1.0,1.0,84.0,149.0,65.0,62.0,77.0,5.0,0.0,1.0,31.0,18.0,2.5,1.0,0.0,3.0,20.0,0.0,24.0,2.0,5.0,0.0,0.0,1.0,84.0,156.19,45,156.18
mcts,wary,2,9001,91,0,0.0,0.0,-5.0,85.0,90.0,53.0,22.0,3.0,1.0,1.0,27.0,14.0,2.7142857142857144,0.0,7.0,2.0,12.0,0.0,32.0,1.0,4.0,0.0,0.0,0.0,75.0,147.16,39,147.15
mcts,ppo:runs/ppo/pass2/p2b_pool_s3.json,2,9001,88,0,0.0,0.0,-11.0,75.0,86.0,54.0,21.0,3.0,1.0,0.0,19.0,10.0,3.4,2.0,11.0,4.0,15.0,1.0,27.0,1.0,4.0,0.0,0.0,0.0,66.0,135.11,35,135.04
mcts,ppo:runs/ppo/pass2/p2b_pool_s3.json,2,9001,89,0,0.0,0.0,-45.0,49.0,94.0,38.0,11.0,2.0,1.0,0.0,13.0,12.0,2.4166666666666665,1.0,16.0,3.0,14.0,0.0,22.0,0.0,3.0,0.0,0.0,0.0,61.0,133.97,31,133.91
mcts,ppo:runs/ppo/pass2/p2b_pool_s3.json,2,9001,90,0,1.0,1.0,22.0,104.0,82.0,50.0,54.0,4.0,0.0,0.0,26.0,12.0,2.8333333333333335,0.0,11.0,5.0,16.0,1.0,16.0,2.0,4.0,0.0,0.0,0.0,63.0,136.65,34,136.59
mcts,ppo:runs/ppo/pass2/p2b_pool_s3.json,2,9001,91,0,1.0,1.0,5.0,96.0,91.0,42.0,44.0,5.0,0.0,1.0,26.0,15.0,2.2666666666666666,0.0,11.0,6.0,13.0,0.0,17.0,2.0,5.0,0.0,0.0,0.0,65.0,135.3,35,135.24
mcts:reward=score,wary,2,9001,88,0,0.0,0.0,-10.0,87.0,97.0,59.0,18.0,4.0,2.0,1.0,30.0,13.0,3.076923076923077,2.0,5.0,6.0,10.0,1.0,42.0,1.0,6.0,0.0,0.0,0.0,82.0,160.72,43,160.71
mcts:reward=score,wary,2,9001,89,0,0.0,0.0,0.0,127.0,127.0,75.0,42.0,3.0,0.0,1.0,34.0,13.0,3.230769230769231,4.0,3.0,4.0,7.0,0.0,39.0,1.0,3.0,0.0,0.0,0.0,75.0,152.06,39,152.05
mcts:reward=score,wary,2,9001,90,0,1.0,1.0,43.0,164.0,121.0,60.0,94.0,6.0,0.0,1.0,27.0,16.0,2.5625,2.0,4.0,4.0,13.0,0.0,33.0,3.0,6.0,0.0,0.0,0.0,85.0,162.59,46,162.58
mcts:reward=score,wary,2,9001,91,0,1.0,1.0,5.0,100.0,95.0,61.0,39.0,5.0,0.0,0.0,22.0,13.0,3.076923076923077,0.0,5.0,5.0,15.0,0.0,29.0,3.0,5.0,0.0,0.0,0.0,77.0,150.32,42,150.31
mcts,collector,2,9001,88,0,1.0,1.0,59.0,106.0,47.0,65.0,31.0,3.0,0.0,1.0,28.0,16.0,2.8125,1.0,0.0,4.0,21.0,0.0,23.0,0.0,3.0,0.0,0.0,1.0,75.0,144.52,39,144.5
mcts,collector,2,9001,89,0,1.0,1.0,9.0,107.0,98.0,75.0,22.0,2.0,0.0,1.0,24.0,15.0,3.0,3.0,0.0,7.0,10.0,1.0,34.0,0.0,2.0,0.0,0.0,1.0,76.0,163.2,39,163.19
mcts,collector,2,9001,90,0,1.0,1.0,64.0,104.0,40.0,70.0,24.0,2.0,0.0,1.0,27.0,15.0,2.933333333333333,2.0,1.0,4.0,22.0,0.0,20.0,0.0,2.0,0.0,0.0,1.0,72.0,153.72,37,153.71
mcts,collector,2,9001,91,0,1.0,1.0,27.0,120.0,93.0,65.0,45.0,3.0,0.0,1.0,26.0,16.0,2.8125,1.0,0.0,2.0,20.0,1.0,24.0,1.0,3.0,0.0,0.0,1.0,80.0,163.18,42,163.17
mcts,linear:runs/linear/pass7/p7b_sarsa_lam98_random_s3.json@best,2,9001,88,0,0.0,0.0,-17.0,66.0,83.0,47.0,9.0,2.0,1.0,1.0,19.0,11.0,3.0,1.0,12.0,3.0,13.0,1.0,29.0,0.0,3.0,0.0,0.0,0.0,66.0,133.46,34,133.43
mcts,linear:runs/linear/pass7/p7b_sarsa_lam98_random_s3.json@best,2,9001,89,0,0.0,0.0,-6.0,74.0,80.0,38.0,26.0,3.0,1.0,1.0,17.0,14.0,2.2142857142857144,0.0,14.0,4.0,20.0,0.0,12.0,1.0,4.0,0.0,0.0,0.0,63.0,128.45,33,128.42
mcts,linear:runs/linear/pass7/p7b_sarsa_lam98_random_s3.json@best,2,9001,90,0,0.0,0.0,-45.0,57.0,102.0,49.0,-2.0,1.0,1.0,1.0,20.0,13.0,2.6153846153846154,1.0,11.0,5.0,21.0,2.0,11.0,0.0,2.0,0.0,0.0,0.0,63.0,121.94,32,121.91
mcts,linear:runs/linear/pass7/p7b_sarsa_lam98_random_s3.json@best,2,9001,91,0,0.0,0.0,-7.0,89.0,96.0,42.0,37.0,5.0,1.0,1.0,22.0,14.0,2.357142857142857,0.0,12.0,6.0,12.0,1.0,16.0,3.0,6.0,0.0,0.0,0.0,65.0,129.83,36,129.8
mcts:reward=score,linear:runs/linear/pass7/p7b_sarsa_lam98_random_s3.json@best,2,9001,88,0,1.0,1.0,30.0,113.0,83.0,62.0,41.0,4.0,0.0,1.0,22.0,13.0,3.076923076923077,3.0,5.0,5.0,12.0,0.0,26.0,1.0,4.0,0.0,0.0,0.0,66.0,131.94,35,131.9
mcts:reward=score,linear:runs/linear/pass7/p7b_sarsa_lam98_random_s3.json@best,2,9001,89,0,0.0,0.0,-8.0,89.0,97.0,46.0,33.0,3.0,0.0,1.0,22.0,15.0,2.4,0.0,9.0,2.0,18.0,0.0,26.0,0.0,3.0,0.0,0.0,0.0,75.0,137.81,38,137.77
mcts:reward=score,linear:runs/linear/pass7/p7b_sarsa_lam98_random_s3.json@best,2,9001,90,0,0.0,0.0,-5.0,81.0,86.0,47.0,24.0,2.0,0.0,1.0,29.0,11.0,2.8181818181818183,2.0,14.0,5.0,18.0,1.0,18.0,0.0,2.0,0.0,0.0,0.0,61.0,125.33,31,125.3
mcts:reward=score,linear:runs/linear/pass7/p7b_sarsa_lam98_random_s3.json@best,2,9001,91,0,1.0,1.0,13.0,98.0,85.0,44.0,44.0,5.0,0.0,1.0,16.0,13.0,2.4615384615384617,1.0,13.0,4.0,13.0,0.0,17.0,2.0,5.0,0.0,0.0,0.0,61.0,121.82,33,121.79
mcts:reward=score,collector,2,9001,88,0,1.0,1.0,58.0,163.0,105.0,63.0,90.0,7.0,0.0,1.0,39.0,17.0,2.6470588235294117,1.0,0.0,6.0,10.0,0.0,38.0,3.0,7.0,0.0,0.0,0.0,88.0,170.82,48,170.81
mcts:reward=score,collector,2,9001,89,0,1.0,1.0,68.0,170.0,102.0,67.0,93.0,7.0,0.0,1.0,32.0,16.0,2.8125,2.0,0.0,7.0,14.0,3.0,32.0,3.0,7.0,0.0,0.0,1.0,90.0,186.21,49,186.2
mcts:reward=score,collector,2,9001,90,0,1.0,1.0,43.0,136.0,93.0,64.0,62.0,5.0,1.0,1.0,27.0,17.0,2.588235294117647,1.0,1.0,3.0,22.0,0.0,20.0,3.0,6.0,0.0,0.0,1.0,82.0,182.97,45,182.96
mcts:reward=score,collector,2,9001,91,0,1.0,1.0,38.0,115.0,77.0,85.0,20.0,2.0,0.0,1.0,37.0,12.0,3.75,4.0,0.0,5.0,12.0,0.0,46.0,0.0,2.0,0.0,0.0,1.0,82.0,159.18,42,159.16
mcts,greedy,2,9001,92,0,1.0,1.0,45.0,139.0,94.0,74.0,55.0,5.0,0.0,1.0,29.0,14.0,3.2142857142857144,2.0,0.0,4.0,23.0,2.0,19.0,2.0,5.0,0.0,0.0,1.0,77.0,146.16,42,146.15
mcts,greedy,2,9001,93,0,1.0,1.0,0.0,101.0,101.0,61.0,30.0,4.0,0.0,1.0,24.0,18.0,2.4444444444444446,2.0,1.0,5.0,8.0,1.0,36.0,2.0,4.0,0.0,0.0,0.0,87.0,148.25,46,148.24
mcts,greedy,2,9001,94,1,1.0,1.0,24.0,89.0,65.0,80.0,-1.0,2.0,1.0,1.0,24.0,13.0,3.4615384615384617,3.0,0.0,5.0,11.0,1.0,43.0,1.0,3.0,0.0,0.0,1.0,84.0,152.82,44,152.81
mcts,greedy,2,9001,95,0,1.0,1.0,18.0,104.0,86.0,54.0,40.0,5.0,0.0,1.0,30.0,19.0,2.3157894736842106,0.0,1.0,7.0,14.0,1.0,26.0,1.0,5.0,0.0,0.0,1.0,81.0,153.21,43,153.2
mcts,racer,2,9001,92,0,1.0,1.0,30.0,119.0,89.0,60.0,49.0,5.0,0.0,1.0,26.0,15.0,2.6666666666666665,3.0,5.0,3.0,13.0,0.0,25.0,2.0,5.0,0.0,0.0,0.0,72.0,138.13,39,138.12
mcts,racer,2,9001,93,0,1.0,1.0,2.0,88.0,86.0,59.0,19.0,2.0,0.0,1.0,25.0,15.0,2.6666666666666665,1.0,5.0,6.0,3.0,0.0,39.0,0.0,2.0,0.0,0.0,0.0,73.0,131.17,37,131.16
mcts,racer,2,9001,94,1,1.0,1.0,29.0,116.0,87.0,52.0,54.0,5.0,0.0,1.0,31.0,18.0,2.1666666666666665,1.0,6.0,7.0,10.0,0.0,30.0,1.0,5.0,0.0,0.0,0.0,79.0,132.87,41,132.85
mcts,racer,2,9001,95,0,0.0,0.0,-27.0,74.0,101.0,40.0,34.0,4.0,0.0,0.0,19.0,15.0,2.2,0.0,12.0,3.0,5.0,1.0,27.0,2.0,4.0,0.0,0.0,0.0,68.0,136.54,37,136.52
mcts:reward=score,racer,2,9001,92,0,1.0,1.0,46.0,135.0,89.0,60.0,65.0,6.0,0.0,1.0,28.0,16.0,2.5625,1.0,4.0,5.0,12.0,0.0,28.0,2.0,6.0,0.0,0.0,0.0,76.0,134.21,41,134.2
mcts:reward=score,racer,2,9001,93,0,1.0,1.0,28.0,114.0,86.0,46.0,58.0,4.0,0.0,1.0,30.0,13.0,2.6153846153846154,1.0,11.0,4.0,12.0,0.0,22.0,2.0,4.0,0.0,0.0,0.0,65.0,124.06,35,124.04
mcts:reward=score,racer,2,9001,94,1,1.0,1.0,10.0,97.0,87.0,40.0,47.0,5.0,1.0,1.0,26.0,14.0,2.357142857142857,0.0,12.0,6.0,14.0,1.0,18.0,2.0,6.0,0.0,0.0,0.0,67.0,125.22,36,125.21
mcts:reward=score,racer,2,9001,95,0,1.0,1.0,17.0,108.0,91.0,68.0,30.0,4.0,0.0,1.0,25.0,12.0,3.25,2.0,6.0,7.0,4.0,1.0,38.0,1.0,4.0,0.0,0.0,0.0,70.0,141.31,37,141.29
mcts:reward=score,greedy,2,9001,92,0,1.0,1.0,50.0,146.0,96.0,66.0,70.0,8.0,0.0,1.0,28.0,16.0,2.8125,1.0,0.0,4.0,10.0,0.0,36.0,4.0,8.0,0.0,0.0,1.0,85.0,162.29,48,162.28
mcts:reward=score,greedy,2,9001,93,0,1.0,1.0,43.0,150.0,107.0,69.0,71.0,6.0,0.0,1.0,32.0,16.0,2.8125,2.0,0.0,4.0,6.0,0.0,38.0,2.0,6.0,0.0,0.0,1.0,80.0,140.87,43,140.86
mcts:reward=score,greedy,2,9001,94,1,1.0,1.0,54.0,160.0,106.0,63.0,87.0,6.0,0.0,1.0,29.0,17.0,2.6470588235294117,1.0,0.0,6.0,22.0,1.0,20.0,2.0,6.0,0.0,0.0,1.0,82.0,156.12,44,156.11
mcts:reward=score,greedy,2,9001,95,0,1.0,1.0,15.0,121.0,106.0,58.0,53.0,5.0,1.0,1.0,32.0,15.0,2.8,1.0,3.0,5.0,4.0,0.0,42.0,3.0,6.0,0.0,0.0,0.0,82.0,166.81,45,166.8
mcts,ppo:runs/ppo/pass2/p2b_pool_s3.json,2,9001,92,0,1.0,1.0,39.0,121.0,82.0,60.0,51.0,4.0,0.0,1.0,30.0,14.0,2.7857142857142856,2.0,6.0,4.0,14.0,1.0,22.0,1.0,4.0,0.0,0.0,0.0,68.0,140.51,36,140.44
mcts,ppo:runs/ppo/pass2/p2b_pool_s3.json,2,9001,93,0,0.0,0.0,-27.0,54.0,81.0,35.0,19.0,2.0,0.0,0.0,25.0,12.0,2.3333333333333335,0.0,17.0,2.0,6.0,0.0,28.0,0.0,2.0,0.0,0.0,0.0,59.0,128.85,30,128.79
mcts,ppo:runs/ppo/pass2/p2b_pool_s3.json,2,9001,94,1,0.0,0.0,-44.0,46.0,90.0,34.0,12.0,4.0,1.0,0.0,23.0,14.0,2.142857142857143,0.0,15.0,5.0,13.0,1.0,15.0,1.0,5.0,0.0,0.0,0.0,61.0,127.24,32,127.18
mcts,ppo:runs/ppo/pass2/p2b_pool_s3.json,2,9001,95,0,0.0,0.0,-21.0,66.0,87.0,44.0,22.0,4.0,1.0,0.0,16.0,14.0,2.4285714285714284,0.0,11.0,4.0,7.0,0.0,27.0,1.0,5.0,0.0,0.0,0.0,64.0,137.32,34,137.26
mcts,wary,2,9001,92,0,1.0,1.0,41.0,136.0,95.0,71.0,55.0,5.0,0.0,1.0,29.0,14.0,3.142857142857143,2.0,1.0,4.0,22.0,2.0,20.0,2.0,5.0,0.0,0.0,1.0,77.0,147.38,42,147.37
mcts,wary,2,9001,93,0,1.0,1.0,1.0,91.0,90.0,48.0,33.0,4.0,0.0,1.0,19.0,16.0,2.25,1.0,9.0,3.0,7.0,0.0,25.0,2.0,4.0,0.0,0.0,0.0,69.0,139.44,37,139.43
mcts,wary,2,9001,94,1,1.0,1.0,34.0,89.0,55.0,80.0,-1.0,2.0,1.0,1.0,24.0,13.0,3.4615384615384617,3.0,0.0,5.0,11.0,1.0,43.0,1.0,3.0,0.0,0.0,1.0,84.0,155.07,44,155.05
mcts,wary,2,9001,95,0,1.0,1.0,26.0,101.0,75.0,51.0,40.0,5.0,0.0,1.0,30.0,17.0,2.411764705882353,0.0,4.0,7.0,14.0,1.0,26.0,1.0,5.0,0.0,0.0,0.0,78.0,146.53,41,146.52
mcts:reward=score,ppo:runs/ppo/pass2/p2b_pool_s3.json,2,9001,92,0,1.0,1.0,45.0,119.0,74.0,54.0,55.0,5.0,0.0,1.0,22.0,12.0,2.8333333333333335,2.0,11.0,3.0,10.0,0.0,26.0,2.0,5.0,0.0,0.0,0.0,64.0,139.81,35,139.73
mcts:reward=score,ppo:runs/ppo/pass2/p2b_pool_s3.json,2,9001,93,0,1.0,1.0,9.0,90.0,81.0,49.0,41.0,4.0,0.0,0.0,28.0,15.0,2.466666666666667,1.0,8.0,2.0,12.0,0.0,24.0,1.0,4.0,0.0,0.0,0.0,69.0,136.22,36,136.15
mcts:reward=score,ppo:runs/ppo/pass2/p2b_pool_s3.json,2,9001,94,1,1.0,1.0,9.0,92.0,83.0,38.0,54.0,5.0,0.0,0.0,28.0,14.0,2.2857142857142856,0.0,13.0,6.0,16.0,0.0,14.0,1.0,5.0,0.0,0.0,0.0,61.0,125.98,32,125.92
mcts:reward=score,ppo:runs/ppo/pass2/p2b_pool_s3.json,2,9001,95,0,0.0,0.0,-5.0,74.0,79.0,55.0,19.0,4.0,1.0,0.0,20.0,12.0,2.9166666666666665,2.0,10.0,5.0,5.0,0.0,31.0,1.0,5.0,0.0,0.0,0.0,62.0,135.26,33,135.2
mcts,linear:runs/linear/pass7/p7b_sarsa_lam98_random_s3.json@best,2,9001,92,0,1.0,1.0,12.0,99.0,87.0,54.0,35.0,3.0,0.0,1.0,29.0,14.0,2.642857142857143,2.0,8.0,5.0,19.0,2.0,15.0,1.0,3.0,0.0,0.0,0.0,68.0,134.36,36,134.33
mcts,linear:runs/linear/pass7/p7b_sarsa_lam98_random_s3.json@best,2,9001,93,0,1.0,1.0,6.0,103.0,97.0,49.0,44.0,4.0,0.0,1.0,29.0,16.0,2.4375,0.0,6.0,4.0,9.0,1.0,27.0,2.0,4.0,0.0,0.0,0.0,75.0,138.0,40,137.97
mcts,linear:runs/linear/pass7/p7b_sarsa_lam98_random_s3.json@best,2,9001,94,1,1.0,1.0,27.0,102.0,75.0,38.0,54.0,5.0,0.0,1.0,28.0,14.0,2.2857142857142856,0.0,13.0,5.0,11.0,0.0,23.0,1.0,5.0,0.0,0.0,0.0,65.0,129.68,34,129.65
mcts,linear:runs/linear/pass7/p7b_sarsa_lam98_random_s3.json@best,2,9001,95,0,0.0,0.0,-30.0,51.0,81.0,32.0,9.0,3.0,1.0,1.0,13.0,13.0,2.1538461538461537,0.0,17.0,2.0,7.0,1.0,21.0,1.0,4.0,0.0,0.0,0.0,58.0,123.87,31,123.85
mcts:reward=score,wary,2,9001,92,0,1.0,1.0,50.0,146.0,96.0,66.0,70.0,8.0,0.0,1.0,28.0,16.0,2.8125,1.0,0.0,4.0,10.0,0.0,36.0,4.0,8.0,0.0,0.0,1.0,85.0,165.58,48,165.56
mcts:reward=score,wary,2,9001,93,0,1.0,1.0,8.0,114.0,106.0,63.0,41.0,4.0,0.0,1.0,28.0,13.0,3.0,2.0,6.0,4.0,6.0,0.0,38.0,1.0,4.0,0.0,0.0,0.0,73.0,138.28,38,138.27
mcts:reward=score,wary,2,9001,94,1,1.0,1.0,34.0,148.0,114.0,61.0,87.0,6.0,0.0,0.0,29.0,16.0,2.6875,1.0,2.0,6.0,22.0,1.0,20.0,2.0,6.0,0.0,0.0,0.0,81.0,157.82,43,157.81
mcts:reward=score,wary,2,9001,95,0,1.0,1.0,15.0,121.0,106.0,58.0,53.0,5.0,1.0,1.0,32.0,15.0,2.8,1.0,3.0,5.0,4.0,0.0,42.0,3.0,6.0,0.0,0.0,0.0,82.0,163.7,45,163.69
mcts,collector,2,9001,92,0,1.0,1.0,44.0,142.0,98.0,71.0,61.0,6.0,0.0,1.0,26.0,15.0,3.0,2.0,0.0,3.0,26.0,1.0,18.0,2.0,6.0,0.0,0.0,1.0,79.0,149.92,43,149.91
mcts,collector,2,9001,93,0,1.0,1.0,36.0,100.0,64.0,56.0,34.0,4.0,0.0,1.0,27.0,19.0,2.3684210526315788,0.0,0.0,4.0,12.0,0.0,32.0,1.0,4.0,0.0,0.0,1.0,84.0,154.25,44,154.23
mcts,collector,2,9001,94,1,1.0,1.0,37.0,117.0,80.0,58.0,49.0,4.0,0.0,1.0,24.0,18.0,2.5,0.0,0.0,8.0,14.0,1.0,28.0,1.0,4.0,0.0,0.0,1.0,82.0,157.91,43,157.89
mcts,collector,2,9001,95,0,1.0,1.0,15.0,90.0,75.0,57.0,23.0,3.0,0.0,1.0,19.0,18.0,2.4444444444444446,0.0,1.0,8.0,8.0,2.0,30.0,1.0,3.0,0.0,0.0,1.0,79.0,169.57,42,169.56
mcts:reward=score,linear:runs/linear/pass7/p7b_sarsa_lam98_random_s3.json@best,2,9001,92,0,1.0,1.0,1.0,80.0,79.0,46.0,24.0,2.0,0.0,1.0,26.0,13.0,2.6153846153846154,0.0,11.0,2.0,18.0,0.0,20.0,0.0,2.0,0.0,0.0,0.0,64.0,133.71,33,133.68
mcts:reward=score,linear:runs/linear/pass7/p7b_sarsa_lam98_random_s3.json@best,2,9001,93,0,1.0,1.0,31.0,122.0,91.0,54.0,58.0,4.0,0.0,1.0,28.0,13.0,2.8461538461538463,1.0,8.0,5.0,8.0,0.0,32.0,2.0,4.0,0.0,0.0,0.0,71.0,131.29,38,131.26
mcts:reward=score,linear:runs/linear/pass7/p7b_sarsa_lam98_random_s3.json@best,2,9001,94,1,1.0,1.0,3.0,80.0,77.0,36.0,34.0,3.0,1.0,1.0,26.0,13.0,2.3076923076923075,0.0,15.0,5.0,8.0,0.0,24.0,2.0,4.0,0.0,0.0,0.0,63.0,136.16,34,136.13
mcts:reward=score,linear:runs/linear/pass7/p7b_sarsa_lam98_random_s3.json@best,2,9001,95,0,1.0,1.0,19.0,106.0,87.0,45.0,51.0,5.0,0.0,1.0,23.0,13.0,2.6153846153846154,0.0,11.0,5.0,4.0,2.0,26.0,2.0,5.0,0.0,0.0,0.0,64.0,132.73,35,132.71
mcts,racer,2,9001,96,1,0.0,0.0,-2.0,96.0,98.0,47.0,39.0,4.0,0.0,1.0,18.0,16.0,2.3125,0.0,8.0,2.0,5.0,0.0,29.0,1.0,4.0,0.0,0.0,0.0,69.0,121.47,36,121.46
mcts,racer,2,9001,97,0,0.0,0.0,-25.0,70.0,95.0,41.0,19.0,5.0,1.0,1.0,20.0,15.0,2.2,0.0,12.0,2.0,27.0,0.0,7.0,1.0,6.0,0.0,0.0,0.0,67.0,130.27,35,130.26
mcts,racer,2,9001,98,1,0.0,0.0,-17.0,81.0,98.0,46.0,25.0,3.0,1.0,1.0,28.0,16.0,2.25,1.0,9.0,4.0,6.0,1.0,26.0,2.0,4.0,0.0,0.0,0.0,71.0,126.98,38,126.97
mcts,racer,2,9001,99,1,0.0,0.0,-21.0,76.0,97.0,47.0,19.0,3.0,1.0,1.0,25.0,17.0,2.235294117647059,0.0,7.0,3.0,4.0,0.0,32.0,1.0,4.0,0.0,0.0,0.0,73.0,125.06,38,125.05
mcts:reward=score,collector,2,9001,92,0,1.0,1.0,0.0,105.0,105.0,57.0,38.0,6.0,1.0,1.0,24.0,15.0,2.6,1.0,6.0,6.0,8.0,1.0,32.0,4.0,7.0,0.0,0.0,0.0,80.0,164.24,45,164.23
mcts:reward=score,collector,2,9001,93,0,1.0,1.0,69.0,159.0,90.0,62.0,87.0,7.0,0.0,1.0,40.0,16.0,2.75,1.0,1.0,4.0,6.0,0.0,42.0,3.0,7.0,0.0,0.0,0.0,87.0,159.41,47,159.39
mcts:reward=score,collector,2,9001,94,1,1.0,1.0,14.0,128.0,114.0,59.0,59.0,7.0,2.0,1.0,29.0,18.0,2.5,1.0,0.0,6.0,8.0,1.0,38.0,5.0,9.0,0.0,0.0,0.0,95.0,189.32,53,189.3
mcts:reward=score,collector,2,9001,95,0,1.0,1.0,36.0,125.0,89.0,58.0,57.0,5.0,1.0,1.0,27.0,14.0,2.9285714285714284,1.0,4.0,4.0,8.0,0.0,42.0,4.0,6.0,0.0,0.0,0.0,86.0,184.67,48,184.66
mcts:reward=score,racer,2,9001,96,1,1.0,1.0,17.0,115.0,98.0,55.0,50.0,5.0,0.0,1.0,29.0,13.0,2.8461538461538463,1.0,8.0,3.0,8.0,0.0,28.0,2.0,5.0,0.0,0.0,0.0,67.0,129.83,36,129.82
mcts:reward=score,racer,2,9001,97,0,0.0,0.0,-3.0,92.0,95.0,38.0,44.0,6.0,0.0,1.0,19.0,15.0,2.2,0.0,12.0,5.0,7.0,0.0,25.0,2.0,6.0,0.0,0.0,0.0,67.0,129.03,36,129.02
mcts:reward=score,racer,2,9001,98,1,0.0,0.0,-18.0,90.0,108.0,41.0,49.0,4.0,0.0,0.0,24.0,14.0,2.357142857142857,0.0,12.0,2.0,10.0,1.0,22.0,2.0,4.0,0.0,0.0,0.0,67.0,128.59,36,128.57
mcts:reward=score,racer,2,9001,99,1,0.0,0.0,-29.0,78.0,107.0,42.0,36.0,5.0,1.0,0.0,14.0,14.0,2.357142857142857,0.0,12.0,6.0,4.0,0.0,26.0,2.0,6.0,0.0,0.0,0.0,63.0,121.03,34,121.01
mcts,greedy,2,9001,96,1,0.0,0.0,-31.0,92.0,123.0,64.0,18.0,2.0,0.0,1.0,31.0,15.0,2.8666666666666667,1.0,2.0,3.0,8.0,0.0,38.0,0.0,2.0,0.0,0.0,0.0,77.0,145.84,39,145.82
mcts,greedy,2,9001,97,0,1.0,1.0,37.0,134.0,97.0,51.0,73.0,7.0,0.0,1.0,25.0,20.0,2.2,0.0,1.0,6.0,9.0,3.0,31.0,2.0,7.0,0.0,0.0,1.0,90.0,168.76,48,168.75
mcts,greedy,2,9001,98,1,0.0,0.0,-60.0,55.0,115.0,61.0,-6.0,1.0,1.0,0.0,22.0,14.0,2.857142857142857,1.0,5.0,1.0,30.0,0.0,16.0,0.0,2.0,0.0,0.0,0.0,75.0,140.35,38,140.34
mcts,greedy,2,9001,99,1,0.0,0.0,-46.0,64.0,110.0,61.0,3.0,1.0,1.0,0.0,14.0,15.0,2.8,1.0,3.0,7.0,7.0,1.0,39.0,0.0,2.0,0.0,0.0,0.0,79.0,146.67,40,146.66
mcts:reward=score,greedy,2,9001,96,1,1.0,1.0,19.0,134.0,115.0,53.0,71.0,7.0,0.0,1.0,35.0,18.0,2.2777777777777777,0.0,4.0,3.0,8.0,0.0,30.0,3.0,7.0,0.0,0.0,0.0,81.0,161.73,44,161.71
mcts:reward=score,greedy,2,9001,97,0,1.0,1.0,68.0,158.0,90.0,75.0,73.0,7.0,0.0,1.0,32.0,14.0,3.2142857142857144,2.0,0.0,7.0,7.0,0.0,43.0,3.0,7.0,0.0,0.0,1.0,84.0,168.78,46,168.77
mcts:reward=score,greedy,2,9001,98,1,1.0,1.0,65.0,137.0,72.0,81.0,46.0,4.0,0.0,1.0,31.0,13.0,3.4615384615384617,4.0,0.0,7.0,3.0,0.0,41.0,1.0,4.0,0.0,0.0,1.0,72.0,158.86,38,158.85
mcts:reward=score,greedy,2,9001,99,1,1.0,1.0,18.0,126.0,108.0,77.0,39.0,3.0,0.0,1.0,36.0,14.0,3.2142857142857144,2.0,0.0,7.0,3.0,1.0,45.0,1.0,3.0,0.0,0.0,1.0,80.0,152.19,42,152.18
mcts,ppo:runs/ppo/pass2/p2b_pool_s3.json,2,9001,96,1,0.0,0.0,-20.0,71.0,91.0,43.0,18.0,2.0,0.0,1.0,22.0,12.0,2.5833333333333335,0.0,14.0,2.0,9.0,1.0,27.0,0.0,2.0,0.0,0.0,0.0,63.0,119.75,32,119.69
mcts,ppo:runs/ppo/pass2/p2b_pool_s3.json,2,9001,97,0,0.0,0.0,-25.0,67.0,92.0,61.0,6.0,2.0,1.0,0.0,20.0,11.0,3.272727272727273,4.0,9.0,2.0,9.0,0.0,35.0,0.0,3.0,0.0,0.0,0.0,67.0,133.09,34,133.03
mcts,ppo:runs/ppo/pass2/p2b_pool_s3.json,2,9001,98,1,0.0,0.0,-34.0,77.0,111.0,40.0,37.0,3.0,0.0,0.0,20.0,10.0,2.8,1.0,17.0,5.0,2.0,2.0,34.0,1.0,3.0,0.0,0.0,0.0,63.0,125.4,33,125.34
mcts,ppo:runs/ppo/pass2/p2b_pool_s3.json,2,9001,99,1,0.0,0.0,-5.0,85.0,90.0,52.0,33.0,4.0,0.0,0.0,17.0,13.0,2.769230769230769,1.0,9.0,4.0,5.0,0.0,29.0,1.0,4.0,0.0,0.0,0.0,63.0,116.78,33,116.72
mcts:reward=score,ppo:runs/ppo/pass2/p2b_pool_s3.json,2,9001,96,1,1.0,1.0,23.0,121.0,98.0,61.0,50.0,5.0,0.0,1.0,32.0,11.0,3.4545454545454546,2.0,7.0,4.0,4.0,1.0,34.0,1.0,5.0,0.0,0.0,0.0,65.0,127.27,34,127.2
mcts:reward=score,ppo:runs/ppo/pass2/p2b_pool_s3.json,2,9001,97,0,0.0,0.0,-40.0,52.0,92.0,44.0,8.0,4.0,1.0,0.0,22.0,13.0,2.5384615384615383,0.0,12.0,1.0,16.0,0.0,16.0,1.0,5.0,0.0,0.0,0.0,61.0,120.67,32,120.61
mcts:reward=score,ppo:runs/ppo/pass2/p2b_pool_s3.json,2,9001,98,1,0.0,0.0,-36.0,61.0,97.0,35.0,26.0,3.0,1.0,0.0,24.0,13.0,2.3076923076923075,0.0,15.0,2.0,3.0,0.0,29.0,1.0,4.0,0.0,0.0,0.0,61.0,122.47,32,122.42
mcts:reward=score,ppo:runs/ppo/pass2/p2b_pool_s3.json,2,9001,99,1,0.0,0.0,-2.0,86.0,88.0,40.0,46.0,5.0,0.0,0.0,14.0,13.0,2.3846153846153846,0.0,14.0,5.0,4.0,0.0,28.0,2.0,5.0,0.0,0.0,0.0,63.0,118.45,34,118.39
mcts,wary,2,9001,96,1,0.0,0.0,-24.0,88.0,112.0,60.0,18.0,2.0,0.0,1.0,28.0,14.0,2.857142857142857,1.0,5.0,3.0,8.0,0.0,38.0,0.0,2.0,0.0,0.0,0.0,75.0,141.6,38,141.59
mcts,wary,2,9001,97,0,1.0,1.0,37.0,134.0,97.0,51.0,73.0,7.0,0.0,1.0,25.0,20.0,2.2,0.0,1.0,6.0,9.0,3.0,31.0,2.0,7.0,0.0,0.0,1.0,90.0,159.28,48,159.26
mcts,wary,2,9001,98,1,0.0,0.0,-60.0,55.0,115.0,61.0,-6.0,1.0,1.0,0.0,22.0,14.0,2.857142857142857,1.0,5.0,1.0,30.0,0.0,16.0,0.0,2.0,0.0,0.0,0.0,75.0,130.38,38,130.37
mcts,wary,2,9001,99,1,0.0,0.0,-51.0,60.0,111.0,57.0,3.0,1.0,1.0,0.0,14.0,14.0,2.7857142857142856,1.0,6.0,6.0,4.0,0.0,40.0,0.0,2.0,0.0,0.0,0.0,73.0,133.79,37,133.78
mcts,linear:runs/linear/pass7/p7b_sarsa_lam98_random_s3.json@best,2,9001,96,1,1.0,1.0,3.0,94.0,91.0,56.0,28.0,4.0,1.0,1.0,26.0,12.0,3.0,1.0,9.0,4.0,12.0,1.0,26.0,1.0,5.0,0.0,0.0,0.0,67.0,123.46,35,123.43
mcts,linear:runs/linear/pass7/p7b_sarsa_lam98_random_s3.json@best,2,9001,97,0,0.0,0.0,-8.0,85.0,93.0,44.0,31.0,5.0,1.0,1.0,23.0,13.0,2.4615384615384617,1.0,13.0,4.0,15.0,1.0,19.0,1.0,6.0,0.0,0.0,0.0,65.0,125.7,34,125.67
mcts,linear:runs/linear/pass7/p7b_sarsa_lam98_random_s3.json@best,2,9001,98,1,0.0,0.0,-29.0,81.0,110.0,49.0,32.0,3.0,1.0,0.0,29.0,12.0,2.8333333333333335,2.0,11.0,2.0,10.0,1.0,24.0,1.0,4.0,0.0,0.0,0.0,63.0,121.76,33,121.74
mcts,linear:runs/linear/pass7/p7b_sarsa_lam98_random_s3.json@best,2,9001,99,1,0.0,0.0,-18.0,76.0,94.0,52.0,24.0,3.0,0.0,0.0,13.0,15.0,2.6666666666666665,0.0,5.0,6.0,9.0,0.0,33.0,1.0,3.0,0.0,0.0,0.0,75.0,120.38,39,120.35
mcts:reward=score,wary,2,9001,96,1,0.0,0.0,-5.0,108.0,113.0,48.0,60.0,6.0,0.0,0.0,21.0,15.0,2.466666666666667,0.0,8.0,3.0,8.0,0.0,30.0,2.0,6.0,0.0,0.0,0.0,73.0,148.18,39,148.17
mcts:reward=score,wary,2,9001,97,0,1.0,1.0,87.0,158.0,71.0,75.0,73.0,7.0,0.0,1.0,32.0,14.0,3.2142857142857144,2.0,0.0,6.0,7.0,0.0,41.0,3.0,7.0,0.0,0.0,1.0,82.0,154.63,45,154.62
mcts:reward=score,wary,2,9001,98,1,1.0,1.0,63.0,137.0,74.0,81.0,46.0,4.0,0.0,1.0,29.0,13.0,3.4615384615384617,4.0,0.0,7.0,3.0,0.0,41.0,1.0,4.0,0.0,0.0,1.0,72.0,144.08,38,144.07
mcts:reward=score,wary,2,9001,99,1,1.0,1.0,18.0,126.0,108.0,77.0,39.0,3.0,0.0,1.0,36.0,14.0,3.2142857142857144,2.0,0.0,7.0,3.0,1.0,45.0,1.0,3.0,0.0,0.0,1.0,80.0,140.79,42,140.78
mcts,collector,2,9001,96,1,0.0,0.0,-22.0,86.0,108.0,58.0,18.0,2.0,0.0,1.0,26.0,16.0,2.625,0.0,3.0,4.0,23.0,1.0,21.0,0.0,2.0,0.0,0.0,0.0,79.0,152.84,40,152.83
mcts,collector,2,9001,97,0,1.0,1.0,69.0,127.0,58.0,55.0,62.0,6.0,0.0,1.0,26.0,16.0,2.625,0.0,3.0,5.0,16.0,1.0,28.0,2.0,6.0,0.0,0.0,0.0,83.0,154.96,44,154.95
mcts,collector,2,9001,98,1,1.0,1.0,50.0,120.0,70.0,72.0,38.0,2.0,0.0,1.0,37.0,15.0,3.0,2.0,0.0,4.0,22.0,2.0,22.0,0.0,2.0,0.0,0.0,1.0,78.0,139.79,40,139.78
mcts,collector,2,9001,99,1,1.0,1.0,82.0,111.0,29.0,75.0,26.0,3.0,0.0,1.0,20.0,14.0,3.2142857142857144,3.0,0.0,7.0,9.0,3.0,35.0,1.0,3.0,0.0,0.0,1.0,80.0,150.6,42,150.59
mcts:reward=score,linear:runs/linear/pass7/p7b_sarsa_lam98_random_s3.json@best,2,9001,96,1,0.0,0.0,-15.0,74.0,89.0,48.0,16.0,3.0,1.0,1.0,23.0,10.0,3.2,0.0,13.0,4.0,14.0,1.0,22.0,1.0,4.0,0.0,0.0,0.0,61.0,119.03,32,119.0
mcts:reward=score,linear:runs/linear/pass7/p7b_sarsa_lam98_random_s3.json@best,2,9001,97,0,1.0,1.0,17.0,98.0,81.0,43.0,45.0,5.0,1.0,1.0,25.0,14.0,2.4285714285714284,1.0,11.0,3.0,14.0,0.0,18.0,2.0,6.0,0.0,0.0,0.0,65.0,116.5,35,116.47
mcts:reward=score,linear:runs/linear/pass7/p7b_sarsa_lam98_random_s3.json@best,2,9001,98,1,1.0,1.0,3.0,103.0,100.0,56.0,37.0,3.0,0.0,1.0,23.0,14.0,2.7142857142857144,1.0,7.0,4.0,2.0,0.0,36.0,1.0,3.0,0.0,0.0,0.0,69.0,121.15,36,121.12
mcts:reward=score,linear:runs/linear/pass7/p7b_sarsa_lam98_random_s3.json@best,2,9001,99,1,0.0,0.0,-20.0,75.0,95.0,42.0,33.0,5.0,1.0,0.0,14.0,13.0,2.4615384615384617,0.0,13.0,5.0,3.0,0.0,27.0,2.0,6.0,0.0,0.0,0.0,61.0,108.82,33,108.8
mcts:reward=score,collector,2,9001,96,1,1.0,1.0,39.0,127.0,88.0,87.0,30.0,3.0,0.0,1.0,25.0,12.0,3.75,5.0,0.0,6.0,7.0,0.0,57.0,1.0,3.0,0.0,0.0,1.0,90.0,181.68,47,181.67
mcts:reward=score,collector,2,9001,97,0,1.0,1.0,28.0,140.0,112.0,59.0,71.0,9.0,1.0,1.0,36.0,17.0,2.6470588235294117,0.0,0.0,5.0,9.0,1.0,33.0,4.0,10.0,0.0,0.0,0.0,87.0,176.39,48,176.37
mcts:reward=score,collector,2,9001,98,1,1.0,1.0,105.0,171.0,66.0,77.0,84.0,7.0,0.0,1.0,26.0,13.0,3.4615384615384617,2.0,0.0,9.0,8.0,0.0,38.0,3.0,7.0,0.0,0.0,1.0,78.0,160.4,43,160.39
mcts:reward=score,collector,2,9001,99,1,1.0,1.0,78.0,142.0,64.0,74.0,58.0,5.0,0.0,1.0,34.0,14.0,3.2142857142857144,2.0,0.0,6.0,3.0,1.0,41.0,3.0,5.0,0.0,0.0,1.0,80.0,135.7,44,135.69
