agent,opponent,players,seed,game,seat,won,win_share,margin,score,opp_score,route_points,ticket_points,tickets_completed,tickets_failed,longest_bonus,longest_path,claims,mean_claim_length,long_claims,trains_left,locomotives_spent,draw_color,draw_locomotive,draw_blind,ticket_draws,tickets_kept,final_round_ticket_draws,passes,triggered_end,turns,seconds,searches,search_seconds
"mcts:reward=score,opponent=infer",ppo:runs/ppo/pass2/p2b_pool_s3.json,2,9001,2,1,1.0,1.0,1.0,94.0,93.0,55.0,39.0,4.0,0.0,0.0,22.0,12.0,3.0,2.0,9.0,4.0,9.0,0.0,27.0,1.0,4.0,0.0,0.0,0.0,63.0,115.18,33,115.11
"mcts:reward=score,opponent=infer",ppo:runs/ppo/pass2/p2b_pool_s3.json,2,9001,3,0,0.0,0.0,-39.0,56.0,95.0,39.0,17.0,4.0,1.0,0.0,23.0,13.0,2.3846153846153846,0.0,14.0,3.0,9.0,0.0,21.0,1.0,5.0,0.0,0.0,0.0,59.0,107.62,31,107.57
"mcts:reward=score,opponent=infer",linear:runs/linear/pass7/p7b_sarsa_lam98_random_s3.json@best,2,9001,0,0,1.0,1.0,1.0,84.0,83.0,50.0,24.0,2.0,0.0,1.0,28.0,14.0,2.642857142857143,0.0,8.0,5.0,14.0,0.0,26.0,0.0,2.0,0.0,0.0,0.0,68.0,116.63,35,116.59
"mcts:reward=score,opponent=infer",linear:runs/linear/pass7/p7b_sarsa_lam98_random_s3.json@best,2,9001,1,0,1.0,1.0,46.0,115.0,69.0,44.0,61.0,6.0,0.0,1.0,20.0,14.0,2.4285714285714284,1.0,11.0,2.0,7.0,0.0,25.0,2.0,6.0,0.0,0.0,0.0,65.0,114.44,35,114.41
"mcts:reward=score,opponent=infer",linear:runs/linear/pass7/p7b_sarsa_lam98_random_s3.json@best,2,9001,2,1,0.0,0.0,-10.0,69.0,79.0,68.0,-9.0,2.0,2.0,1.0,21.0,12.0,3.25,3.0,6.0,6.0,10.0,1.0,26.0,1.0,4.0,0.0,0.0,0.0,65.0,128.52,34,128.49
"mcts:reward=score,opponent=infer",linear:runs/linear/pass7/p7b_sarsa_lam98_random_s3.json@best,2,9001,3,0,1.0,1.0,15.0,101.0,86.0,44.0,47.0,5.0,0.0,1.0,25.0,12.0,2.6666666666666665,0.0,13.0,7.0,6.0,2.0,24.0,2.0,5.0,0.0,0.0,0.0,63.0,108.51,34,108.49
"mcts:reward=score,opponent=infer",racer,2,9001,2,1,1.0,1.0,43.0,125.0,82.0,77.0,38.0,4.0,0.0,1.0,21.0,14.0,3.2142857142857144,3.0,0.0,4.0,8.0,0.0,38.0,2.0,4.0,0.0,0.0,1.0,78.0,132.24,42,132.22
"mcts:reward=score,opponent=infer",racer,2,9001,3,0,0.0,0.0,-34.0,69.0,103.0,44.0,25.0,4.0,1.0,0.0,14.0,12.0,2.5833333333333335,1.0,14.0,4.0,14.0,0.0,24.0,1.0,5.0,0.0,0.0,0.0,65.0,107.36,34,107.35
"mcts:reward=score,opponent=infer",ppo:runs/ppo/pass2/p2b_pool_s3.json,2,9001,0,0,0.0,0.0,-20.0,72.0,92.0,48.0,24.0,2.0,0.0,0.0,25.0,9.0,3.2222222222222223,2.0,16.0,3.0,11.0,0.0,35.0,0.0,2.0,0.0,0.0,0.0,64.0,124.31,33,124.25
"mcts:reward=score,opponent=infer",ppo:runs/ppo/pass2/p2b_pool_s3.json,2,9001,1,0,1.0,1.0,19.0,94.0,75.0,56.0,38.0,4.0,0.0,0.0,23.0,13.0,2.8461538461538463,3.0,8.0,4.0,4.0,0.0,32.0,1.0,4.0,0.0,0.0,0.0,65.0,111.62,34,111.56
"mcts:reward=score,opponent=infer",racer,2,9001,0,0,1.0,1.0,51.0,141.0,90.0,70.0,61.0,6.0,0.0,1.0,28.0,15.0,3.0,2.0,0.0,6.0,10.0,0.0,36.0,2.0,6.0,0.0,0.0,1.0,79.0,133.62,43,133.61
"mcts:reward=score,opponent=infer",racer,2,9001,1,0,1.0,1.0,62.0,143.0,81.0,60.0,73.0,7.0,0.0,1.0,27.0,16.0,2.6875,1.0,2.0,5.0,8.0,0.0,34.0,3.0,7.0,0.0,0.0,0.0,81.0,116.7,44,116.69
"mcts:reward=score,opponent=infer",greedy,2,9001,0,0,1.0,1.0,55.0,141.0,86.0,70.0,61.0,5.0,0.0,1.0,22.0,15.0,3.0,2.0,0.0,3.0,20.0,0.0,24.0,3.0,5.0,0.0,0.0,1.0,79.0,160.56,44,160.54
"mcts:reward=score,opponent=infer",greedy,2,9001,1,0,1.0,1.0,28.0,135.0,107.0,64.0,61.0,6.0,0.0,1.0,25.0,16.0,2.8125,2.0,0.0,4.0,6.0,0.0,40.0,2.0,6.0,0.0,0.0,1.0,82.0,152.07,44,152.06
"mcts:reward=score,opponent=infer",wary,2,9001,0,0,1.0,1.0,55.0,141.0,86.0,70.0,61.0,5.0,0.0,1.0,22.0,15.0,3.0,2.0,0.0,3.0,20.0,0.0,24.0,3.0,5.0,0.0,0.0,1.0,79.0,160.87,44,160.86
"mcts:reward=score,opponent=infer",wary,2,9001,1,0,1.0,1.0,28.0,135.0,107.0,64.0,61.0,6.0,0.0,1.0,25.0,16.0,2.8125,2.0,0.0,4.0,6.0,0.0,40.0,2.0,6.0,0.0,0.0,1.0,82.0,152.57,44,152.56
"mcts:reward=score,opponent=infer",wary,2,9001,2,1,0.0,0.0,-9.0,112.0,121.0,62.0,50.0,5.0,0.0,0.0,21.0,14.0,2.9285714285714284,2.0,4.0,6.0,22.0,2.0,20.0,2.0,5.0,0.0,0.0,0.0,79.0,164.46,42,164.44
"mcts:reward=score,opponent=infer",wary,2,9001,3,0,1.0,1.0,8.0,125.0,117.0,64.0,51.0,5.0,0.0,1.0,25.0,16.0,2.8125,1.0,0.0,9.0,1.0,0.0,47.0,1.0,5.0,0.0,0.0,0.0,83.0,159.25,43,159.24
"mcts:reward=score,opponent=infer",greedy,2,9001,2,1,1.0,1.0,7.0,131.0,124.0,71.0,50.0,5.0,0.0,1.0,24.0,15.0,3.0,2.0,0.0,5.0,22.0,0.0,26.0,2.0,5.0,0.0,0.0,1.0,82.0,167.28,44,167.27
"mcts:reward=score,opponent=infer",greedy,2,9001,3,0,1.0,1.0,59.0,125.0,66.0,64.0,51.0,5.0,0.0,1.0,25.0,16.0,2.8125,1.0,0.0,9.0,1.0,0.0,49.0,1.0,5.0,0.0,0.0,1.0,84.0,158.94,44,158.92
"mcts:reward=score,opponent=infer",collector,2,9001,0,0,1.0,1.0,35.0,133.0,98.0,79.0,44.0,4.0,0.0,1.0,21.0,13.0,3.4615384615384617,3.0,0.0,6.0,17.0,0.0,33.0,1.0,4.0,0.0,0.0,1.0,77.0,158.73,41,158.72
"mcts:reward=score,opponent=infer",collector,2,9001,1,0,1.0,1.0,24.0,100.0,76.0,71.0,29.0,4.0,1.0,0.0,22.0,13.0,3.230769230769231,3.0,3.0,7.0,10.0,1.0,38.0,2.0,5.0,0.0,0.0,0.0,81.0,177.46,43,177.44
"mcts:reward=score,opponent=infer",collector,2,9001,2,1,1.0,1.0,50.0,139.0,89.0,67.0,62.0,6.0,0.0,1.0,30.0,16.0,2.8125,3.0,0.0,8.0,16.0,2.0,34.0,2.0,6.0,0.0,0.0,1.0,90.0,192.81,48,192.79
"mcts:reward=score,opponent=infer",collector,2,9001,3,0,1.0,1.0,8.0,125.0,117.0,64.0,51.0,5.0,0.0,1.0,25.0,16.0,2.8125,1.0,0.0,9.0,1.0,0.0,47.0,1.0,5.0,0.0,0.0,0.0,83.0,158.45,43,158.44
"mcts:reward=score,opponent=infer",ppo:runs/ppo/pass2/p2b_pool_s3.json,2,9001,4,0,1.0,1.0,37.0,106.0,69.0,50.0,46.0,4.0,0.0,1.0,29.0,14.0,2.5,1.0,10.0,2.0,7.0,1.0,23.0,1.0,4.0,0.0,0.0,0.0,62.0,110.57,33,110.52
"mcts:reward=score,opponent=infer",ppo:runs/ppo/pass2/p2b_pool_s3.json,2,9001,5,1,0.0,0.0,-11.0,85.0,96.0,64.0,21.0,2.0,0.0,0.0,16.0,11.0,3.4545454545454546,3.0,7.0,6.0,5.0,0.0,33.0,0.0,2.0,0.0,0.0,0.0,61.0,103.84,31,103.78
"mcts:reward=score,opponent=infer",linear:runs/linear/pass7/p7b_sarsa_lam98_random_s3.json@best,2,9001,4,0,0.0,0.0,-30.0,55.0,85.0,69.0,-24.0,0.0,2.0,1.0,15.0,12.0,3.3333333333333335,1.0,5.0,7.0,4.0,0.0,34.0,0.0,2.0,0.0,0.0,0.0,62.0,106.4,32,106.37
"mcts:reward=score,opponent=infer",linear:runs/linear/pass7/p7b_sarsa_lam98_random_s3.json@best,2,9001,5,1,0.0,0.0,-19.0,59.0,78.0,48.0,1.0,1.0,1.0,1.0,17.0,9.0,3.2222222222222223,2.0,16.0,8.0,7.0,1.0,31.0,0.0,2.0,0.0,0.0,0.0,59.0,104.21,30,104.18
"mcts:reward=score,opponent=infer",racer,2,9001,4,0,1.0,1.0,28.0,115.0,87.0,60.0,45.0,4.0,0.0,1.0,36.0,13.0,3.0,1.0,6.0,6.0,6.0,0.0,32.0,2.0,4.0,0.0,0.0,0.0,68.0,115.48,37,115.46
"mcts:reward=score,opponent=infer",racer,2,9001,5,1,1.0,1.0,15.0,105.0,90.0,50.0,45.0,5.0,0.0,1.0,15.0,13.0,2.6923076923076925,2.0,10.0,7.0,11.0,1.0,31.0,2.0,5.0,0.0,0.0,0.0,75.0,121.22,40,121.2
"mcts:reward=score,opponent=infer",linear:runs/linear/pass7/p7b_sarsa_lam98_random_s3.json@best,2,9001,6,0,0.0,0.0,-31.0,62.0,93.0,52.0,10.0,2.0,1.0,0.0,16.0,15.0,2.533333333333333,0.0,7.0,2.0,24.0,1.0,12.0,0.0,3.0,0.0,0.0,0.0,68.0,108.56,35,108.53
"mcts:reward=score,opponent=infer",linear:runs/linear/pass7/p7b_sarsa_lam98_random_s3.json@best,2,9001,7,0,1.0,1.0,16.0,95.0,79.0,50.0,35.0,4.0,0.0,1.0,21.0,14.0,2.5,1.0,10.0,6.0,4.0,1.0,34.0,1.0,4.0,0.0,0.0,0.0,71.0,114.24,37,114.2
"mcts:reward=score,opponent=infer",ppo:runs/ppo/pass2/p2b_pool_s3.json,2,9001,6,0,0.0,0.0,-27.0,63.0,90.0,43.0,20.0,3.0,1.0,0.0,16.0,14.0,2.357142857142857,1.0,12.0,3.0,14.0,0.0,20.0,1.0,4.0,0.0,0.0,0.0,64.0,110.01,34,109.95
"mcts:reward=score,opponent=infer",ppo:runs/ppo/pass2/p2b_pool_s3.json,2,9001,7,0,0.0,0.0,-12.0,68.0,80.0,41.0,27.0,4.0,1.0,0.0,22.0,12.0,2.5,1.0,15.0,1.0,8.0,0.0,32.0,1.0,5.0,0.0,0.0,0.0,67.0,112.78,35,112.72
"mcts:reward=score,opponent=infer",racer,2,9001,6,0,1.0,1.0,5.0,97.0,92.0,59.0,28.0,3.0,0.0,1.0,19.0,15.0,2.6,2.0,6.0,4.0,15.0,0.0,25.0,0.0,3.0,0.0,0.0,0.0,70.0,107.02,36,107.01
"mcts:reward=score,opponent=infer",racer,2,9001,7,0,1.0,1.0,28.0,118.0,90.0,54.0,54.0,6.0,0.0,1.0,22.0,15.0,2.6,1.0,6.0,5.0,9.0,1.0,29.0,2.0,6.0,0.0,0.0,0.0,75.0,120.37,40,120.35
"mcts:reward=score,opponent=infer",collector,2,9001,4,0,1.0,1.0,55.0,156.0,101.0,78.0,68.0,6.0,0.0,1.0,36.0,14.0,3.2142857142857144,4.0,0.0,2.0,10.0,0.0,34.0,3.0,6.0,0.0,0.0,1.0,77.0,158.7,43,158.69
"mcts:reward=score,opponent=infer",collector,2,9001,5,1,0.0,0.0,-21.0,104.0,125.0,53.0,41.0,3.0,0.0,1.0,36.0,15.0,2.6666666666666665,1.0,5.0,6.0,11.0,1.0,27.0,1.0,3.0,0.0,0.0,0.0,73.0,152.88,38,152.87
"mcts:reward=score,opponent=infer",greedy,2,9001,4,0,1.0,1.0,60.0,166.0,106.0,66.0,90.0,7.0,0.0,1.0,38.0,16.0,2.8125,2.0,0.0,3.0,10.0,0.0,32.0,3.0,7.0,0.0,0.0,1.0,79.0,157.54,44,157.53
"mcts:reward=score,opponent=infer",greedy,2,9001,5,1,1.0,1.0,55.0,166.0,111.0,57.0,99.0,9.0,0.0,1.0,32.0,18.0,2.4444444444444446,1.0,1.0,6.0,13.0,0.0,29.0,5.0,9.0,0.0,0.0,0.0,89.0,175.59,50,175.58
"mcts:reward=score,opponent=infer",wary,2,9001,4,0,1.0,1.0,70.0,172.0,102.0,66.0,96.0,8.0,0.0,1.0,38.0,16.0,2.8125,2.0,0.0,5.0,8.0,0.0,36.0,4.0,8.0,0.0,0.0,1.0,83.0,162.96,47,162.95
"mcts:reward=score,opponent=infer",wary,2,9001,5,1,1.0,1.0,43.0,153.0,110.0,53.0,90.0,8.0,0.0,1.0,32.0,17.0,2.411764705882353,1.0,4.0,5.0,13.0,0.0,27.0,4.0,8.0,0.0,0.0,0.0,83.0,171.81,46,171.79
"mcts:reward=score,opponent=infer",greedy,2,9001,6,0,1.0,1.0,34.0,138.0,104.0,57.0,71.0,8.0,0.0,1.0,24.0,19.0,2.3157894736842106,1.0,1.0,6.0,16.0,0.0,26.0,3.0,8.0,0.0,0.0,1.0,85.0,158.57,47,158.56
"mcts:reward=score,opponent=infer",greedy,2,9001,7,0,1.0,1.0,48.0,124.0,76.0,60.0,54.0,4.0,0.0,1.0,26.0,17.0,2.6470588235294117,1.0,0.0,4.0,11.0,0.0,39.0,2.0,4.0,0.0,0.0,1.0,88.0,165.09,47,165.08
"mcts:reward=score,opponent=infer",wary,2,9001,6,0,1.0,1.0,34.0,138.0,104.0,57.0,71.0,8.0,0.0,1.0,24.0,19.0,2.3157894736842106,1.0,1.0,6.0,16.0,0.0,26.0,3.0,8.0,0.0,0.0,1.0,85.0,162.21,47,162.2
"mcts:reward=score,opponent=infer",wary,2,9001,7,0,1.0,1.0,21.0,124.0,103.0,60.0,54.0,4.0,0.0,1.0,26.0,17.0,2.6470588235294117,1.0,0.0,4.0,11.0,0.0,39.0,2.0,4.0,0.0,0.0,1.0,88.0,168.94,47,168.92
"mcts:reward=score,opponent=infer",ppo:runs/ppo/pass2/p2b_pool_s3.json,2,9001,8,0,1.0,1.0,27.0,111.0,84.0,58.0,43.0,4.0,0.0,1.0,27.0,12.0,3.0833333333333335,1.0,8.0,5.0,2.0,0.0,34.0,1.0,4.0,0.0,0.0,0.0,63.0,107.42,33,107.37
"mcts:reward=score,opponent=infer",ppo:runs/ppo/pass2/p2b_pool_s3.json,2,9001,9,0,1.0,1.0,37.0,118.0,81.0,63.0,45.0,3.0,0.0,1.0,26.0,11.0,3.3636363636363638,2.0,8.0,4.0,12.0,0.0,26.0,1.0,3.0,0.0,0.0,0.0,62.0,118.64,33,118.59
"mcts:reward=score,opponent=infer",linear:runs/linear/pass7/p7b_sarsa_lam98_random_s3.json@best,2,9001,8,0,0.0,0.0,-24.0,60.0,84.0,61.0,-11.0,2.0,2.0,1.0,24.0,13.0,2.8461538461538463,2.0,8.0,7.0,9.0,2.0,25.0,1.0,4.0,0.0,0.0,0.0,67.0,119.68,35,119.65
"mcts:reward=score,opponent=infer",linear:runs/linear/pass7/p7b_sarsa_lam98_random_s3.json@best,2,9001,9,0,1.0,1.0,31.0,115.0,84.0,60.0,45.0,3.0,0.0,1.0,33.0,14.0,2.857142857142857,2.0,5.0,5.0,4.0,0.0,38.0,1.0,3.0,0.0,0.0,0.0,72.0,117.11,38,117.08
"mcts:reward=score,opponent=infer",racer,2,9001,8,0,1.0,1.0,1.0,97.0,96.0,55.0,32.0,3.0,0.0,1.0,32.0,10.0,3.2,2.0,13.0,5.0,8.0,0.0,34.0,1.0,3.0,0.0,0.0,0.0,65.0,111.3,34,111.29
"mcts:reward=score,opponent=infer",racer,2,9001,9,0,1.0,1.0,7.0,99.0,92.0,61.0,28.0,2.0,0.0,1.0,28.0,13.0,3.1538461538461537,1.0,4.0,7.0,4.0,1.0,34.0,0.0,2.0,0.0,0.0,0.0,66.0,112.12,34,112.11
"mcts:reward=score,opponent=infer",collector,2,9001,6,0,0.0,0.0,-10.0,98.0,108.0,50.0,38.0,5.0,1.0,1.0,23.0,16.0,2.375,1.0,7.0,3.0,20.0,1.0,22.0,2.0,6.0,0.0,0.0,0.0,80.0,165.52,43,165.51
"mcts:reward=score,opponent=infer",collector,2,9001,7,0,1.0,1.0,23.0,149.0,126.0,57.0,82.0,9.0,1.0,1.0,31.0,17.0,2.4705882352941178,2.0,3.0,8.0,14.0,1.0,28.0,4.0,10.0,0.0,0.0,0.0,87.0,187.26,48,187.25
"mcts:reward=score,opponent=infer",ppo:runs/ppo/pass2/p2b_pool_s3.json,2,9001,10,1,0.0,0.0,-36.0,45.0,81.0,47.0,-2.0,1.0,1.0,0.0,13.0,11.0,2.8181818181818183,1.0,14.0,5.0,7.0,0.0,29.0,0.0,2.0,0.0,0.0,0.0,59.0,96.03,30,95.97
"mcts:reward=score,opponent=infer",ppo:runs/ppo/pass2/p2b_pool_s3.json,2,9001,11,1,0.0,0.0,-34.0,51.0,85.0,45.0,6.0,2.0,1.0,0.0,16.0,13.0,2.5384615384615383,1.0,12.0,3.0,14.0,0.0,18.0,1.0,3.0,0.0,0.0,0.0,61.0,103.52,32,103.46
"mcts:reward=score,opponent=infer",linear:runs/linear/pass7/p7b_sarsa_lam98_random_s3.json@best,2,9001,10,1,0.0,0.0,-17.0,84.0,101.0,45.0,39.0,4.0,0.0,0.0,14.0,13.0,2.4615384615384617,1.0,13.0,5.0,6.0,0.0,28.0,1.0,4.0,0.0,0.0,0.0,63.0,99.71,33,99.68
"mcts:reward=score,opponent=infer",linear:runs/linear/pass7/p7b_sarsa_lam98_random_s3.json@best,2,9001,11,1,1.0,1.0,33.0,113.0,80.0,63.0,40.0,3.0,0.0,1.0,31.0,14.0,2.857142857142857,2.0,5.0,8.0,7.0,1.0,29.0,1.0,3.0,0.0,0.0,0.0,69.0,105.7,36,105.67
"mcts:reward=score,opponent=infer",racer,2,9001,10,1,1.0,1.0,26.0,122.0,96.0,53.0,59.0,5.0,0.0,1.0,30.0,15.0,2.533333333333333,1.0,7.0,4.0,9.0,1.0,25.0,2.0,5.0,0.0,0.0,0.0,71.0,113.64,38,113.62
"mcts:reward=score,opponent=infer",racer,2,9001,11,1,1.0,1.0,17.0,104.0,87.0,60.0,34.0,3.0,0.0,1.0,22.0,14.0,2.7142857142857144,2.0,7.0,9.0,6.0,0.0,28.0,1.0,3.0,0.0,0.0,0.0,65.0,102.19,34,102.18
"mcts:reward=score,opponent=infer",wary,2,9001,8,0,1.0,1.0,59.0,155.0,96.0,51.0,94.0,8.0,0.0,1.0,34.0,15.0,2.533333333333333,1.0,7.0,4.0,9.0,0.0,29.0,3.0,8.0,0.0,0.0,0.0,75.0,150.27,41,150.26
"mcts:reward=score,opponent=infer",wary,2,9001,9,0,1.0,1.0,40.0,126.0,86.0,76.0,40.0,3.0,0.0,1.0,29.0,14.0,3.2142857142857144,3.0,0.0,9.0,3.0,0.0,43.0,1.0,3.0,0.0,0.0,1.0,75.0,142.07,40,142.06
"mcts:reward=score,opponent=infer",greedy,2,9001,8,0,1.0,1.0,52.0,182.0,130.0,58.0,114.0,9.0,0.0,1.0,37.0,16.0,2.625,1.0,3.0,6.0,11.0,1.0,31.0,4.0,9.0,0.0,0.0,0.0,85.0,164.0,47,163.99
"mcts:reward=score,opponent=infer",greedy,2,9001,9,0,1.0,1.0,68.0,126.0,58.0,76.0,40.0,3.0,0.0,1.0,29.0,14.0,3.2142857142857144,3.0,0.0,9.0,3.0,0.0,43.0,1.0,3.0,0.0,0.0,1.0,75.0,145.86,40,145.85
"mcts:reward=score,opponent=infer",collector,2,9001,8,0,1.0,1.0,70.0,148.0,78.0,62.0,76.0,6.0,1.0,1.0,35.0,17.0,2.6470588235294117,1.0,0.0,3.0,10.0,0.0,34.0,5.0,7.0,0.0,0.0,1.0,88.0,180.96,50,180.95
"mcts:reward=score,opponent=infer",collector,2,9001,9,0,1.0,1.0,30.0,146.0,116.0,72.0,64.0,6.0,0.0,1.0,33.0,16.0,2.8125,2.0,0.0,6.0,6.0,0.0,42.0,3.0,6.0,0.0,0.0,1.0,85.0,163.36,47,163.35
"mcts:reward=score,opponent=infer",ppo:runs/ppo/pass2/p2b_pool_s3.json,2,9001,12,1,0.0,0.0,-5.0,97.0,102.0,60.0,37.0,2.0,0.0,0.0,28.0,11.0,3.272727272727273,2.0,9.0,4.0,10.0,2.0,24.0,0.0,2.0,0.0,0.0,0.0,61.0,110.22,31,110.16
"mcts:reward=score,opponent=infer",ppo:runs/ppo/pass2/p2b_pool_s3.json,2,9001,13,1,1.0,1.0,29.0,101.0,72.0,61.0,30.0,3.0,0.0,1.0,24.0,13.0,2.923076923076923,2.0,7.0,5.0,2.0,0.0,34.0,0.0,3.0,0.0,0.0,0.0,62.0,109.57,32,109.52
"mcts:reward=score,opponent=infer",linear:runs/linear/pass7/p7b_sarsa_lam98_random_s3.json@best,2,9001,12,1,1.0,1.0,42.0,123.0,81.0,76.0,37.0,2.0,0.0,1.0,30.0,12.0,3.5833333333333335,3.0,2.0,7.0,6.0,1.0,36.0,0.0,2.0,0.0,0.0,0.0,69.0,118.4,35,118.37
"mcts:reward=score,opponent=infer",linear:runs/linear/pass7/p7b_sarsa_lam98_random_s3.json@best,2,9001,13,1,1.0,1.0,40.0,112.0,72.0,52.0,50.0,5.0,0.0,1.0,33.0,14.0,2.642857142857143,1.0,8.0,4.0,7.0,1.0,31.0,1.0,5.0,0.0,0.0,0.0,70.0,122.12,37,122.08
"mcts:reward=score,opponent=infer",greedy,2,9001,10,1,1.0,1.0,75.0,136.0,61.0,86.0,40.0,3.0,0.0,1.0,39.0,12.0,3.75,4.0,0.0,12.0,4.0,1.0,48.0,1.0,3.0,0.0,0.0,1.0,80.0,152.73,42,152.72
"mcts:reward=score,opponent=infer",greedy,2,9001,11,1,1.0,1.0,2.0,102.0,100.0,75.0,17.0,2.0,0.0,1.0,25.0,11.0,3.6363636363636362,4.0,5.0,8.0,6.0,2.0,44.0,0.0,2.0,0.0,0.0,0.0,77.0,144.57,39,144.56
"mcts:reward=score,opponent=infer",racer,2,9001,12,1,1.0,1.0,83.0,174.0,91.0,68.0,96.0,7.0,0.0,1.0,33.0,15.0,2.8666666666666667,3.0,2.0,6.0,14.0,1.0,28.0,3.0,7.0,0.0,0.0,0.0,81.0,130.23,44,130.22
"mcts:reward=score,opponent=infer",racer,2,9001,13,1,1.0,1.0,33.0,115.0,82.0,54.0,51.0,5.0,0.0,1.0,27.0,15.0,2.6,0.0,6.0,8.0,5.0,0.0,33.0,2.0,5.0,0.0,0.0,0.0,72.0,118.07,39,118.05
"mcts:reward=score,opponent=infer",wary,2,9001,10,1,1.0,1.0,67.0,136.0,69.0,86.0,40.0,3.0,0.0,1.0,39.0,12.0,3.75,4.0,0.0,12.0,4.0,1.0,48.0,1.0,3.0,0.0,0.0,1.0,80.0,155.79,42,155.78
"mcts:reward=score,opponent=infer",wary,2,9001,11,1,1.0,1.0,2.0,102.0,100.0,75.0,17.0,2.0,0.0,1.0,25.0,11.0,3.6363636363636362,4.0,5.0,8.0,6.0,2.0,44.0,0.0,2.0,0.0,0.0,0.0,77.0,148.3,39,148.29
"mcts:reward=score,opponent=infer",collector,2,9001,10,1,1.0,1.0,32.0,148.0,116.0,57.0,81.0,7.0,0.0,1.0,31.0,14.0,2.857142857142857,1.0,5.0,8.0,7.0,2.0,35.0,3.0,7.0,0.0,0.0,0.0,81.0,175.42,44,175.41
"mcts:reward=score,opponent=infer",collector,2,9001,11,1,1.0,1.0,45.0,110.0,65.0,83.0,17.0,2.0,0.0,1.0,19.0,13.0,3.4615384615384617,4.0,0.0,8.0,6.0,0.0,42.0,0.0,2.0,0.0,0.0,1.0,74.0,141.95,38,141.94
"mcts:reward=score,opponent=infer",ppo:runs/ppo/pass2/p2b_pool_s3.json,2,9001,14,0,1.0,1.0,7.0,96.0,89.0,51.0,35.0,3.0,0.0,1.0,16.0,11.0,3.090909090909091,1.0,11.0,7.0,2.0,1.0,34.0,1.0,3.0,0.0,0.0,0.0,63.0,108.15,33,108.09
"mcts:reward=score,opponent=infer",ppo:runs/ppo/pass2/p2b_pool_s3.json,2,9001,15,1,0.0,0.0,-29.0,61.0,90.0,43.0,18.0,3.0,1.0,0.0,19.0,15.0,2.2,1.0,12.0,3.0,18.0,0.0,14.0,1.0,4.0,0.0,0.0,0.0,65.0,108.65,34,108.59
"mcts:reward=score,opponent=infer",greedy,2,9001,12,1,1.0,1.0,32.0,133.0,101.0,67.0,56.0,5.0,1.0,1.0,28.0,15.0,2.8666666666666667,2.0,2.0,5.0,17.0,0.0,25.0,4.0,6.0,0.0,0.0,0.0,81.0,149.93,45,149.92
"mcts:reward=score,opponent=infer",greedy,2,9001,13,1,1.0,1.0,3.0,120.0,117.0,62.0,48.0,5.0,0.0,1.0,35.0,17.0,2.6470588235294117,1.0,0.0,4.0,6.0,0.0,38.0,2.0,5.0,0.0,0.0,1.0,81.0,147.51,44,147.5
"mcts:reward=score,opponent=infer",linear:runs/linear/pass7/p7b_sarsa_lam98_random_s3.json@best,2,9001,14,0,1.0,1.0,12.0,98.0,86.0,53.0,35.0,3.0,0.0,1.0,26.0,15.0,2.6,1.0,6.0,4.0,7.0,0.0,31.0,1.0,3.0,0.0,0.0,0.0,71.0,112.92,37,112.88
"mcts:reward=score,opponent=infer",linear:runs/linear/pass7/p7b_sarsa_lam98_random_s3.json@best,2,9001,15,1,1.0,1.0,11.0,87.0,76.0,51.0,26.0,2.0,0.0,1.0,27.0,14.0,2.642857142857143,1.0,8.0,5.0,11.0,1.0,23.0,0.0,2.0,0.0,0.0,0.0,65.0,107.2,33,107.17
"mcts:reward=score,opponent=infer",wary,2,9001,12,1,1.0,1.0,54.0,138.0,84.0,63.0,65.0,5.0,0.0,1.0,28.0,15.0,2.7333333333333334,2.0,4.0,5.0,15.0,0.0,25.0,3.0,5.0,0.0,0.0,0.0,77.0,145.53,42,145.52
"mcts:reward=score,opponent=infer",wary,2,9001,13,1,1.0,1.0,3.0,120.0,117.0,62.0,48.0,5.0,0.0,1.0,35.0,17.0,2.6470588235294117,1.0,0.0,4.0,6.0,0.0,38.0,2.0,5.0,0.0,0.0,1.0,81.0,148.11,44,148.1
"mcts:reward=score,opponent=infer",collector,2,9001,12,1,1.0,1.0,44.0,147.0,103.0,71.0,66.0,5.0,0.0,1.0,32.0,16.0,2.75,3.0,1.0,4.0,17.0,0.0,25.0,3.0,5.0,0.0,0.0,0.0,81.0,156.4,44,156.39
"mcts:reward=score,opponent=infer",collector,2,9001,13,1,1.0,1.0,40.0,129.0,89.0,60.0,59.0,5.0,0.0,1.0,34.0,16.0,2.6875,1.0,2.0,4.0,8.0,0.0,38.0,1.0,5.0,0.0,0.0,0.0,80.0,163.41,42,163.4
"mcts:reward=score,opponent=infer",racer,2,9001,14,0,1.0,1.0,22.0,114.0,92.0,58.0,46.0,4.0,0.0,1.0,30.0,15.0,2.7333333333333334,1.0,4.0,5.0,11.0,1.0,29.0,2.0,4.0,0.0,0.0,0.0,77.0,120.35,41,120.33
"mcts:reward=score,opponent=infer",racer,2,9001,15,1,0.0,0.0,-28.0,70.0,98.0,45.0,15.0,2.0,1.0,1.0,18.0,13.0,2.5384615384615383,1.0,12.0,3.0,6.0,0.0,26.0,1.0,3.0,0.0,0.0,0.0,61.0,98.36,32,98.35
"mcts:reward=score,opponent=infer",ppo:runs/ppo/pass2/p2b_pool_s3.json,2,9001,16,0,0.0,0.0,-35.0,63.0,98.0,39.0,24.0,5.0,1.0,0.0,18.0,16.0,2.125,0.0,11.0,3.0,12.0,0.0,22.0,3.0,6.0,0.0,0.0,0.0,73.0,117.77,40,117.71
"mcts:reward=score,opponent=infer",ppo:runs/ppo/pass2/p2b_pool_s3.json,2,9001,17,1,0.0,0.0,-45.0,41.0,86.0,52.0,-11.0,1.0,1.0,0.0,25.0,10.0,3.1,2.0,14.0,8.0,7.0,0.0,33.0,0.0,2.0,0.0,0.0,0.0,61.0,104.25,31,104.19
"mcts:reward=score,opponent=infer",linear:runs/linear/pass7/p7b_sarsa_lam98_random_s3.json@best,2,9001,16,0,0.0,0.0,-1.0,97.0,98.0,38.0,49.0,5.0,0.0,1.0,25.0,13.0,2.3846153846153846,0.0,14.0,2.0,13.0,0.0,21.0,2.0,5.0,0.0,0.0,0.0,65.0,117.0,35,116.97
"mcts:reward=score,opponent=infer",linear:runs/linear/pass7/p7b_sarsa_lam98_random_s3.json@best,2,9001,17,1,0.0,0.0,-12.0,77.0,89.0,49.0,18.0,2.0,1.0,1.0,22.0,13.0,2.6153846153846154,1.0,11.0,3.0,12.0,0.0,26.0,1.0,3.0,0.0,0.0,0.0,67.0,111.95,35,111.92
"mcts:reward=score,opponent=infer",racer,2,9001,16,0,0.0,0.0,-15.0,77.0,92.0,42.0,25.0,4.0,0.0,1.0,22.0,16.0,2.25,0.0,9.0,3.0,8.0,0.0,26.0,1.0,4.0,0.0,0.0,0.0,69.0,110.25,36,110.24
"mcts:reward=score,opponent=infer",racer,2,9001,17,1,1.0,1.0,2.0,98.0,96.0,59.0,29.0,2.0,0.0,1.0,26.0,13.0,2.923076923076923,1.0,7.0,6.0,12.0,0.0,26.0,0.0,2.0,0.0,0.0,0.0,65.0,108.53,33,108.52
"mcts:reward=score,opponent=infer",greedy,2,9001,14,0,1.0,1.0,4.0,104.0,100.0,60.0,34.0,4.0,0.0,1.0,25.0,17.0,2.6470588235294117,0.0,0.0,5.0,4.0,0.0,38.0,2.0,4.0,0.0,0.0,1.0,80.0,168.76,43,168.75
"mcts:reward=score,opponent=infer",greedy,2,9001,15,1,1.0,1.0,91.0,165.0,74.0,76.0,79.0,5.0,0.0,1.0,31.0,14.0,3.2142857142857144,3.0,0.0,9.0,12.0,2.0,32.0,3.0,5.0,0.0,0.0,1.0,82.0,157.88,45,157.86
"mcts:reward=score,opponent=infer",wary,2,9001,14,0,0.0,0.0,-9.0,107.0,116.0,54.0,43.0,4.0,0.0,1.0,20.0,14.0,2.7857142857142856,0.0,6.0,6.0,5.0,0.0,37.0,2.0,4.0,0.0,0.0,0.0,75.0,163.87,40,163.86
"mcts:reward=score,opponent=infer",wary,2,9001,15,1,1.0,1.0,56.0,164.0,108.0,75.0,79.0,5.0,0.0,1.0,31.0,13.0,3.3846153846153846,3.0,1.0,9.0,12.0,2.0,32.0,3.0,5.0,0.0,0.0,0.0,81.0,159.54,44,159.53
"mcts:reward=score,opponent=infer",collector,2,9001,14,0,1.0,1.0,7.0,113.0,106.0,71.0,42.0,4.0,0.0,0.0,26.0,14.0,3.2142857142857144,2.0,0.0,10.0,2.0,0.0,54.0,1.0,4.0,0.0,0.0,1.0,86.0,192.62,45,192.61
"mcts:reward=score,opponent=infer",collector,2,9001,15,1,1.0,1.0,48.0,146.0,98.0,74.0,62.0,4.0,0.0,1.0,27.0,14.0,3.2142857142857144,3.0,0.0,5.0,17.0,1.0,33.0,1.0,4.0,0.0,0.0,1.0,82.0,150.83,43,150.82
"mcts:reward=score,opponent=infer",ppo:runs/ppo/pass2/p2b_pool_s3.json,2,9001,18,0,1.0,1.0,7.0,96.0,89.0,54.0,42.0,5.0,1.0,0.0,26.0,12.0,2.75,2.0,12.0,6.0,5.0,0.0,27.0,3.0,6.0,0.0,0.0,0.0,62.0,114.33,35,114.28
"mcts:reward=score,opponent=infer",ppo:runs/ppo/pass2/p2b_pool_s3.json,2,9001,19,0,1.0,1.0,18.0,84.0,66.0,53.0,31.0,4.0,1.0,0.0,25.0,14.0,2.7142857142857144,0.0,7.0,4.0,7.0,0.0,27.0,1.0,5.0,0.0,0.0,0.0,65.0,118.62,34,118.56
"mcts:reward=score,opponent=infer",linear:runs/linear/pass7/p7b_sarsa_lam98_random_s3.json@best,2,9001,18,0,1.0,1.0,8.0,114.0,106.0,54.0,60.0,6.0,0.0,0.0,22.0,13.0,2.6923076923076925,2.0,10.0,7.0,5.0,0.0,29.0,3.0,6.0,0.0,0.0,0.0,66.0,115.44,37,115.41
"mcts:reward=score,opponent=infer",linear:runs/linear/pass7/p7b_sarsa_lam98_random_s3.json@best,2,9001,19,0,1.0,1.0,31.0,110.0,79.0,55.0,45.0,5.0,0.0,1.0,25.0,14.0,2.642857142857143,1.0,8.0,3.0,14.0,0.0,24.0,1.0,5.0,0.0,0.0,0.0,69.0,113.89,36,113.85
"mcts:reward=score,opponent=infer",racer,2,9001,18,0,0.0,0.0,-15.0,91.0,106.0,54.0,37.0,4.0,0.0,0.0,18.0,15.0,2.6,2.0,6.0,6.0,5.0,0.0,33.0,1.0,4.0,0.0,0.0,0.0,70.0,108.99,37,108.98
"mcts:reward=score,opponent=infer",racer,2,9001,19,0,1.0,1.0,55.0,138.0,83.0,67.0,61.0,6.0,0.0,1.0,30.0,16.0,2.8125,1.0,0.0,6.0,16.0,0.0,28.0,2.0,6.0,0.0,0.0,0.0,81.0,125.52,43,125.51
"mcts:reward=score,opponent=infer",greedy,2,9001,16,0,1.0,1.0,14.0,104.0,90.0,56.0,38.0,5.0,0.0,1.0,31.0,15.0,2.6666666666666665,0.0,5.0,7.0,13.0,0.0,29.0,2.0,5.0,0.0,0.0,0.0,77.0,152.89,41,152.88
"mcts:reward=score,opponent=infer",greedy,2,9001,17,1,1.0,1.0,12.0,126.0,114.0,67.0,49.0,4.0,0.0,1.0,31.0,16.0,2.8125,1.0,0.0,10.0,7.0,1.0,43.0,1.0,4.0,0.0,0.0,1.0,86.0,156.87,45,156.85
"mcts:reward=score,opponent=infer",wary,2,9001,16,0,1.0,1.0,14.0,104.0,90.0,56.0,38.0,5.0,0.0,1.0,31.0,15.0,2.6666666666666665,0.0,5.0,7.0,13.0,0.0,29.0,2.0,5.0,0.0,0.0,0.0,77.0,153.55,41,153.54
"mcts:reward=score,opponent=infer",wary,2,9001,17,1,0.0,0.0,-8.0,109.0,117.0,60.0,49.0,4.0,0.0,0.0,26.0,16.0,2.5625,1.0,4.0,9.0,7.0,1.0,33.0,1.0,4.0,0.0,0.0,0.0,77.0,150.65,40,150.64
"mcts:reward=score,opponent=infer",collector,2,9001,16,0,1.0,1.0,87.0,116.0,29.0,62.0,44.0,5.0,0.0,1.0,28.0,17.0,2.6470588235294117,1.0,0.0,5.0,13.0,1.0,31.0,2.0,5.0,0.0,0.0,1.0,84.0,167.93,45,167.92
"mcts:reward=score,opponent=infer",collector,2,9001,17,1,1.0,1.0,80.0,164.0,84.0,76.0,78.0,6.0,0.0,1.0,35.0,15.0,3.0,3.0,0.0,6.0,11.0,0.0,35.0,3.0,6.0,0.0,0.0,1.0,82.0,181.4,45,181.39
"mcts:reward=score,opponent=infer",ppo:runs/ppo/pass2/p2b_pool_s3.json,2,9001,20,1,1.0,1.0,59.0,133.0,74.0,60.0,63.0,4.0,0.0,1.0,36.0,12.0,3.1666666666666665,2.0,7.0,2.0,29.0,0.0,7.0,1.0,4.0,0.0,0.0,0.0,62.0,108.11,33,108.05
"mcts:reward=score,opponent=infer",ppo:runs/ppo/pass2/p2b_pool_s3.json,2,9001,21,0,1.0,1.0,24.0,114.0,90.0,50.0,54.0,4.0,0.0,1.0,24.0,13.0,2.6153846153846154,1.0,11.0,3.0,12.0,0.0,22.0,1.0,4.0,0.0,0.0,0.0,62.0,113.69,33,113.63
"mcts:reward=score,opponent=infer",greedy,2,9001,18,0,0.0,0.0,-12.0,125.0,137.0,70.0,55.0,4.0,0.0,0.0,30.0,15.0,3.0,2.0,0.0,5.0,18.0,0.0,36.0,1.0,4.0,0.0,0.0,0.0,86.0,167.93,45,167.92
"mcts:reward=score,opponent=infer",greedy,2,9001,19,0,1.0,1.0,58.0,154.0,96.0,59.0,85.0,8.0,0.0,1.0,34.0,18.0,2.4444444444444446,1.0,1.0,5.0,12.0,0.0,30.0,2.0,8.0,0.0,0.0,1.0,82.0,146.64,44,146.63
"mcts:reward=score,opponent=infer",linear:runs/linear/pass7/p7b_sarsa_lam98_random_s3.json@best,2,9001,20,1,0.0,0.0,-51.0,27.0,78.0,60.0,-33.0,0.0,2.0,0.0,12.0,13.0,3.076923076923077,0.0,5.0,1.0,37.0,1.0,9.0,0.0,2.0,0.0,0.0,0.0,74.0,119.14,38,119.11
"mcts:reward=score,opponent=infer",linear:runs/linear/pass7/p7b_sarsa_lam98_random_s3.json@best,2,9001,21,0,1.0,1.0,52.0,138.0,86.0,56.0,72.0,5.0,0.0,1.0,29.0,14.0,2.7142857142857144,2.0,7.0,4.0,10.0,0.0,26.0,2.0,5.0,0.0,0.0,0.0,68.0,114.77,37,114.74
"mcts:reward=score,opponent=infer",wary,2,9001,18,0,0.0,0.0,-12.0,125.0,137.0,70.0,55.0,4.0,0.0,0.0,30.0,15.0,3.0,2.0,0.0,5.0,18.0,0.0,36.0,1.0,4.0,0.0,0.0,0.0,86.0,164.98,45,164.97
"mcts:reward=score,opponent=infer",wary,2,9001,19,0,1.0,1.0,28.0,133.0,105.0,56.0,67.0,7.0,1.0,1.0,35.0,18.0,2.3333333333333335,1.0,3.0,4.0,11.0,0.0,29.0,2.0,8.0,0.0,0.0,0.0,81.0,142.29,43,142.28
"mcts:reward=score,opponent=infer",racer,2,9001,20,1,1.0,1.0,51.0,138.0,87.0,54.0,74.0,5.0,0.0,1.0,34.0,15.0,2.6,1.0,6.0,1.0,30.0,0.0,8.0,1.0,5.0,0.0,0.0,0.0,70.0,117.58,37,117.56
"mcts:reward=score,opponent=infer",racer,2,9001,21,0,1.0,1.0,41.0,134.0,93.0,63.0,61.0,5.0,0.0,1.0,25.0,13.0,2.923076923076923,2.0,7.0,5.0,19.0,0.0,21.0,3.0,5.0,0.0,0.0,0.0,72.0,119.18,40,119.16
"mcts:reward=score,opponent=infer",ppo:runs/ppo/pass2/p2b_pool_s3.json,2,9001,22,0,1.0,1.0,13.0,106.0,93.0,76.0,30.0,2.0,0.0,0.0,20.0,10.0,3.9,5.0,6.0,7.0,9.0,1.0,35.0,0.0,2.0,0.0,0.0,0.0,66.0,109.01,34,108.96
"mcts:reward=score,opponent=infer",ppo:runs/ppo/pass2/p2b_pool_s3.json,2,9001,23,0,0.0,0.0,-18.0,71.0,89.0,41.0,30.0,4.0,1.0,0.0,16.0,12.0,2.5,1.0,15.0,5.0,10.0,2.0,18.0,1.0,5.0,0.0,0.0,0.0,59.0,95.04,31,94.99
"mcts:reward=score,opponent=infer",collector,2,9001,18,0,1.0,1.0,89.0,148.0,59.0,58.0,80.0,6.0,0.0,1.0,33.0,17.0,2.6470588235294117,0.0,0.0,8.0,12.0,0.0,40.0,2.0,6.0,0.0,0.0,1.0,89.0,186.57,48,186.56
"mcts:reward=score,opponent=infer",collector,2,9001,19,0,1.0,1.0,100.0,174.0,74.0,77.0,87.0,7.0,0.0,1.0,30.0,14.0,3.2142857142857144,2.0,0.0,8.0,16.0,3.0,38.0,2.0,7.0,0.0,0.0,1.0,92.0,173.19,49,173.18
"mcts:reward=score,opponent=infer",linear:runs/linear/pass7/p7b_sarsa_lam98_random_s3.json@best,2,9001,22,0,1.0,1.0,28.0,114.0,86.0,54.0,50.0,4.0,0.0,1.0,28.0,14.0,2.642857142857143,1.0,8.0,4.0,4.0,1.0,32.0,1.0,4.0,0.0,0.0,0.0,68.0,111.68,36,111.65
"mcts:reward=score,opponent=infer",linear:runs/linear/pass7/p7b_sarsa_lam98_random_s3.json@best,2,9001,23,0,1.0,1.0,3.0,95.0,92.0,43.0,52.0,5.0,0.0,0.0,16.0,13.0,2.4615384615384617,1.0,13.0,5.0,7.0,1.0,25.0,1.0,5.0,0.0,0.0,0.0,63.0,103.86,33,103.83
"mcts:reward=score,opponent=infer",greedy,2,9001,20,1,1.0,1.0,57.0,165.0,108.0,76.0,79.0,5.0,0.0,1.0,34.0,14.0,3.2142857142857144,3.0,0.0,3.0,22.0,0.0,32.0,2.0,5.0,0.0,0.0,1.0,85.0,150.35,46,150.34
"mcts:reward=score,opponent=infer",greedy,2,9001,21,0,1.0,1.0,73.0,209.0,136.0,62.0,137.0,11.0,0.0,1.0,30.0,16.0,2.625,1.0,3.0,5.0,14.0,0.0,30.0,6.0,11.0,0.0,0.0,0.0,88.0,170.82,51,170.81
"mcts:reward=score,opponent=infer",racer,2,9001,22,0,1.0,1.0,14.0,110.0,96.0,70.0,30.0,2.0,0.0,1.0,23.0,13.0,3.3076923076923075,3.0,2.0,7.0,6.0,3.0,32.0,0.0,2.0,0.0,0.0,0.0,70.0,109.67,36,109.65
"mcts:reward=score,opponent=infer",racer,2,9001,23,0,1.0,1.0,30.0,117.0,87.0,47.0,60.0,6.0,0.0,1.0,18.0,14.0,2.5,1.0,10.0,3.0,19.0,0.0,17.0,2.0,6.0,0.0,0.0,0.0,69.0,109.89,37,109.88
"mcts:reward=score,opponent=infer",wary,2,9001,20,1,1.0,1.0,57.0,165.0,108.0,76.0,79.0,5.0,0.0,1.0,34.0,14.0,3.2142857142857144,3.0,0.0,3.0,22.0,0.0,32.0,2.0,5.0,0.0,0.0,1.0,85.0,153.35,46,153.34
"mcts:reward=score,opponent=infer",wary,2,9001,21,0,1.0,1.0,98.0,191.0,93.0,57.0,124.0,8.0,0.0,1.0,27.0,14.0,2.7142857142857144,1.0,7.0,4.0,14.0,0.0,26.0,3.0,8.0,0.0,0.0,0.0,74.0,152.85,41,152.84
"mcts:reward=score,opponent=infer",collector,2,9001,20,1,1.0,1.0,6.0,122.0,116.0,71.0,41.0,3.0,1.0,1.0,37.0,12.0,3.4166666666666665,3.0,4.0,5.0,33.0,2.0,15.0,2.0,4.0,0.0,0.0,0.0,80.0,144.35,43,144.34
"mcts:reward=score,opponent=infer",collector,2,9001,21,0,1.0,1.0,72.0,166.0,94.0,78.0,78.0,5.0,0.0,1.0,32.0,14.0,3.2142857142857144,3.0,0.0,4.0,18.0,0.0,34.0,2.0,5.0,0.0,0.0,1.0,83.0,162.06,45,162.04
"mcts:reward=score,opponent=infer",ppo:runs/ppo/pass2/p2b_pool_s3.json,2,9001,24,0,0.0,0.0,-19.0,72.0,91.0,53.0,19.0,2.0,1.0,0.0,26.0,13.0,2.769230769230769,2.0,9.0,2.0,24.0,0.0,10.0,1.0,3.0,0.0,0.0,0.0,63.0,105.3,33,105.25
"mcts:reward=score,opponent=infer",ppo:runs/ppo/pass2/p2b_pool_s3.json,2,9001,25,0,0.0,0.0,-39.0,37.0,76.0,46.0,-9.0,1.0,1.0,0.0,12.0,12.0,2.6666666666666665,1.0,13.0,5.0,8.0,1.0,30.0,0.0,2.0,0.0,0.0,0.0,64.0,107.34,33,107.28
"mcts:reward=score,opponent=infer",greedy,2,9001,22,0,1.0,1.0,37.0,149.0,112.0,93.0,46.0,3.0,0.0,1.0,22.0,11.0,4.090909090909091,6.0,0.0,9.0,4.0,2.0,58.0,1.0,3.0,0.0,0.0,1.0,89.0,151.15,47,151.14
"mcts:reward=score,opponent=infer",greedy,2,9001,23,0,0.0,0.0,-1.0,127.0,128.0,65.0,62.0,6.0,0.0,0.0,18.0,15.0,2.933333333333333,2.0,1.0,7.0,11.0,2.0,31.0,1.0,6.0,0.0,0.0,0.0,79.0,139.07,41,139.06
"mcts:reward=score,opponent=infer",linear:runs/linear/pass7/p7b_sarsa_lam98_random_s3.json@best,2,9001,24,0,1.0,1.0,30.0,129.0,99.0,60.0,59.0,5.0,0.0,1.0,30.0,14.0,2.9285714285714284,2.0,4.0,3.0,22.0,0.0,16.0,3.0,5.0,0.0,0.0,0.0,73.0,118.58,40,118.55
"mcts:reward=score,opponent=infer",linear:runs/linear/pass7/p7b_sarsa_lam98_random_s3.json@best,2,9001,25,0,1.0,1.0,8.0,89.0,81.0,48.0,31.0,2.0,0.0,1.0,22.0,11.0,2.909090909090909,1.0,13.0,5.0,10.0,0.0,30.0,0.0,2.0,0.0,0.0,0.0,62.0,106.07,32,106.04
"mcts:reward=score,opponent=infer",racer,2,9001,24,0,1.0,1.0,12.0,101.0,89.0,52.0,39.0,3.0,0.0,1.0,30.0,13.0,2.8461538461538463,1.0,8.0,1.0,31.0,1.0,3.0,1.0,3.0,0.0,0.0,0.0,65.0,104.48,34,104.47
"mcts:reward=score,opponent=infer",racer,2,9001,25,0,1.0,1.0,29.0,120.0,91.0,61.0,49.0,4.0,0.0,1.0,27.0,14.0,2.7857142857142856,2.0,6.0,4.0,6.0,1.0,32.0,1.0,4.0,0.0,0.0,0.0,70.0,108.26,37,108.25
"mcts:reward=score,opponent=infer",wary,2,9001,22,0,1.0,1.0,54.0,136.0,82.0,80.0,46.0,3.0,0.0,1.0,31.0,13.0,3.4615384615384617,4.0,0.0,7.0,4.0,0.0,58.0,1.0,3.0,0.0,0.0,1.0,89.0,153.26,47,153.24
"mcts:reward=score,opponent=infer",wary,2,9001,23,0,1.0,1.0,7.0,130.0,123.0,68.0,62.0,6.0,0.0,0.0,18.0,15.0,3.0,2.0,0.0,9.0,11.0,2.0,31.0,1.0,6.0,0.0,0.0,1.0,78.0,138.19,41,138.18
"mcts:reward=score,opponent=infer",collector,2,9001,22,0,1.0,1.0,71.0,144.0,73.0,85.0,49.0,4.0,0.0,1.0,35.0,13.0,3.4615384615384617,5.0,0.0,8.0,4.0,0.0,52.0,2.0,4.0,0.0,0.0,1.0,85.0,164.47,46,164.46
"mcts:reward=score,opponent=infer",collector,2,9001,23,0,1.0,1.0,1.0,87.0,86.0,57.0,20.0,4.0,1.0,1.0,36.0,14.0,2.857142857142857,1.0,5.0,3.0,11.0,1.0,35.0,1.0,5.0,0.0,0.0,0.0,79.0,167.82,41,167.8
"mcts:reward=score,opponent=infer",greedy,2,9001,24,0,1.0,1.0,27.0,133.0,106.0,49.0,74.0,6.0,0.0,1.0,35.0,15.0,2.466666666666667,1.0,8.0,3.0,20.0,2.0,16.0,3.0,6.0,0.0,0.0,0.0,77.0,139.76,42,139.75
"mcts:reward=score,opponent=infer",greedy,2,9001,25,0,1.0,1.0,44.0,143.0,99.0,71.0,62.0,5.0,0.0,1.0,26.0,16.0,2.8125,3.0,0.0,4.0,11.0,0.0,39.0,2.0,5.0,0.0,0.0,1.0,85.0,145.51,46,145.5
"mcts:reward=score,opponent=infer",ppo:runs/ppo/pass2/p2b_pool_s3.json,2,9001,26,0,1.0,1.0,14.0,95.0,81.0,42.0,43.0,5.0,0.0,1.0,19.0,12.0,2.6666666666666665,0.0,13.0,3.0,6.0,0.0,28.0,2.0,5.0,0.0,0.0,0.0,62.0,117.86,34,117.8
"mcts:reward=score,opponent=infer",ppo:runs/ppo/pass2/p2b_pool_s3.json,2,9001,27,1,1.0,1.0,21.0,111.0,90.0,55.0,46.0,5.0,0.0,1.0,21.0,14.0,2.7142857142857144,1.0,7.0,6.0,7.0,0.0,29.0,1.0,5.0,0.0,0.0,0.0,67.0,102.3,35,102.24
"mcts:reward=score,opponent=infer",racer,2,9001,26,0,1.0,1.0,32.0,123.0,91.0,54.0,59.0,6.0,0.0,1.0,20.0,15.0,2.6,0.0,6.0,4.0,8.0,0.0,30.0,3.0,6.0,0.0,0.0,0.0,74.0,117.33,41,117.32
"mcts:reward=score,opponent=infer",racer,2,9001,27,1,0.0,0.0,-13.0,81.0,94.0,42.0,29.0,4.0,1.0,1.0,21.0,14.0,2.357142857142857,0.0,12.0,3.0,2.0,0.0,28.0,2.0,5.0,0.0,0.0,0.0,63.0,94.52,34,94.51
"mcts:reward=score,opponent=infer",linear:runs/linear/pass7/p7b_sarsa_lam98_random_s3.json@best,2,9001,26,0,1.0,1.0,31.0,112.0,81.0,60.0,42.0,3.0,0.0,1.0,29.0,11.0,3.3636363636363638,1.0,8.0,9.0,7.0,2.0,31.0,1.0,3.0,0.0,0.0,0.0,66.0,118.18,35,118.16
"mcts:reward=score,opponent=infer",linear:runs/linear/pass7/p7b_sarsa_lam98_random_s3.json@best,2,9001,27,1,1.0,1.0,0.0,93.0,93.0,47.0,46.0,5.0,0.0,0.0,18.0,15.0,2.4,0.0,9.0,3.0,6.0,1.0,26.0,1.0,5.0,0.0,0.0,0.0,67.0,106.74,35,106.71
"mcts:reward=score,opponent=infer",wary,2,9001,24,0,1.0,1.0,27.0,133.0,106.0,49.0,74.0,6.0,0.0,1.0,35.0,15.0,2.466666666666667,1.0,8.0,3.0,20.0,2.0,16.0,3.0,6.0,0.0,0.0,0.0,77.0,143.03,42,143.02
"mcts:reward=score,opponent=infer",wary,2,9001,25,0,1.0,1.0,44.0,143.0,99.0,71.0,62.0,5.0,0.0,1.0,26.0,16.0,2.8125,3.0,0.0,4.0,11.0,0.0,39.0,2.0,5.0,0.0,0.0,1.0,85.0,148.4,46,148.39
"mcts:reward=score,opponent=infer",collector,2,9001,24,0,1.0,1.0,66.0,134.0,68.0,73.0,51.0,5.0,0.0,1.0,35.0,14.0,3.142857142857143,3.0,1.0,3.0,25.0,1.0,15.0,1.0,5.0,0.0,0.0,1.0,72.0,153.32,38,153.31
"mcts:reward=score,opponent=infer",collector,2,9001,25,0,1.0,1.0,78.0,157.0,79.0,71.0,76.0,5.0,0.0,1.0,29.0,16.0,2.8125,2.0,0.0,5.0,13.0,0.0,41.0,3.0,5.0,0.0,0.0,1.0,91.0,173.71,50,173.69
"mcts:reward=score,opponent=infer",ppo:runs/ppo/pass2/p2b_pool_s3.json,2,9001,28,0,0.0,0.0,-48.0,55.0,103.0,39.0,16.0,4.0,2.0,0.0,17.0,14.0,2.357142857142857,0.0,12.0,6.0,12.0,1.0,20.0,3.0,6.0,0.0,0.0,0.0,69.0,113.67,38,113.61
"mcts:reward=score,opponent=infer",ppo:runs/ppo/pass2/p2b_pool_s3.json,2,9001,29,1,1.0,1.0,3.0,96.0,93.0,46.0,50.0,4.0,0.0,0.0,26.0,14.0,2.4285714285714284,0.0,11.0,2.0,18.0,0.0,16.0,1.0,4.0,0.0,0.0,0.0,64.0,107.37,34,107.32
"mcts:reward=score,opponent=infer",linear:runs/linear/pass7/p7b_sarsa_lam98_random_s3.json@best,2,9001,28,0,0.0,0.0,-6.0,91.0,97.0,43.0,38.0,4.0,0.0,1.0,21.0,12.0,2.5833333333333335,1.0,14.0,1.0,16.0,0.0,16.0,2.0,4.0,0.0,0.0,0.0,61.0,114.21,33,114.18
"mcts:reward=score,opponent=infer",linear:runs/linear/pass7/p7b_sarsa_lam98_random_s3.json@best,2,9001,29,1,1.0,1.0,13.0,112.0,99.0,60.0,42.0,3.0,0.0,1.0,30.0,15.0,2.8,1.0,3.0,5.0,10.0,0.0,32.0,1.0,3.0,0.0,0.0,0.0,74.0,115.35,39,115.32
"mcts:reward=score,opponent=infer",greedy,2,9001,26,0,1.0,1.0,91.0,136.0,45.0,79.0,47.0,4.0,1.0,1.0,42.0,13.0,3.4615384615384617,3.0,0.0,5.0,10.0,0.0,40.0,3.0,5.0,0.0,0.0,1.0,81.0,149.9,45,149.89
"mcts:reward=score,opponent=infer",greedy,2,9001,27,1,0.0,0.0,-7.0,122.0,129.0,62.0,60.0,7.0,0.0,0.0,15.0,15.0,2.8,2.0,3.0,6.0,17.0,1.0,27.0,2.0,7.0,0.0,0.0,0.0,81.0,142.03,43,142.02
"mcts:reward=score,opponent=infer",wary,2,9001,26,0,1.0,1.0,63.0,136.0,73.0,79.0,47.0,4.0,1.0,1.0,28.0,13.0,3.4615384615384617,3.0,0.0,5.0,10.0,0.0,40.0,3.0,5.0,0.0,0.0,1.0,81.0,153.41,45,153.4
"mcts:reward=score,opponent=infer",wary,2,9001,27,1,0.0,0.0,-8.0,118.0,126.0,58.0,60.0,7.0,0.0,0.0,18.0,16.0,2.625,1.0,3.0,5.0,17.0,1.0,25.0,2.0,7.0,0.0,0.0,0.0,81.0,145.58,43,145.57
"mcts:reward=score,opponent=infer",racer,2,9001,28,0,0.0,0.0,-4.0,95.0,99.0,47.0,38.0,4.0,0.0,1.0,20.0,13.0,2.6923076923076925,0.0,10.0,5.0,13.0,0.0,21.0,2.0,4.0,0.0,0.0,0.0,65.0,110.31,35,110.3
"mcts:reward=score,opponent=infer",racer,2,9001,29,1,1.0,1.0,24.0,117.0,93.0,57.0,50.0,4.0,0.0,1.0,27.0,16.0,2.5,1.0,5.0,5.0,9.0,0.0,35.0,1.0,4.0,0.0,0.0,0.0,78.0,121.79,41,121.78
"mcts:reward=score,opponent=infer",collector,2,9001,26,0,1.0,1.0,87.0,154.0,67.0,73.0,71.0,6.0,0.0,1.0,36.0,15.0,3.0,1.0,0.0,5.0,11.0,1.0,39.0,3.0,6.0,0.0,0.0,1.0,87.0,165.74,48,165.72
"mcts:reward=score,opponent=infer",collector,2,9001,27,1,1.0,1.0,19.0,122.0,103.0,62.0,60.0,7.0,0.0,0.0,18.0,17.0,2.6470588235294117,1.0,0.0,4.0,17.0,0.0,29.0,2.0,7.0,0.0,0.0,1.0,84.0,149.07,45,149.06
"mcts:reward=score,opponent=infer",ppo:runs/ppo/pass2/p2b_pool_s3.json,2,9001,30,0,0.0,0.0,-5.0,81.0,86.0,41.0,30.0,2.0,0.0,1.0,23.0,11.0,2.6363636363636362,0.0,16.0,2.0,24.0,0.0,14.0,0.0,2.0,0.0,0.0,0.0,61.0,106.86,31,106.81
"mcts:reward=score,opponent=infer",ppo:runs/ppo/pass2/p2b_pool_s3.json,2,9001,31,1,0.0,0.0,-39.0,40.0,79.0,48.0,-8.0,1.0,1.0,0.0,24.0,13.0,2.6153846153846154,1.0,11.0,2.0,9.0,0.0,29.0,0.0,2.0,0.0,0.0,0.0,65.0,105.72,33,105.66
"mcts:reward=score,opponent=infer",linear:runs/linear/pass7/p7b_sarsa_lam98_random_s3.json@best,2,9001,30,0,1.0,1.0,39.0,115.0,76.0,58.0,47.0,3.0,0.0,1.0,27.0,14.0,2.7142857142857144,1.0,7.0,5.0,18.0,0.0,18.0,1.0,3.0,0.0,0.0,0.0,67.0,109.46,35,109.43
"mcts:reward=score,opponent=infer",linear:runs/linear/pass7/p7b_sarsa_lam98_random_s3.json@best,2,9001,31,1,1.0,1.0,26.0,106.0,80.0,50.0,46.0,3.0,0.0,1.0,26.0,13.0,2.5384615384615383,1.0,12.0,2.0,15.0,2.0,17.0,1.0,3.0,0.0,0.0,0.0,65.0,100.59,34,100.57
"mcts:reward=score,opponent=infer",greedy,2,9001,28,0,0.0,0.0,-62.0,113.0,175.0,51.0,52.0,4.0,0.0,1.0,29.0,19.0,2.263157894736842,0.0,2.0,2.0,21.0,1.0,19.0,1.0,4.0,0.0,0.0,0.0,83.0,167.08,43,167.07
"mcts:reward=score,opponent=infer",greedy,2,9001,29,1,1.0,1.0,75.0,168.0,93.0,86.0,72.0,6.0,0.0,1.0,28.0,12.0,3.75,4.0,0.0,7.0,7.0,1.0,43.0,2.0,6.0,0.0,0.0,1.0,79.0,141.26,43,141.25
"mcts:reward=score,opponent=infer",racer,2,9001,30,0,1.0,1.0,20.0,107.0,87.0,67.0,30.0,2.0,0.0,1.0,24.0,14.0,3.0714285714285716,1.0,2.0,3.0,16.0,1.0,26.0,0.0,2.0,0.0,0.0,0.0,73.0,111.83,37,111.81
"mcts:reward=score,opponent=infer",racer,2,9001,31,1,1.0,1.0,11.0,100.0,89.0,48.0,42.0,3.0,0.0,1.0,28.0,13.0,2.6153846153846154,1.0,11.0,0.0,14.0,0.0,20.0,1.0,3.0,0.0,0.0,0.0,63.0,100.59,33,100.58
"mcts:reward=score,opponent=infer",wary,2,9001,28,0,0.0,0.0,-13.0,106.0,119.0,44.0,52.0,4.0,0.0,1.0,28.0,17.0,2.235294117647059,0.0,7.0,2.0,19.0,1.0,17.0,1.0,4.0,0.0,0.0,0.0,75.0,170.46,39,170.45
"mcts:reward=score,opponent=infer",wary,2,9001,29,1,1.0,1.0,76.0,168.0,92.0,86.0,72.0,6.0,0.0,1.0,28.0,12.0,3.75,4.0,0.0,7.0,7.0,1.0,43.0,2.0,6.0,0.0,0.0,1.0,79.0,149.27,43,149.25
"mcts:reward=score,opponent=infer",collector,2,9001,28,0,0.0,0.0,-22.0,116.0,138.0,53.0,53.0,4.0,0.0,1.0,28.0,18.0,2.3333333333333335,1.0,3.0,4.0,21.0,1.0,27.0,1.0,4.0,0.0,0.0,0.0,89.0,188.91,46,188.89
"mcts:reward=score,opponent=infer",collector,2,9001,29,1,1.0,1.0,16.0,106.0,90.0,71.0,25.0,4.0,2.0,1.0,29.0,15.0,3.0,2.0,0.0,7.0,8.0,0.0,46.0,3.0,6.0,0.0,0.0,0.0,90.0,175.41,49,175.39
"mcts:reward=score,opponent=infer",ppo:runs/ppo/pass2/p2b_pool_s3.json,2,9001,32,1,1.0,1.0,31.0,123.0,92.0,65.0,48.0,5.0,0.0,1.0,27.0,16.0,2.6875,2.0,2.0,9.0,8.0,1.0,32.0,3.0,5.0,0.0,0.0,0.0,80.0,127.89,44,127.82
"mcts:reward=score,opponent=infer",ppo:runs/ppo/pass2/p2b_pool_s3.json,2,9001,33,1,1.0,1.0,23.0,87.0,64.0,56.0,21.0,2.0,0.0,1.0,22.0,12.0,2.9166666666666665,2.0,10.0,4.0,13.0,0.0,23.0,0.0,2.0,0.0,0.0,0.0,61.0,103.28,31,103.23
"mcts:reward=score,opponent=infer",linear:runs/linear/pass7/p7b_sarsa_lam98_random_s3.json@best,2,9001,32,1,1.0,1.0,13.0,107.0,94.0,57.0,40.0,4.0,0.0,1.0,21.0,13.0,2.923076923076923,2.0,7.0,4.0,3.0,1.0,35.0,1.0,4.0,0.0,0.0,0.0,68.0,114.44,36,114.41
"mcts:reward=score,opponent=infer",linear:runs/linear/pass7/p7b_sarsa_lam98_random_s3.json@best,2,9001,33,1,0.0,0.0,-36.0,62.0,98.0,42.0,10.0,2.0,1.0,1.0,19.0,10.0,2.9,1.0,16.0,6.0,14.0,1.0,22.0,1.0,3.0,0.0,0.0,0.0,61.0,106.36,32,106.33
"mcts:reward=score,opponent=infer",racer,2,9001,32,1,1.0,1.0,26.0,120.0,94.0,52.0,58.0,6.0,0.0,1.0,19.0,14.0,2.642857142857143,2.0,8.0,7.0,9.0,0.0,27.0,3.0,6.0,0.0,0.0,0.0,70.0,112.69,39,112.68
"mcts:reward=score,opponent=infer",racer,2,9001,33,1,1.0,1.0,11.0,94.0,83.0,52.0,32.0,3.0,0.0,1.0,30.0,11.0,3.090909090909091,2.0,11.0,5.0,10.0,1.0,24.0,1.0,3.0,0.0,0.0,0.0,61.0,101.59,32,101.58
"mcts:reward=score,opponent=infer",greedy,2,9001,30,0,1.0,1.0,41.0,132.0,91.0,82.0,50.0,3.0,0.0,0.0,24.0,13.0,3.4615384615384617,4.0,0.0,6.0,8.0,1.0,48.0,1.0,3.0,0.0,0.0,1.0,86.0,144.42,45,144.41
"mcts:reward=score,opponent=infer",greedy,2,9001,31,1,1.0,1.0,28.0,131.0,103.0,69.0,52.0,5.0,0.0,1.0,29.0,16.0,2.8125,1.0,0.0,2.0,17.0,0.0,29.0,2.0,5.0,0.0,0.0,0.0,83.0,150.31,44,150.3
"mcts:reward=score,opponent=infer",wary,2,9001,30,0,1.0,1.0,67.0,143.0,76.0,74.0,59.0,4.0,0.0,1.0,25.0,14.0,3.2142857142857144,3.0,0.0,5.0,8.0,0.0,48.0,2.0,4.0,0.0,0.0,1.0,88.0,150.97,47,150.96
"mcts:reward=score,opponent=infer",wary,2,9001,31,1,0.0,0.0,-6.0,103.0,109.0,69.0,34.0,4.0,1.0,0.0,29.0,16.0,2.8125,1.0,0.0,2.0,17.0,0.0,27.0,2.0,5.0,0.0,0.0,1.0,80.0,156.01,43,156.0
"mcts:reward=score,opponent=infer",collector,2,9001,30,0,1.0,1.0,51.0,147.0,96.0,74.0,63.0,4.0,0.0,1.0,27.0,14.0,3.2142857142857144,3.0,0.0,7.0,10.0,1.0,40.0,2.0,4.0,0.0,0.0,1.0,84.0,149.7,45,149.69
"mcts:reward=score,opponent=infer",collector,2,9001,31,1,1.0,1.0,23.0,143.0,120.0,68.0,65.0,5.0,0.0,1.0,29.0,15.0,2.8666666666666667,2.0,2.0,4.0,21.0,0.0,29.0,3.0,5.0,0.0,0.0,0.0,87.0,170.77,47,170.76
"mcts:reward=score,opponent=infer",wary,2,9001,32,1,1.0,1.0,53.0,162.0,109.0,77.0,75.0,6.0,0.0,1.0,32.0,14.0,3.2142857142857144,3.0,0.0,8.0,9.0,1.0,41.0,3.0,6.0,0.0,0.0,1.0,85.0,149.17,47,149.16
"mcts:reward=score,opponent=infer",wary,2,9001,33,1,0.0,0.0,-10.0,74.0,84.0,63.0,1.0,2.0,1.0,1.0,25.0,13.0,3.0,2.0,6.0,3.0,9.0,0.0,41.0,1.0,3.0,0.0,0.0,0.0,79.0,136.47,41,136.46
"mcts:reward=score,opponent=infer",ppo:runs/ppo/pass2/p2b_pool_s3.json,2,9001,34,1,1.0,1.0,2.0,93.0,91.0,40.0,53.0,5.0,1.0,0.0,26.0,13.0,2.3846153846153846,1.0,14.0,2.0,10.0,0.0,22.0,3.0,6.0,0.0,0.0,0.0,64.0,110.08,36,110.02
"mcts:reward=score,opponent=infer",ppo:runs/ppo/pass2/p2b_pool_s3.json,2,9001,35,0,0.0,0.0,-7.0,64.0,71.0,30.0,34.0,3.0,0.0,0.0,22.0,11.0,2.272727272727273,0.0,20.0,6.0,8.0,1.0,28.0,0.0,3.0,0.0,0.0,0.0,61.0,102.03,31,101.98
"mcts:reward=score,opponent=infer",greedy,2,9001,32,1,1.0,1.0,68.0,162.0,94.0,77.0,75.0,6.0,0.0,1.0,32.0,14.0,3.2142857142857144,3.0,0.0,8.0,9.0,1.0,41.0,3.0,6.0,0.0,0.0,1.0,85.0,154.2,47,154.19
"mcts:reward=score,opponent=infer",greedy,2,9001,33,1,1.0,1.0,52.0,136.0,84.0,69.0,57.0,5.0,0.0,1.0,26.0,16.0,2.75,3.0,1.0,5.0,9.0,1.0,33.0,2.0,5.0,0.0,0.0,1.0,80.0,144.79,43,144.78
"mcts:reward=score,opponent=infer",linear:runs/linear/pass7/p7b_sarsa_lam98_random_s3.json@best,2,9001,34,1,1.0,1.0,21.0,109.0,88.0,42.0,57.0,5.0,0.0,1.0,28.0,14.0,2.357142857142857,1.0,12.0,1.0,10.0,0.0,22.0,3.0,5.0,0.0,0.0,0.0,66.0,116.3,37,116.27
"mcts:reward=score,opponent=infer",linear:runs/linear/pass7/p7b_sarsa_lam98_random_s3.json@best,2,9001,35,0,1.0,1.0,35.0,96.0,61.0,38.0,48.0,6.0,1.0,1.0,24.0,15.0,2.2,0.0,12.0,5.0,11.0,0.0,21.0,2.0,7.0,0.0,0.0,0.0,67.0,109.49,36,109.46
"mcts:reward=score,opponent=infer",racer,2,9001,34,1,1.0,1.0,5.0,100.0,95.0,40.0,50.0,4.0,0.0,1.0,24.0,15.0,2.2666666666666666,0.0,11.0,1.0,26.0,0.0,8.0,2.0,4.0,0.0,0.0,0.0,68.0,108.46,37,108.45
"mcts:reward=score,opponent=infer",racer,2,9001,35,0,1.0,1.0,49.0,122.0,73.0,48.0,64.0,7.0,0.0,1.0,25.0,16.0,2.375,0.0,7.0,2.0,17.0,1.0,19.0,3.0,7.0,0.0,0.0,0.0,77.0,111.99,42,111.97
"mcts:reward=score,opponent=infer",collector,2,9001,32,1,1.0,1.0,110.0,156.0,46.0,72.0,74.0,5.0,0.0,1.0,30.0,15.0,3.0,3.0,0.0,7.0,17.0,2.0,33.0,2.0,5.0,0.0,0.0,1.0,87.0,159.0,47,158.99
"mcts:reward=score,opponent=infer",collector,2,9001,33,1,1.0,1.0,24.0,132.0,108.0,70.0,52.0,5.0,0.0,1.0,24.0,14.0,3.142857142857143,2.0,1.0,4.0,12.0,0.0,30.0,3.0,5.0,0.0,0.0,0.0,77.0,139.77,42,139.76
"mcts:reward=score,opponent=infer",ppo:runs/ppo/pass2/p2b_pool_s3.json,2,9001,36,1,0.0,0.0,-39.0,57.0,96.0,45.0,12.0,2.0,1.0,0.0,22.0,13.0,2.5384615384615383,0.0,12.0,4.0,16.0,1.0,16.0,0.0,3.0,0.0,0.0,0.0,61.0,93.81,31,93.75
"mcts:reward=score,opponent=infer",ppo:runs/ppo/pass2/p2b_pool_s3.json,2,9001,37,1,0.0,0.0,-39.0,46.0,85.0,58.0,-12.0,1.0,1.0,0.0,32.0,12.0,3.0833333333333335,2.0,8.0,6.0,9.0,2.0,31.0,0.0,2.0,0.0,0.0,0.0,68.0,110.65,35,110.59
"mcts:reward=score,opponent=infer",linear:runs/linear/pass7/p7b_sarsa_lam98_random_s3.json@best,2,9001,36,1,0.0,0.0,-42.0,77.0,119.0,43.0,34.0,3.0,0.0,0.0,17.0,13.0,2.4615384615384617,1.0,13.0,2.0,26.0,1.0,8.0,0.0,3.0,0.0,0.0,0.0,63.0,99.95,32,99.92
"mcts:reward=score,opponent=infer",linear:runs/linear/pass7/p7b_sarsa_lam98_random_s3.json@best,2,9001,37,1,1.0,1.0,8.0,96.0,88.0,59.0,27.0,3.0,1.0,1.0,28.0,11.0,3.272727272727273,2.0,9.0,6.0,8.0,1.0,30.0,2.0,4.0,0.0,0.0,0.0,66.0,107.56,36,107.53
"mcts:reward=score,opponent=infer",racer,2,9001,36,1,0.0,0.0,-12.0,93.0,105.0,49.0,34.0,3.0,0.0,1.0,18.0,15.0,2.466666666666667,1.0,8.0,3.0,23.0,2.0,15.0,0.0,3.0,0.0,0.0,0.0,73.0,99.41,37,99.4
"mcts:reward=score,opponent=infer",racer,2,9001,37,1,1.0,1.0,30.0,125.0,95.0,68.0,47.0,4.0,0.0,1.0,31.0,13.0,3.230769230769231,2.0,3.0,7.0,4.0,2.0,36.0,2.0,4.0,0.0,0.0,0.0,74.0,112.7,40,112.69
"mcts:reward=score,opponent=infer",greedy,2,9001,34,1,1.0,1.0,5.0,116.0,111.0,56.0,50.0,5.0,1.0,1.0,32.0,14.0,2.857142857142857,1.0,5.0,6.0,4.0,1.0,44.0,3.0,6.0,0.0,0.0,0.0,84.0,165.71,46,165.7
"mcts:reward=score,opponent=infer",greedy,2,9001,35,0,1.0,1.0,5.0,117.0,112.0,73.0,34.0,3.0,0.0,1.0,37.0,15.0,3.0,2.0,0.0,4.0,30.0,1.0,20.0,0.0,3.0,0.0,0.0,1.0,82.0,148.87,42,148.86
"mcts:reward=score,opponent=infer",wary,2,9001,34,1,0.0,0.0,-3.0,105.0,108.0,62.0,33.0,4.0,2.0,1.0,30.0,13.0,3.1538461538461537,2.0,4.0,7.0,4.0,1.0,44.0,2.0,6.0,0.0,0.0,0.0,80.0,165.19,43,165.18
"mcts:reward=score,opponent=infer",wary,2,9001,35,0,0.0,0.0,-6.0,110.0,116.0,66.0,34.0,3.0,0.0,1.0,27.0,14.0,3.0,2.0,3.0,4.0,30.0,2.0,18.0,0.0,3.0,0.0,0.0,0.0,81.0,150.12,41,150.11
"mcts:reward=score,opponent=infer",collector,2,9001,34,1,1.0,1.0,66.0,155.0,89.0,59.0,86.0,7.0,0.0,1.0,25.0,16.0,2.75,0.0,1.0,5.0,6.0,0.0,40.0,3.0,7.0,0.0,0.0,0.0,84.0,179.12,46,179.11
"mcts:reward=score,opponent=infer",collector,2,9001,35,0,0.0,0.0,-31.0,129.0,160.0,67.0,62.0,6.0,0.0,0.0,29.0,15.0,2.933333333333333,1.0,1.0,3.0,32.0,0.0,22.0,3.0,6.0,1.0,0.0,1.0,90.0,168.23,49,168.22
"mcts:reward=score,opponent=infer",ppo:runs/ppo/pass2/p2b_pool_s3.json,2,9001,38,1,0.0,0.0,-9.0,79.0,88.0,44.0,35.0,3.0,1.0,0.0,20.0,15.0,2.3333333333333335,0.0,10.0,3.0,24.0,0.0,8.0,1.0,4.0,0.0,0.0,0.0,64.0,114.29,34,114.23
"mcts:reward=score,opponent=infer",ppo:runs/ppo/pass2/p2b_pool_s3.json,2,9001,39,0,1.0,1.0,48.0,127.0,79.0,58.0,59.0,4.0,0.0,1.0,33.0,12.0,3.0833333333333335,3.0,8.0,3.0,12.0,0.0,28.0,1.0,4.0,0.0,0.0,0.0,66.0,118.04,35,117.98
"mcts:reward=score,opponent=infer",greedy,2,9001,36,1,1.0,1.0,4.0,124.0,120.0,61.0,63.0,6.0,0.0,0.0,16.0,18.0,2.5,1.0,0.0,9.0,9.0,0.0,33.0,2.0,6.0,0.0,0.0,1.0,82.0,149.83,44,149.82
"mcts:reward=score,opponent=infer",greedy,2,9001,37,1,1.0,1.0,72.0,120.0,48.0,83.0,27.0,3.0,1.0,1.0,20.0,12.0,3.75,4.0,0.0,7.0,3.0,0.0,45.0,2.0,4.0,0.0,0.0,1.0,75.0,128.82,41,128.81
"mcts:reward=score,opponent=infer",wary,2,9001,36,1,0.0,0.0,-34.0,92.0,126.0,51.0,41.0,5.0,1.0,0.0,16.0,15.0,2.466666666666667,1.0,8.0,9.0,9.0,0.0,31.0,2.0,6.0,0.0,0.0,0.0,75.0,143.47,40,143.46
"mcts:reward=score,opponent=infer",wary,2,9001,37,1,1.0,1.0,35.0,120.0,85.0,83.0,27.0,3.0,1.0,1.0,20.0,12.0,3.75,4.0,0.0,7.0,3.0,0.0,45.0,2.0,4.0,0.0,0.0,1.0,75.0,129.04,41,129.04
"mcts:reward=score,opponent=infer",linear:runs/linear/pass7/p7b_sarsa_lam98_random_s3.json@best,2,9001,38,1,1.0,1.0,20.0,108.0,88.0,47.0,51.0,4.0,0.0,1.0,24.0,15.0,2.466666666666667,0.0,8.0,4.0,20.0,0.0,16.0,1.0,4.0,0.0,0.0,0.0,68.0,107.34,36,107.31
"mcts:reward=score,opponent=infer",linear:runs/linear/pass7/p7b_sarsa_lam98_random_s3.json@best,2,9001,39,0,1.0,1.0,19.0,98.0,79.0,54.0,34.0,3.0,0.0,1.0,29.0,12.0,2.9166666666666665,2.0,10.0,2.0,17.0,0.0,25.0,1.0,3.0,0.0,0.0,0.0,68.0,110.05,36,110.02
"mcts:reward=score,opponent=infer",racer,2,9001,38,1,1.0,1.0,6.0,102.0,96.0,41.0,51.0,4.0,0.0,1.0,21.0,15.0,2.2666666666666666,0.0,11.0,5.0,14.0,2.0,14.0,1.0,4.0,0.0,0.0,0.0,64.0,105.2,34,105.19
"mcts:reward=score,opponent=infer",racer,2,9001,39,0,1.0,1.0,55.0,134.0,79.0,65.0,59.0,4.0,0.0,1.0,32.0,13.0,3.1538461538461537,2.0,4.0,6.0,12.0,1.0,30.0,1.0,4.0,0.0,0.0,0.0,72.0,114.66,38,114.65
"mcts:reward=score,opponent=infer",collector,2,9001,36,1,0.0,0.0,-33.0,111.0,144.0,57.0,54.0,5.0,0.0,0.0,15.0,16.0,2.5625,1.0,4.0,9.0,10.0,0.0,34.0,1.0,5.0,0.0,0.0,0.0,79.0,162.88,41,162.87
"mcts:reward=score,opponent=infer",collector,2,9001,37,1,1.0,1.0,70.0,137.0,67.0,73.0,54.0,5.0,0.0,1.0,27.0,15.0,3.0,3.0,0.0,7.0,5.0,0.0,43.0,2.0,5.0,0.0,0.0,1.0,81.0,159.45,44,159.44
"mcts:reward=score,opponent=infer",greedy,2,9001,38,1,1.0,1.0,23.0,134.0,111.0,60.0,64.0,5.0,0.0,1.0,27.0,16.0,2.6875,1.0,2.0,5.0,21.0,0.0,25.0,2.0,5.0,0.0,0.0,0.0,82.0,152.92,44,152.91
"mcts:reward=score,opponent=infer",greedy,2,9001,39,0,1.0,1.0,60.0,164.0,104.0,68.0,86.0,7.0,0.0,1.0,27.0,16.0,2.8125,2.0,0.0,6.0,8.0,1.0,36.0,4.0,7.0,0.0,0.0,1.0,85.0,145.51,48,145.5
"mcts:reward=score,opponent=infer",ppo:runs/ppo/pass2/p2b_pool_s3.json,2,9001,40,0,1.0,1.0,29.0,103.0,74.0,64.0,29.0,2.0,0.0,1.0,37.0,13.0,3.076923076923077,2.0,5.0,4.0,6.0,1.0,32.0,0.0,2.0,0.0,0.0,0.0,67.0,104.01,34,103.95
"mcts:reward=score,opponent=infer",ppo:runs/ppo/pass2/p2b_pool_s3.json,2,9001,41,0,1.0,1.0,14.0,110.0,96.0,59.0,51.0,4.0,0.0,0.0,32.0,13.0,3.0,2.0,6.0,4.0,11.0,0.0,27.0,1.0,4.0,0.0,0.0,0.0,67.0,109.37,35,109.31
"mcts:reward=score,opponent=infer",linear:runs/linear/pass7/p7b_sarsa_lam98_random_s3.json@best,2,9001,40,0,1.0,1.0,26.0,120.0,94.0,68.0,42.0,3.0,0.0,1.0,29.0,12.0,3.25,3.0,6.0,5.0,7.0,1.0,31.0,1.0,3.0,0.0,0.0,0.0,67.0,117.85,35,117.82
"mcts:reward=score,opponent=infer",linear:runs/linear/pass7/p7b_sarsa_lam98_random_s3.json@best,2,9001,41,0,1.0,1.0,20.0,108.0,88.0,76.0,22.0,2.0,0.0,1.0,33.0,12.0,3.5833333333333335,4.0,2.0,4.0,7.0,2.0,35.0,0.0,2.0,0.0,0.0,0.0,71.0,109.07,36,109.04
"mcts:reward=score,opponent=infer",wary,2,9001,38,1,1.0,1.0,2.0,101.0,99.0,53.0,38.0,4.0,1.0,1.0,25.0,15.0,2.6,1.0,6.0,5.0,21.0,0.0,23.0,2.0,5.0,0.0,0.0,0.0,78.0,156.14,42,156.13
"mcts:reward=score,opponent=infer",wary,2,9001,39,0,1.0,1.0,33.0,150.0,117.0,63.0,77.0,6.0,0.0,1.0,26.0,14.0,2.9285714285714284,2.0,4.0,6.0,8.0,1.0,32.0,3.0,6.0,0.0,0.0,0.0,76.0,145.41,42,145.4
"mcts:reward=score,opponent=infer",racer,2,9001,40,0,1.0,1.0,44.0,131.0,87.0,79.0,42.0,3.0,0.0,1.0,30.0,14.0,3.2142857142857144,4.0,0.0,4.0,16.0,0.0,36.0,1.0,3.0,0.0,0.0,1.0,82.0,118.89,43,118.87
"mcts:reward=score,opponent=infer",racer,2,9001,41,0,1.0,1.0,15.0,110.0,95.0,49.0,51.0,4.0,0.0,1.0,26.0,14.0,2.5714285714285716,1.0,9.0,7.0,8.0,1.0,26.0,1.0,4.0,0.0,0.0,0.0,67.0,98.39,35,98.38
"mcts:reward=score,opponent=infer",linear:runs/linear/pass7/p7b_sarsa_lam98_random_s3.json@best,2,9001,42,1,1.0,1.0,20.0,105.0,85.0,54.0,41.0,5.0,1.0,1.0,18.0,14.0,2.7142857142857144,2.0,7.0,4.0,15.0,0.0,21.0,2.0,6.0,0.0,0.0,0.0,69.0,102.55,37,102.52
"mcts:reward=score,opponent=infer",linear:runs/linear/pass7/p7b_sarsa_lam98_random_s3.json@best,2,9001,43,1,1.0,1.0,47.0,124.0,77.0,53.0,61.0,4.0,0.0,1.0,24.0,11.0,3.090909090909091,2.0,11.0,4.0,14.0,1.0,22.0,1.0,4.0,0.0,0.0,0.0,62.0,108.45,33,108.42
"mcts:reward=score,opponent=infer",collector,2,9001,38,1,1.0,1.0,82.0,155.0,73.0,60.0,85.0,6.0,0.0,1.0,27.0,14.0,2.857142857142857,1.0,5.0,5.0,21.0,1.0,29.0,3.0,6.0,0.0,0.0,0.0,86.0,168.7,47,168.69
"mcts:reward=score,opponent=infer",collector,2,9001,39,0,1.0,1.0,104.0,175.0,71.0,62.0,103.0,8.0,0.0,1.0,36.0,17.0,2.588235294117647,2.0,1.0,4.0,13.0,0.0,31.0,4.0,8.0,0.0,0.0,1.0,85.0,170.29,48,170.28
"mcts:reward=score,opponent=infer",ppo:runs/ppo/pass2/p2b_pool_s3.json,2,9001,42,1,1.0,1.0,9.0,99.0,90.0,50.0,49.0,5.0,0.0,0.0,18.0,12.0,2.8333333333333335,2.0,11.0,5.0,16.0,0.0,22.0,1.0,5.0,0.0,0.0,0.0,65.0,102.01,34,101.95
"mcts:reward=score,opponent=infer",ppo:runs/ppo/pass2/p2b_pool_s3.json,2,9001,43,1,1.0,1.0,43.0,128.0,85.0,67.0,61.0,4.0,0.0,0.0,27.0,13.0,3.076923076923077,3.0,5.0,5.0,20.0,1.0,20.0,1.0,4.0,0.0,0.0,0.0,70.0,118.86,37,118.8
"mcts:reward=score,opponent=infer",racer,2,9001,42,1,1.0,1.0,35.0,127.0,92.0,60.0,57.0,6.0,0.0,1.0,18.0,15.0,2.7333333333333334,2.0,4.0,4.0,18.0,0.0,22.0,2.0,6.0,0.0,0.0,0.0,75.0,114.5,40,114.49
"mcts:reward=score,opponent=infer",racer,2,9001,43,1,1.0,1.0,35.0,121.0,86.0,50.0,61.0,4.0,0.0,1.0,27.0,13.0,2.6153846153846154,2.0,11.0,2.0,21.0,0.0,15.0,1.0,4.0,0.0,0.0,0.0,64.0,118.92,34,118.91
"mcts:reward=score,opponent=infer",greedy,2,9001,40,0,1.0,1.0,27.0,126.0,99.0,83.0,33.0,3.0,0.0,1.0,29.0,12.0,3.75,5.0,0.0,8.0,2.0,0.0,54.0,1.0,3.0,0.0,0.0,1.0,82.0,150.32,43,150.31
"mcts:reward=score,opponent=infer",greedy,2,9001,41,0,1.0,1.0,25.0,132.0,107.0,61.0,61.0,6.0,0.0,1.0,32.0,16.0,2.8125,1.0,0.0,7.0,9.0,0.0,37.0,3.0,6.0,0.0,0.0,0.0,85.0,156.56,46,156.55
"mcts:reward=score,opponent=infer",wary,2,9001,40,0,1.0,1.0,27.0,126.0,99.0,83.0,33.0,3.0,0.0,1.0,29.0,12.0,3.75,5.0,0.0,8.0,2.0,0.0,54.0,1.0,3.0,0.0,0.0,1.0,82.0,145.89,43,145.88
"mcts:reward=score,opponent=infer",wary,2,9001,41,0,1.0,1.0,24.0,128.0,104.0,57.0,61.0,6.0,0.0,1.0,32.0,15.0,2.8,1.0,3.0,7.0,9.0,0.0,37.0,3.0,6.0,0.0,0.0,0.0,83.0,150.67,45,150.66
"mcts:reward=score,opponent=infer",collector,2,9001,40,0,1.0,1.0,57.0,128.0,71.0,85.0,33.0,3.0,0.0,1.0,24.0,12.0,3.75,4.0,0.0,9.0,0.0,0.0,54.0,1.0,3.0,0.0,0.0,1.0,80.0,151.04,42,151.03
"mcts:reward=score,opponent=infer",collector,2,9001,41,0,1.0,1.0,61.0,149.0,88.0,61.0,78.0,8.0,0.0,1.0,35.0,17.0,2.6470588235294117,1.0,0.0,8.0,9.0,0.0,37.0,5.0,8.0,0.0,0.0,1.0,90.0,175.13,51,175.12
"mcts:reward=score,opponent=infer",ppo:runs/ppo/pass2/p2b_pool_s3.json,2,9001,44,0,1.0,1.0,45.0,122.0,77.0,50.0,62.0,5.0,0.0,1.0,23.0,14.0,2.5,1.0,10.0,4.0,13.0,0.0,21.0,1.0,5.0,0.0,0.0,0.0,64.0,116.87,34,116.82
"mcts:reward=score,opponent=infer",ppo:runs/ppo/pass2/p2b_pool_s3.json,2,9001,45,1,0.0,0.0,-29.0,60.0,89.0,41.0,19.0,3.0,1.0,0.0,22.0,14.0,2.357142857142857,0.0,12.0,4.0,22.0,1.0,8.0,1.0,4.0,0.0,0.0,0.0,62.0,113.12,33,113.07
"mcts:reward=score,opponent=infer",linear:runs/linear/pass7/p7b_sarsa_lam98_random_s3.json@best,2,9001,44,0,1.0,1.0,31.0,113.0,82.0,63.0,40.0,4.0,0.0,1.0,29.0,16.0,2.625,2.0,3.0,4.0,12.0,0.0,28.0,1.0,4.0,0.0,0.0,0.0,74.0,113.15,39,113.12
"mcts:reward=score,opponent=infer",linear:runs/linear/pass7/p7b_sarsa_lam98_random_s3.json@best,2,9001,45,1,1.0,1.0,15.0,96.0,81.0,45.0,41.0,4.0,0.0,1.0,22.0,15.0,2.3333333333333335,0.0,10.0,6.0,17.0,0.0,17.0,1.0,4.0,0.0,0.0,0.0,66.0,107.36,35,107.33
"mcts:reward=score,opponent=infer",greedy,2,9001,42,1,1.0,1.0,0.0,122.0,122.0,73.0,49.0,5.0,0.0,0.0,19.0,15.0,3.0,3.0,0.0,7.0,2.0,0.0,42.0,1.0,5.0,0.0,0.0,1.0,76.0,135.86,40,135.85
"mcts:reward=score,opponent=infer",greedy,2,9001,43,1,1.0,1.0,41.0,163.0,122.0,64.0,89.0,7.0,0.0,1.0,28.0,15.0,2.8,2.0,3.0,5.0,18.0,1.0,28.0,3.0,7.0,0.0,0.0,0.0,84.0,158.94,46,158.93
"mcts:reward=score,opponent=infer",wary,2,9001,42,1,0.0,0.0,-4.0,122.0,126.0,73.0,49.0,5.0,0.0,0.0,19.0,15.0,3.0,3.0,0.0,7.0,2.0,0.0,42.0,1.0,5.0,0.0,0.0,1.0,76.0,139.67,40,139.66
"mcts:reward=score,opponent=infer",wary,2,9001,43,1,1.0,1.0,32.0,156.0,124.0,64.0,82.0,6.0,0.0,1.0,34.0,15.0,2.8,2.0,3.0,4.0,18.0,0.0,28.0,2.0,6.0,0.0,0.0,0.0,80.0,161.24,43,161.23
"mcts:reward=score,opponent=infer",racer,2,9001,44,0,0.0,0.0,-1.0,94.0,95.0,62.0,22.0,2.0,0.0,1.0,23.0,11.0,3.272727272727273,3.0,9.0,1.0,19.0,0.0,27.0,0.0,2.0,0.0,0.0,0.0,68.0,113.42,35,113.41
"mcts:reward=score,opponent=infer",racer,2,9001,45,1,1.0,1.0,13.0,101.0,88.0,50.0,41.0,4.0,0.0,1.0,22.0,15.0,2.466666666666667,0.0,8.0,5.0,10.0,0.0,26.0,1.0,4.0,0.0,0.0,0.0,68.0,107.81,36,107.8
"mcts:reward=score,opponent=infer",linear:runs/linear/pass7/p7b_sarsa_lam98_random_s3.json@best,2,9001,46,0,0.0,0.0,-10.0,70.0,80.0,43.0,17.0,3.0,1.0,1.0,16.0,14.0,2.357142857142857,1.0,12.0,4.0,13.0,0.0,21.0,1.0,4.0,0.0,0.0,0.0,64.0,107.82,34,107.79
"mcts:reward=score,opponent=infer",linear:runs/linear/pass7/p7b_sarsa_lam98_random_s3.json@best,2,9001,47,1,0.0,0.0,-13.0,85.0,98.0,48.0,37.0,4.0,0.0,0.0,19.0,12.0,2.8333333333333335,1.0,11.0,6.0,4.0,0.0,32.0,1.0,4.0,0.0,0.0,0.0,63.0,107.73,33,107.7
"mcts:reward=score,opponent=infer",ppo:runs/ppo/pass2/p2b_pool_s3.json,2,9001,46,0,0.0,0.0,-3.0,79.0,82.0,49.0,30.0,3.0,0.0,0.0,16.0,11.0,2.909090909090909,2.0,13.0,2.0,17.0,0.0,23.0,0.0,3.0,0.0,0.0,0.0,62.0,111.97,32,111.91
"mcts:reward=score,opponent=infer",ppo:runs/ppo/pass2/p2b_pool_s3.json,2,9001,47,1,0.0,0.0,-43.0,54.0,97.0,43.0,11.0,3.0,2.0,0.0,21.0,13.0,2.4615384615384617,1.0,13.0,2.0,10.0,0.0,20.0,2.0,5.0,0.0,0.0,0.0,61.0,111.9,33,111.84
"mcts:reward=score,opponent=infer",collector,2,9001,42,1,1.0,1.0,94.0,155.0,61.0,62.0,83.0,7.0,0.0,1.0,28.0,16.0,2.8125,1.0,0.0,5.0,9.0,0.0,39.0,3.0,7.0,0.0,0.0,1.0,86.0,184.06,47,184.04
"mcts:reward=score,opponent=infer",collector,2,9001,43,1,1.0,1.0,43.0,164.0,121.0,71.0,83.0,7.0,0.0,1.0,30.0,14.0,3.2142857142857144,2.0,0.0,3.0,21.0,0.0,27.0,3.0,7.0,0.0,0.0,1.0,81.0,165.07,45,165.05
"mcts:reward=score,opponent=infer",racer,2,9001,46,0,0.0,0.0,-6.0,87.0,93.0,47.0,30.0,3.0,0.0,1.0,16.0,13.0,2.6153846153846154,1.0,11.0,2.0,16.0,0.0,22.0,0.0,3.0,0.0,0.0,0.0,64.0,110.53,33,110.52
"mcts:reward=score,opponent=infer",racer,2,9001,47,1,0.0,0.0,-30.0,75.0,105.0,42.0,23.0,3.0,1.0,1.0,18.0,12.0,2.5833333333333335,0.0,14.0,4.0,2.0,0.0,34.0,1.0,4.0,0.0,0.0,0.0,63.0,102.03,33,102.02
"mcts:reward=score,opponent=infer",wary,2,9001,44,0,1.0,1.0,38.0,131.0,93.0,66.0,55.0,5.0,0.0,1.0,29.0,15.0,2.8,2.0,3.0,3.0,14.0,0.0,28.0,2.0,5.0,0.0,0.0,0.0,76.0,148.43,41,148.42
"mcts:reward=score,opponent=infer",wary,2,9001,45,1,1.0,1.0,11.0,137.0,126.0,69.0,68.0,6.0,0.0,0.0,27.0,15.0,2.933333333333333,1.0,1.0,7.0,14.0,1.0,32.0,4.0,6.0,0.0,0.0,0.0,86.0,155.1,48,155.09
"mcts:reward=score,opponent=infer",greedy,2,9001,44,0,1.0,1.0,21.0,130.0,109.0,75.0,55.0,5.0,0.0,0.0,27.0,15.0,3.0,3.0,0.0,6.0,10.0,0.0,40.0,2.0,5.0,0.0,0.0,1.0,83.0,156.98,45,156.97
"mcts:reward=score,opponent=infer",greedy,2,9001,45,1,1.0,1.0,11.0,137.0,126.0,69.0,68.0,6.0,0.0,0.0,27.0,15.0,2.933333333333333,1.0,1.0,7.0,14.0,1.0,32.0,4.0,6.0,0.0,0.0,0.0,86.0,154.53,48,154.51
"mcts:reward=score,opponent=infer",collector,2,9001,44,0,1.0,1.0,45.0,150.0,105.0,68.0,72.0,6.0,0.0,1.0,26.0,16.0,2.75,2.0,1.0,2.0,20.0,0.0,30.0,3.0,6.0,0.0,0.0,0.0,88.0,184.08,48,184.07
"mcts:reward=score,opponent=infer",collector,2,9001,45,1,0.0,0.0,-20.0,112.0,132.0,54.0,58.0,5.0,0.0,0.0,27.0,15.0,2.6,1.0,6.0,3.0,23.0,1.0,17.0,2.0,5.0,0.0,0.0,0.0,76.0,154.89,41,154.87
"mcts:reward=score,opponent=infer",ppo:runs/ppo/pass2/p2b_pool_s3.json,2,9001,48,0,0.0,0.0,-25.0,53.0,78.0,50.0,-7.0,1.0,1.0,1.0,29.0,12.0,2.75,1.0,12.0,3.0,24.0,1.0,10.0,0.0,2.0,0.0,0.0,0.0,60.0,107.13,31,107.07
"mcts:reward=score,opponent=infer",ppo:runs/ppo/pass2/p2b_pool_s3.json,2,9001,49,0,1.0,1.0,26.0,104.0,78.0,56.0,38.0,4.0,0.0,1.0,24.0,12.0,2.9166666666666665,2.0,10.0,5.0,4.0,0.0,34.0,1.0,4.0,0.0,0.0,0.0,65.0,112.76,34,112.71
"mcts:reward=score,opponent=infer",linear:runs/linear/pass7/p7b_sarsa_lam98_random_s3.json@best,2,9001,48,0,0.0,0.0,-9.0,65.0,74.0,45.0,10.0,2.0,2.0,1.0,25.0,13.0,2.5384615384615383,1.0,12.0,0.0,25.0,0.0,9.0,1.0,4.0,0.0,0.0,0.0,62.0,106.74,33,106.72
"mcts:reward=score,opponent=infer",linear:runs/linear/pass7/p7b_sarsa_lam98_random_s3.json@best,2,9001,49,0,1.0,1.0,29.0,107.0,78.0,58.0,39.0,4.0,0.0,1.0,28.0,14.0,2.857142857142857,1.0,5.0,6.0,6.0,1.0,34.0,1.0,4.0,0.0,0.0,0.0,73.0,108.65,38,108.62
"mcts:reward=score,opponent=infer",wary,2,9001,46,0,1.0,1.0,34.0,133.0,99.0,59.0,64.0,6.0,0.0,1.0,33.0,14.0,2.857142857142857,1.0,5.0,6.0,9.0,0.0,35.0,2.0,6.0,0.0,0.0,0.0,76.0,145.4,41,145.39
"mcts:reward=score,opponent=infer",wary,2,9001,47,1,1.0,1.0,1.0,114.0,113.0,68.0,36.0,4.0,0.0,1.0,27.0,16.0,2.8125,2.0,0.0,6.0,21.0,2.0,31.0,1.0,4.0,0.0,0.0,0.0,91.0,151.51,47,151.5
"mcts:reward=score,opponent=infer",greedy,2,9001,46,0,1.0,1.0,79.0,180.0,101.0,67.0,103.0,9.0,0.0,1.0,34.0,16.0,2.8125,1.0,0.0,8.0,11.0,2.0,31.0,4.0,9.0,0.0,0.0,0.0,86.0,157.51,48,157.5
"mcts:reward=score,opponent=infer",greedy,2,9001,47,1,0.0,0.0,-27.0,92.0,119.0,64.0,18.0,3.0,1.0,1.0,27.0,15.0,2.8,2.0,3.0,5.0,21.0,2.0,29.0,1.0,4.0,0.0,0.0,0.0,87.0,157.09,45,157.08
"mcts:reward=score,opponent=infer",racer,2,9001,48,0,1.0,1.0,19.0,103.0,84.0,49.0,44.0,4.0,0.0,1.0,25.0,15.0,2.466666666666667,1.0,8.0,1.0,26.0,0.0,12.0,1.0,4.0,0.0,0.0,0.0,70.0,113.42,37,113.41
"mcts:reward=score,opponent=infer",racer,2,9001,49,0,1.0,1.0,28.0,117.0,89.0,53.0,54.0,6.0,0.0,1.0,19.0,15.0,2.6,1.0,6.0,5.0,6.0,0.0,34.0,2.0,6.0,0.0,0.0,0.0,75.0,115.38,40,115.36
"mcts:reward=score,opponent=infer",collector,2,9001,46,0,1.0,1.0,90.0,160.0,70.0,59.0,91.0,9.0,1.0,1.0,36.0,16.0,2.6875,1.0,2.0,4.0,15.0,0.0,31.0,3.0,10.0,0.0,0.0,0.0,84.0,160.55,46,160.54
"mcts:reward=score,opponent=infer",collector,2,9001,47,1,1.0,1.0,91.0,123.0,32.0,75.0,38.0,4.0,0.0,1.0,25.0,14.0,3.142857142857143,3.0,1.0,3.0,19.0,0.0,31.0,1.0,4.0,0.0,0.0,1.0,80.0,154.17,42,154.16
"mcts:reward=score,opponent=infer",linear:runs/linear/pass7/p7b_sarsa_lam98_random_s3.json@best,2,9001,50,1,1.0,1.0,22.0,101.0,79.0,63.0,28.0,2.0,0.0,1.0,22.0,10.0,3.5,3.0,10.0,6.0,10.0,1.0,32.0,0.0,2.0,0.0,0.0,0.0,64.0,108.75,33,108.73
"mcts:reward=score,opponent=infer",linear:runs/linear/pass7/p7b_sarsa_lam98_random_s3.json@best,2,9001,51,1,0.0,0.0,-24.0,81.0,105.0,46.0,25.0,2.0,0.0,1.0,31.0,13.0,2.6153846153846154,0.0,11.0,6.0,8.0,0.0,32.0,0.0,2.0,0.0,0.0,0.0,67.0,98.63,34,98.61
"mcts:reward=score,opponent=infer",ppo:runs/ppo/pass2/p2b_pool_s3.json,2,9001,50,1,1.0,1.0,1.0,91.0,90.0,63.0,28.0,2.0,0.0,0.0,22.0,10.0,3.4,3.0,11.0,6.0,7.0,2.0,33.0,0.0,2.0,0.0,0.0,0.0,64.0,109.11,33,109.06
"mcts:reward=score,opponent=infer",ppo:runs/ppo/pass2/p2b_pool_s3.json,2,9001,51,1,1.0,1.0,10.0,88.0,78.0,56.0,22.0,3.0,1.0,1.0,27.0,11.0,3.090909090909091,2.0,11.0,7.0,8.0,1.0,30.0,1.0,4.0,0.0,0.0,0.0,65.0,102.89,34,102.83
"mcts:reward=score,opponent=infer",wary,2,9001,48,0,1.0,1.0,61.0,145.0,84.0,66.0,69.0,6.0,0.0,1.0,31.0,15.0,2.933333333333333,3.0,1.0,7.0,17.0,2.0,29.0,2.0,6.0,0.0,0.0,1.0,83.0,146.37,45,146.35
"mcts:reward=score,opponent=infer",wary,2,9001,49,0,0.0,0.0,-6.0,133.0,139.0,64.0,59.0,5.0,0.0,1.0,32.0,15.0,2.8,2.0,3.0,8.0,5.0,1.0,35.0,2.0,5.0,0.0,0.0,0.0,77.0,158.0,41,157.99
"mcts:reward=score,opponent=infer",greedy,2,9001,48,0,1.0,1.0,70.0,160.0,90.0,66.0,84.0,7.0,0.0,1.0,32.0,17.0,2.6470588235294117,3.0,0.0,7.0,15.0,1.0,29.0,2.0,7.0,0.0,0.0,1.0,83.0,149.14,45,149.13
"mcts:reward=score,opponent=infer",greedy,2,9001,49,0,0.0,0.0,-14.0,133.0,147.0,64.0,59.0,5.0,0.0,1.0,32.0,15.0,2.8,2.0,3.0,8.0,5.0,1.0,37.0,2.0,5.0,0.0,0.0,0.0,79.0,160.17,42,160.16
"mcts:reward=score,opponent=infer",racer,2,9001,50,1,1.0,1.0,26.0,119.0,93.0,81.0,28.0,2.0,0.0,1.0,24.0,13.0,3.4615384615384617,3.0,0.0,9.0,5.0,3.0,35.0,0.0,2.0,0.0,0.0,1.0,71.0,115.6,37,115.59
"mcts:reward=score,opponent=infer",racer,2,9001,51,1,1.0,1.0,2.0,90.0,88.0,55.0,25.0,2.0,0.0,1.0,26.0,14.0,2.7857142857142856,0.0,6.0,4.0,8.0,1.0,28.0,0.0,2.0,0.0,0.0,0.0,67.0,107.63,34,107.62
"mcts:reward=score,opponent=infer",collector,2,9001,48,0,1.0,1.0,90.0,154.0,64.0,64.0,80.0,6.0,0.0,1.0,38.0,18.0,2.5,2.0,0.0,2.0,29.0,0.0,19.0,2.0,6.0,0.0,0.0,1.0,87.0,159.12,47,159.11
"mcts:reward=score,opponent=infer",collector,2,9001,49,0,0.0,0.0,-25.0,85.0,110.0,64.0,21.0,4.0,1.0,0.0,30.0,14.0,2.9285714285714284,2.0,4.0,8.0,7.0,1.0,43.0,2.0,5.0,0.0,0.0,0.0,85.0,165.91,45,165.9
"mcts:reward=score,opponent=infer",ppo:runs/ppo/pass2/p2b_pool_s3.json,2,9001,52,0,1.0,1.0,15.0,85.0,70.0,50.0,25.0,3.0,0.0,1.0,20.0,11.0,3.0,1.0,12.0,2.0,11.0,0.0,27.0,0.0,3.0,0.0,0.0,0.0,60.0,102.32,31,102.27
"mcts:reward=score,opponent=infer",ppo:runs/ppo/pass2/p2b_pool_s3.json,2,9001,53,1,1.0,1.0,14.0,92.0,78.0,41.0,41.0,5.0,0.0,1.0,22.0,15.0,2.2666666666666666,0.0,11.0,3.0,8.0,1.0,26.0,1.0,5.0,0.0,0.0,0.0,69.0,108.06,36,108.0
"mcts:reward=score,opponent=infer",linear:runs/linear/pass7/p7b_sarsa_lam98_random_s3.json@best,2,9001,52,0,0.0,0.0,-4.0,75.0,79.0,47.0,18.0,3.0,1.0,1.0,19.0,12.0,2.75,1.0,12.0,2.0,19.0,0.0,15.0,1.0,4.0,0.0,0.0,0.0,60.0,105.92,32,105.89
"mcts:reward=score,opponent=infer",linear:runs/linear/pass7/p7b_sarsa_lam98_random_s3.json@best,2,9001,53,1,1.0,1.0,29.0,100.0,71.0,37.0,53.0,7.0,0.0,1.0,18.0,16.0,2.0,1.0,13.0,6.0,10.0,1.0,18.0,2.0,7.0,0.0,0.0,0.0,67.0,103.53,36,103.5
"mcts:reward=score,opponent=infer",wary,2,9001,50,1,1.0,1.0,23.0,122.0,99.0,63.0,49.0,5.0,1.0,1.0,29.0,14.0,2.7857142857142856,2.0,6.0,5.0,12.0,0.0,28.0,2.0,6.0,0.0,0.0,0.0,72.0,136.22,39,136.21
"mcts:reward=score,opponent=infer",wary,2,9001,51,1,1.0,1.0,7.0,113.0,106.0,64.0,39.0,5.0,0.0,1.0,21.0,17.0,2.588235294117647,2.0,1.0,5.0,5.0,0.0,39.0,1.0,5.0,0.0,0.0,0.0,81.0,143.66,42,143.65
"mcts:reward=score,opponent=infer",racer,2,9001,52,0,0.0,0.0,-9.0,80.0,89.0,45.0,25.0,3.0,0.0,1.0,22.0,11.0,2.8181818181818183,1.0,14.0,3.0,14.0,0.0,22.0,0.0,3.0,0.0,0.0,0.0,58.0,96.17,30,96.16
"mcts:reward=score,opponent=infer",racer,2,9001,53,1,1.0,1.0,17.0,99.0,82.0,48.0,41.0,5.0,0.0,1.0,23.0,17.0,2.2941176470588234,0.0,6.0,3.0,14.0,1.0,24.0,1.0,5.0,0.0,0.0,0.0,77.0,110.25,40,110.24
"mcts:reward=score,opponent=infer",greedy,2,9001,50,1,1.0,1.0,40.0,141.0,101.0,69.0,62.0,6.0,1.0,1.0,32.0,16.0,2.75,2.0,1.0,7.0,12.0,0.0,32.0,3.0,7.0,0.0,0.0,1.0,81.0,146.83,45,146.82
"mcts:reward=score,opponent=infer",greedy,2,9001,51,1,0.0,0.0,-4.0,114.0,118.0,65.0,39.0,5.0,0.0,1.0,21.0,18.0,2.5,2.0,0.0,4.0,5.0,0.0,41.0,1.0,5.0,0.0,0.0,1.0,84.0,149.54,44,149.53
"mcts:reward=score,opponent=infer",collector,2,9001,50,1,1.0,1.0,36.0,157.0,121.0,66.0,81.0,6.0,0.0,1.0,27.0,14.0,2.9285714285714284,2.0,4.0,6.0,11.0,0.0,31.0,2.0,6.0,0.0,0.0,0.0,74.0,140.23,40,140.22
"mcts:reward=score,opponent=infer",collector,2,9001,51,1,1.0,1.0,39.0,123.0,84.0,56.0,57.0,7.0,0.0,1.0,27.0,19.0,2.3157894736842106,0.0,1.0,4.0,8.0,0.0,34.0,3.0,7.0,0.0,0.0,0.0,87.0,160.59,47,160.58
"mcts:reward=score,opponent=infer",greedy,2,9001,52,0,1.0,1.0,59.0,115.0,56.0,80.0,25.0,3.0,0.0,1.0,25.0,13.0,3.4615384615384617,3.0,0.0,4.0,12.0,0.0,38.0,0.0,3.0,0.0,0.0,1.0,75.0,131.88,39,131.87
"mcts:reward=score,opponent=infer",greedy,2,9001,53,1,0.0,0.0,-35.0,96.0,131.0,62.0,34.0,4.0,0.0,0.0,25.0,17.0,2.5294117647058822,2.0,2.0,2.0,20.0,0.0,22.0,1.0,4.0,0.0,0.0,0.0,79.0,130.73,41,130.72
"mcts:reward=score,opponent=infer",wary,2,9001,52,0,1.0,1.0,44.0,115.0,71.0,80.0,25.0,3.0,0.0,1.0,25.0,13.0,3.4615384615384617,3.0,0.0,4.0,12.0,0.0,38.0,0.0,3.0,0.0,0.0,1.0,75.0,131.74,39,131.73
"mcts:reward=score,opponent=infer",wary,2,9001,53,1,0.0,0.0,-10.0,116.0,126.0,58.0,58.0,6.0,0.0,0.0,25.0,16.0,2.5,2.0,5.0,2.0,20.0,0.0,20.0,2.0,6.0,0.0,0.0,0.0,77.0,131.61,41,131.6
"mcts:reward=score,opponent=infer",ppo:runs/ppo/pass2/p2b_pool_s3.json,2,9001,54,1,0.0,0.0,-16.0,76.0,92.0,49.0,27.0,3.0,1.0,0.0,18.0,13.0,2.6923076923076925,1.0,10.0,2.0,17.0,0.0,15.0,1.0,4.0,0.0,0.0,0.0,60.0,107.99,32,107.94
"mcts:reward=score,opponent=infer",ppo:runs/ppo/pass2/p2b_pool_s3.json,2,9001,55,1,1.0,1.0,58.0,124.0,66.0,50.0,64.0,4.0,0.0,1.0,29.0,12.0,2.8333333333333335,2.0,11.0,4.0,10.0,1.0,26.0,1.0,4.0,0.0,0.0,0.0,65.0,110.25,34,110.2
"mcts:reward=score,opponent=infer",linear:runs/linear/pass7/p7b_sarsa_lam98_random_s3.json@best,2,9001,54,1,1.0,1.0,30.0,116.0,86.0,54.0,52.0,4.0,0.0,1.0,34.0,15.0,2.6,1.0,6.0,7.0,7.0,0.0,31.0,2.0,4.0,0.0,0.0,0.0,72.0,112.81,39,112.78
"mcts:reward=score,opponent=infer",linear:runs/linear/pass7/p7b_sarsa_lam98_random_s3.json@best,2,9001,55,1,1.0,1.0,47.0,120.0,73.0,46.0,64.0,4.0,0.0,1.0,26.0,11.0,2.8181818181818183,2.0,14.0,4.0,18.0,1.0,20.0,1.0,4.0,0.0,0.0,0.0,65.0,106.12,34,106.09
"mcts:reward=score,opponent=infer",racer,2,9001,54,1,1.0,1.0,13.0,106.0,93.0,53.0,43.0,4.0,0.0,1.0,18.0,16.0,2.4375,1.0,6.0,8.0,13.0,1.0,21.0,1.0,4.0,0.0,0.0,0.0,70.0,105.69,37,105.68
"mcts:reward=score,opponent=infer",racer,2,9001,55,1,1.0,1.0,70.0,151.0,81.0,61.0,80.0,6.0,0.0,1.0,28.0,15.0,2.8,2.0,3.0,9.0,17.0,2.0,25.0,2.0,6.0,0.0,0.0,0.0,81.0,115.21,43,115.19
"mcts:reward=score,opponent=infer",collector,2,9001,52,0,1.0,1.0,94.0,148.0,54.0,70.0,68.0,6.0,0.0,1.0,38.0,15.0,3.0,2.0,0.0,5.0,15.0,0.0,39.0,2.0,6.0,0.0,0.0,1.0,87.0,180.8,47,180.79
"mcts:reward=score,opponent=infer",collector,2,9001,53,1,1.0,1.0,29.0,117.0,88.0,59.0,48.0,5.0,0.0,1.0,29.0,19.0,2.3684210526315788,0.0,0.0,6.0,16.0,0.0,28.0,1.0,5.0,0.0,0.0,1.0,84.0,176.54,44,176.52
"mcts:reward=score,opponent=infer",linear:runs/linear/pass7/p7b_sarsa_lam98_random_s3.json@best,2,9001,56,0,1.0,1.0,7.0,102.0,95.0,65.0,27.0,2.0,0.0,1.0,23.0,12.0,3.4166666666666665,2.0,4.0,1.0,11.0,0.0,31.0,0.0,2.0,0.0,0.0,0.0,67.0,108.4,34,108.37
"mcts:reward=score,opponent=infer",linear:runs/linear/pass7/p7b_sarsa_lam98_random_s3.json@best,2,9001,57,0,0.0,0.0,-11.0,72.0,83.0,35.0,27.0,4.0,1.0,1.0,17.0,13.0,2.3076923076923075,0.0,15.0,3.0,5.0,0.0,27.0,1.0,5.0,0.0,0.0,0.0,60.0,110.73,32,110.7
"mcts:reward=score,opponent=infer",ppo:runs/ppo/pass2/p2b_pool_s3.json,2,9001,56,0,1.0,1.0,18.0,107.0,89.0,60.0,47.0,4.0,0.0,0.0,22.0,12.0,3.1666666666666665,2.0,7.0,5.0,17.0,0.0,21.0,2.0,4.0,0.0,0.0,0.0,67.0,112.94,36,112.88
"mcts:reward=score,opponent=infer",ppo:runs/ppo/pass2/p2b_pool_s3.json,2,9001,57,0,1.0,1.0,35.0,113.0,78.0,41.0,62.0,8.0,1.0,1.0,26.0,16.0,2.1875,0.0,10.0,4.0,9.0,1.0,25.0,3.0,9.0,0.0,0.0,0.0,74.0,121.7,41,121.63
"mcts:reward=score,opponent=infer",collector,2,9001,54,1,1.0,1.0,0.0,103.0,103.0,60.0,43.0,4.0,0.0,0.0,19.0,15.0,2.8666666666666667,1.0,2.0,5.0,8.0,0.0,36.0,1.0,4.0,0.0,0.0,0.0,76.0,136.92,40,136.91
"mcts:reward=score,opponent=infer",collector,2,9001,55,1,0.0,0.0,-14.0,91.0,105.0,51.0,30.0,4.0,1.0,1.0,31.0,14.0,2.5714285714285716,1.0,9.0,1.0,13.0,0.0,29.0,3.0,5.0,0.0,0.0,0.0,77.0,136.17,42,136.16
"mcts:reward=score,opponent=infer",racer,2,9001,56,0,1.0,1.0,19.0,116.0,97.0,55.0,51.0,4.0,0.0,1.0,25.0,14.0,2.7142857142857144,2.0,7.0,3.0,11.0,0.0,25.0,1.0,4.0,0.0,0.0,0.0,67.0,103.07,35,103.06
"mcts:reward=score,opponent=infer",racer,2,9001,57,0,1.0,1.0,3.0,103.0,100.0,55.0,38.0,4.0,0.0,1.0,27.0,16.0,2.5,1.0,5.0,4.0,4.0,0.0,36.0,1.0,4.0,0.0,0.0,0.0,74.0,118.82,39,118.81
"mcts:reward=score,opponent=infer",greedy,2,9001,54,1,1.0,1.0,49.0,155.0,106.0,71.0,74.0,5.0,0.0,1.0,35.0,14.0,3.0714285714285716,3.0,2.0,5.0,9.0,0.0,41.0,2.0,5.0,0.0,0.0,0.0,82.0,153.33,44,153.32
"mcts:reward=score,opponent=infer",greedy,2,9001,55,1,1.0,1.0,7.0,142.0,135.0,63.0,69.0,7.0,0.0,1.0,27.0,17.0,2.6470588235294117,1.0,0.0,6.0,16.0,1.0,32.0,4.0,7.0,0.0,0.0,0.0,93.0,157.44,51,157.42
"mcts:reward=score,opponent=infer",wary,2,9001,54,1,1.0,1.0,50.0,155.0,105.0,71.0,74.0,5.0,0.0,1.0,35.0,14.0,3.0714285714285716,3.0,2.0,5.0,9.0,0.0,41.0,2.0,5.0,0.0,0.0,0.0,82.0,150.16,44,150.15
"mcts:reward=score,opponent=infer",wary,2,9001,55,1,1.0,1.0,25.0,138.0,113.0,59.0,69.0,7.0,0.0,1.0,30.0,16.0,2.625,1.0,3.0,6.0,16.0,1.0,28.0,4.0,7.0,0.0,0.0,0.0,87.0,151.83,48,151.82
"mcts:reward=score,opponent=infer",ppo:runs/ppo/pass2/p2b_pool_s3.json,2,9001,58,0,1.0,1.0,23.0,95.0,72.0,60.0,35.0,2.0,0.0,0.0,28.0,12.0,3.0833333333333335,2.0,8.0,4.0,13.0,1.0,25.0,0.0,2.0,0.0,0.0,0.0,64.0,115.39,33,115.33
"mcts:reward=score,opponent=infer",ppo:runs/ppo/pass2/p2b_pool_s3.json,2,9001,59,1,0.0,0.0,-17.0,63.0,80.0,52.0,11.0,2.0,1.0,0.0,22.0,12.0,2.75,2.0,12.0,1.0,22.0,1.0,10.0,1.0,3.0,0.0,0.0,0.0,61.0,109.34,32,109.28
"mcts:reward=score,opponent=infer",linear:runs/linear/pass7/p7b_sarsa_lam98_random_s3.json@best,2,9001,58,0,1.0,1.0,68.0,141.0,73.0,63.0,68.0,5.0,0.0,1.0,30.0,13.0,3.0,2.0,6.0,5.0,11.0,1.0,29.0,1.0,5.0,0.0,0.0,0.0,70.0,114.93,37,114.9
"mcts:reward=score,opponent=infer",linear:runs/linear/pass7/p7b_sarsa_lam98_random_s3.json@best,2,9001,59,1,0.0,0.0,-2.0,67.0,69.0,46.0,11.0,2.0,1.0,1.0,23.0,12.0,2.6666666666666665,1.0,13.0,3.0,16.0,1.0,16.0,1.0,3.0,0.0,0.0,0.0,61.0,100.83,32,100.81
"mcts:reward=score,opponent=infer",greedy,2,9001,56,0,1.0,1.0,30.0,132.0,102.0,85.0,37.0,3.0,0.0,1.0,28.0,13.0,3.4615384615384617,4.0,0.0,10.0,6.0,0.0,50.0,1.0,3.0,0.0,0.0,1.0,84.0,135.24,44,135.23
"mcts:reward=score,opponent=infer",greedy,2,9001,57,0,1.0,1.0,25.0,136.0,111.0,54.0,72.0,8.0,0.0,1.0,25.0,20.0,2.25,0.0,0.0,3.0,10.0,0.0,34.0,3.0,8.0,0.0,0.0,1.0,89.0,161.7,49,161.68
"mcts:reward=score,opponent=infer",wary,2,9001,56,0,1.0,1.0,30.0,132.0,102.0,85.0,37.0,3.0,0.0,1.0,28.0,13.0,3.4615384615384617,4.0,0.0,10.0,6.0,0.0,50.0,1.0,3.0,0.0,0.0,1.0,84.0,137.2,44,137.19
"mcts:reward=score,opponent=infer",wary,2,9001,57,0,1.0,1.0,56.0,133.0,77.0,51.0,72.0,8.0,0.0,1.0,23.0,18.0,2.3333333333333335,0.0,3.0,3.0,10.0,0.0,32.0,3.0,8.0,0.0,0.0,0.0,84.0,158.73,46,158.72
"mcts:reward=score,opponent=infer",collector,2,9001,56,0,1.0,1.0,102.0,162.0,60.0,81.0,71.0,6.0,0.0,1.0,35.0,15.0,3.0,4.0,0.0,6.0,13.0,0.0,31.0,2.0,6.0,0.0,0.0,1.0,78.0,146.04,42,146.03
"mcts:reward=score,opponent=infer",collector,2,9001,57,0,1.0,1.0,63.0,153.0,90.0,74.0,69.0,5.0,0.0,1.0,40.0,14.0,3.2142857142857144,2.0,0.0,3.0,8.0,0.0,52.0,3.0,5.0,0.0,0.0,1.0,93.0,214.4,51,214.39
"mcts:reward=score,opponent=infer",racer,2,9001,58,0,1.0,1.0,43.0,126.0,83.0,57.0,59.0,5.0,1.0,1.0,26.0,12.0,3.0,1.0,9.0,1.0,17.0,0.0,23.0,3.0,6.0,0.0,0.0,0.0,70.0,121.02,39,121.01
"mcts:reward=score,opponent=infer",racer,2,9001,59,1,1.0,1.0,25.0,105.0,80.0,56.0,39.0,4.0,0.0,1.0,26.0,14.0,2.642857142857143,1.0,8.0,5.0,17.0,1.0,15.0,2.0,4.0,0.0,0.0,0.0,67.0,115.07,36,115.06
"mcts:reward=score,opponent=infer",ppo:runs/ppo/pass2/p2b_pool_s3.json,2,9001,60,1,0.0,0.0,-17.0,65.0,82.0,39.0,26.0,4.0,1.0,0.0,14.0,13.0,2.3076923076923075,0.0,15.0,2.0,14.0,0.0,22.0,1.0,5.0,0.0,0.0,0.0,65.0,99.01,34,98.96
"mcts:reward=score,opponent=infer",ppo:runs/ppo/pass2/p2b_pool_s3.json,2,9001,61,1,1.0,1.0,3.0,91.0,88.0,52.0,39.0,4.0,0.0,0.0,24.0,13.0,2.6923076923076925,1.0,10.0,4.0,10.0,0.0,24.0,1.0,4.0,0.0,0.0,0.0,63.0,112.58,33,112.52
"mcts:reward=score,opponent=infer",linear:runs/linear/pass7/p7b_sarsa_lam98_random_s3.json@best,2,9001,60,1,1.0,1.0,15.0,97.0,82.0,39.0,48.0,6.0,0.0,1.0,14.0,14.0,2.2857142857142856,0.0,13.0,6.0,16.0,1.0,18.0,2.0,6.0,0.0,0.0,0.0,69.0,105.96,37,105.93
"mcts:reward=score,opponent=infer",linear:runs/linear/pass7/p7b_sarsa_lam98_random_s3.json@best,2,9001,61,1,1.0,1.0,21.0,104.0,83.0,55.0,39.0,4.0,0.0,1.0,26.0,13.0,2.8461538461538463,1.0,8.0,4.0,5.0,0.0,31.0,1.0,4.0,0.0,0.0,0.0,65.0,115.78,34,115.75
"mcts:reward=score,opponent=infer",racer,2,9001,60,1,1.0,1.0,26.0,116.0,90.0,53.0,53.0,6.0,0.0,1.0,19.0,15.0,2.6,0.0,6.0,2.0,22.0,1.0,16.0,2.0,6.0,0.0,0.0,0.0,75.0,109.77,40,109.76
"mcts:reward=score,opponent=infer",racer,2,9001,61,1,1.0,1.0,6.0,101.0,95.0,42.0,49.0,5.0,0.0,1.0,24.0,15.0,2.2666666666666666,0.0,11.0,5.0,5.0,0.0,27.0,1.0,5.0,0.0,0.0,0.0,65.0,110.65,34,110.64
"mcts:reward=score,opponent=infer",wary,2,9001,58,0,1.0,1.0,33.0,129.0,96.0,72.0,47.0,3.0,0.0,1.0,29.0,15.0,3.0,2.0,0.0,3.0,16.0,1.0,32.0,1.0,3.0,0.0,0.0,1.0,81.0,139.27,43,139.26
"mcts:reward=score,opponent=infer",wary,2,9001,59,1,1.0,1.0,64.0,146.0,82.0,68.0,68.0,7.0,0.0,1.0,27.0,17.0,2.6470588235294117,2.0,0.0,4.0,19.0,1.0,23.0,4.0,7.0,0.0,0.0,1.0,86.0,150.39,48,150.37
"mcts:reward=score,opponent=infer",greedy,2,9001,58,0,1.0,1.0,38.0,129.0,91.0,72.0,47.0,3.0,0.0,1.0,29.0,15.0,3.0,2.0,0.0,3.0,16.0,1.0,32.0,1.0,3.0,0.0,0.0,1.0,81.0,144.1,43,144.09
"mcts:reward=score,opponent=infer",greedy,2,9001,59,1,1.0,1.0,20.0,145.0,125.0,67.0,68.0,7.0,0.0,1.0,27.0,16.0,2.75,2.0,1.0,5.0,19.0,1.0,25.0,4.0,7.0,0.0,0.0,0.0,87.0,155.65,48,155.64
"mcts:reward=score,opponent=infer",ppo:runs/ppo/pass2/p2b_pool_s3.json,2,9001,62,1,1.0,1.0,26.0,92.0,66.0,58.0,24.0,3.0,0.0,1.0,35.0,14.0,2.642857142857143,1.0,8.0,3.0,7.0,0.0,27.0,0.0,3.0,0.0,0.0,0.0,62.0,102.71,32,102.65
"mcts:reward=score,opponent=infer",ppo:runs/ppo/pass2/p2b_pool_s3.json,2,9001,63,1,0.0,0.0,-40.0,53.0,93.0,38.0,15.0,2.0,1.0,0.0,23.0,12.0,2.4166666666666665,1.0,16.0,5.0,9.0,0.0,25.0,1.0,3.0,0.0,0.0,0.0,61.0,97.72,32,97.67
"mcts:reward=score,opponent=infer",collector,2,9001,58,0,1.0,1.0,43.0,134.0,91.0,71.0,53.0,4.0,0.0,1.0,31.0,16.0,2.8125,2.0,0.0,2.0,13.0,0.0,39.0,1.0,4.0,0.0,0.0,1.0,85.0,151.82,45,151.8
"mcts:reward=score,opponent=infer",collector,2,9001,59,1,1.0,1.0,59.0,150.0,91.0,73.0,67.0,6.0,0.0,1.0,35.0,15.0,3.0,2.0,0.0,1.0,17.0,0.0,29.0,4.0,6.0,0.0,0.0,0.0,85.0,155.77,47,155.76
"mcts:reward=score,opponent=infer",wary,2,9001,60,1,0.0,0.0,-3.0,106.0,109.0,45.0,51.0,6.0,0.0,1.0,22.0,16.0,2.3125,0.0,8.0,5.0,14.0,1.0,26.0,2.0,6.0,0.0,0.0,0.0,79.0,149.23,42,149.22
"mcts:reward=score,opponent=infer",wary,2,9001,61,1,1.0,1.0,38.0,157.0,119.0,63.0,84.0,7.0,0.0,1.0,25.0,17.0,2.6470588235294117,1.0,0.0,5.0,12.0,0.0,32.0,3.0,7.0,0.0,0.0,1.0,84.0,159.73,46,159.72
"mcts:reward=score,opponent=infer",greedy,2,9001,60,1,1.0,1.0,2.0,117.0,115.0,56.0,51.0,6.0,0.0,1.0,22.0,18.0,2.4444444444444446,0.0,1.0,5.0,15.0,1.0,27.0,2.0,6.0,0.0,0.0,0.0,85.0,158.61,45,158.59
"mcts:reward=score,opponent=infer",greedy,2,9001,61,1,1.0,1.0,38.0,157.0,119.0,63.0,84.0,7.0,0.0,1.0,25.0,17.0,2.6470588235294117,1.0,0.0,5.0,12.0,0.0,32.0,3.0,7.0,0.0,0.0,1.0,84.0,165.98,46,165.97
"mcts:reward=score,opponent=infer",linear:runs/linear/pass7/p7b_sarsa_lam98_random_s3.json@best,2,9001,62,1,1.0,1.0,5.0,74.0,69.0,58.0,6.0,2.0,1.0,1.0,25.0,13.0,2.769230769230769,2.0,9.0,4.0,10.0,0.0,32.0,0.0,3.0,0.0,0.0,0.0,68.0,112.48,35,112.45
"mcts:reward=score,opponent=infer",linear:runs/linear/pass7/p7b_sarsa_lam98_random_s3.json@best,2,9001,63,1,0.0,0.0,-20.0,76.0,96.0,43.0,23.0,2.0,0.0,1.0,26.0,11.0,2.727272727272727,1.0,15.0,3.0,10.0,0.0,32.0,0.0,2.0,0.0,0.0,0.0,65.0,105.41,33,105.39
"mcts:reward=score,opponent=infer",racer,2,9001,62,1,0.0,0.0,-14.0,81.0,95.0,47.0,24.0,3.0,0.0,1.0,15.0,13.0,2.5384615384615383,1.0,12.0,3.0,5.0,0.0,31.0,0.0,3.0,0.0,0.0,0.0,62.0,103.79,32,103.78
"mcts:reward=score,opponent=infer",racer,2,9001,63,1,1.0,1.0,4.0,95.0,91.0,44.0,41.0,4.0,0.0,1.0,23.0,16.0,2.1875,1.0,10.0,5.0,14.0,1.0,16.0,1.0,4.0,0.0,0.0,0.0,67.0,111.8,35,111.78
"mcts:reward=score,opponent=infer",collector,2,9001,60,1,1.0,1.0,58.0,131.0,73.0,58.0,63.0,7.0,0.0,1.0,21.0,18.0,2.5,0.0,0.0,4.0,19.0,0.0,29.0,3.0,7.0,0.0,0.0,1.0,90.0,164.39,49,164.38
"mcts:reward=score,opponent=infer",collector,2,9001,61,1,1.0,1.0,44.0,144.0,100.0,66.0,78.0,7.0,0.0,0.0,25.0,16.0,2.8125,2.0,0.0,6.0,8.0,1.0,38.0,4.0,7.0,0.0,0.0,1.0,88.0,192.27,49,192.26
"mcts:reward=score,opponent=infer",ppo:runs/ppo/pass2/p2b_pool_s3.json,2,9001,64,0,1.0,1.0,10.0,91.0,81.0,50.0,31.0,3.0,0.0,1.0,26.0,12.0,2.75,2.0,12.0,4.0,6.0,1.0,36.0,0.0,3.0,0.0,0.0,0.0,69.0,106.84,35,106.78
"mcts:reward=score,opponent=infer",ppo:runs/ppo/pass2/p2b_pool_s3.json,2,9001,65,0,0.0,0.0,-15.0,79.0,94.0,45.0,34.0,3.0,0.0,0.0,22.0,12.0,2.75,1.0,12.0,7.0,5.0,1.0,33.0,1.0,3.0,0.0,0.0,0.0,66.0,114.38,35,114.32
"mcts:reward=score,opponent=infer",linear:runs/linear/pass7/p7b_sarsa_lam98_random_s3.json@best,2,9001,64,0,0.0,0.0,-15.0,61.0,76.0,54.0,-3.0,2.0,1.0,1.0,14.0,11.0,2.909090909090909,3.0,13.0,3.0,11.0,0.0,35.0,0.0,3.0,0.0,0.0,0.0,69.0,109.53,35,109.5
"mcts:reward=score,opponent=infer",linear:runs/linear/pass7/p7b_sarsa_lam98_random_s3.json@best,2,9001,65,0,1.0,1.0,24.0,104.0,80.0,47.0,47.0,5.0,0.0,1.0,23.0,15.0,2.466666666666667,0.0,8.0,4.0,7.0,0.0,29.0,2.0,5.0,0.0,0.0,0.0,70.0,116.9,38,116.87
"mcts:reward=score,opponent=infer",racer,2,9001,64,0,1.0,1.0,15.0,105.0,90.0,64.0,31.0,3.0,0.0,1.0,29.0,13.0,2.923076923076923,2.0,7.0,3.0,12.0,1.0,32.0,0.0,3.0,0.0,0.0,0.0,73.0,107.59,37,107.58
"mcts:reward=score,opponent=infer",racer,2,9001,65,0,1.0,1.0,15.0,104.0,89.0,52.0,42.0,4.0,0.0,1.0,23.0,15.0,2.6,0.0,6.0,3.0,9.0,0.0,27.0,2.0,4.0,0.0,0.0,0.0,70.0,110.86,38,110.85
"mcts:reward=score,opponent=infer",greedy,2,9001,62,1,1.0,1.0,20.0,124.0,104.0,65.0,49.0,6.0,0.0,1.0,24.0,17.0,2.6470588235294117,2.0,0.0,4.0,13.0,1.0,33.0,1.0,6.0,0.0,0.0,1.0,83.0,138.6,44,138.59
"mcts:reward=score,opponent=infer",greedy,2,9001,63,1,0.0,0.0,-14.0,111.0,125.0,51.0,50.0,5.0,0.0,1.0,26.0,19.0,2.210526315789474,1.0,3.0,2.0,20.0,0.0,22.0,1.0,5.0,0.0,0.0,0.0,83.0,149.61,43,149.6
"mcts:reward=score,opponent=infer",wary,2,9001,62,1,1.0,1.0,12.0,114.0,102.0,65.0,49.0,6.0,0.0,0.0,21.0,17.0,2.6470588235294117,2.0,0.0,4.0,13.0,1.0,33.0,1.0,6.0,0.0,0.0,1.0,83.0,143.5,44,143.49
"mcts:reward=score,opponent=infer",wary,2,9001,63,1,1.0,1.0,5.0,104.0,99.0,44.0,50.0,5.0,0.0,1.0,26.0,18.0,2.0555555555555554,1.0,8.0,2.0,20.0,0.0,16.0,1.0,5.0,0.0,0.0,0.0,75.0,148.55,39,148.54
"mcts:reward=score,opponent=infer",collector,2,9001,62,1,1.0,1.0,37.0,126.0,89.0,72.0,44.0,4.0,0.0,1.0,35.0,16.0,2.8125,3.0,0.0,5.0,15.0,1.0,35.0,1.0,4.0,0.0,0.0,1.0,85.0,152.79,45,152.78
"mcts:reward=score,opponent=infer",collector,2,9001,63,1,0.0,0.0,-11.0,97.0,108.0,46.0,41.0,4.0,0.0,1.0,29.0,14.0,2.5,1.0,10.0,4.0,24.0,1.0,18.0,1.0,4.0,0.0,0.0,0.0,75.0,149.95,39,149.94
"mcts:reward=score,opponent=infer",greedy,2,9001,64,0,1.0,1.0,89.0,142.0,53.0,71.0,61.0,5.0,0.0,1.0,29.0,16.0,2.8125,2.0,0.0,6.0,30.0,1.0,16.0,1.0,5.0,0.0,0.0,1.0,82.0,144.56,43,144.54
"mcts:reward=score,opponent=infer",greedy,2,9001,65,0,1.0,1.0,59.0,146.0,87.0,77.0,59.0,5.0,1.0,1.0,33.0,14.0,3.2142857142857144,3.0,0.0,10.0,11.0,2.0,43.0,4.0,6.0,0.0,0.0,1.0,93.0,157.8,52,157.78
"mcts:reward=score,opponent=infer",linear:runs/linear/pass7/p7b_sarsa_lam98_random_s3.json@best,2,9001,66,0,1.0,1.0,0.0,82.0,82.0,48.0,24.0,2.0,1.0,1.0,26.0,12.0,2.8333333333333335,1.0,11.0,3.0,13.0,1.0,23.0,1.0,3.0,0.0,0.0,0.0,64.0,116.55,34,116.53
"mcts:reward=score,opponent=infer",linear:runs/linear/pass7/p7b_sarsa_lam98_random_s3.json@best,2,9001,67,1,1.0,1.0,28.0,104.0,76.0,37.0,57.0,6.0,0.0,1.0,20.0,14.0,2.2142857142857144,0.0,14.0,3.0,5.0,0.0,33.0,2.0,6.0,0.0,0.0,0.0,70.0,116.22,38,116.19
"mcts:reward=score,opponent=infer",ppo:runs/ppo/pass2/p2b_pool_s3.json,2,9001,66,0,0.0,0.0,-37.0,57.0,94.0,38.0,19.0,3.0,2.0,0.0,25.0,15.0,2.2,0.0,12.0,5.0,10.0,1.0,18.0,2.0,5.0,0.0,0.0,0.0,64.0,125.96,35,125.9
"mcts:reward=score,opponent=infer",ppo:runs/ppo/pass2/p2b_pool_s3.json,2,9001,67,1,1.0,1.0,37.0,120.0,83.0,40.0,80.0,9.0,0.0,0.0,18.0,15.0,2.2,0.0,12.0,3.0,10.0,0.0,20.0,4.0,9.0,0.0,0.0,0.0,68.0,120.21,39,120.15
"mcts:reward=score,opponent=infer",racer,2,9001,66,0,1.0,1.0,47.0,139.0,92.0,74.0,55.0,6.0,2.0,1.0,25.0,15.0,3.0,2.0,0.0,3.0,18.0,0.0,32.0,4.0,8.0,0.0,0.0,1.0,87.0,122.1,49,122.09
"mcts:reward=score,opponent=infer",racer,2,9001,67,1,1.0,1.0,23.0,120.0,97.0,40.0,80.0,9.0,0.0,0.0,18.0,15.0,2.2,0.0,12.0,4.0,9.0,0.0,23.0,4.0,9.0,0.0,0.0,0.0,70.0,112.58,40,112.57
"mcts:reward=score,opponent=infer",wary,2,9001,64,0,1.0,1.0,89.0,142.0,53.0,71.0,61.0,5.0,0.0,1.0,29.0,16.0,2.8125,2.0,0.0,6.0,30.0,1.0,16.0,1.0,5.0,0.0,0.0,1.0,82.0,145.72,43,145.71
"mcts:reward=score,opponent=infer",wary,2,9001,65,0,1.0,1.0,54.0,143.0,89.0,77.0,56.0,4.0,0.0,1.0,33.0,14.0,3.2142857142857144,3.0,0.0,11.0,9.0,2.0,39.0,2.0,4.0,0.0,0.0,0.0,84.0,155.01,45,154.99
"mcts:reward=score,opponent=infer",collector,2,9001,64,0,1.0,1.0,78.0,153.0,75.0,75.0,68.0,7.0,0.0,1.0,28.0,14.0,3.2142857142857144,2.0,0.0,4.0,17.0,0.0,35.0,3.0,7.0,0.0,0.0,1.0,86.0,156.26,47,156.24
"mcts:reward=score,opponent=infer",collector,2,9001,65,0,1.0,1.0,54.0,143.0,89.0,77.0,56.0,4.0,0.0,1.0,33.0,14.0,3.2142857142857144,3.0,0.0,11.0,9.0,2.0,39.0,2.0,4.0,0.0,0.0,0.0,84.0,162.48,45,162.46
"mcts:reward=score,opponent=infer",ppo:runs/ppo/pass2/p2b_pool_s3.json,2,9001,68,1,1.0,1.0,4.0,85.0,81.0,54.0,31.0,3.0,0.0,0.0,19.0,12.0,2.9166666666666665,1.0,10.0,4.0,19.0,0.0,21.0,0.0,3.0,0.0,0.0,0.0,64.0,111.17,33,111.12
"mcts:reward=score,opponent=infer",ppo:runs/ppo/pass2/p2b_pool_s3.json,2,9001,69,1,0.0,0.0,-25.0,62.0,87.0,46.0,16.0,3.0,1.0,0.0,13.0,13.0,2.6153846153846154,0.0,11.0,2.0,19.0,0.0,13.0,2.0,4.0,0.0,0.0,0.0,63.0,101.13,34,101.07
"mcts:reward=score,opponent=infer",linear:runs/linear/pass7/p7b_sarsa_lam98_random_s3.json@best,2,9001,68,1,1.0,1.0,20.0,90.0,70.0,45.0,35.0,4.0,1.0,1.0,24.0,15.0,2.4,0.0,9.0,4.0,15.0,0.0,23.0,1.0,5.0,0.0,0.0,0.0,70.0,117.2,37,117.16
"mcts:reward=score,opponent=infer",linear:runs/linear/pass7/p7b_sarsa_lam98_random_s3.json@best,2,9001,69,1,0.0,0.0,-12.0,85.0,97.0,46.0,39.0,4.0,0.0,0.0,14.0,13.0,2.6153846153846154,0.0,11.0,6.0,4.0,1.0,32.0,1.0,4.0,0.0,0.0,0.0,67.0,105.46,35,105.43
"mcts:reward=score,opponent=infer",racer,2,9001,68,1,1.0,1.0,26.0,111.0,85.0,46.0,55.0,6.0,0.0,1.0,24.0,17.0,2.2941176470588234,0.0,6.0,5.0,19.0,0.0,17.0,2.0,6.0,0.0,0.0,0.0,74.0,114.53,40,114.52
"mcts:reward=score,opponent=infer",racer,2,9001,69,1,1.0,1.0,6.0,104.0,98.0,63.0,31.0,3.0,0.0,1.0,23.0,14.0,3.0,1.0,3.0,4.0,4.0,0.0,40.0,1.0,3.0,0.0,0.0,0.0,75.0,111.04,39,111.02
"mcts:reward=score,opponent=infer",greedy,2,9001,66,0,1.0,1.0,66.0,157.0,91.0,77.0,70.0,4.0,0.0,1.0,26.0,14.0,3.2142857142857144,4.0,0.0,5.0,11.0,0.0,33.0,2.0,4.0,0.0,0.0,1.0,75.0,151.32,41,151.31
"mcts:reward=score,opponent=infer",greedy,2,9001,67,1,1.0,1.0,5.0,126.0,121.0,65.0,61.0,6.0,0.0,0.0,20.0,17.0,2.6470588235294117,1.0,0.0,4.0,12.0,0.0,34.0,2.0,6.0,0.0,0.0,1.0,83.0,144.08,45,144.06
"mcts:reward=score,opponent=infer",wary,2,9001,66,0,1.0,1.0,66.0,157.0,91.0,77.0,70.0,4.0,0.0,1.0,26.0,14.0,3.2142857142857144,4.0,0.0,5.0,11.0,0.0,33.0,2.0,4.0,0.0,0.0,1.0,75.0,155.35,41,155.34
"mcts:reward=score,opponent=infer",wary,2,9001,67,1,1.0,1.0,19.0,116.0,97.0,63.0,43.0,5.0,0.0,1.0,25.0,14.0,2.857142857142857,1.0,5.0,4.0,13.0,0.0,35.0,2.0,5.0,0.0,0.0,0.0,80.0,146.1,43,146.09
"mcts:reward=score,opponent=infer",collector,2,9001,66,0,1.0,1.0,72.0,180.0,108.0,59.0,111.0,8.0,1.0,1.0,36.0,17.0,2.5294117647058822,1.0,2.0,2.0,13.0,0.0,33.0,5.0,9.0,0.0,0.0,0.0,90.0,188.55,51,188.54
"mcts:reward=score,opponent=infer",collector,2,9001,67,1,1.0,1.0,1.0,123.0,122.0,72.0,51.0,4.0,0.0,0.0,23.0,15.0,3.0,2.0,0.0,6.0,13.0,0.0,51.0,1.0,4.0,0.0,0.0,1.0,95.0,181.2,50,181.19
"mcts:reward=score,opponent=infer",ppo:runs/ppo/pass2/p2b_pool_s3.json,2,9001,70,1,0.0,0.0,-12.0,70.0,82.0,44.0,26.0,3.0,0.0,0.0,19.0,13.0,2.4615384615384617,1.0,13.0,6.0,12.0,1.0,24.0,0.0,3.0,0.0,0.0,0.0,65.0,95.17,33,95.12
"mcts:reward=score,opponent=infer",ppo:runs/ppo/pass2/p2b_pool_s3.json,2,9001,71,1,1.0,1.0,28.0,110.0,82.0,58.0,52.0,4.0,0.0,0.0,27.0,13.0,2.8461538461538463,2.0,8.0,3.0,17.0,1.0,19.0,1.0,4.0,0.0,0.0,0.0,66.0,112.18,35,112.12
"mcts:reward=score,opponent=infer",linear:runs/linear/pass7/p7b_sarsa_lam98_random_s3.json@best,2,9001,70,1,1.0,1.0,8.0,86.0,78.0,39.0,37.0,4.0,0.0,1.0,13.0,13.0,2.3076923076923075,1.0,15.0,3.0,15.0,2.0,17.0,1.0,4.0,0.0,0.0,0.0,65.0,96.05,34,96.02
"mcts:reward=score,opponent=infer",linear:runs/linear/pass7/p7b_sarsa_lam98_random_s3.json@best,2,9001,71,1,1.0,1.0,20.0,98.0,78.0,42.0,46.0,4.0,1.0,1.0,24.0,12.0,2.5833333333333335,1.0,14.0,5.0,12.0,0.0,24.0,2.0,5.0,0.0,0.0,0.0,64.0,115.77,35,115.74
"mcts:reward=score,opponent=infer",greedy,2,9001,68,1,1.0,1.0,27.0,127.0,100.0,55.0,62.0,5.0,0.0,1.0,32.0,17.0,2.5294117647058822,0.0,2.0,6.0,21.0,0.0,23.0,1.0,5.0,0.0,0.0,0.0,80.0,145.02,42,145.01
"mcts:reward=score,opponent=infer",greedy,2,9001,69,1,1.0,1.0,43.0,135.0,92.0,76.0,49.0,5.0,0.0,1.0,34.0,14.0,3.2142857142857144,2.0,0.0,5.0,16.0,1.0,34.0,2.0,5.0,0.0,0.0,1.0,84.0,146.51,45,146.5
"mcts:reward=score,opponent=infer",wary,2,9001,68,1,1.0,1.0,27.0,113.0,86.0,46.0,57.0,6.0,1.0,1.0,28.0,16.0,2.375,0.0,7.0,6.0,22.0,0.0,18.0,2.0,7.0,0.0,0.0,0.0,76.0,144.06,41,144.04
"mcts:reward=score,opponent=infer",wary,2,9001,69,1,1.0,1.0,43.0,135.0,92.0,76.0,49.0,5.0,0.0,1.0,34.0,14.0,3.2142857142857144,2.0,0.0,5.0,16.0,1.0,34.0,2.0,5.0,0.0,0.0,1.0,84.0,152.42,45,152.41
"mcts:reward=score,opponent=infer",racer,2,9001,70,1,0.0,0.0,-32.0,63.0,95.0,38.0,15.0,3.0,1.0,1.0,15.0,15.0,2.1333333333333333,1.0,13.0,1.0,12.0,0.0,20.0,1.0,4.0,0.0,0.0,0.0,65.0,101.57,34,101.56
"mcts:reward=score,opponent=infer",racer,2,9001,71,1,1.0,1.0,49.0,139.0,90.0,61.0,68.0,5.0,0.0,1.0,28.0,14.0,2.7857142857142856,2.0,6.0,6.0,19.0,1.0,23.0,1.0,5.0,0.0,0.0,0.0,74.0,128.17,39,128.15
"mcts:reward=score,opponent=infer",ppo:runs/ppo/pass2/p2b_pool_s3.json,2,9001,72,1,0.0,0.0,-35.0,48.0,83.0,37.0,11.0,3.0,1.0,0.0,11.0,11.0,2.5454545454545454,0.0,17.0,4.0,7.0,0.0,29.0,1.0,4.0,0.0,0.0,0.0,61.0,99.08,32,99.03
"mcts:reward=score,opponent=infer",ppo:runs/ppo/pass2/p2b_pool_s3.json,2,9001,73,1,0.0,0.0,-22.0,69.0,91.0,55.0,14.0,3.0,1.0,0.0,18.0,12.0,2.9166666666666665,2.0,10.0,3.0,6.0,0.0,34.0,1.0,4.0,0.0,0.0,0.0,66.0,109.55,35,109.49
"mcts:reward=score,opponent=infer",collector,2,9001,68,1,1.0,1.0,48.0,127.0,79.0,63.0,54.0,5.0,0.0,1.0,28.0,18.0,2.5,1.0,0.0,5.0,17.0,0.0,29.0,1.0,5.0,0.0,0.0,0.0,84.0,174.64,44,174.62
"mcts:reward=score,opponent=infer",collector,2,9001,69,1,1.0,1.0,38.0,128.0,90.0,75.0,43.0,4.0,0.0,1.0,28.0,13.0,3.4615384615384617,2.0,0.0,8.0,13.0,2.0,49.0,1.0,4.0,0.0,0.0,1.0,94.0,165.9,49,165.89
"mcts:reward=score,opponent=infer",greedy,2,9001,70,1,1.0,1.0,51.0,128.0,77.0,63.0,55.0,6.0,0.0,1.0,17.0,18.0,2.5,2.0,0.0,4.0,13.0,0.0,31.0,2.0,6.0,0.0,0.0,1.0,84.0,142.88,45,142.87
"mcts:reward=score,opponent=infer",greedy,2,9001,71,1,1.0,1.0,86.0,186.0,100.0,65.0,111.0,8.0,0.0,1.0,32.0,17.0,2.6470588235294117,2.0,0.0,8.0,14.0,0.0,32.0,3.0,8.0,0.0,0.0,1.0,85.0,145.11,47,145.1
"mcts:reward=score,opponent=infer",linear:runs/linear/pass7/p7b_sarsa_lam98_random_s3.json@best,2,9001,72,1,1.0,1.0,11.0,96.0,85.0,44.0,42.0,5.0,0.0,1.0,15.0,14.0,2.357142857142857,0.0,12.0,7.0,2.0,2.0,28.0,1.0,5.0,0.0,0.0,0.0,65.0,105.63,34,105.6
"mcts:reward=score,opponent=infer",linear:runs/linear/pass7/p7b_sarsa_lam98_random_s3.json@best,2,9001,73,1,1.0,1.0,14.0,94.0,80.0,48.0,36.0,4.0,1.0,1.0,26.0,14.0,2.357142857142857,1.0,12.0,6.0,7.0,1.0,29.0,2.0,5.0,0.0,0.0,0.0,70.0,121.64,38,121.61
"mcts:reward=score,opponent=infer",wary,2,9001,70,1,1.0,1.0,51.0,128.0,77.0,63.0,55.0,6.0,0.0,1.0,17.0,18.0,2.5,2.0,0.0,4.0,13.0,0.0,31.0,2.0,6.0,0.0,0.0,1.0,84.0,145.87,45,145.86
"mcts:reward=score,opponent=infer",wary,2,9001,71,1,1.0,1.0,51.0,157.0,106.0,61.0,86.0,6.0,0.0,1.0,32.0,16.0,2.625,2.0,3.0,7.0,13.0,0.0,29.0,2.0,6.0,0.0,0.0,0.0,78.0,144.9,42,144.89
"mcts:reward=score,opponent=infer",collector,2,9001,70,1,1.0,1.0,5.0,109.0,104.0,56.0,43.0,5.0,1.0,1.0,24.0,18.0,2.4444444444444446,1.0,1.0,3.0,11.0,1.0,33.0,3.0,6.0,0.0,0.0,0.0,89.0,161.72,48,161.71
"mcts:reward=score,opponent=infer",collector,2,9001,71,1,1.0,1.0,70.0,148.0,78.0,61.0,77.0,9.0,0.0,1.0,26.0,18.0,2.5,1.0,0.0,3.0,14.0,0.0,32.0,3.0,9.0,0.0,0.0,1.0,87.0,157.99,48,157.98
"mcts:reward=score,opponent=infer",racer,2,9001,72,1,1.0,1.0,6.0,98.0,92.0,39.0,49.0,6.0,0.0,1.0,21.0,16.0,2.125,0.0,11.0,6.0,5.0,2.0,25.0,3.0,6.0,0.0,0.0,0.0,73.0,107.96,40,107.95
"mcts:reward=score,opponent=infer",racer,2,9001,73,1,1.0,1.0,10.0,111.0,101.0,50.0,51.0,5.0,0.0,1.0,15.0,13.0,2.6923076923076925,1.0,10.0,7.0,6.0,0.0,32.0,2.0,5.0,0.0,0.0,0.0,68.0,108.68,37,108.67
"mcts:reward=score,opponent=infer",linear:runs/linear/pass7/p7b_sarsa_lam98_random_s3.json@best,2,9001,74,1,0.0,0.0,-27.0,58.0,85.0,41.0,7.0,3.0,1.0,1.0,20.0,13.0,2.4615384615384617,0.0,13.0,4.0,16.0,0.0,20.0,1.0,4.0,0.0,0.0,0.0,65.0,105.12,34,105.09
"mcts:reward=score,opponent=infer",linear:runs/linear/pass7/p7b_sarsa_lam98_random_s3.json@best,2,9001,75,0,1.0,1.0,24.0,105.0,81.0,52.0,43.0,5.0,0.0,1.0,23.0,14.0,2.7142857142857144,1.0,7.0,3.0,18.0,0.0,18.0,1.0,5.0,0.0,0.0,0.0,67.0,106.28,35,106.24
"mcts:reward=score,opponent=infer",ppo:runs/ppo/pass2/p2b_pool_s3.json,2,9001,74,1,0.0,0.0,-55.0,38.0,93.0,35.0,3.0,3.0,2.0,0.0,20.0,13.0,2.230769230769231,0.0,16.0,3.0,11.0,0.0,21.0,1.0,5.0,0.0,0.0,0.0,61.0,104.57,32,104.51
"mcts:reward=score,opponent=infer",ppo:runs/ppo/pass2/p2b_pool_s3.json,2,9001,75,0,0.0,0.0,-20.0,61.0,81.0,64.0,-3.0,1.0,1.0,0.0,26.0,12.0,3.1666666666666665,2.0,7.0,6.0,5.0,0.0,33.0,0.0,2.0,0.0,0.0,0.0,63.0,107.77,32,107.72
"mcts:reward=score,opponent=infer",racer,2,9001,74,1,0.0,0.0,-8.0,92.0,100.0,49.0,43.0,5.0,0.0,0.0,20.0,16.0,2.375,0.0,7.0,2.0,11.0,0.0,23.0,2.0,5.0,0.0,0.0,0.0,71.0,101.83,38,101.82
"mcts:reward=score,opponent=infer",racer,2,9001,75,0,1.0,1.0,24.0,112.0,88.0,48.0,54.0,6.0,0.0,1.0,22.0,13.0,2.6923076923076925,1.0,10.0,4.0,13.0,1.0,21.0,2.0,6.0,0.0,0.0,0.0,67.0,101.17,36,101.16
"mcts:reward=score,opponent=infer",greedy,2,9001,72,1,0.0,0.0,-6.0,106.0,112.0,62.0,34.0,4.0,0.0,1.0,33.0,13.0,3.0,1.0,6.0,7.0,2.0,0.0,48.0,2.0,4.0,0.0,0.0,0.0,81.0,154.67,43,154.66
"mcts:reward=score,opponent=infer",greedy,2,9001,73,1,1.0,1.0,26.0,137.0,111.0,62.0,65.0,6.0,0.0,1.0,26.0,15.0,2.8666666666666667,2.0,2.0,8.0,4.0,0.0,42.0,2.0,6.0,0.0,0.0,0.0,80.0,146.26,43,146.25
"mcts:reward=score,opponent=infer",wary,2,9001,72,1,0.0,0.0,-6.0,106.0,112.0,62.0,34.0,4.0,0.0,1.0,33.0,13.0,3.0,1.0,6.0,7.0,2.0,0.0,48.0,2.0,4.0,0.0,0.0,0.0,81.0,156.34,43,156.33
"mcts:reward=score,opponent=infer",wary,2,9001,73,1,1.0,1.0,27.0,135.0,108.0,60.0,65.0,6.0,0.0,1.0,26.0,14.0,2.9285714285714284,2.0,4.0,8.0,4.0,0.0,40.0,2.0,6.0,0.0,0.0,0.0,76.0,144.29,41,144.28
"mcts:reward=score,opponent=infer",collector,2,9001,72,1,1.0,1.0,30.0,122.0,92.0,76.0,36.0,4.0,0.0,1.0,33.0,13.0,3.4615384615384617,3.0,0.0,9.0,4.0,1.0,54.0,2.0,4.0,0.0,0.0,1.0,90.0,190.01,48,190.0
"mcts:reward=score,opponent=infer",collector,2,9001,73,1,1.0,1.0,56.0,138.0,82.0,56.0,82.0,7.0,0.0,0.0,27.0,18.0,2.5,0.0,0.0,7.0,7.0,1.0,35.0,3.0,7.0,0.0,0.0,1.0,85.0,162.72,47,162.71
"mcts:reward=score,opponent=infer",ppo:runs/ppo/pass2/p2b_pool_s3.json,2,9001,76,0,0.0,0.0,-29.0,56.0,85.0,40.0,16.0,3.0,1.0,0.0,20.0,12.0,2.5,0.0,15.0,4.0,5.0,0.0,29.0,2.0,4.0,0.0,0.0,0.0,62.0,114.93,34,114.88
"mcts:reward=score,opponent=infer",ppo:runs/ppo/pass2/p2b_pool_s3.json,2,9001,77,1,1.0,1.0,7.0,89.0,82.0,61.0,28.0,2.0,0.0,0.0,25.0,12.0,3.1666666666666665,2.0,7.0,5.0,17.0,1.0,17.0,0.0,2.0,0.0,0.0,0.0,61.0,101.75,31,101.7
"mcts:reward=score,opponent=infer",greedy,2,9001,74,1,0.0,0.0,-31.0,102.0,133.0,53.0,49.0,6.0,0.0,0.0,22.0,17.0,2.411764705882353,1.0,4.0,9.0,16.0,0.0,28.0,2.0,6.0,0.0,0.0,0.0,83.0,162.49,44,162.48
"mcts:reward=score,opponent=infer",greedy,2,9001,75,0,1.0,1.0,2.0,128.0,126.0,53.0,65.0,7.0,0.0,1.0,28.0,16.0,2.5625,1.0,4.0,7.0,10.0,0.0,36.0,3.0,7.0,0.0,0.0,0.0,85.0,158.8,46,158.79
"mcts:reward=score,opponent=infer",linear:runs/linear/pass7/p7b_sarsa_lam98_random_s3.json@best,2,9001,76,0,0.0,0.0,-11.0,67.0,78.0,41.0,16.0,3.0,1.0,1.0,20.0,12.0,2.5833333333333335,0.0,14.0,6.0,7.0,0.0,31.0,2.0,4.0,0.0,0.0,0.0,66.0,111.22,36,111.19
"mcts:reward=score,opponent=infer",linear:runs/linear/pass7/p7b_sarsa_lam98_random_s3.json@best,2,9001,77,1,0.0,0.0,-10.0,85.0,95.0,47.0,28.0,2.0,0.0,1.0,28.0,13.0,2.6923076923076925,0.0,10.0,3.0,13.0,0.0,25.0,0.0,2.0,0.0,0.0,0.0,65.0,103.83,33,103.8
"mcts:reward=score,opponent=infer",wary,2,9001,74,1,0.0,0.0,-8.0,95.0,103.0,53.0,32.0,4.0,0.0,1.0,25.0,16.0,2.5,1.0,5.0,9.0,16.0,0.0,28.0,1.0,4.0,0.0,0.0,0.0,79.0,155.32,41,155.31
"mcts:reward=score,opponent=infer",wary,2,9001,75,0,0.0,0.0,-11.0,100.0,111.0,50.0,40.0,5.0,1.0,1.0,26.0,14.0,2.642857142857143,1.0,8.0,6.0,10.0,1.0,28.0,2.0,6.0,0.0,0.0,0.0,73.0,146.53,39,146.52
"mcts:reward=score,opponent=infer",racer,2,9001,76,0,1.0,1.0,39.0,131.0,92.0,64.0,57.0,5.0,0.0,1.0,22.0,13.0,3.076923076923077,2.0,5.0,8.0,20.0,3.0,18.0,2.0,5.0,0.0,0.0,0.0,74.0,118.48,40,118.47
"mcts:reward=score,opponent=infer",racer,2,9001,77,1,1.0,1.0,15.0,106.0,91.0,55.0,41.0,3.0,0.0,1.0,29.0,11.0,3.272727272727273,2.0,9.0,5.0,9.0,0.0,31.0,1.0,3.0,0.0,0.0,0.0,65.0,101.01,34,101.0
"mcts:reward=score,opponent=infer",collector,2,9001,74,1,1.0,1.0,4.0,114.0,110.0,64.0,40.0,5.0,0.0,1.0,23.0,17.0,2.6470588235294117,1.0,0.0,6.0,23.0,0.0,19.0,1.0,5.0,0.0,0.0,1.0,78.0,166.72,41,166.71
"mcts:reward=score,opponent=infer",collector,2,9001,75,0,1.0,1.0,0.0,131.0,131.0,61.0,70.0,7.0,0.0,0.0,37.0,16.0,2.6875,2.0,2.0,7.0,13.0,1.0,27.0,3.0,7.0,0.0,0.0,0.0,81.0,168.16,44,168.15
"mcts:reward=score,opponent=infer",ppo:runs/ppo/pass2/p2b_pool_s3.json,2,9001,78,0,0.0,0.0,-1.0,96.0,97.0,64.0,32.0,2.0,0.0,0.0,28.0,12.0,3.1666666666666665,3.0,7.0,4.0,12.0,0.0,30.0,0.0,2.0,0.0,0.0,0.0,66.0,113.1,34,113.05
"mcts:reward=score,opponent=infer",ppo:runs/ppo/pass2/p2b_pool_s3.json,2,9001,79,1,0.0,0.0,-25.0,75.0,100.0,35.0,30.0,3.0,0.0,1.0,19.0,11.0,2.4545454545454546,0.0,18.0,3.0,11.0,2.0,25.0,0.0,3.0,0.0,0.0,0.0,62.0,102.75,32,102.7
"mcts:reward=score,opponent=infer",linear:runs/linear/pass7/p7b_sarsa_lam98_random_s3.json@best,2,9001,78,0,1.0,1.0,51.0,139.0,88.0,60.0,69.0,5.0,0.0,1.0,30.0,13.0,2.923076923076923,2.0,7.0,3.0,15.0,0.0,27.0,2.0,5.0,0.0,0.0,0.0,72.0,116.69,39,116.66
"mcts:reward=score,opponent=infer",linear:runs/linear/pass7/p7b_sarsa_lam98_random_s3.json@best,2,9001,79,1,0.0,0.0,-9.0,69.0,78.0,46.0,13.0,4.0,1.0,1.0,22.0,14.0,2.5,0.0,10.0,1.0,13.0,0.0,23.0,1.0,5.0,0.0,0.0,0.0,66.0,112.94,35,112.91
"mcts:reward=score,opponent=infer",wary,2,9001,76,0,1.0,1.0,59.0,140.0,81.0,67.0,63.0,5.0,0.0,1.0,30.0,15.0,3.0,1.0,0.0,7.0,8.0,0.0,40.0,2.0,5.0,0.0,0.0,1.0,81.0,154.02,44,154.01
"mcts:reward=score,opponent=infer",wary,2,9001,77,1,1.0,1.0,29.0,124.0,95.0,73.0,41.0,4.0,0.0,1.0,29.0,13.0,3.3076923076923075,3.0,2.0,4.0,6.0,0.0,38.0,2.0,4.0,0.0,0.0,1.0,74.0,126.65,40,126.64
"mcts:reward=score,opponent=infer",greedy,2,9001,76,0,1.0,1.0,74.0,140.0,66.0,67.0,63.0,5.0,0.0,1.0,30.0,15.0,3.0,1.0,0.0,7.0,8.0,0.0,38.0,2.0,5.0,0.0,0.0,1.0,79.0,154.29,43,154.28
"mcts:reward=score,opponent=infer",greedy,2,9001,77,1,0.0,0.0,-5.0,108.0,113.0,74.0,34.0,3.0,0.0,0.0,23.0,14.0,3.2142857142857144,3.0,0.0,4.0,6.0,0.0,42.0,1.0,3.0,0.0,0.0,1.0,78.0,130.39,41,130.38
"mcts:reward=score,opponent=infer",racer,2,9001,78,0,1.0,1.0,24.0,115.0,91.0,73.0,32.0,2.0,0.0,1.0,30.0,15.0,3.0,3.0,0.0,4.0,16.0,0.0,28.0,0.0,2.0,0.0,0.0,1.0,73.0,114.3,38,114.28
"mcts:reward=score,opponent=infer",racer,2,9001,79,1,0.0,0.0,-4.0,87.0,91.0,52.0,25.0,4.0,1.0,1.0,31.0,15.0,2.533333333333333,0.0,7.0,3.0,20.0,0.0,16.0,2.0,5.0,0.0,0.0,0.0,70.0,116.07,38,116.06
"mcts:reward=score,opponent=infer",collector,2,9001,76,0,1.0,1.0,23.0,147.0,124.0,74.0,63.0,5.0,0.0,1.0,26.0,14.0,3.2142857142857144,2.0,0.0,9.0,7.0,2.0,43.0,2.0,5.0,0.0,0.0,1.0,85.0,172.98,46,172.96
"mcts:reward=score,opponent=infer",collector,2,9001,77,1,1.0,1.0,77.0,153.0,76.0,78.0,65.0,4.0,0.0,1.0,36.0,13.0,3.4615384615384617,3.0,0.0,5.0,5.0,0.0,45.0,1.0,4.0,0.0,0.0,1.0,78.0,133.59,41,133.58
"mcts:reward=score,opponent=infer",ppo:runs/ppo/pass2/p2b_pool_s3.json,2,9001,80,1,0.0,0.0,-27.0,64.0,91.0,39.0,25.0,2.0,0.0,0.0,23.0,10.0,2.8,1.0,17.0,4.0,11.0,1.0,29.0,0.0,2.0,0.0,0.0,0.0,63.0,103.71,32,103.65
"mcts:reward=score,opponent=infer",ppo:runs/ppo/pass2/p2b_pool_s3.json,2,9001,81,0,0.0,0.0,-9.0,79.0,88.0,45.0,34.0,3.0,0.0,0.0,14.0,9.0,3.2222222222222223,2.0,16.0,4.0,8.0,1.0,30.0,0.0,3.0,0.0,0.0,0.0,59.0,96.81,30,96.76
"mcts:reward=score,opponent=infer",linear:runs/linear/pass7/p7b_sarsa_lam98_random_s3.json@best,2,9001,80,1,1.0,1.0,13.0,90.0,77.0,40.0,40.0,4.0,0.0,1.0,28.0,14.0,2.2857142857142856,0.0,13.0,6.0,16.0,3.0,10.0,1.0,4.0,0.0,0.0,0.0,63.0,102.05,33,102.02
"mcts:reward=score,opponent=infer",linear:runs/linear/pass7/p7b_sarsa_lam98_random_s3.json@best,2,9001,81,0,0.0,0.0,-24.0,63.0,87.0,55.0,8.0,2.0,1.0,0.0,14.0,10.0,3.4,3.0,11.0,3.0,13.0,1.0,27.0,0.0,3.0,0.0,0.0,0.0,63.0,97.09,32,97.06
"mcts:reward=score,opponent=infer",racer,2,9001,80,1,1.0,1.0,17.0,104.0,87.0,54.0,40.0,4.0,0.0,1.0,28.0,15.0,2.6666666666666665,1.0,5.0,5.0,19.0,0.0,23.0,1.0,4.0,0.0,0.0,0.0,75.0,116.42,39,116.41
"mcts:reward=score,opponent=infer",racer,2,9001,81,0,1.0,1.0,4.0,96.0,92.0,62.0,34.0,3.0,0.0,0.0,14.0,11.0,3.4545454545454546,3.0,7.0,5.0,11.0,1.0,31.0,0.0,3.0,0.0,0.0,0.0,67.0,99.09,34,99.08
"mcts:reward=score,opponent=infer",greedy,2,9001,78,0,1.0,1.0,26.0,133.0,107.0,75.0,48.0,4.0,0.0,1.0,28.0,15.0,3.0,3.0,0.0,5.0,14.0,1.0,36.0,1.0,4.0,0.0,0.0,1.0,83.0,162.89,44,162.88
"mcts:reward=score,opponent=infer",greedy,2,9001,79,1,1.0,1.0,46.0,131.0,85.0,71.0,50.0,5.0,0.0,1.0,33.0,15.0,3.0,2.0,0.0,4.0,14.0,0.0,36.0,2.0,5.0,0.0,0.0,1.0,83.0,144.86,45,144.85
"mcts:reward=score,opponent=infer",wary,2,9001,78,0,1.0,1.0,26.0,133.0,107.0,75.0,48.0,4.0,0.0,1.0,28.0,15.0,3.0,3.0,0.0,5.0,14.0,1.0,36.0,1.0,4.0,0.0,0.0,1.0,83.0,159.82,44,159.81
"mcts:reward=score,opponent=infer",wary,2,9001,79,1,1.0,1.0,34.0,134.0,100.0,70.0,54.0,5.0,0.0,1.0,32.0,14.0,3.0714285714285716,2.0,2.0,3.0,14.0,0.0,32.0,1.0,5.0,0.0,0.0,0.0,76.0,135.07,40,135.06
"mcts:reward=score,opponent=infer",collector,2,9001,78,0,1.0,1.0,27.0,120.0,93.0,78.0,32.0,2.0,0.0,1.0,29.0,14.0,3.2142857142857144,3.0,0.0,5.0,13.0,1.0,33.0,0.0,2.0,0.0,0.0,1.0,75.0,153.97,39,153.96
"mcts:reward=score,opponent=infer",collector,2,9001,79,1,1.0,1.0,101.0,145.0,44.0,76.0,59.0,5.0,0.0,1.0,34.0,14.0,3.2142857142857144,3.0,0.0,2.0,18.0,0.0,36.0,2.0,5.0,0.0,0.0,1.0,85.0,158.4,46,158.39
"mcts:reward=score,opponent=infer",ppo:runs/ppo/pass2/p2b_pool_s3.json,2,9001,82,1,1.0,1.0,32.0,107.0,75.0,51.0,46.0,4.0,1.0,1.0,27.0,13.0,2.6923076923076925,2.0,10.0,1.0,28.0,0.0,4.0,2.0,5.0,0.0,0.0,0.0,62.0,115.14,34,115.09
"mcts:reward=score,opponent=infer",ppo:runs/ppo/pass2/p2b_pool_s3.json,2,9001,83,0,1.0,1.0,40.0,121.0,81.0,55.0,56.0,5.0,0.0,1.0,28.0,14.0,2.7857142857142856,1.0,6.0,4.0,10.0,0.0,30.0,1.0,5.0,0.0,0.0,0.0,71.0,111.26,37,111.19
"mcts:reward=score,opponent=infer",greedy,2,9001,80,1,1.0,1.0,65.0,149.0,84.0,57.0,82.0,8.0,0.0,1.0,26.0,18.0,2.4444444444444446,0.0,1.0,3.0,15.0,0.0,27.0,3.0,8.0,0.0,0.0,1.0,84.0,144.39,46,144.38
"mcts:reward=score,opponent=infer",greedy,2,9001,81,0,0.0,0.0,-16.0,110.0,126.0,76.0,34.0,3.0,0.0,0.0,20.0,13.0,3.4615384615384617,3.0,0.0,3.0,19.0,0.0,37.0,0.0,3.0,0.0,0.0,1.0,82.0,137.3,42,137.29
"mcts:reward=score,opponent=infer",linear:runs/linear/pass7/p7b_sarsa_lam98_random_s3.json@best,2,9001,82,1,1.0,1.0,10.0,102.0,92.0,64.0,28.0,3.0,2.0,1.0,31.0,12.0,3.25,3.0,6.0,4.0,22.0,1.0,20.0,2.0,5.0,0.0,0.0,0.0,72.0,110.57,39,110.54
"mcts:reward=score,opponent=infer",linear:runs/linear/pass7/p7b_sarsa_lam98_random_s3.json@best,2,9001,83,0,0.0,0.0,-11.0,113.0,124.0,47.0,56.0,5.0,0.0,1.0,22.0,14.0,2.5,1.0,10.0,1.0,9.0,1.0,27.0,1.0,5.0,0.0,0.0,0.0,69.0,109.69,36,109.66
"mcts:reward=score,opponent=infer",racer,2,9001,82,1,1.0,1.0,19.0,111.0,92.0,70.0,31.0,2.0,0.0,1.0,31.0,10.0,3.8,4.0,7.0,4.0,28.0,3.0,8.0,0.0,2.0,0.0,0.0,0.0,62.0,101.35,32,101.34
"mcts:reward=score,opponent=infer",racer,2,9001,83,0,1.0,1.0,66.0,147.0,81.0,67.0,70.0,7.0,0.0,1.0,38.0,16.0,2.75,2.0,1.0,3.0,5.0,0.0,37.0,2.0,7.0,0.0,0.0,1.0,78.0,118.12,42,118.11
"mcts:reward=score,opponent=infer",wary,2,9001,80,1,1.0,1.0,33.0,141.0,108.0,59.0,72.0,7.0,0.0,1.0,30.0,18.0,2.5,0.0,0.0,4.0,15.0,0.0,27.0,2.0,7.0,0.0,0.0,1.0,82.0,144.01,44,144.0
"mcts:reward=score,opponent=infer",wary,2,9001,81,0,0.0,0.0,-4.0,120.0,124.0,76.0,34.0,3.0,0.0,1.0,20.0,13.0,3.4615384615384617,3.0,0.0,3.0,19.0,0.0,37.0,0.0,3.0,0.0,0.0,1.0,82.0,140.4,42,140.39
"mcts:reward=score,opponent=infer",collector,2,9001,80,1,0.0,0.0,-1.0,125.0,126.0,67.0,48.0,4.0,1.0,1.0,30.0,15.0,3.0,3.0,0.0,6.0,17.0,2.0,29.0,1.0,5.0,0.0,0.0,0.0,83.0,166.4,43,166.39
"mcts:reward=score,opponent=infer",collector,2,9001,81,0,1.0,1.0,63.0,148.0,85.0,71.0,67.0,6.0,0.0,1.0,20.0,15.0,3.0,3.0,0.0,4.0,19.0,0.0,29.0,2.0,6.0,0.0,0.0,1.0,82.0,151.29,44,151.27
"mcts:reward=score,opponent=infer",ppo:runs/ppo/pass2/p2b_pool_s3.json,2,9001,84,0,0.0,0.0,-11.0,74.0,85.0,40.0,34.0,4.0,0.0,0.0,22.0,13.0,2.3846153846153846,0.0,14.0,4.0,12.0,1.0,20.0,1.0,4.0,0.0,0.0,0.0,63.0,105.08,33,105.03
"mcts:reward=score,opponent=infer",ppo:runs/ppo/pass2/p2b_pool_s3.json,2,9001,85,0,1.0,1.0,66.0,149.0,83.0,55.0,94.0,7.0,1.0,0.0,24.0,14.0,2.5714285714285716,2.0,9.0,5.0,21.0,2.0,11.0,2.0,8.0,0.0,0.0,0.0,69.0,119.01,37,118.95
"mcts:reward=score,opponent=infer",wary,2,9001,82,1,1.0,1.0,45.0,142.0,97.0,77.0,55.0,6.0,1.0,1.0,35.0,13.0,3.4615384615384617,3.0,0.0,2.0,22.0,0.0,30.0,3.0,7.0,0.0,0.0,1.0,83.0,146.7,46,146.69
"mcts:reward=score,opponent=infer",wary,2,9001,83,0,1.0,1.0,15.0,135.0,120.0,57.0,68.0,7.0,0.0,1.0,26.0,17.0,2.4705882352941178,2.0,3.0,6.0,14.0,0.0,28.0,2.0,7.0,0.0,0.0,0.0,81.0,136.87,43,136.86
"mcts:reward=score,opponent=infer",greedy,2,9001,82,1,1.0,1.0,43.0,142.0,99.0,77.0,55.0,6.0,1.0,1.0,35.0,13.0,3.4615384615384617,3.0,0.0,2.0,22.0,0.0,30.0,3.0,7.0,0.0,0.0,1.0,83.0,147.75,46,147.74
"mcts:reward=score,opponent=infer",greedy,2,9001,83,0,1.0,1.0,30.0,141.0,111.0,63.0,68.0,7.0,0.0,1.0,33.0,18.0,2.5,2.0,0.0,7.0,14.0,0.0,36.0,2.0,7.0,0.0,0.0,1.0,90.0,143.14,48,143.13
"mcts:reward=score,opponent=infer",linear:runs/linear/pass7/p7b_sarsa_lam98_random_s3.json@best,2,9001,84,0,1.0,1.0,28.0,106.0,78.0,50.0,46.0,5.0,0.0,1.0,19.0,14.0,2.5,1.0,10.0,3.0,7.0,0.0,27.0,2.0,5.0,0.0,0.0,0.0,67.0,106.27,36,106.25
"mcts:reward=score,opponent=infer",linear:runs/linear/pass7/p7b_sarsa_lam98_random_s3.json@best,2,9001,85,0,1.0,1.0,22.0,95.0,73.0,52.0,33.0,3.0,0.0,1.0,26.0,14.0,2.5714285714285716,1.0,9.0,4.0,13.0,0.0,23.0,0.0,3.0,0.0,0.0,0.0,65.0,109.19,33,109.16
"mcts:reward=score,opponent=infer",racer,2,9001,84,0,0.0,0.0,-19.0,71.0,90.0,39.0,22.0,4.0,1.0,1.0,19.0,13.0,2.3076923076923075,0.0,15.0,5.0,6.0,0.0,30.0,2.0,5.0,0.0,0.0,0.0,67.0,107.37,36,107.36
"mcts:reward=score,opponent=infer",racer,2,9001,85,0,0.0,0.0,-37.0,60.0,97.0,49.0,11.0,2.0,1.0,0.0,26.0,12.0,2.75,2.0,12.0,5.0,15.0,0.0,27.0,0.0,3.0,0.0,0.0,0.0,67.0,105.89,34,105.87
"mcts:reward=score,opponent=infer",collector,2,9001,82,1,1.0,1.0,66.0,169.0,103.0,77.0,82.0,6.0,1.0,1.0,38.0,14.0,3.2142857142857144,3.0,0.0,5.0,24.0,1.0,36.0,4.0,7.0,1.0,0.0,1.0,97.0,164.57,54,164.56
"mcts:reward=score,opponent=infer",collector,2,9001,83,0,1.0,1.0,59.0,124.0,65.0,65.0,49.0,5.0,0.0,1.0,21.0,16.0,2.8125,2.0,0.0,2.0,13.0,0.0,37.0,1.0,5.0,0.0,0.0,1.0,84.0,168.14,44,168.13
"mcts:reward=score,opponent=infer",linear:runs/linear/pass7/p7b_sarsa_lam98_random_s3.json@best,2,9001,86,1,1.0,1.0,16.0,93.0,77.0,46.0,37.0,5.0,0.0,1.0,22.0,15.0,2.3333333333333335,0.0,10.0,5.0,7.0,0.0,25.0,2.0,5.0,0.0,0.0,0.0,66.0,106.84,36,106.81
"mcts:reward=score,opponent=infer",linear:runs/linear/pass7/p7b_sarsa_lam98_random_s3.json@best,2,9001,87,0,0.0,0.0,-55.0,32.0,87.0,42.0,-10.0,1.0,1.0,0.0,17.0,9.0,2.7777777777777777,2.0,20.0,7.0,11.0,1.0,27.0,0.0,2.0,0.0,0.0,0.0,59.0,99.44,30,99.41
"mcts:reward=score,opponent=infer",ppo:runs/ppo/pass2/p2b_pool_s3.json,2,9001,86,1,1.0,1.0,24.0,97.0,73.0,39.0,48.0,5.0,0.0,1.0,20.0,15.0,2.2,0.0,12.0,4.0,14.0,2.0,16.0,1.0,5.0,0.0,0.0,0.0,66.0,104.15,35,104.1
"mcts:reward=score,opponent=infer",ppo:runs/ppo/pass2/p2b_pool_s3.json,2,9001,87,0,0.0,0.0,-27.0,54.0,81.0,64.0,-10.0,1.0,1.0,0.0,22.0,11.0,3.1818181818181817,3.0,10.0,7.0,7.0,0.0,35.0,0.0,2.0,0.0,0.0,0.0,65.0,106.11,33,106.05
"mcts:reward=score,opponent=infer",greedy,2,9001,84,0,1.0,1.0,105.0,164.0,59.0,71.0,83.0,7.0,0.0,1.0,33.0,14.0,3.2142857142857144,2.0,0.0,5.0,7.0,1.0,35.0,3.0,7.0,0.0,0.0,1.0,78.0,151.16,43,151.15
"mcts:reward=score,opponent=infer",greedy,2,9001,85,0,1.0,1.0,38.0,146.0,108.0,65.0,71.0,6.0,0.0,1.0,34.0,14.0,3.0,3.0,3.0,1.0,32.0,0.0,16.0,3.0,6.0,0.0,0.0,0.0,83.0,150.89,45,150.88
"mcts:reward=score,opponent=infer",wary,2,9001,84,0,1.0,1.0,55.0,164.0,109.0,71.0,83.0,7.0,0.0,1.0,33.0,14.0,3.2142857142857144,2.0,0.0,5.0,7.0,1.0,35.0,3.0,7.0,0.0,0.0,1.0,78.0,142.58,43,142.57
"mcts:reward=score,opponent=infer",wary,2,9001,85,0,1.0,1.0,38.0,146.0,108.0,65.0,71.0,6.0,0.0,1.0,34.0,14.0,3.0,3.0,3.0,1.0,32.0,0.0,16.0,3.0,6.0,0.0,0.0,0.0,83.0,143.33,45,143.32
"mcts:reward=score,opponent=infer",racer,2,9001,86,1,1.0,1.0,35.0,122.0,87.0,54.0,58.0,6.0,0.0,1.0,27.0,16.0,2.5,1.0,5.0,7.0,13.0,0.0,25.0,3.0,6.0,0.0,0.0,0.0,76.0,116.95,42,116.93
"mcts:reward=score,opponent=infer",racer,2,9001,87,0,1.0,1.0,35.0,124.0,89.0,67.0,47.0,4.0,0.0,1.0,21.0,16.0,2.625,2.0,3.0,11.0,17.0,1.0,25.0,2.0,4.0,0.0,0.0,0.0,81.0,124.83,43,124.81
"mcts:reward=score,opponent=infer",collector,2,9001,84,0,1.0,1.0,73.0,163.0,90.0,66.0,87.0,7.0,0.0,1.0,27.0,14.0,3.0714285714285716,2.0,2.0,7.0,7.0,1.0,37.0,4.0,7.0,0.0,0.0,0.0,83.0,157.13,46,157.12
"mcts:reward=score,opponent=infer",collector,2,9001,85,0,1.0,1.0,91.0,172.0,81.0,65.0,97.0,8.0,0.0,1.0,37.0,16.0,2.8125,2.0,0.0,4.0,20.0,0.0,28.0,4.0,8.0,0.0,0.0,1.0,88.0,167.75,49,167.73
"mcts:reward=score,opponent=infer",ppo:runs/ppo/pass2/p2b_pool_s3.json,2,9001,88,0,1.0,1.0,11.0,97.0,86.0,66.0,31.0,3.0,0.0,0.0,19.0,11.0,3.5454545454545454,3.0,6.0,4.0,16.0,2.0,28.0,0.0,3.0,0.0,0.0,0.0,70.0,120.38,36,120.31
"mcts:reward=score,opponent=infer",ppo:runs/ppo/pass2/p2b_pool_s3.json,2,9001,89,0,0.0,0.0,-54.0,36.0,90.0,58.0,-22.0,0.0,2.0,0.0,10.0,10.0,3.3,2.0,12.0,6.0,8.0,1.0,30.0,0.0,2.0,0.0,0.0,0.0,61.0,110.99,31,110.94
"mcts:reward=score,opponent=infer",linear:runs/linear/pass7/p7b_sarsa_lam98_random_s3.json@best,2,9001,88,0,0.0,0.0,-49.0,60.0,109.0,51.0,9.0,2.0,1.0,0.0,14.0,12.0,2.9166666666666665,0.0,10.0,3.0,12.0,0.0,30.0,0.0,3.0,0.0,0.0,0.0,66.0,111.82,34,111.79
"mcts:reward=score,opponent=infer",linear:runs/linear/pass7/p7b_sarsa_lam98_random_s3.json@best,2,9001,89,0,1.0,1.0,20.0,103.0,83.0,64.0,29.0,3.0,0.0,1.0,22.0,11.0,3.3636363636363638,3.0,8.0,5.0,12.0,0.0,34.0,1.0,3.0,0.0,0.0,0.0,71.0,107.98,37,107.95
"mcts:reward=score,opponent=infer",wary,2,9001,86,1,1.0,1.0,43.0,150.0,107.0,54.0,86.0,7.0,0.0,1.0,37.0,18.0,2.388888888888889,1.0,2.0,6.0,8.0,1.0,32.0,2.0,7.0,0.0,0.0,0.0,82.0,147.1,44,147.09
"mcts:reward=score,opponent=infer",wary,2,9001,87,0,1.0,1.0,30.0,137.0,107.0,89.0,38.0,4.0,0.0,1.0,40.0,12.0,3.75,4.0,0.0,7.0,7.0,0.0,45.0,1.0,4.0,0.0,0.0,1.0,78.0,140.62,41,140.61
"mcts:reward=score,opponent=infer",greedy,2,9001,86,1,1.0,1.0,43.0,150.0,107.0,54.0,86.0,7.0,0.0,1.0,37.0,18.0,2.388888888888889,1.0,2.0,6.0,8.0,1.0,32.0,2.0,7.0,0.0,0.0,0.0,82.0,152.77,44,152.76
"mcts:reward=score,opponent=infer",greedy,2,9001,87,0,1.0,1.0,29.0,137.0,108.0,89.0,38.0,4.0,0.0,1.0,40.0,12.0,3.75,4.0,0.0,7.0,7.0,0.0,45.0,1.0,4.0,0.0,0.0,1.0,78.0,146.25,41,146.24
"mcts:reward=score,opponent=infer",racer,2,9001,88,0,1.0,1.0,28.0,118.0,90.0,67.0,41.0,4.0,0.0,1.0,21.0,13.0,3.230769230769231,2.0,3.0,4.0,15.0,1.0,25.0,1.0,4.0,0.0,0.0,0.0,70.0,113.75,37,113.74
"mcts:reward=score,opponent=infer",racer,2,9001,89,0,1.0,1.0,1.0,101.0,100.0,48.0,53.0,5.0,0.0,0.0,18.0,14.0,2.5,1.0,10.0,4.0,13.0,0.0,19.0,2.0,5.0,0.0,0.0,0.0,65.0,101.17,35,101.16
"mcts:reward=score,opponent=infer",collector,2,9001,86,1,1.0,1.0,43.0,145.0,102.0,60.0,75.0,8.0,0.0,1.0,19.0,16.0,2.6875,1.0,2.0,7.0,5.0,0.0,45.0,4.0,8.0,0.0,0.0,0.0,90.0,162.74,50,162.72
"mcts:reward=score,opponent=infer",collector,2,9001,87,0,1.0,1.0,37.0,131.0,94.0,72.0,49.0,5.0,0.0,1.0,25.0,14.0,3.142857142857143,1.0,1.0,6.0,9.0,0.0,39.0,2.0,5.0,0.0,0.0,1.0,80.0,151.5,43,151.49
"mcts:reward=score,opponent=infer",ppo:runs/ppo/pass2/p2b_pool_s3.json,2,9001,90,0,1.0,1.0,36.0,116.0,80.0,51.0,55.0,4.0,1.0,1.0,28.0,14.0,2.5,1.0,10.0,4.0,16.0,0.0,16.0,2.0,5.0,0.0,0.0,0.0,65.0,111.38,35,111.32
"mcts:reward=score,opponent=infer",ppo:runs/ppo/pass2/p2b_pool_s3.json,2,9001,91,0,0.0,0.0,-6.0,87.0,93.0,39.0,48.0,5.0,0.0,0.0,16.0,13.0,2.3846153846153846,0.0,14.0,3.0,22.0,0.0,14.0,1.0,5.0,0.0,0.0,0.0,65.0,103.86,34,103.8
"mcts:reward=score,opponent=infer",linear:runs/linear/pass7/p7b_sarsa_lam98_random_s3.json@best,2,9001,90,0,1.0,1.0,30.0,129.0,99.0,53.0,66.0,4.0,0.0,1.0,32.0,14.0,2.5714285714285716,1.0,9.0,3.0,15.0,1.0,19.0,1.0,4.0,0.0,0.0,0.0,67.0,109.43,35,109.4
"mcts:reward=score,opponent=infer",linear:runs/linear/pass7/p7b_sarsa_lam98_random_s3.json@best,2,9001,91,0,0.0,0.0,-24.0,85.0,109.0,41.0,44.0,5.0,1.0,0.0,18.0,14.0,2.357142857142857,0.0,12.0,6.0,7.0,1.0,23.0,2.0,6.0,0.0,0.0,0.0,65.0,100.48,35,100.45
"mcts:reward=score,opponent=infer",wary,2,9001,88,0,1.0,1.0,12.0,109.0,97.0,71.0,28.0,4.0,1.0,1.0,30.0,14.0,3.2142857142857144,2.0,0.0,6.0,10.0,0.0,44.0,1.0,5.0,0.0,0.0,0.0,84.0,151.9,44,151.89
"mcts:reward=score,opponent=infer",wary,2,9001,89,0,0.0,0.0,-10.0,116.0,126.0,74.0,42.0,3.0,0.0,0.0,35.0,14.0,3.142857142857143,4.0,1.0,4.0,5.0,0.0,39.0,1.0,3.0,0.0,0.0,0.0,75.0,144.56,39,144.55
"mcts:reward=score,opponent=infer",greedy,2,9001,88,0,1.0,1.0,34.0,149.0,115.0,71.0,68.0,5.0,0.0,1.0,30.0,14.0,3.2142857142857144,2.0,0.0,9.0,10.0,2.0,48.0,1.0,5.0,0.0,0.0,1.0,91.0,156.28,48,156.27
"mcts:reward=score,opponent=infer",greedy,2,9001,89,0,1.0,1.0,7.0,126.0,119.0,74.0,42.0,3.0,0.0,1.0,35.0,14.0,3.142857142857143,4.0,1.0,4.0,5.0,0.0,43.0,1.0,3.0,0.0,0.0,0.0,79.0,145.26,41,145.25
"mcts:reward=score,opponent=infer",racer,2,9001,90,0,1.0,1.0,20.0,116.0,96.0,49.0,57.0,4.0,0.0,1.0,27.0,14.0,2.5,0.0,10.0,3.0,9.0,0.0,25.0,2.0,4.0,0.0,0.0,0.0,67.0,104.25,36,104.24
"mcts:reward=score,opponent=infer",racer,2,9001,91,0,1.0,1.0,31.0,117.0,86.0,59.0,48.0,5.0,0.0,1.0,22.0,18.0,2.5,1.0,0.0,4.0,16.0,1.0,28.0,1.0,5.0,0.0,0.0,1.0,84.0,115.79,44,115.78
"mcts:reward=score,opponent=infer",collector,2,9001,88,0,1.0,1.0,75.0,180.0,105.0,58.0,112.0,9.0,0.0,1.0,35.0,17.0,2.5294117647058822,1.0,2.0,5.0,10.0,0.0,36.0,4.0,9.0,0.0,0.0,0.0,88.0,164.86,49,164.84
"mcts:reward=score,opponent=infer",collector,2,9001,89,0,1.0,1.0,10.0,117.0,107.0,72.0,35.0,4.0,0.0,1.0,27.0,15.0,3.0,2.0,0.0,5.0,9.0,0.0,39.0,1.0,4.0,0.0,0.0,1.0,80.0,168.9,42,168.89
"mcts:reward=score,opponent=infer",ppo:runs/ppo/pass2/p2b_pool_s3.json,2,9001,92,0,0.0,0.0,-14.0,70.0,84.0,51.0,19.0,3.0,1.0,0.0,27.0,12.0,2.8333333333333335,2.0,11.0,2.0,23.0,0.0,15.0,1.0,4.0,0.0,0.0,0.0,64.0,112.92,34,112.87
"mcts:reward=score,opponent=infer",ppo:runs/ppo/pass2/p2b_pool_s3.json,2,9001,93,0,1.0,1.0,3.0,81.0,78.0,53.0,28.0,3.0,0.0,0.0,15.0,12.0,2.8333333333333335,2.0,11.0,4.0,10.0,0.0,28.0,0.0,3.0,0.0,0.0,0.0,63.0,104.18,32,104.13
"mcts:reward=score,opponent=infer",linear:runs/linear/pass7/p7b_sarsa_lam98_random_s3.json@best,2,9001,92,0,1.0,1.0,17.0,104.0,87.0,54.0,40.0,3.0,0.0,1.0,27.0,13.0,2.769230769230769,2.0,9.0,4.0,21.0,1.0,15.0,1.0,3.0,0.0,0.0,0.0,66.0,108.6,35,108.57
"mcts:reward=score,opponent=infer",linear:runs/linear/pass7/p7b_sarsa_lam98_random_s3.json@best,2,9001,93,0,0.0,0.0,-42.0,63.0,105.0,51.0,12.0,2.0,1.0,0.0,20.0,13.0,2.769230769230769,0.0,9.0,5.0,4.0,1.0,36.0,0.0,3.0,0.0,0.0,0.0,69.0,105.3,35,105.27
"mcts:reward=score,opponent=infer",racer,2,9001,92,0,1.0,1.0,44.0,133.0,89.0,58.0,65.0,6.0,0.0,1.0,23.0,13.0,2.8461538461538463,2.0,8.0,3.0,14.0,0.0,22.0,2.0,6.0,0.0,0.0,0.0,66.0,111.93,36,111.92
"mcts:reward=score,opponent=infer",racer,2,9001,93,0,1.0,1.0,4.0,90.0,86.0,47.0,33.0,4.0,0.0,1.0,18.0,15.0,2.3333333333333335,1.0,10.0,4.0,10.0,0.0,24.0,1.0,4.0,0.0,0.0,0.0,67.0,105.58,35,105.57
"mcts:reward=score,opponent=infer",wary,2,9001,90,0,1.0,1.0,66.0,143.0,77.0,56.0,77.0,5.0,0.0,1.0,31.0,14.0,2.642857142857143,2.0,8.0,5.0,15.0,0.0,23.0,2.0,5.0,0.0,0.0,0.0,71.0,146.81,38,146.8
"mcts:reward=score,opponent=infer",wary,2,9001,91,0,1.0,1.0,38.0,132.0,94.0,60.0,62.0,5.0,0.0,1.0,28.0,15.0,2.7333333333333334,1.0,4.0,2.0,19.0,1.0,23.0,2.0,5.0,0.0,0.0,0.0,79.0,149.45,42,149.44
"mcts:reward=score,opponent=infer",greedy,2,9001,90,0,1.0,1.0,100.0,190.0,90.0,65.0,115.0,7.0,0.0,1.0,31.0,18.0,2.5,2.0,0.0,6.0,17.0,0.0,29.0,4.0,7.0,0.0,0.0,1.0,90.0,160.42,50,160.41
"mcts:reward=score,opponent=infer",greedy,2,9001,91,0,0.0,0.0,-18.0,82.0,100.0,54.0,18.0,4.0,1.0,1.0,28.0,13.0,2.769230769230769,1.0,9.0,2.0,19.0,1.0,29.0,2.0,5.0,0.0,0.0,0.0,81.0,151.22,43,151.21
"mcts:reward=score,opponent=infer",collector,2,9001,90,0,1.0,1.0,70.0,146.0,76.0,71.0,65.0,5.0,1.0,1.0,26.0,15.0,3.0,2.0,0.0,5.0,15.0,2.0,29.0,3.0,6.0,0.0,0.0,0.0,85.0,175.52,46,175.5
"mcts:reward=score,opponent=infer",collector,2,9001,91,0,1.0,1.0,41.0,128.0,87.0,66.0,52.0,4.0,0.0,1.0,29.0,15.0,2.933333333333333,1.0,1.0,8.0,15.0,0.0,35.0,2.0,4.0,0.0,0.0,0.0,85.0,158.95,45,158.94
"mcts:reward=score,opponent=infer",ppo:runs/ppo/pass2/p2b_pool_s3.json,2,9001,94,1,0.0,0.0,-10.0,70.0,80.0,36.0,24.0,4.0,1.0,1.0,23.0,14.0,2.2142857142857144,0.0,14.0,7.0,2.0,0.0,32.0,1.0,5.0,0.0,0.0,0.0,65.0,100.75,34,100.69
"mcts:reward=score,opponent=infer",ppo:runs/ppo/pass2/p2b_pool_s3.json,2,9001,95,0,1.0,1.0,6.0,82.0,76.0,65.0,17.0,2.0,0.0,0.0,17.0,10.0,3.6,3.0,9.0,5.0,5.0,2.0,33.0,0.0,2.0,0.0,0.0,0.0,62.0,105.23,32,105.18
"mcts:reward=score,opponent=infer",linear:runs/linear/pass7/p7b_sarsa_lam98_random_s3.json@best,2,9001,94,1,1.0,1.0,39.0,113.0,74.0,44.0,59.0,5.0,0.0,1.0,26.0,16.0,2.3125,0.0,8.0,4.0,6.0,1.0,32.0,1.0,5.0,0.0,0.0,0.0,75.0,109.15,39,109.12
"mcts:reward=score,opponent=infer",linear:runs/linear/pass7/p7b_sarsa_lam98_random_s3.json@best,2,9001,95,0,1.0,1.0,16.0,97.0,81.0,46.0,41.0,5.0,0.0,1.0,22.0,13.0,2.6153846153846154,1.0,11.0,4.0,3.0,0.0,35.0,1.0,5.0,0.0,0.0,0.0,66.0,109.46,35,109.43
"mcts:reward=score,opponent=infer",greedy,2,9001,92,0,1.0,1.0,38.0,145.0,107.0,72.0,63.0,6.0,0.0,1.0,30.0,15.0,3.0,2.0,0.0,7.0,10.0,0.0,40.0,2.0,6.0,0.0,0.0,1.0,83.0,148.43,45,148.42
"mcts:reward=score,opponent=infer",greedy,2,9001,93,0,1.0,1.0,77.0,161.0,84.0,63.0,88.0,7.0,0.0,1.0,29.0,18.0,2.4444444444444446,1.0,1.0,5.0,10.0,0.0,30.0,2.0,7.0,0.0,0.0,1.0,80.0,140.76,43,140.75
"mcts:reward=score,opponent=infer",wary,2,9001,92,0,1.0,1.0,17.0,145.0,128.0,72.0,63.0,6.0,0.0,1.0,30.0,15.0,3.0,2.0,0.0,7.0,10.0,0.0,40.0,2.0,6.0,0.0,0.0,1.0,83.0,149.24,45,149.23
"mcts:reward=score,opponent=infer",wary,2,9001,93,0,1.0,1.0,77.0,161.0,84.0,63.0,88.0,7.0,0.0,1.0,29.0,18.0,2.4444444444444446,1.0,1.0,5.0,10.0,0.0,30.0,2.0,7.0,0.0,0.0,1.0,80.0,141.29,43,141.28
"mcts:reward=score,opponent=infer",collector,2,9001,92,0,1.0,1.0,37.0,136.0,99.0,71.0,55.0,5.0,0.0,1.0,26.0,14.0,3.142857142857143,2.0,1.0,5.0,13.0,0.0,31.0,2.0,5.0,0.0,0.0,1.0,75.0,139.7,41,139.69
"mcts:reward=score,opponent=infer",collector,2,9001,93,0,1.0,1.0,27.0,130.0,103.0,80.0,40.0,5.0,0.0,1.0,27.0,14.0,3.2142857142857144,3.0,0.0,8.0,7.0,1.0,55.0,1.0,5.0,0.0,0.0,1.0,94.0,157.54,49,157.53
"mcts:reward=score,opponent=infer",racer,2,9001,94,1,1.0,1.0,46.0,133.0,87.0,57.0,66.0,6.0,0.0,1.0,29.0,16.0,2.625,1.0,3.0,6.0,10.0,0.0,36.0,2.0,6.0,0.0,0.0,0.0,83.0,112.48,44,112.46
"mcts:reward=score,opponent=infer",racer,2,9001,95,0,0.0,0.0,-11.0,90.0,101.0,49.0,41.0,5.0,0.0,0.0,17.0,14.0,2.5714285714285716,1.0,9.0,5.0,9.0,0.0,27.0,1.0,5.0,0.0,0.0,0.0,66.0,111.15,35,111.14
"mcts:reward=score,opponent=infer",ppo:runs/ppo/pass2/p2b_pool_s3.json,2,9001,96,1,0.0,0.0,-6.0,96.0,102.0,57.0,39.0,4.0,0.0,0.0,25.0,12.0,3.0833333333333335,2.0,8.0,2.0,2.0,0.0,34.0,1.0,4.0,0.0,0.0,0.0,63.0,102.78,33,102.73
"mcts:reward=score,opponent=infer",ppo:runs/ppo/pass2/p2b_pool_s3.json,2,9001,97,0,1.0,1.0,14.0,96.0,82.0,41.0,45.0,5.0,1.0,1.0,23.0,13.0,2.4615384615384617,1.0,13.0,4.0,12.0,0.0,24.0,2.0,6.0,0.0,0.0,0.0,67.0,120.81,36,120.75
"mcts:reward=score,opponent=infer",linear:runs/linear/pass7/p7b_sarsa_lam98_random_s3.json@best,2,9001,96,1,1.0,1.0,16.0,106.0,90.0,57.0,39.0,4.0,0.0,1.0,20.0,13.0,2.923076923076923,2.0,7.0,3.0,2.0,1.0,34.0,1.0,4.0,0.0,0.0,0.0,67.0,105.94,35,105.91
"mcts:reward=score,opponent=infer",linear:runs/linear/pass7/p7b_sarsa_lam98_random_s3.json@best,2,9001,97,0,1.0,1.0,21.0,109.0,88.0,46.0,53.0,6.0,0.0,1.0,27.0,15.0,2.4,0.0,9.0,2.0,14.0,1.0,18.0,1.0,6.0,0.0,0.0,0.0,67.0,109.65,35,109.62
"mcts:reward=score,opponent=infer",wary,2,9001,94,1,1.0,1.0,30.0,124.0,94.0,58.0,56.0,5.0,0.0,1.0,34.0,15.0,2.7333333333333334,2.0,4.0,7.0,25.0,2.0,17.0,2.0,5.0,0.0,0.0,0.0,81.0,147.12,43,147.1
"mcts:reward=score,opponent=infer",wary,2,9001,95,0,1.0,1.0,13.0,124.0,111.0,55.0,59.0,7.0,0.0,1.0,18.0,14.0,2.7857142857142856,1.0,6.0,5.0,6.0,0.0,38.0,3.0,7.0,0.0,0.0,0.0,78.0,148.97,43,148.96
"mcts:reward=score,opponent=infer",greedy,2,9001,94,1,1.0,1.0,23.0,142.0,119.0,54.0,78.0,6.0,0.0,1.0,29.0,16.0,2.5625,1.0,4.0,6.0,23.0,1.0,23.0,2.0,6.0,0.0,0.0,0.0,85.0,158.04,45,158.03
"mcts:reward=score,opponent=infer",greedy,2,9001,95,0,1.0,1.0,26.0,135.0,109.0,66.0,59.0,7.0,0.0,1.0,20.0,15.0,3.0,1.0,0.0,7.0,6.0,0.0,48.0,3.0,7.0,0.0,0.0,1.0,89.0,158.19,49,158.17
"mcts:reward=score,opponent=infer",racer,2,9001,96,1,1.0,1.0,9.0,107.0,98.0,50.0,47.0,5.0,0.0,1.0,20.0,14.0,2.5714285714285716,1.0,9.0,4.0,4.0,0.0,34.0,2.0,5.0,0.0,0.0,0.0,71.0,102.25,38,102.24
"mcts:reward=score,opponent=infer",racer,2,9001,97,0,1.0,1.0,14.0,109.0,95.0,43.0,56.0,6.0,0.0,1.0,23.0,15.0,2.4,0.0,9.0,4.0,5.0,0.0,29.0,3.0,6.0,0.0,0.0,0.0,71.0,110.86,39,110.85
"mcts:reward=score,opponent=infer",collector,2,9001,94,1,1.0,1.0,43.0,144.0,101.0,71.0,63.0,4.0,0.0,1.0,40.0,15.0,3.0,4.0,0.0,7.0,9.0,1.0,39.0,2.0,4.0,0.0,0.0,1.0,84.0,152.9,45,152.89
"mcts:reward=score,opponent=infer",collector,2,9001,95,0,1.0,1.0,21.0,122.0,101.0,58.0,54.0,5.0,1.0,1.0,26.0,14.0,2.9285714285714284,1.0,4.0,7.0,8.0,0.0,44.0,4.0,6.0,0.0,0.0,0.0,88.0,172.31,49,172.29
"mcts:reward=score,opponent=infer",ppo:runs/ppo/pass2/p2b_pool_s3.json,2,9001,98,1,1.0,1.0,7.0,99.0,92.0,56.0,43.0,3.0,0.0,0.0,29.0,13.0,2.6923076923076925,3.0,10.0,4.0,8.0,1.0,24.0,1.0,3.0,0.0,0.0,0.0,63.0,114.92,33,114.87
"mcts:reward=score,opponent=infer",ppo:runs/ppo/pass2/p2b_pool_s3.json,2,9001,99,1,0.0,0.0,-6.0,74.0,80.0,43.0,21.0,3.0,1.0,1.0,25.0,12.0,2.5833333333333335,0.0,14.0,6.0,1.0,1.0,29.0,1.0,4.0,0.0,0.0,0.0,59.0,90.88,31,90.83
"mcts:reward=score,opponent=infer",linear:runs/linear/pass7/p7b_sarsa_lam98_random_s3.json@best,2,9001,98,1,0.0,0.0,-21.0,82.0,103.0,46.0,26.0,3.0,1.0,1.0,25.0,13.0,2.6153846153846154,1.0,11.0,1.0,4.0,0.0,34.0,1.0,4.0,0.0,0.0,0.0,67.0,114.77,35,114.74
"mcts:reward=score,opponent=infer",linear:runs/linear/pass7/p7b_sarsa_lam98_random_s3.json@best,2,9001,99,1,1.0,1.0,9.0,98.0,89.0,42.0,46.0,5.0,0.0,1.0,15.0,14.0,2.357142857142857,0.0,12.0,5.0,1.0,0.0,29.0,2.0,5.0,0.0,0.0,0.0,63.0,91.83,34,91.8
"mcts:reward=score,opponent=infer",racer,2,9001,98,1,1.0,1.0,6.0,104.0,98.0,46.0,48.0,4.0,0.0,1.0,24.0,15.0,2.466666666666667,0.0,8.0,1.0,12.0,0.0,22.0,1.0,4.0,0.0,0.0,0.0,67.0,116.89,35,116.88
"mcts:reward=score,opponent=infer",racer,2,9001,99,1,0.0,0.0,-5.0,92.0,97.0,47.0,35.0,4.0,0.0,1.0,25.0,13.0,2.6153846153846154,0.0,11.0,7.0,3.0,0.0,31.0,1.0,4.0,0.0,0.0,0.0,63.0,91.68,33,91.67
"mcts:reward=score,opponent=infer",greedy,2,9001,96,1,1.0,1.0,3.0,141.0,138.0,59.0,72.0,7.0,0.0,1.0,24.0,16.0,2.75,0.0,1.0,6.0,8.0,0.0,38.0,3.0,7.0,0.0,0.0,0.0,85.0,150.01,46,150.0
"mcts:reward=score,opponent=infer",greedy,2,9001,97,0,1.0,1.0,60.0,165.0,105.0,66.0,89.0,8.0,0.0,1.0,30.0,16.0,2.8125,1.0,0.0,6.0,9.0,0.0,43.0,4.0,8.0,0.0,0.0,1.0,92.0,157.34,51,157.33
"mcts:reward=score,opponent=infer",wary,2,9001,96,1,1.0,1.0,26.0,137.0,111.0,55.0,72.0,7.0,0.0,1.0,21.0,15.0,2.7333333333333334,0.0,4.0,5.0,7.0,0.0,33.0,3.0,7.0,0.0,0.0,0.0,77.0,151.57,42,151.56
"mcts:reward=score,opponent=infer",wary,2,9001,97,0,1.0,1.0,49.0,156.0,107.0,69.0,77.0,7.0,0.0,1.0,30.0,15.0,3.0,1.0,0.0,6.0,9.0,0.0,43.0,3.0,7.0,0.0,0.0,0.0,89.0,149.29,48,149.28
"mcts:reward=score,opponent=infer",collector,2,9001,96,1,1.0,1.0,96.0,128.0,32.0,80.0,38.0,3.0,0.0,1.0,35.0,13.0,3.4615384615384617,3.0,0.0,5.0,5.0,1.0,45.0,1.0,3.0,0.0,0.0,1.0,80.0,173.64,42,173.63
"mcts:reward=score,opponent=infer",collector,2,9001,97,0,1.0,1.0,58.0,131.0,73.0,66.0,55.0,5.0,0.0,1.0,35.0,16.0,2.8125,2.0,0.0,6.0,6.0,2.0,42.0,2.0,5.0,0.0,0.0,0.0,89.0,148.25,47,148.24
"mcts:reward=score,opponent=infer",greedy,2,9001,98,1,1.0,1.0,17.0,130.0,113.0,82.0,38.0,3.0,0.0,1.0,26.0,13.0,3.4615384615384617,4.0,0.0,8.0,5.0,0.0,43.0,1.0,3.0,0.0,0.0,1.0,76.0,154.45,40,154.44
"mcts:reward=score,opponent=infer",greedy,2,9001,99,1,0.0,0.0,-16.0,116.0,132.0,54.0,62.0,6.0,0.0,0.0,19.0,15.0,2.6,0.0,6.0,6.0,3.0,0.0,41.0,2.0,6.0,0.0,0.0,0.0,79.0,124.1,42,124.09
"mcts:reward=score,opponent=infer",wary,2,9001,98,1,1.0,1.0,17.0,130.0,113.0,82.0,38.0,3.0,0.0,1.0,26.0,13.0,3.4615384615384617,4.0,0.0,8.0,5.0,0.0,43.0,1.0,3.0,0.0,0.0,1.0,76.0,155.52,40,155.51
"mcts:reward=score,opponent=infer",wary,2,9001,99,1,1.0,1.0,10.0,123.0,113.0,51.0,62.0,6.0,0.0,1.0,19.0,15.0,2.533333333333333,0.0,7.0,6.0,3.0,0.0,35.0,2.0,6.0,0.0,0.0,0.0,73.0,124.32,39,124.31
"mcts:reward=score,opponent=infer",collector,2,9001,98,1,1.0,1.0,1.0,107.0,106.0,69.0,38.0,3.0,0.0,0.0,23.0,16.0,2.8125,2.0,0.0,8.0,5.0,0.0,41.0,1.0,3.0,0.0,0.0,1.0,80.0,152.26,42,152.25
"mcts:reward=score,opponent=infer",collector,2,9001,99,1,1.0,1.0,27.0,128.0,101.0,90.0,28.0,3.0,0.0,1.0,41.0,13.0,3.4615384615384617,4.0,0.0,10.0,0.0,0.0,74.0,1.0,3.0,0.0,0.0,1.0,102.0,133.02,53,133.01
