agent,opponent,players,seed,game,seat,won,win_share,margin,score,opp_score,route_points,ticket_points,tickets_completed,tickets_failed,longest_bonus,longest_path,claims,mean_claim_length,long_claims,trains_left,locomotives_spent,draw_color,draw_locomotive,draw_blind,ticket_draws,tickets_kept,final_round_ticket_draws,passes,triggered_end,turns,seconds,searches,search_seconds
"mcts:reward=score,opponent=racer",linear:runs/linear/pass7/p7b_sarsa_lam98_random_s3.json@best,2,9001,2,1,0.0,0.0,-6.0,85.0,91.0,51.0,24.0,2.0,0.0,1.0,19.0,12.0,2.9166666666666665,1.0,10.0,3.0,8.0,0.0,34.0,0.0,2.0,0.0,0.0,0.0,67.0,101.45,34,101.41
"mcts:reward=score,opponent=racer",linear:runs/linear/pass7/p7b_sarsa_lam98_random_s3.json@best,2,9001,3,0,1.0,1.0,23.0,112.0,89.0,50.0,52.0,5.0,0.0,1.0,28.0,15.0,2.466666666666667,1.0,8.0,4.0,8.0,0.0,30.0,2.0,5.0,0.0,0.0,0.0,73.0,109.02,39,108.98
"mcts:reward=score,opponent=racer",ppo:runs/ppo/pass2/p2b_pool_s3.json,2,9001,2,1,0.0,0.0,-5.0,88.0,93.0,57.0,31.0,3.0,0.0,0.0,13.0,13.0,3.0,1.0,6.0,4.0,10.0,0.0,28.0,1.0,3.0,0.0,0.0,0.0,67.0,109.48,35,109.41
"mcts:reward=score,opponent=racer",ppo:runs/ppo/pass2/p2b_pool_s3.json,2,9001,3,0,0.0,0.0,-33.0,63.0,96.0,42.0,21.0,3.0,1.0,0.0,16.0,11.0,2.6363636363636362,1.0,16.0,5.0,10.0,1.0,20.0,1.0,4.0,0.0,0.0,0.0,57.0,100.36,30,100.3
"mcts:reward=score,opponent=racer",ppo:runs/ppo/pass2/p2b_pool_s3.json,2,9001,0,0,0.0,0.0,-28.0,55.0,83.0,55.0,-10.0,1.0,1.0,1.0,19.0,10.0,3.3,2.0,12.0,4.0,18.0,0.0,22.0,0.0,2.0,0.0,0.0,0.0,60.0,111.71,31,111.65
"mcts:reward=score,opponent=racer",ppo:runs/ppo/pass2/p2b_pool_s3.json,2,9001,1,0,1.0,1.0,44.0,114.0,70.0,53.0,61.0,6.0,0.0,0.0,23.0,13.0,2.6923076923076925,2.0,10.0,6.0,7.0,1.0,25.0,2.0,6.0,0.0,0.0,0.0,65.0,107.85,35,107.79
"mcts:reward=score,opponent=racer",racer,2,9001,0,0,1.0,1.0,13.0,107.0,94.0,57.0,40.0,4.0,0.0,1.0,32.0,13.0,2.923076923076923,2.0,7.0,4.0,21.0,0.0,21.0,2.0,4.0,0.0,0.0,0.0,72.0,122.37,39,122.35
"mcts:reward=score,opponent=racer",racer,2,9001,1,0,1.0,1.0,44.0,125.0,81.0,54.0,61.0,6.0,0.0,1.0,18.0,15.0,2.6,2.0,6.0,7.0,5.0,0.0,33.0,2.0,6.0,0.0,0.0,0.0,73.0,117.66,39,117.65
"mcts:reward=score,opponent=racer",linear:runs/linear/pass7/p7b_sarsa_lam98_random_s3.json@best,2,9001,0,0,0.0,0.0,-18.0,64.0,82.0,50.0,4.0,2.0,2.0,1.0,28.0,14.0,2.642857142857143,1.0,8.0,2.0,26.0,0.0,10.0,1.0,4.0,0.0,0.0,0.0,66.0,124.82,35,124.79
"mcts:reward=score,opponent=racer",linear:runs/linear/pass7/p7b_sarsa_lam98_random_s3.json@best,2,9001,1,0,1.0,1.0,56.0,127.0,71.0,42.0,75.0,8.0,0.0,1.0,20.0,15.0,2.2,1.0,12.0,5.0,6.0,0.0,24.0,4.0,8.0,0.0,0.0,0.0,69.0,120.2,39,120.16
"mcts:reward=score,opponent=greedy+racer",linear:runs/linear/pass7/p7b_sarsa_lam98_random_s3.json@best,2,9001,0,0,1.0,1.0,8.0,92.0,84.0,51.0,31.0,3.0,0.0,1.0,32.0,13.0,2.769230769230769,1.0,9.0,4.0,21.0,2.0,17.0,1.0,3.0,0.0,0.0,0.0,70.0,129.81,37,129.78
"mcts:reward=score,opponent=greedy+racer",linear:runs/linear/pass7/p7b_sarsa_lam98_random_s3.json@best,2,9001,1,0,1.0,1.0,25.0,96.0,71.0,54.0,32.0,3.0,0.0,1.0,22.0,14.0,2.642857142857143,1.0,8.0,5.0,10.0,1.0,28.0,1.0,3.0,0.0,0.0,0.0,71.0,123.2,37,123.17
"mcts:reward=score,opponent=greedy+racer",ppo:runs/ppo/pass2/p2b_pool_s3.json,2,9001,2,1,1.0,1.0,4.0,97.0,93.0,58.0,39.0,4.0,0.0,0.0,26.0,12.0,3.0833333333333335,2.0,8.0,3.0,12.0,0.0,24.0,1.0,4.0,0.0,0.0,0.0,63.0,126.77,33,126.71
"mcts:reward=score,opponent=greedy+racer",ppo:runs/ppo/pass2/p2b_pool_s3.json,2,9001,3,0,0.0,0.0,-32.0,69.0,101.0,44.0,25.0,4.0,1.0,0.0,21.0,13.0,2.5384615384615383,0.0,12.0,5.0,10.0,1.0,22.0,1.0,5.0,0.0,0.0,0.0,63.0,122.42,33,122.35
"mcts:reward=score,opponent=greedy+racer",racer,2,9001,0,0,1.0,1.0,11.0,105.0,94.0,55.0,40.0,4.0,0.0,1.0,29.0,13.0,2.8461538461538463,2.0,8.0,4.0,21.0,0.0,17.0,2.0,4.0,0.0,0.0,0.0,68.0,125.34,37,125.33
"mcts:reward=score,opponent=greedy+racer",racer,2,9001,1,0,1.0,1.0,49.0,130.0,81.0,54.0,66.0,7.0,0.0,1.0,25.0,15.0,2.6,2.0,6.0,6.0,5.0,0.0,33.0,3.0,7.0,0.0,0.0,0.0,75.0,129.29,41,129.28
"mcts:reward=score,opponent=greedy+racer",linear:runs/linear/pass7/p7b_sarsa_lam98_random_s3.json@best,2,9001,2,1,1.0,1.0,27.0,108.0,81.0,66.0,32.0,4.0,0.0,1.0,17.0,12.0,3.0833333333333335,3.0,8.0,3.0,8.0,0.0,28.0,2.0,4.0,0.0,0.0,0.0,65.0,132.39,35,132.36
"mcts:reward=score,opponent=greedy+racer",linear:runs/linear/pass7/p7b_sarsa_lam98_random_s3.json@best,2,9001,3,0,0.0,0.0,-1.0,85.0,86.0,42.0,33.0,4.0,1.0,1.0,25.0,15.0,2.2666666666666666,0.0,11.0,7.0,4.0,1.0,26.0,1.0,5.0,0.0,0.0,0.0,65.0,121.76,34,121.73
"mcts:reward=score,opponent=greedy+racer",ppo:runs/ppo/pass2/p2b_pool_s3.json,2,9001,0,0,0.0,0.0,-10.0,82.0,92.0,51.0,31.0,3.0,0.0,0.0,29.0,11.0,3.0,2.0,12.0,3.0,9.0,0.0,31.0,1.0,3.0,0.0,0.0,0.0,64.0,126.58,34,126.52
"mcts:reward=score,opponent=greedy+racer",ppo:runs/ppo/pass2/p2b_pool_s3.json,2,9001,1,0,1.0,1.0,26.0,103.0,77.0,42.0,61.0,6.0,0.0,0.0,18.0,14.0,2.357142857142857,1.0,12.0,4.0,4.0,0.0,30.0,2.0,6.0,0.0,0.0,0.0,67.0,127.73,36,127.66
"mcts:reward=score,opponent=racer",greedy,2,9001,0,0,1.0,1.0,20.0,134.0,114.0,65.0,59.0,6.0,0.0,1.0,21.0,16.0,2.8125,1.0,0.0,6.0,17.0,0.0,27.0,3.0,6.0,0.0,0.0,1.0,81.0,141.28,45,141.27
"mcts:reward=score,opponent=racer",greedy,2,9001,1,0,1.0,1.0,65.0,138.0,73.0,73.0,55.0,5.0,0.0,1.0,35.0,14.0,3.2142857142857144,3.0,0.0,6.0,8.0,1.0,42.0,2.0,5.0,0.0,0.0,1.0,84.0,140.06,45,140.05
"mcts:reward=score,opponent=greedy+racer",greedy,2,9001,0,0,1.0,1.0,30.0,120.0,90.0,77.0,43.0,4.0,0.0,0.0,26.0,14.0,3.2142857142857144,2.0,0.0,4.0,18.0,0.0,32.0,1.0,4.0,0.0,0.0,1.0,79.0,148.48,42,148.47
"mcts:reward=score,opponent=greedy+racer",greedy,2,9001,1,0,1.0,1.0,22.0,137.0,115.0,61.0,76.0,8.0,1.0,0.0,32.0,17.0,2.6470588235294117,1.0,0.0,7.0,10.0,2.0,32.0,5.0,9.0,0.0,0.0,1.0,90.0,157.58,51,157.57
"mcts:reward=score,opponent=racer",racer,2,9001,2,1,1.0,1.0,12.0,103.0,91.0,69.0,24.0,2.0,0.0,1.0,26.0,14.0,3.142857142857143,2.0,1.0,4.0,14.0,0.0,30.0,0.0,2.0,0.0,0.0,0.0,73.0,110.84,37,110.83
"mcts:reward=score,opponent=racer",racer,2,9001,3,0,1.0,1.0,16.0,109.0,93.0,52.0,47.0,4.0,0.0,1.0,31.0,15.0,2.466666666666667,1.0,8.0,5.0,11.0,0.0,23.0,1.0,4.0,0.0,0.0,0.0,67.0,105.54,35,105.53
"mcts:reward=score,opponent=greedy+racer",racer,2,9001,2,1,1.0,1.0,26.0,117.0,91.0,68.0,39.0,4.0,0.0,1.0,24.0,16.0,2.75,2.0,1.0,5.0,11.0,0.0,31.0,1.0,4.0,0.0,0.0,0.0,77.0,126.85,40,126.84
"mcts:reward=score,opponent=greedy+racer",racer,2,9001,3,0,0.0,0.0,-17.0,76.0,93.0,41.0,25.0,4.0,1.0,1.0,23.0,12.0,2.5,0.0,15.0,5.0,7.0,1.0,27.0,1.0,5.0,0.0,0.0,0.0,63.0,110.31,33,110.3
"mcts:reward=score,opponent=racer",ppo:runs/ppo/pass2/p2b_pool_s3.json,2,9001,4,0,1.0,1.0,23.0,93.0,70.0,64.0,19.0,2.0,1.0,1.0,25.0,11.0,3.4545454545454546,3.0,7.0,2.0,7.0,0.0,29.0,1.0,3.0,0.0,0.0,0.0,60.0,106.88,32,106.82
"mcts:reward=score,opponent=racer",ppo:runs/ppo/pass2/p2b_pool_s3.json,2,9001,5,1,1.0,1.0,3.0,97.0,94.0,48.0,49.0,5.0,0.0,0.0,14.0,14.0,2.5714285714285716,1.0,9.0,6.0,4.0,0.0,28.0,1.0,5.0,0.0,0.0,0.0,63.0,106.84,33,106.78
"mcts:reward=score,opponent=racer",linear:runs/linear/pass7/p7b_sarsa_lam98_random_s3.json@best,2,9001,4,0,1.0,1.0,6.0,97.0,91.0,53.0,34.0,3.0,1.0,1.0,30.0,13.0,2.769230769230769,1.0,9.0,3.0,5.0,0.0,29.0,1.0,4.0,0.0,0.0,0.0,62.0,113.22,33,113.19
"mcts:reward=score,opponent=racer",linear:runs/linear/pass7/p7b_sarsa_lam98_random_s3.json@best,2,9001,5,1,0.0,0.0,-20.0,83.0,103.0,62.0,21.0,2.0,0.0,0.0,14.0,11.0,3.3636363636363638,3.0,8.0,5.0,9.0,0.0,33.0,0.0,2.0,0.0,0.0,0.0,65.0,106.82,33,106.79
"mcts:reward=score,opponent=racer",racer,2,9001,4,0,1.0,1.0,19.0,106.0,87.0,72.0,24.0,2.0,0.0,1.0,22.0,12.0,3.5833333333333335,3.0,2.0,2.0,2.0,0.0,42.0,0.0,2.0,0.0,0.0,0.0,68.0,111.67,35,111.65
"mcts:reward=score,opponent=racer",racer,2,9001,5,1,1.0,1.0,13.0,103.0,90.0,72.0,21.0,2.0,0.0,1.0,26.0,13.0,3.3076923076923075,4.0,2.0,8.0,11.0,2.0,31.0,0.0,2.0,0.0,0.0,0.0,73.0,112.18,37,112.17
"mcts:reward=score,opponent=greedy+racer",linear:runs/linear/pass7/p7b_sarsa_lam98_random_s3.json@best,2,9001,4,0,0.0,0.0,-17.0,86.0,103.0,42.0,44.0,5.0,0.0,0.0,19.0,14.0,2.2857142857142856,1.0,13.0,5.0,6.0,1.0,28.0,1.0,5.0,0.0,0.0,0.0,66.0,116.39,35,116.36
"mcts:reward=score,opponent=greedy+racer",linear:runs/linear/pass7/p7b_sarsa_lam98_random_s3.json@best,2,9001,5,1,0.0,0.0,-3.0,75.0,78.0,43.0,22.0,3.0,1.0,1.0,16.0,11.0,2.727272727272727,1.0,15.0,6.0,6.0,0.0,30.0,1.0,4.0,0.0,0.0,0.0,61.0,113.36,32,113.33
"mcts:reward=score,opponent=greedy+racer",ppo:runs/ppo/pass2/p2b_pool_s3.json,2,9001,4,0,1.0,1.0,7.0,84.0,77.0,40.0,44.0,5.0,0.0,0.0,16.0,12.0,2.4166666666666665,1.0,16.0,4.0,9.0,0.0,25.0,1.0,5.0,0.0,0.0,0.0,60.0,114.3,32,114.24
"mcts:reward=score,opponent=greedy+racer",ppo:runs/ppo/pass2/p2b_pool_s3.json,2,9001,5,1,0.0,0.0,-17.0,77.0,94.0,46.0,31.0,4.0,1.0,0.0,13.0,12.0,2.6666666666666665,2.0,13.0,6.0,11.0,0.0,23.0,2.0,5.0,0.0,0.0,0.0,63.0,119.06,34,119.0
"mcts:reward=score,opponent=greedy+racer",racer,2,9001,4,0,0.0,0.0,-8.0,89.0,97.0,45.0,44.0,5.0,0.0,0.0,20.0,14.0,2.357142857142857,1.0,12.0,5.0,11.0,1.0,23.0,1.0,5.0,0.0,0.0,0.0,66.0,115.0,35,114.99
"mcts:reward=score,opponent=greedy+racer",racer,2,9001,5,1,0.0,0.0,-5.0,95.0,100.0,46.0,49.0,5.0,0.0,0.0,14.0,13.0,2.5384615384615383,2.0,12.0,8.0,6.0,1.0,30.0,1.0,5.0,0.0,0.0,0.0,67.0,118.24,35,118.23
"mcts:reward=score,opponent=racer",greedy,2,9001,2,1,0.0,0.0,-17.0,105.0,122.0,58.0,37.0,4.0,1.0,1.0,29.0,16.0,2.625,1.0,3.0,6.0,11.0,0.0,33.0,3.0,5.0,0.0,0.0,0.0,83.0,137.53,45,137.52
"mcts:reward=score,opponent=racer",greedy,2,9001,3,0,1.0,1.0,39.0,152.0,113.0,66.0,76.0,6.0,0.0,1.0,32.0,16.0,2.8125,2.0,0.0,9.0,11.0,2.0,31.0,2.0,6.0,0.0,0.0,0.0,83.0,131.16,44,131.15
"mcts:reward=score,opponent=greedy+racer",greedy,2,9001,2,1,1.0,1.0,9.0,129.0,120.0,69.0,50.0,5.0,0.0,1.0,25.0,15.0,3.0,2.0,0.0,5.0,19.0,1.0,25.0,2.0,5.0,0.0,0.0,1.0,80.0,147.06,43,147.05
"mcts:reward=score,opponent=greedy+racer",greedy,2,9001,3,0,1.0,1.0,20.0,146.0,126.0,64.0,72.0,6.0,0.0,1.0,35.0,16.0,2.8125,1.0,0.0,8.0,3.0,3.0,39.0,3.0,6.0,0.0,0.0,1.0,86.0,148.26,47,148.24
"mcts:reward=score,opponent=racer",greedy,2,9001,4,0,1.0,1.0,55.0,164.0,109.0,64.0,90.0,7.0,0.0,1.0,36.0,17.0,2.6470588235294117,2.0,0.0,4.0,7.0,0.0,37.0,3.0,7.0,0.0,0.0,1.0,83.0,137.84,46,137.83
"mcts:reward=score,opponent=racer",greedy,2,9001,5,1,0.0,0.0,-15.0,126.0,141.0,56.0,70.0,7.0,0.0,0.0,17.0,17.0,2.411764705882353,2.0,4.0,6.0,7.0,0.0,37.0,2.0,7.0,0.0,0.0,0.0,83.0,135.84,44,135.82
"mcts:reward=score,opponent=greedy+racer",greedy,2,9001,4,0,1.0,1.0,23.0,128.0,105.0,74.0,44.0,4.0,0.0,1.0,22.0,15.0,3.0,3.0,0.0,7.0,15.0,0.0,31.0,1.0,4.0,0.0,0.0,1.0,77.0,132.52,41,132.51
"mcts:reward=score,opponent=greedy+racer",greedy,2,9001,5,1,0.0,0.0,-25.0,104.0,129.0,64.0,40.0,4.0,0.0,0.0,13.0,14.0,3.0,2.0,3.0,8.0,7.0,0.0,35.0,2.0,4.0,0.0,0.0,0.0,75.0,142.16,40,142.15
"mcts:reward=score,opponent=racer",ppo:runs/ppo/pass2/p2b_pool_s3.json,2,9001,6,0,0.0,0.0,-31.0,58.0,89.0,43.0,15.0,3.0,1.0,0.0,16.0,14.0,2.357142857142857,1.0,12.0,2.0,18.0,0.0,14.0,1.0,4.0,0.0,0.0,0.0,62.0,103.64,33,103.58
"mcts:reward=score,opponent=racer",ppo:runs/ppo/pass2/p2b_pool_s3.json,2,9001,7,0,1.0,1.0,3.0,80.0,77.0,43.0,27.0,4.0,1.0,1.0,29.0,14.0,2.357142857142857,1.0,12.0,3.0,2.0,0.0,32.0,1.0,5.0,0.0,0.0,0.0,65.0,109.85,34,109.78
"mcts:reward=score,opponent=greedy+racer",ppo:runs/ppo/pass2/p2b_pool_s3.json,2,9001,6,0,0.0,0.0,-31.0,58.0,89.0,43.0,15.0,3.0,1.0,0.0,16.0,14.0,2.357142857142857,1.0,12.0,2.0,16.0,0.0,16.0,1.0,4.0,0.0,0.0,0.0,62.0,115.28,33,115.22
"mcts:reward=score,opponent=greedy+racer",ppo:runs/ppo/pass2/p2b_pool_s3.json,2,9001,7,0,0.0,0.0,-11.0,72.0,83.0,40.0,32.0,5.0,1.0,0.0,18.0,13.0,2.3846153846153846,1.0,14.0,6.0,12.0,0.0,24.0,2.0,6.0,0.0,0.0,0.0,67.0,125.45,36,125.38
"mcts:reward=score,opponent=racer",linear:runs/linear/pass7/p7b_sarsa_lam98_random_s3.json@best,2,9001,6,0,1.0,1.0,16.0,99.0,83.0,48.0,41.0,4.0,0.0,1.0,19.0,14.0,2.5,1.0,10.0,1.0,18.0,0.0,22.0,1.0,4.0,0.0,0.0,0.0,70.0,114.71,37,114.68
"mcts:reward=score,opponent=racer",linear:runs/linear/pass7/p7b_sarsa_lam98_random_s3.json@best,2,9001,7,0,1.0,1.0,38.0,117.0,79.0,55.0,52.0,6.0,0.0,1.0,13.0,15.0,2.533333333333333,1.0,7.0,7.0,3.0,1.0,35.0,2.0,6.0,0.0,0.0,0.0,75.0,120.71,40,120.67
"mcts:reward=score,opponent=racer",racer,2,9001,6,0,0.0,0.0,-12.0,79.0,91.0,41.0,28.0,3.0,0.0,1.0,22.0,13.0,2.3846153846153846,1.0,14.0,3.0,15.0,0.0,21.0,0.0,3.0,0.0,0.0,0.0,62.0,107.81,32,107.8
"mcts:reward=score,opponent=racer",racer,2,9001,7,0,1.0,1.0,19.0,109.0,90.0,43.0,56.0,7.0,0.0,1.0,18.0,16.0,2.25,0.0,9.0,6.0,5.0,1.0,29.0,3.0,7.0,0.0,0.0,0.0,75.0,118.54,41,118.53
"mcts:reward=score,opponent=racer",ppo:runs/ppo/pass2/p2b_pool_s3.json,2,9001,8,0,1.0,1.0,15.0,100.0,85.0,58.0,32.0,3.0,0.0,1.0,29.0,10.0,3.4,3.0,11.0,5.0,7.0,0.0,33.0,1.0,3.0,0.0,0.0,0.0,63.0,104.69,33,104.63
"mcts:reward=score,opponent=racer",ppo:runs/ppo/pass2/p2b_pool_s3.json,2,9001,9,0,1.0,1.0,34.0,121.0,87.0,66.0,45.0,3.0,0.0,1.0,27.0,11.0,3.4545454545454546,2.0,7.0,8.0,5.0,1.0,33.0,1.0,3.0,0.0,0.0,0.0,64.0,115.31,34,115.25
"mcts:reward=score,opponent=greedy+racer",linear:runs/linear/pass7/p7b_sarsa_lam98_random_s3.json@best,2,9001,6,0,1.0,1.0,4.0,99.0,95.0,48.0,51.0,5.0,0.0,0.0,16.0,14.0,2.5,1.0,10.0,5.0,9.0,0.0,29.0,2.0,5.0,0.0,0.0,0.0,70.0,126.31,38,126.28
"mcts:reward=score,opponent=greedy+racer",linear:runs/linear/pass7/p7b_sarsa_lam98_random_s3.json@best,2,9001,7,0,0.0,0.0,-8.0,77.0,85.0,40.0,27.0,4.0,1.0,1.0,26.0,14.0,2.2857142857142856,0.0,13.0,5.0,3.0,0.0,35.0,1.0,5.0,0.0,0.0,0.0,69.0,125.67,36,125.64
"mcts:reward=score,opponent=greedy+racer",racer,2,9001,6,0,1.0,1.0,4.0,96.0,92.0,58.0,28.0,3.0,0.0,1.0,16.0,15.0,2.6666666666666665,2.0,5.0,3.0,18.0,0.0,22.0,0.0,3.0,0.0,0.0,0.0,70.0,118.07,36,118.05
"mcts:reward=score,opponent=greedy+racer",racer,2,9001,7,0,1.0,1.0,5.0,105.0,100.0,43.0,52.0,6.0,0.0,1.0,18.0,14.0,2.357142857142857,1.0,12.0,4.0,10.0,2.0,24.0,2.0,6.0,0.0,0.0,0.0,71.0,129.01,38,128.99
"mcts:reward=score,opponent=racer",greedy,2,9001,6,0,1.0,1.0,4.0,124.0,120.0,65.0,49.0,5.0,0.0,1.0,21.0,17.0,2.6470588235294117,1.0,0.0,3.0,21.0,0.0,27.0,1.0,5.0,0.0,0.0,1.0,83.0,140.1,44,140.08
"mcts:reward=score,opponent=racer",greedy,2,9001,7,0,0.0,0.0,-16.0,96.0,112.0,47.0,49.0,6.0,0.0,0.0,18.0,18.0,2.2222222222222223,0.0,5.0,6.0,8.0,2.0,28.0,2.0,6.0,0.0,0.0,0.0,81.0,136.17,43,136.15
"mcts:reward=score,opponent=racer",linear:runs/linear/pass7/p7b_sarsa_lam98_random_s3.json@best,2,9001,8,0,0.0,0.0,-7.0,77.0,84.0,46.0,21.0,3.0,1.0,1.0,23.0,12.0,2.75,0.0,12.0,5.0,6.0,0.0,28.0,1.0,4.0,0.0,0.0,0.0,61.0,104.06,32,104.03
"mcts:reward=score,opponent=racer",linear:runs/linear/pass7/p7b_sarsa_lam98_random_s3.json@best,2,9001,9,0,1.0,1.0,27.0,109.0,82.0,54.0,45.0,3.0,0.0,1.0,33.0,12.0,2.9166666666666665,2.0,10.0,6.0,6.0,0.0,32.0,1.0,3.0,0.0,0.0,0.0,64.0,111.77,34,111.74
"mcts:reward=score,opponent=greedy+racer",ppo:runs/ppo/pass2/p2b_pool_s3.json,2,9001,8,0,0.0,0.0,-7.0,82.0,89.0,55.0,27.0,3.0,0.0,0.0,27.0,11.0,3.1818181818181817,1.0,10.0,4.0,6.0,0.0,32.0,1.0,3.0,0.0,0.0,0.0,63.0,122.03,33,121.97
"mcts:reward=score,opponent=greedy+racer",ppo:runs/ppo/pass2/p2b_pool_s3.json,2,9001,9,0,1.0,1.0,28.0,111.0,83.0,56.0,45.0,3.0,0.0,1.0,28.0,12.0,3.0833333333333335,0.0,8.0,7.0,6.0,1.0,30.0,1.0,3.0,0.0,0.0,0.0,64.0,127.68,34,127.62
"mcts:reward=score,opponent=greedy+racer",greedy,2,9001,6,0,1.0,1.0,24.0,137.0,113.0,56.0,71.0,8.0,0.0,1.0,24.0,18.0,2.388888888888889,1.0,2.0,4.0,15.0,0.0,27.0,3.0,8.0,0.0,0.0,0.0,84.0,155.19,46,155.18
"mcts:reward=score,opponent=greedy+racer",greedy,2,9001,7,0,1.0,1.0,12.0,132.0,120.0,63.0,59.0,5.0,0.0,1.0,33.0,16.0,2.75,1.0,1.0,6.0,6.0,0.0,40.0,3.0,5.0,0.0,0.0,0.0,85.0,151.94,46,151.92
"mcts:reward=score,opponent=greedy+racer",linear:runs/linear/pass7/p7b_sarsa_lam98_random_s3.json@best,2,9001,8,0,0.0,0.0,-5.0,82.0,87.0,51.0,21.0,3.0,1.0,1.0,27.0,12.0,2.9166666666666665,0.0,10.0,4.0,9.0,0.0,27.0,1.0,4.0,0.0,0.0,0.0,63.0,117.57,33,117.55
"mcts:reward=score,opponent=greedy+racer",linear:runs/linear/pass7/p7b_sarsa_lam98_random_s3.json@best,2,9001,9,0,1.0,1.0,14.0,99.0,85.0,44.0,45.0,3.0,0.0,1.0,28.0,15.0,2.2,1.0,12.0,6.0,8.0,1.0,26.0,1.0,3.0,0.0,0.0,0.0,68.0,123.46,36,123.43
"mcts:reward=score,opponent=racer",racer,2,9001,8,0,0.0,0.0,-5.0,101.0,106.0,54.0,47.0,5.0,0.0,0.0,19.0,14.0,2.642857142857143,1.0,8.0,5.0,4.0,0.0,32.0,2.0,5.0,0.0,0.0,0.0,69.0,114.27,37,114.26
"mcts:reward=score,opponent=racer",racer,2,9001,9,0,1.0,1.0,34.0,126.0,92.0,59.0,57.0,4.0,0.0,1.0,33.0,14.0,2.7142857142857144,2.0,7.0,6.0,12.0,2.0,22.0,1.0,4.0,0.0,0.0,0.0,68.0,109.18,36,109.17
"mcts:reward=score,opponent=racer",ppo:runs/ppo/pass2/p2b_pool_s3.json,2,9001,10,1,1.0,1.0,19.0,88.0,69.0,58.0,20.0,2.0,0.0,1.0,23.0,11.0,3.090909090909091,2.0,11.0,6.0,10.0,1.0,28.0,0.0,2.0,0.0,0.0,0.0,63.0,102.7,32,102.63
"mcts:reward=score,opponent=racer",ppo:runs/ppo/pass2/p2b_pool_s3.json,2,9001,11,1,1.0,1.0,7.0,90.0,83.0,45.0,45.0,4.0,0.0,0.0,31.0,14.0,2.4285714285714284,1.0,11.0,3.0,11.0,0.0,21.0,1.0,4.0,0.0,0.0,0.0,63.0,104.08,33,104.01
"mcts:reward=score,opponent=greedy+racer",racer,2,9001,8,0,1.0,1.0,26.0,122.0,96.0,60.0,52.0,5.0,0.0,1.0,32.0,11.0,3.3636363636363638,2.0,8.0,5.0,10.0,0.0,26.0,2.0,5.0,0.0,0.0,0.0,63.0,116.76,34,116.75
"mcts:reward=score,opponent=greedy+racer",racer,2,9001,9,0,1.0,1.0,34.0,126.0,92.0,59.0,57.0,4.0,0.0,1.0,30.0,15.0,2.6666666666666665,1.0,5.0,6.0,8.0,1.0,32.0,1.0,4.0,0.0,0.0,0.0,74.0,121.31,39,121.3
"mcts:reward=score,opponent=racer",linear:runs/linear/pass7/p7b_sarsa_lam98_random_s3.json@best,2,9001,10,1,1.0,1.0,16.0,104.0,88.0,59.0,35.0,4.0,1.0,1.0,20.0,13.0,2.769230769230769,3.0,9.0,6.0,7.0,1.0,29.0,1.0,5.0,0.0,0.0,0.0,67.0,103.33,35,103.29
"mcts:reward=score,opponent=racer",linear:runs/linear/pass7/p7b_sarsa_lam98_random_s3.json@best,2,9001,11,1,1.0,1.0,11.0,101.0,90.0,55.0,46.0,5.0,0.0,0.0,15.0,15.0,2.6,2.0,6.0,5.0,3.0,0.0,33.0,2.0,5.0,0.0,0.0,0.0,71.0,104.83,38,104.8
"mcts:reward=score,opponent=greedy+racer",ppo:runs/ppo/pass2/p2b_pool_s3.json,2,9001,10,1,1.0,1.0,3.0,82.0,79.0,50.0,32.0,3.0,0.0,0.0,17.0,13.0,2.6153846153846154,1.0,11.0,3.0,4.0,0.0,28.0,1.0,3.0,0.0,0.0,0.0,61.0,111.55,32,111.49
"mcts:reward=score,opponent=greedy+racer",ppo:runs/ppo/pass2/p2b_pool_s3.json,2,9001,11,1,1.0,1.0,23.0,100.0,77.0,45.0,45.0,4.0,0.0,1.0,31.0,14.0,2.4285714285714284,1.0,11.0,2.0,12.0,0.0,20.0,1.0,4.0,0.0,0.0,0.0,63.0,118.68,33,118.62
"mcts:reward=score,opponent=racer",racer,2,9001,10,1,0.0,0.0,-16.0,80.0,96.0,47.0,23.0,3.0,1.0,1.0,16.0,14.0,2.4285714285714284,1.0,11.0,6.0,8.0,0.0,24.0,2.0,4.0,0.0,0.0,0.0,65.0,100.85,35,100.84
"mcts:reward=score,opponent=racer",racer,2,9001,11,1,0.0,0.0,-23.0,64.0,87.0,49.0,5.0,2.0,1.0,1.0,22.0,12.0,2.8333333333333335,1.0,11.0,4.0,7.0,1.0,27.0,1.0,3.0,0.0,0.0,0.0,63.0,98.18,33,98.17
"mcts:reward=score,opponent=racer",greedy,2,9001,8,0,1.0,1.0,25.0,142.0,117.0,77.0,55.0,5.0,1.0,1.0,40.0,14.0,3.2142857142857144,3.0,0.0,5.0,19.0,2.0,29.0,3.0,6.0,0.0,0.0,1.0,86.0,139.98,47,139.96
"mcts:reward=score,opponent=racer",greedy,2,9001,9,0,1.0,1.0,39.0,136.0,97.0,76.0,50.0,4.0,0.0,1.0,29.0,14.0,3.2142857142857144,3.0,0.0,9.0,5.0,1.0,39.0,2.0,4.0,0.0,0.0,1.0,77.0,144.63,42,144.62
"mcts:reward=score,opponent=greedy+racer",linear:runs/linear/pass7/p7b_sarsa_lam98_random_s3.json@best,2,9001,10,1,0.0,0.0,-46.0,50.0,96.0,52.0,-2.0,1.0,1.0,0.0,9.0,9.0,3.111111111111111,3.0,17.0,7.0,4.0,0.0,36.0,0.0,2.0,0.0,0.0,0.0,59.0,105.64,30,105.62
"mcts:reward=score,opponent=greedy+racer",linear:runs/linear/pass7/p7b_sarsa_lam98_random_s3.json@best,2,9001,11,1,1.0,1.0,28.0,113.0,85.0,50.0,53.0,5.0,0.0,1.0,33.0,13.0,2.6923076923076925,2.0,10.0,6.0,5.0,0.0,31.0,2.0,5.0,0.0,0.0,0.0,67.0,116.4,36,116.37
"mcts:reward=score,opponent=greedy+racer",greedy,2,9001,8,0,1.0,1.0,65.0,182.0,117.0,69.0,103.0,8.0,0.0,1.0,39.0,14.0,3.142857142857143,2.0,1.0,8.0,15.0,0.0,45.0,4.0,8.0,0.0,0.0,1.0,96.0,160.14,53,160.13
"mcts:reward=score,opponent=greedy+racer",greedy,2,9001,9,0,1.0,1.0,56.0,127.0,71.0,72.0,45.0,4.0,0.0,1.0,30.0,16.0,2.8125,2.0,0.0,7.0,3.0,0.0,41.0,2.0,4.0,0.0,0.0,1.0,79.0,149.97,43,149.96
"mcts:reward=score,opponent=greedy+racer",racer,2,9001,10,1,1.0,1.0,14.0,110.0,96.0,51.0,49.0,5.0,0.0,1.0,15.0,15.0,2.466666666666667,1.0,8.0,8.0,10.0,0.0,28.0,1.0,5.0,0.0,0.0,0.0,71.0,113.03,37,113.02
"mcts:reward=score,opponent=greedy+racer",racer,2,9001,11,1,1.0,1.0,11.0,98.0,87.0,43.0,45.0,4.0,0.0,1.0,31.0,13.0,2.4615384615384617,1.0,13.0,6.0,6.0,1.0,24.0,1.0,4.0,0.0,0.0,0.0,61.0,113.16,32,113.15
"mcts:reward=score,opponent=racer",greedy,2,9001,10,1,0.0,0.0,-23.0,113.0,136.0,76.0,37.0,4.0,0.0,0.0,17.0,15.0,3.0,3.0,0.0,7.0,3.0,2.0,45.0,2.0,4.0,0.0,0.0,1.0,86.0,134.85,46,134.83
"mcts:reward=score,opponent=racer",greedy,2,9001,11,1,1.0,1.0,23.0,131.0,108.0,69.0,52.0,5.0,0.0,1.0,22.0,16.0,2.8125,2.0,0.0,7.0,20.0,0.0,24.0,2.0,5.0,0.0,0.0,1.0,80.0,127.47,43,127.46
"mcts:reward=score,opponent=racer",ppo:runs/ppo/pass2/p2b_pool_s3.json,2,9001,12,1,1.0,1.0,15.0,108.0,93.0,71.0,37.0,2.0,0.0,0.0,27.0,10.0,3.6,4.0,9.0,5.0,11.0,1.0,29.0,0.0,2.0,0.0,0.0,0.0,63.0,110.58,32,110.52
"mcts:reward=score,opponent=racer",ppo:runs/ppo/pass2/p2b_pool_s3.json,2,9001,13,1,0.0,0.0,-5.0,80.0,85.0,50.0,30.0,3.0,0.0,0.0,22.0,13.0,2.6923076923076925,1.0,10.0,3.0,2.0,0.0,34.0,0.0,3.0,0.0,0.0,0.0,62.0,106.59,32,106.53
"mcts:reward=score,opponent=greedy+racer",greedy,2,9001,10,1,1.0,1.0,22.0,128.0,106.0,78.0,40.0,3.0,0.0,1.0,39.0,12.0,3.5833333333333335,3.0,2.0,11.0,4.0,1.0,50.0,1.0,3.0,0.0,0.0,0.0,83.0,143.9,43,143.89
"mcts:reward=score,opponent=greedy+racer",greedy,2,9001,11,1,1.0,1.0,9.0,108.0,99.0,69.0,29.0,4.0,1.0,1.0,35.0,15.0,2.933333333333333,3.0,1.0,6.0,8.0,1.0,32.0,2.0,5.0,0.0,0.0,1.0,76.0,137.83,41,137.82
"mcts:reward=score,opponent=racer",linear:runs/linear/pass7/p7b_sarsa_lam98_random_s3.json@best,2,9001,12,1,1.0,1.0,65.0,146.0,81.0,65.0,71.0,4.0,0.0,1.0,34.0,13.0,3.0,3.0,6.0,6.0,8.0,1.0,30.0,1.0,4.0,0.0,0.0,0.0,69.0,114.54,36,114.51
"mcts:reward=score,opponent=racer",linear:runs/linear/pass7/p7b_sarsa_lam98_random_s3.json@best,2,9001,13,1,1.0,1.0,33.0,108.0,75.0,59.0,39.0,4.0,0.0,1.0,29.0,14.0,2.7857142857142856,1.0,6.0,5.0,3.0,1.0,35.0,1.0,4.0,0.0,0.0,0.0,70.0,116.44,37,116.4
"mcts:reward=score,opponent=greedy+racer",ppo:runs/ppo/pass2/p2b_pool_s3.json,2,9001,12,1,1.0,1.0,6.0,97.0,91.0,60.0,37.0,2.0,0.0,0.0,27.0,9.0,3.5555555555555554,2.0,13.0,6.0,8.0,0.0,32.0,0.0,2.0,0.0,0.0,0.0,59.0,118.5,30,118.44
"mcts:reward=score,opponent=greedy+racer",ppo:runs/ppo/pass2/p2b_pool_s3.json,2,9001,13,1,0.0,0.0,-26.0,60.0,86.0,43.0,17.0,3.0,1.0,0.0,17.0,12.0,2.6666666666666665,0.0,13.0,3.0,4.0,0.0,32.0,1.0,4.0,0.0,0.0,0.0,62.0,124.81,33,124.75
"mcts:reward=score,opponent=greedy+racer",linear:runs/linear/pass7/p7b_sarsa_lam98_random_s3.json@best,2,9001,12,1,1.0,1.0,38.0,122.0,84.0,75.0,37.0,2.0,0.0,1.0,30.0,12.0,3.5833333333333335,3.0,2.0,4.0,9.0,1.0,31.0,0.0,2.0,0.0,0.0,0.0,67.0,117.98,34,117.95
"mcts:reward=score,opponent=greedy+racer",linear:runs/linear/pass7/p7b_sarsa_lam98_random_s3.json@best,2,9001,13,1,1.0,1.0,18.0,90.0,72.0,41.0,39.0,4.0,0.0,1.0,17.0,13.0,2.3846153846153846,1.0,14.0,2.0,6.0,0.0,26.0,1.0,4.0,0.0,0.0,0.0,60.0,119.6,32,119.57
"mcts:reward=score,opponent=racer",racer,2,9001,12,1,1.0,1.0,52.0,143.0,91.0,74.0,59.0,3.0,0.0,1.0,33.0,14.0,3.0714285714285716,4.0,2.0,5.0,13.0,2.0,27.0,1.0,3.0,0.0,0.0,0.0,75.0,123.33,39,123.31
"mcts:reward=score,opponent=racer",racer,2,9001,13,1,1.0,1.0,26.0,108.0,82.0,55.0,43.0,4.0,0.0,1.0,27.0,15.0,2.6666666666666665,0.0,5.0,8.0,4.0,0.0,36.0,1.0,4.0,0.0,0.0,0.0,72.0,116.89,38,116.88
"mcts:reward=score,opponent=greedy+racer",racer,2,9001,12,1,1.0,1.0,46.0,137.0,91.0,68.0,59.0,3.0,0.0,1.0,36.0,14.0,2.9285714285714284,3.0,4.0,3.0,11.0,0.0,29.0,1.0,3.0,0.0,0.0,0.0,71.0,115.84,37,115.83
"mcts:reward=score,opponent=greedy+racer",racer,2,9001,13,1,1.0,1.0,16.0,98.0,82.0,49.0,39.0,4.0,0.0,1.0,21.0,15.0,2.466666666666667,1.0,8.0,5.0,5.0,0.0,31.0,1.0,4.0,0.0,0.0,0.0,68.0,122.21,36,122.2
"mcts:reward=score,opponent=racer",ppo:runs/ppo/pass2/p2b_pool_s3.json,2,9001,14,0,0.0,0.0,-8.0,81.0,89.0,47.0,24.0,4.0,1.0,1.0,31.0,12.0,2.75,1.0,12.0,2.0,22.0,0.0,12.0,2.0,5.0,0.0,0.0,0.0,63.0,106.97,34,106.91
"mcts:reward=score,opponent=racer",ppo:runs/ppo/pass2/p2b_pool_s3.json,2,9001,15,1,0.0,0.0,-30.0,51.0,81.0,44.0,-3.0,1.0,1.0,1.0,29.0,11.0,2.727272727272727,1.0,15.0,5.0,12.0,0.0,22.0,0.0,2.0,0.0,0.0,0.0,57.0,103.49,29,103.44
"mcts:reward=score,opponent=greedy+racer",ppo:runs/ppo/pass2/p2b_pool_s3.json,2,9001,14,0,0.0,0.0,-24.0,75.0,99.0,56.0,19.0,2.0,0.0,0.0,12.0,11.0,3.1818181818181817,2.0,10.0,5.0,5.0,0.0,37.0,0.0,2.0,0.0,0.0,0.0,65.0,120.1,33,120.04
"mcts:reward=score,opponent=greedy+racer",ppo:runs/ppo/pass2/p2b_pool_s3.json,2,9001,15,1,0.0,0.0,-10.0,82.0,92.0,45.0,37.0,2.0,0.0,0.0,26.0,10.0,3.0,0.0,15.0,4.0,6.0,0.0,34.0,0.0,2.0,0.0,0.0,0.0,61.0,120.02,31,119.96
"mcts:reward=score,opponent=racer",greedy,2,9001,12,1,1.0,1.0,30.0,144.0,114.0,66.0,68.0,5.0,0.0,1.0,30.0,16.0,2.75,2.0,1.0,5.0,15.0,0.0,29.0,3.0,5.0,0.0,0.0,0.0,83.0,137.57,45,137.55
"mcts:reward=score,opponent=racer",greedy,2,9001,13,1,1.0,1.0,34.0,153.0,119.0,62.0,81.0,7.0,0.0,1.0,32.0,17.0,2.588235294117647,2.0,1.0,5.0,8.0,0.0,34.0,3.0,7.0,0.0,0.0,1.0,81.0,141.18,45,141.16
"mcts:reward=score,opponent=greedy+racer",greedy,2,9001,12,1,1.0,1.0,83.0,165.0,82.0,67.0,88.0,7.0,1.0,1.0,36.0,16.0,2.6875,3.0,2.0,8.0,15.0,1.0,23.0,4.0,8.0,1.0,0.0,1.0,80.0,137.66,45,137.65
"mcts:reward=score,opponent=greedy+racer",greedy,2,9001,13,1,0.0,0.0,-10.0,119.0,129.0,57.0,62.0,6.0,1.0,0.0,31.0,16.0,2.625,1.0,3.0,4.0,10.0,1.0,30.0,4.0,7.0,0.0,0.0,0.0,82.0,146.04,46,146.03
"mcts:reward=score,opponent=racer",linear:runs/linear/pass7/p7b_sarsa_lam98_random_s3.json@best,2,9001,14,0,0.0,0.0,-15.0,65.0,80.0,42.0,13.0,3.0,1.0,1.0,15.0,13.0,2.3846153846153846,1.0,14.0,5.0,7.0,0.0,35.0,1.0,4.0,0.0,0.0,0.0,71.0,112.5,37,112.47
"mcts:reward=score,opponent=racer",linear:runs/linear/pass7/p7b_sarsa_lam98_random_s3.json@best,2,9001,15,1,1.0,1.0,21.0,95.0,74.0,48.0,37.0,2.0,0.0,1.0,22.0,9.0,3.2222222222222223,1.0,16.0,7.0,9.0,1.0,31.0,0.0,2.0,0.0,0.0,0.0,61.0,106.81,31,106.78
"mcts:reward=score,opponent=greedy+racer",linear:runs/linear/pass7/p7b_sarsa_lam98_random_s3.json@best,2,9001,14,0,0.0,0.0,-7.0,74.0,81.0,46.0,18.0,3.0,1.0,1.0,24.0,15.0,2.3333333333333335,1.0,10.0,4.0,5.0,0.0,27.0,2.0,4.0,0.0,0.0,0.0,67.0,116.33,36,116.3
"mcts:reward=score,opponent=greedy+racer",linear:runs/linear/pass7/p7b_sarsa_lam98_random_s3.json@best,2,9001,15,1,0.0,0.0,-16.0,58.0,74.0,51.0,-3.0,1.0,1.0,1.0,24.0,12.0,2.8333333333333335,1.0,11.0,5.0,7.0,0.0,33.0,0.0,2.0,0.0,0.0,0.0,65.0,112.82,33,112.79
"mcts:reward=score,opponent=racer",racer,2,9001,14,0,1.0,1.0,1.0,93.0,92.0,46.0,37.0,4.0,0.0,1.0,19.0,16.0,2.375,0.0,7.0,5.0,4.0,1.0,32.0,1.0,4.0,0.0,0.0,0.0,73.0,111.46,38,111.45
"mcts:reward=score,opponent=racer",racer,2,9001,15,1,1.0,1.0,59.0,147.0,88.0,67.0,70.0,4.0,0.0,1.0,31.0,12.0,3.25,3.0,6.0,1.0,18.0,0.0,22.0,2.0,4.0,0.0,0.0,0.0,69.0,116.45,37,116.44
"mcts:reward=score,opponent=greedy+racer",racer,2,9001,14,0,1.0,1.0,20.0,112.0,92.0,47.0,55.0,4.0,0.0,1.0,29.0,15.0,2.4,1.0,9.0,7.0,7.0,1.0,25.0,1.0,4.0,0.0,0.0,0.0,67.0,117.77,35,117.76
"mcts:reward=score,opponent=greedy+racer",racer,2,9001,15,1,1.0,1.0,31.0,119.0,88.0,56.0,53.0,4.0,1.0,1.0,25.0,12.0,2.9166666666666665,2.0,10.0,3.0,12.0,0.0,28.0,2.0,5.0,0.0,0.0,0.0,69.0,121.14,37,121.12
"mcts:reward=score,opponent=racer",ppo:runs/ppo/pass2/p2b_pool_s3.json,2,9001,16,0,0.0,0.0,-44.0,48.0,92.0,33.0,15.0,4.0,1.0,0.0,14.0,14.0,2.0,0.0,17.0,1.0,12.0,0.0,16.0,2.0,5.0,0.0,0.0,0.0,61.0,108.66,33,108.6
"mcts:reward=score,opponent=racer",ppo:runs/ppo/pass2/p2b_pool_s3.json,2,9001,17,1,0.0,0.0,-63.0,27.0,90.0,38.0,-11.0,1.0,1.0,0.0,13.0,10.0,2.7,1.0,18.0,7.0,9.0,3.0,23.0,0.0,2.0,0.0,0.0,0.0,59.0,103.72,30,103.66
"mcts:reward=score,opponent=greedy+racer",ppo:runs/ppo/pass2/p2b_pool_s3.json,2,9001,16,0,0.0,0.0,-13.0,81.0,94.0,51.0,30.0,3.0,0.0,0.0,32.0,13.0,2.769230769230769,2.0,9.0,6.0,11.0,0.0,25.0,1.0,3.0,0.0,0.0,0.0,65.0,116.7,34,116.64
"mcts:reward=score,opponent=greedy+racer",ppo:runs/ppo/pass2/p2b_pool_s3.json,2,9001,17,1,0.0,0.0,-39.0,51.0,90.0,39.0,12.0,2.0,1.0,0.0,12.0,12.0,2.4166666666666665,1.0,16.0,3.0,9.0,0.0,23.0,1.0,3.0,0.0,0.0,0.0,59.0,107.64,31,107.58
"mcts:reward=score,opponent=racer",greedy,2,9001,14,0,1.0,1.0,29.0,158.0,129.0,60.0,88.0,8.0,0.0,1.0,26.0,17.0,2.4705882352941178,2.0,3.0,7.0,17.0,1.0,23.0,3.0,8.0,0.0,0.0,0.0,83.0,143.95,45,143.94
"mcts:reward=score,opponent=racer",greedy,2,9001,15,1,0.0,0.0,-3.0,120.0,123.0,65.0,45.0,4.0,0.0,1.0,39.0,17.0,2.6470588235294117,1.0,0.0,4.0,19.0,2.0,25.0,1.0,4.0,0.0,0.0,1.0,84.0,134.89,44,134.87
"mcts:reward=score,opponent=racer",linear:runs/linear/pass7/p7b_sarsa_lam98_random_s3.json@best,2,9001,16,0,0.0,0.0,-40.0,60.0,100.0,36.0,24.0,5.0,1.0,0.0,17.0,14.0,2.142857142857143,0.0,15.0,2.0,9.0,0.0,23.0,3.0,6.0,0.0,0.0,0.0,67.0,113.93,37,113.9
"mcts:reward=score,opponent=racer",linear:runs/linear/pass7/p7b_sarsa_lam98_random_s3.json@best,2,9001,17,1,0.0,0.0,-59.0,40.0,99.0,41.0,-11.0,1.0,1.0,1.0,21.0,11.0,2.6363636363636362,1.0,16.0,6.0,8.0,0.0,28.0,0.0,2.0,0.0,0.0,0.0,59.0,101.13,30,101.1
"mcts:reward=score,opponent=greedy+racer",greedy,2,9001,14,0,1.0,1.0,31.0,146.0,115.0,68.0,68.0,6.0,0.0,1.0,28.0,16.0,2.8125,2.0,0.0,8.0,21.0,1.0,29.0,2.0,6.0,0.0,0.0,1.0,88.0,157.65,47,157.64
"mcts:reward=score,opponent=greedy+racer",greedy,2,9001,15,1,1.0,1.0,13.0,133.0,120.0,62.0,61.0,4.0,0.0,1.0,25.0,14.0,2.7857142857142856,2.0,6.0,6.0,9.0,0.0,33.0,1.0,4.0,0.0,0.0,0.0,73.0,134.73,38,134.72
"mcts:reward=score,opponent=racer",racer,2,9001,16,0,0.0,0.0,-30.0,72.0,102.0,39.0,23.0,5.0,1.0,1.0,15.0,15.0,2.1333333333333333,0.0,13.0,3.0,14.0,0.0,22.0,2.0,6.0,0.0,0.0,0.0,71.0,109.87,38,109.86
"mcts:reward=score,opponent=racer",racer,2,9001,17,1,1.0,1.0,29.0,125.0,96.0,65.0,50.0,4.0,0.0,1.0,26.0,13.0,3.0,2.0,6.0,6.0,14.0,1.0,30.0,2.0,4.0,0.0,0.0,0.0,77.0,117.4,41,117.39
"mcts:reward=score,opponent=greedy+racer",linear:runs/linear/pass7/p7b_sarsa_lam98_random_s3.json@best,2,9001,16,0,0.0,0.0,-71.0,32.0,103.0,42.0,-10.0,2.0,1.0,0.0,8.0,12.0,2.5833333333333335,1.0,14.0,8.0,5.0,2.0,35.0,1.0,3.0,0.0,0.0,0.0,71.0,121.73,37,121.7
"mcts:reward=score,opponent=greedy+racer",linear:runs/linear/pass7/p7b_sarsa_lam98_random_s3.json@best,2,9001,17,1,0.0,0.0,-32.0,84.0,116.0,46.0,38.0,4.0,0.0,0.0,13.0,16.0,2.3125,0.0,8.0,3.0,10.0,0.0,26.0,2.0,4.0,0.0,0.0,0.0,73.0,118.63,39,118.6
"mcts:reward=score,opponent=greedy+racer",racer,2,9001,16,0,1.0,1.0,33.0,125.0,92.0,72.0,43.0,4.0,0.0,1.0,29.0,15.0,3.0,3.0,0.0,6.0,16.0,0.0,28.0,2.0,4.0,0.0,0.0,1.0,78.0,121.37,42,121.36
"mcts:reward=score,opponent=greedy+racer",racer,2,9001,17,1,0.0,0.0,-25.0,81.0,106.0,43.0,38.0,4.0,0.0,0.0,12.0,16.0,2.1875,0.0,10.0,4.0,11.0,0.0,21.0,2.0,4.0,0.0,0.0,0.0,69.0,109.37,37,109.36
"mcts:reward=score,opponent=racer",ppo:runs/ppo/pass2/p2b_pool_s3.json,2,9001,18,0,0.0,0.0,-2.0,90.0,92.0,44.0,46.0,5.0,0.0,0.0,15.0,16.0,2.1875,1.0,10.0,4.0,22.0,0.0,10.0,1.0,5.0,0.0,0.0,0.0,66.0,107.55,35,107.48
"mcts:reward=score,opponent=racer",ppo:runs/ppo/pass2/p2b_pool_s3.json,2,9001,19,0,1.0,1.0,1.0,60.0,59.0,44.0,6.0,2.0,1.0,1.0,17.0,11.0,2.727272727272727,1.0,15.0,4.0,13.0,0.0,25.0,0.0,3.0,0.0,0.0,0.0,61.0,107.32,31,107.26
"mcts:reward=score,opponent=racer",greedy,2,9001,16,0,1.0,1.0,23.0,126.0,103.0,74.0,42.0,4.0,0.0,1.0,35.0,15.0,3.0,3.0,0.0,3.0,12.0,1.0,36.0,2.0,4.0,0.0,0.0,1.0,84.0,140.58,45,140.56
"mcts:reward=score,opponent=racer",greedy,2,9001,17,1,0.0,0.0,-53.0,90.0,143.0,58.0,32.0,5.0,2.0,0.0,14.0,16.0,2.625,2.0,3.0,10.0,11.0,1.0,33.0,4.0,7.0,0.0,0.0,0.0,87.0,139.9,48,139.88
"mcts:reward=score,opponent=greedy+racer",greedy,2,9001,16,0,1.0,1.0,33.0,135.0,102.0,83.0,42.0,4.0,0.0,1.0,20.0,13.0,3.4615384615384617,5.0,0.0,5.0,9.0,1.0,37.0,2.0,4.0,0.0,0.0,1.0,78.0,143.43,42,143.42
"mcts:reward=score,opponent=greedy+racer",greedy,2,9001,17,1,0.0,0.0,-40.0,94.0,134.0,62.0,32.0,3.0,0.0,0.0,18.0,15.0,2.7333333333333334,2.0,4.0,9.0,9.0,1.0,41.0,1.0,3.0,0.0,0.0,0.0,85.0,145.66,44,145.65
"mcts:reward=score,opponent=greedy+racer",ppo:runs/ppo/pass2/p2b_pool_s3.json,2,9001,18,0,0.0,0.0,-3.0,89.0,92.0,52.0,37.0,4.0,0.0,0.0,16.0,14.0,2.642857142857143,2.0,8.0,6.0,5.0,0.0,29.0,1.0,4.0,0.0,0.0,0.0,64.0,117.79,34,117.73
"mcts:reward=score,opponent=greedy+racer",ppo:runs/ppo/pass2/p2b_pool_s3.json,2,9001,19,0,1.0,1.0,5.0,75.0,70.0,44.0,31.0,4.0,1.0,0.0,21.0,13.0,2.5384615384615383,0.0,12.0,4.0,13.0,0.0,21.0,1.0,5.0,0.0,0.0,0.0,63.0,123.85,33,123.8
"mcts:reward=score,opponent=racer",linear:runs/linear/pass7/p7b_sarsa_lam98_random_s3.json@best,2,9001,18,0,1.0,1.0,10.0,101.0,91.0,45.0,46.0,5.0,0.0,1.0,27.0,16.0,2.25,1.0,9.0,3.0,21.0,0.0,13.0,1.0,5.0,0.0,0.0,0.0,68.0,110.44,36,110.41
"mcts:reward=score,opponent=racer",linear:runs/linear/pass7/p7b_sarsa_lam98_random_s3.json@best,2,9001,19,0,1.0,1.0,27.0,106.0,79.0,71.0,25.0,3.0,1.0,1.0,35.0,11.0,3.4545454545454546,3.0,7.0,6.0,9.0,2.0,31.0,1.0,4.0,0.0,0.0,0.0,69.0,125.54,36,125.51
"mcts:reward=score,opponent=greedy+racer",linear:runs/linear/pass7/p7b_sarsa_lam98_random_s3.json@best,2,9001,18,0,0.0,0.0,-22.0,81.0,103.0,54.0,17.0,4.0,1.0,1.0,26.0,13.0,2.769230769230769,2.0,9.0,6.0,6.0,0.0,30.0,2.0,5.0,0.0,0.0,0.0,66.0,119.79,36,119.77
"mcts:reward=score,opponent=greedy+racer",linear:runs/linear/pass7/p7b_sarsa_lam98_random_s3.json@best,2,9001,19,0,1.0,1.0,34.0,108.0,74.0,53.0,45.0,5.0,0.0,1.0,23.0,15.0,2.466666666666667,1.0,8.0,2.0,12.0,0.0,24.0,1.0,5.0,0.0,0.0,0.0,69.0,117.5,36,117.47
"mcts:reward=score,opponent=racer",racer,2,9001,18,0,1.0,1.0,1.0,107.0,106.0,51.0,46.0,5.0,0.0,1.0,18.0,17.0,2.3529411764705883,1.0,5.0,5.0,18.0,0.0,22.0,1.0,5.0,0.0,0.0,0.0,76.0,115.04,40,115.02
"mcts:reward=score,opponent=racer",racer,2,9001,19,0,1.0,1.0,50.0,133.0,83.0,62.0,61.0,6.0,0.0,1.0,31.0,14.0,2.9285714285714284,1.0,4.0,5.0,10.0,0.0,34.0,2.0,6.0,0.0,0.0,0.0,77.0,129.86,41,129.84
"mcts:reward=score,opponent=greedy+racer",racer,2,9001,18,0,0.0,0.0,-25.0,80.0,105.0,55.0,25.0,2.0,0.0,0.0,15.0,11.0,3.090909090909091,2.0,11.0,5.0,8.0,0.0,32.0,0.0,2.0,0.0,0.0,0.0,62.0,118.64,32,118.62
"mcts:reward=score,opponent=greedy+racer",racer,2,9001,19,0,1.0,1.0,33.0,116.0,83.0,61.0,45.0,5.0,0.0,1.0,27.0,16.0,2.625,1.0,3.0,3.0,13.0,0.0,29.0,1.0,5.0,0.0,0.0,0.0,77.0,132.26,40,132.24
"mcts:reward=score,opponent=racer",ppo:runs/ppo/pass2/p2b_pool_s3.json,2,9001,20,1,0.0,0.0,-24.0,65.0,89.0,54.0,11.0,1.0,1.0,0.0,22.0,10.0,3.4,1.0,11.0,3.0,24.0,1.0,14.0,0.0,2.0,0.0,0.0,0.0,60.0,105.55,31,105.49
"mcts:reward=score,opponent=racer",ppo:runs/ppo/pass2/p2b_pool_s3.json,2,9001,21,0,1.0,1.0,22.0,112.0,90.0,48.0,54.0,4.0,0.0,1.0,24.0,12.0,2.6666666666666665,1.0,13.0,4.0,10.0,1.0,24.0,1.0,4.0,0.0,0.0,0.0,62.0,115.22,33,115.16
"mcts:reward=score,opponent=racer",greedy,2,9001,18,0,0.0,0.0,-37.0,107.0,144.0,55.0,52.0,5.0,0.0,0.0,29.0,19.0,2.3684210526315788,0.0,0.0,6.0,13.0,0.0,33.0,1.0,5.0,0.0,0.0,1.0,85.0,133.03,45,133.02
"mcts:reward=score,opponent=racer",greedy,2,9001,19,0,1.0,1.0,24.0,139.0,115.0,61.0,68.0,7.0,0.0,1.0,33.0,17.0,2.588235294117647,1.0,1.0,1.0,8.0,0.0,36.0,2.0,7.0,0.0,0.0,0.0,83.0,124.44,44,124.42
"mcts:reward=score,opponent=greedy+racer",ppo:runs/ppo/pass2/p2b_pool_s3.json,2,9001,20,1,1.0,1.0,19.0,98.0,79.0,59.0,29.0,3.0,1.0,1.0,34.0,12.0,3.0833333333333335,2.0,8.0,1.0,25.0,0.0,11.0,1.0,4.0,0.0,0.0,0.0,62.0,116.83,33,116.78
"mcts:reward=score,opponent=greedy+racer",ppo:runs/ppo/pass2/p2b_pool_s3.json,2,9001,21,0,0.0,0.0,-34.0,58.0,92.0,49.0,9.0,2.0,1.0,0.0,23.0,12.0,2.75,1.0,12.0,6.0,12.0,1.0,26.0,0.0,3.0,0.0,0.0,0.0,64.0,118.33,33,118.27
"mcts:reward=score,opponent=greedy+racer",greedy,2,9001,18,0,1.0,1.0,66.0,177.0,111.0,74.0,93.0,7.0,0.0,1.0,29.0,15.0,3.0,2.0,0.0,8.0,11.0,1.0,43.0,2.0,7.0,0.0,0.0,1.0,89.0,154.64,48,154.63
"mcts:reward=score,opponent=greedy+racer",greedy,2,9001,19,0,1.0,1.0,26.0,140.0,114.0,59.0,71.0,6.0,0.0,1.0,29.0,16.0,2.625,0.0,3.0,7.0,9.0,2.0,31.0,2.0,6.0,0.0,0.0,0.0,81.0,137.53,43,137.51
"mcts:reward=score,opponent=racer",linear:runs/linear/pass7/p7b_sarsa_lam98_random_s3.json@best,2,9001,20,1,1.0,1.0,42.0,138.0,96.0,65.0,63.0,4.0,0.0,1.0,36.0,14.0,3.0,2.0,3.0,2.0,32.0,0.0,10.0,1.0,4.0,0.0,0.0,0.0,72.0,117.07,38,117.03
"mcts:reward=score,opponent=racer",linear:runs/linear/pass7/p7b_sarsa_lam98_random_s3.json@best,2,9001,21,0,1.0,1.0,19.0,102.0,83.0,64.0,28.0,4.0,1.0,1.0,30.0,13.0,2.923076923076923,2.0,7.0,4.0,14.0,0.0,26.0,2.0,5.0,0.0,0.0,0.0,70.0,122.57,38,122.53
"mcts:reward=score,opponent=greedy+racer",linear:runs/linear/pass7/p7b_sarsa_lam98_random_s3.json@best,2,9001,20,1,0.0,0.0,-66.0,23.0,89.0,46.0,-33.0,0.0,2.0,1.0,17.0,13.0,2.6153846153846154,0.0,11.0,2.0,22.0,1.0,12.0,0.0,2.0,0.0,0.0,0.0,62.0,117.29,32,117.26
"mcts:reward=score,opponent=greedy+racer",linear:runs/linear/pass7/p7b_sarsa_lam98_random_s3.json@best,2,9001,21,0,1.0,1.0,17.0,102.0,85.0,57.0,35.0,3.0,0.0,1.0,30.0,14.0,2.7142857142857144,2.0,7.0,5.0,11.0,1.0,27.0,0.0,3.0,0.0,0.0,0.0,68.0,119.62,35,119.6
"mcts:reward=score,opponent=racer",racer,2,9001,20,1,1.0,1.0,29.0,116.0,87.0,73.0,33.0,2.0,0.0,1.0,37.0,12.0,3.5,3.0,3.0,2.0,26.0,0.0,22.0,0.0,2.0,0.0,0.0,0.0,72.0,111.09,37,111.07
"mcts:reward=score,opponent=racer",racer,2,9001,21,0,0.0,0.0,-2.0,101.0,103.0,47.0,54.0,4.0,0.0,0.0,26.0,13.0,2.6153846153846154,0.0,11.0,5.0,10.0,1.0,28.0,1.0,4.0,0.0,0.0,0.0,68.0,112.54,36,112.53
"mcts:reward=score,opponent=greedy+racer",racer,2,9001,20,1,1.0,1.0,15.0,102.0,87.0,59.0,33.0,2.0,0.0,1.0,22.0,10.0,3.6,2.0,9.0,3.0,19.0,3.0,25.0,0.0,2.0,0.0,0.0,0.0,70.0,118.45,36,118.43
"mcts:reward=score,opponent=greedy+racer",racer,2,9001,21,0,1.0,1.0,21.0,114.0,93.0,58.0,46.0,4.0,0.0,1.0,32.0,15.0,2.6666666666666665,1.0,5.0,6.0,7.0,1.0,29.0,1.0,4.0,0.0,0.0,0.0,70.0,118.8,37,118.79
"mcts:reward=score,opponent=racer",ppo:runs/ppo/pass2/p2b_pool_s3.json,2,9001,22,0,0.0,0.0,-11.0,85.0,96.0,57.0,28.0,3.0,1.0,0.0,27.0,13.0,2.769230769230769,2.0,9.0,4.0,13.0,1.0,21.0,1.0,4.0,0.0,0.0,0.0,64.0,114.55,34,114.49
"mcts:reward=score,opponent=racer",ppo:runs/ppo/pass2/p2b_pool_s3.json,2,9001,23,0,1.0,1.0,9.0,96.0,87.0,44.0,52.0,5.0,0.0,0.0,16.0,14.0,2.357142857142857,1.0,12.0,5.0,9.0,0.0,21.0,1.0,5.0,0.0,0.0,0.0,61.0,98.7,32,98.64
"mcts:reward=score,opponent=greedy+racer",ppo:runs/ppo/pass2/p2b_pool_s3.json,2,9001,22,0,1.0,1.0,46.0,129.0,83.0,69.0,50.0,4.0,0.0,1.0,33.0,12.0,3.1666666666666665,4.0,7.0,6.0,3.0,1.0,35.0,1.0,4.0,0.0,0.0,0.0,66.0,126.66,35,126.59
"mcts:reward=score,opponent=greedy+racer",ppo:runs/ppo/pass2/p2b_pool_s3.json,2,9001,23,0,0.0,0.0,-22.0,70.0,92.0,38.0,32.0,3.0,0.0,0.0,13.0,10.0,2.7,1.0,18.0,6.0,10.0,2.0,24.0,0.0,3.0,0.0,0.0,0.0,59.0,107.55,30,107.49
"mcts:reward=score,opponent=racer",linear:runs/linear/pass7/p7b_sarsa_lam98_random_s3.json@best,2,9001,22,0,1.0,1.0,12.0,104.0,92.0,64.0,30.0,2.0,0.0,1.0,23.0,11.0,3.3636363636363638,2.0,8.0,6.0,4.0,2.0,34.0,0.0,2.0,0.0,0.0,0.0,64.0,107.11,33,107.08
"mcts:reward=score,opponent=racer",linear:runs/linear/pass7/p7b_sarsa_lam98_random_s3.json@best,2,9001,23,0,1.0,1.0,23.0,105.0,82.0,46.0,49.0,5.0,0.0,1.0,17.0,13.0,2.6153846153846154,1.0,11.0,4.0,7.0,0.0,25.0,2.0,5.0,0.0,0.0,0.0,63.0,106.98,34,106.95
"mcts:reward=score,opponent=racer",greedy,2,9001,20,1,1.0,1.0,54.0,162.0,108.0,71.0,81.0,6.0,1.0,1.0,40.0,14.0,3.0714285714285716,2.0,2.0,3.0,24.0,1.0,18.0,3.0,7.0,0.0,0.0,0.0,78.0,136.33,43,136.32
"mcts:reward=score,opponent=racer",greedy,2,9001,21,0,1.0,1.0,43.0,152.0,109.0,62.0,80.0,7.0,0.0,1.0,30.0,17.0,2.5294117647058822,1.0,2.0,6.0,14.0,0.0,28.0,3.0,7.0,0.0,0.0,0.0,82.0,153.6,45,153.59
"mcts:reward=score,opponent=greedy+racer",linear:runs/linear/pass7/p7b_sarsa_lam98_random_s3.json@best,2,9001,22,0,1.0,1.0,19.0,108.0,89.0,68.0,30.0,2.0,0.0,1.0,23.0,12.0,3.3333333333333335,2.0,5.0,5.0,8.0,1.0,30.0,0.0,2.0,0.0,0.0,0.0,64.0,113.72,33,113.69
"mcts:reward=score,opponent=greedy+racer",linear:runs/linear/pass7/p7b_sarsa_lam98_random_s3.json@best,2,9001,23,0,1.0,1.0,23.0,105.0,82.0,43.0,52.0,5.0,0.0,1.0,16.0,13.0,2.4615384615384617,1.0,13.0,3.0,10.0,2.0,20.0,1.0,5.0,0.0,0.0,0.0,63.0,112.75,33,112.72
"mcts:reward=score,opponent=greedy+racer",greedy,2,9001,20,1,1.0,1.0,57.0,169.0,112.0,71.0,88.0,6.0,0.0,1.0,37.0,14.0,3.2142857142857144,2.0,0.0,4.0,22.0,1.0,24.0,3.0,6.0,0.0,0.0,1.0,81.0,141.26,45,141.25
"mcts:reward=score,opponent=greedy+racer",greedy,2,9001,21,0,1.0,1.0,52.0,164.0,112.0,65.0,89.0,7.0,0.0,1.0,32.0,17.0,2.6470588235294117,1.0,0.0,7.0,23.0,2.0,21.0,2.0,7.0,0.0,0.0,1.0,85.0,145.54,46,145.53
"mcts:reward=score,opponent=racer",racer,2,9001,22,0,1.0,1.0,60.0,156.0,96.0,74.0,72.0,5.0,0.0,1.0,29.0,14.0,3.0714285714285716,4.0,2.0,3.0,10.0,0.0,36.0,3.0,5.0,0.0,0.0,0.0,80.0,121.63,44,121.61
"mcts:reward=score,opponent=racer",racer,2,9001,23,0,1.0,1.0,13.0,100.0,87.0,46.0,44.0,5.0,1.0,1.0,16.0,15.0,2.3333333333333335,1.0,10.0,3.0,20.0,0.0,18.0,1.0,6.0,0.0,0.0,0.0,71.0,110.36,37,110.35
"mcts:reward=score,opponent=greedy+racer",racer,2,9001,22,0,1.0,1.0,39.0,135.0,96.0,64.0,61.0,4.0,0.0,1.0,32.0,15.0,2.8,1.0,3.0,9.0,9.0,1.0,33.0,2.0,4.0,0.0,0.0,0.0,78.0,126.71,42,126.7
"mcts:reward=score,opponent=greedy+racer",racer,2,9001,23,0,0.0,0.0,-17.0,80.0,97.0,48.0,32.0,3.0,0.0,0.0,13.0,11.0,2.909090909090909,2.0,13.0,3.0,15.0,0.0,27.0,0.0,3.0,0.0,0.0,0.0,65.0,112.63,33,112.62
"mcts:reward=score,opponent=racer",ppo:runs/ppo/pass2/p2b_pool_s3.json,2,9001,24,0,0.0,0.0,-7.0,76.0,83.0,47.0,19.0,2.0,1.0,1.0,31.0,14.0,2.5,1.0,10.0,2.0,25.0,0.0,7.0,1.0,3.0,0.0,0.0,0.0,63.0,105.11,33,105.05
"mcts:reward=score,opponent=racer",ppo:runs/ppo/pass2/p2b_pool_s3.json,2,9001,25,0,1.0,1.0,23.0,100.0,77.0,69.0,31.0,2.0,0.0,0.0,28.0,12.0,3.25,3.0,6.0,4.0,10.0,1.0,30.0,0.0,2.0,0.0,0.0,0.0,66.0,114.09,34,114.02
"mcts:reward=score,opponent=racer",greedy,2,9001,22,0,1.0,1.0,44.0,123.0,79.0,67.0,46.0,3.0,0.0,1.0,26.0,15.0,3.0,1.0,0.0,4.0,8.0,1.0,40.0,1.0,3.0,0.0,0.0,1.0,81.0,138.41,43,138.4
"mcts:reward=score,opponent=racer",greedy,2,9001,23,0,0.0,0.0,-14.0,114.0,128.0,64.0,50.0,5.0,0.0,0.0,18.0,13.0,3.1538461538461537,2.0,4.0,10.0,11.0,2.0,33.0,1.0,5.0,0.0,0.0,0.0,77.0,124.27,40,124.26
"mcts:reward=score,opponent=greedy+racer",greedy,2,9001,22,0,1.0,1.0,50.0,156.0,106.0,68.0,78.0,7.0,0.0,1.0,26.0,14.0,3.2142857142857144,1.0,0.0,9.0,9.0,1.0,39.0,3.0,7.0,0.0,0.0,1.0,83.0,152.35,46,152.34
"mcts:reward=score,opponent=greedy+racer",greedy,2,9001,23,0,1.0,1.0,9.0,108.0,99.0,68.0,40.0,4.0,0.0,0.0,17.0,16.0,2.8125,2.0,0.0,4.0,11.0,0.0,35.0,1.0,4.0,0.0,0.0,1.0,80.0,143.98,42,143.97
"mcts:reward=score,opponent=greedy+racer",ppo:runs/ppo/pass2/p2b_pool_s3.json,2,9001,24,0,1.0,1.0,12.0,94.0,82.0,47.0,37.0,3.0,0.0,1.0,34.0,14.0,2.5,1.0,10.0,2.0,25.0,0.0,7.0,1.0,3.0,0.0,0.0,0.0,63.0,118.02,33,117.95
"mcts:reward=score,opponent=greedy+racer",ppo:runs/ppo/pass2/p2b_pool_s3.json,2,9001,25,0,0.0,0.0,-1.0,79.0,80.0,48.0,31.0,2.0,0.0,0.0,22.0,11.0,2.909090909090909,1.0,13.0,2.0,10.0,1.0,30.0,0.0,2.0,0.0,0.0,0.0,64.0,124.69,33,124.63
"mcts:reward=score,opponent=racer",linear:runs/linear/pass7/p7b_sarsa_lam98_random_s3.json@best,2,9001,24,0,1.0,1.0,3.0,107.0,104.0,58.0,39.0,3.0,0.0,1.0,31.0,15.0,2.8,1.0,3.0,1.0,26.0,0.0,12.0,1.0,3.0,0.0,0.0,0.0,71.0,119.83,37,119.79
"mcts:reward=score,opponent=racer",linear:runs/linear/pass7/p7b_sarsa_lam98_random_s3.json@best,2,9001,25,0,1.0,1.0,11.0,92.0,81.0,51.0,31.0,2.0,0.0,1.0,22.0,11.0,3.0,2.0,12.0,2.0,11.0,1.0,27.0,0.0,2.0,0.0,0.0,0.0,62.0,112.74,32,112.71
"mcts:reward=score,opponent=racer",racer,2,9001,24,0,1.0,1.0,25.0,110.0,85.0,63.0,37.0,3.0,0.0,1.0,20.0,16.0,2.75,1.0,1.0,2.0,30.0,0.0,12.0,1.0,3.0,0.0,0.0,1.0,76.0,121.34,40,121.33
"mcts:reward=score,opponent=racer",racer,2,9001,25,0,1.0,1.0,23.0,114.0,91.0,55.0,49.0,4.0,0.0,1.0,24.0,13.0,2.8461538461538463,2.0,8.0,2.0,13.0,0.0,27.0,1.0,4.0,0.0,0.0,0.0,68.0,116.07,36,116.06
"mcts:reward=score,opponent=greedy+racer",linear:runs/linear/pass7/p7b_sarsa_lam98_random_s3.json@best,2,9001,24,0,1.0,1.0,0.0,104.0,104.0,55.0,39.0,3.0,0.0,1.0,31.0,15.0,2.6666666666666665,1.0,5.0,4.0,26.0,1.0,12.0,1.0,3.0,0.0,0.0,0.0,73.0,125.55,38,125.52
"mcts:reward=score,opponent=greedy+racer",linear:runs/linear/pass7/p7b_sarsa_lam98_random_s3.json@best,2,9001,25,0,1.0,1.0,14.0,103.0,89.0,53.0,40.0,4.0,1.0,1.0,25.0,13.0,2.6923076923076925,2.0,10.0,1.0,15.0,0.0,23.0,2.0,5.0,0.0,0.0,0.0,68.0,125.92,37,125.88
"mcts:reward=score,opponent=racer",ppo:runs/ppo/pass2/p2b_pool_s3.json,2,9001,26,0,1.0,1.0,6.0,89.0,83.0,43.0,36.0,5.0,1.0,1.0,19.0,14.0,2.4285714285714284,0.0,11.0,3.0,8.0,0.0,26.0,2.0,6.0,0.0,0.0,0.0,66.0,118.4,36,118.33
"mcts:reward=score,opponent=racer",ppo:runs/ppo/pass2/p2b_pool_s3.json,2,9001,27,1,0.0,0.0,-9.0,89.0,98.0,43.0,46.0,5.0,0.0,0.0,13.0,13.0,2.4615384615384617,0.0,13.0,5.0,3.0,1.0,27.0,1.0,5.0,0.0,0.0,0.0,61.0,97.82,32,97.76
"mcts:reward=score,opponent=greedy+racer",racer,2,9001,24,0,1.0,1.0,17.0,106.0,89.0,48.0,48.0,4.0,0.0,1.0,31.0,14.0,2.5714285714285716,1.0,9.0,2.0,27.0,1.0,5.0,2.0,4.0,0.0,0.0,0.0,67.0,128.07,36,128.06
"mcts:reward=score,opponent=greedy+racer",racer,2,9001,25,0,1.0,1.0,34.0,125.0,91.0,57.0,58.0,5.0,0.0,1.0,27.0,14.0,2.7142857142857144,1.0,7.0,2.0,7.0,0.0,31.0,2.0,5.0,0.0,0.0,0.0,70.0,131.39,38,131.38
"mcts:reward=score,opponent=racer",greedy,2,9001,24,0,1.0,1.0,4.0,112.0,108.0,50.0,52.0,5.0,0.0,1.0,34.0,15.0,2.533333333333333,1.0,7.0,3.0,25.0,1.0,13.0,2.0,5.0,0.0,0.0,0.0,75.0,131.06,40,131.05
"mcts:reward=score,opponent=racer",greedy,2,9001,25,0,1.0,1.0,90.0,184.0,94.0,71.0,103.0,6.0,0.0,1.0,35.0,16.0,2.8125,3.0,0.0,5.0,13.0,0.0,37.0,2.0,6.0,0.0,0.0,1.0,85.0,141.74,46,141.73
"mcts:reward=score,opponent=greedy+racer",greedy,2,9001,24,0,1.0,1.0,28.0,119.0,91.0,81.0,28.0,2.0,0.0,1.0,28.0,14.0,3.2142857142857144,5.0,0.0,3.0,10.0,1.0,34.0,0.0,2.0,0.0,0.0,1.0,74.0,129.08,38,129.07
"mcts:reward=score,opponent=greedy+racer",greedy,2,9001,25,0,1.0,1.0,109.0,197.0,88.0,75.0,112.0,7.0,0.0,1.0,35.0,15.0,3.0,3.0,0.0,3.0,14.0,1.0,32.0,3.0,7.0,1.0,0.0,1.0,83.0,146.43,46,146.41
"mcts:reward=score,opponent=greedy+racer",ppo:runs/ppo/pass2/p2b_pool_s3.json,2,9001,26,0,0.0,0.0,-9.0,79.0,88.0,55.0,24.0,4.0,1.0,0.0,24.0,12.0,3.0,1.0,9.0,2.0,6.0,0.0,30.0,2.0,5.0,0.0,0.0,0.0,64.0,131.47,35,131.4
"mcts:reward=score,opponent=greedy+racer",ppo:runs/ppo/pass2/p2b_pool_s3.json,2,9001,27,1,1.0,1.0,2.0,88.0,86.0,43.0,35.0,4.0,0.0,1.0,21.0,12.0,2.5833333333333335,0.0,14.0,5.0,1.0,0.0,33.0,1.0,4.0,0.0,0.0,0.0,61.0,113.45,32,113.39
"mcts:reward=score,opponent=racer",linear:runs/linear/pass7/p7b_sarsa_lam98_random_s3.json@best,2,9001,26,0,1.0,1.0,39.0,119.0,80.0,62.0,47.0,5.0,0.0,1.0,22.0,15.0,2.8,1.0,3.0,3.0,10.0,0.0,30.0,2.0,5.0,0.0,0.0,0.0,74.0,120.72,40,120.68
"mcts:reward=score,opponent=racer",linear:runs/linear/pass7/p7b_sarsa_lam98_random_s3.json@best,2,9001,27,1,0.0,0.0,-30.0,84.0,114.0,44.0,40.0,5.0,1.0,0.0,15.0,14.0,2.4285714285714284,0.0,11.0,8.0,7.0,1.0,27.0,2.0,6.0,0.0,0.0,0.0,69.0,110.63,37,110.6
"mcts:reward=score,opponent=greedy+racer",linear:runs/linear/pass7/p7b_sarsa_lam98_random_s3.json@best,2,9001,26,0,1.0,1.0,10.0,99.0,89.0,46.0,43.0,5.0,0.0,1.0,19.0,14.0,2.5714285714285716,0.0,9.0,6.0,5.0,0.0,33.0,2.0,5.0,0.0,0.0,0.0,70.0,133.81,38,133.78
"mcts:reward=score,opponent=greedy+racer",linear:runs/linear/pass7/p7b_sarsa_lam98_random_s3.json@best,2,9001,27,1,1.0,1.0,13.0,102.0,89.0,46.0,46.0,5.0,0.0,1.0,16.0,14.0,2.4285714285714284,0.0,11.0,3.0,5.0,0.0,27.0,1.0,5.0,0.0,0.0,0.0,63.0,114.56,33,114.54
"mcts:reward=score,opponent=racer",racer,2,9001,26,0,1.0,1.0,7.0,98.0,91.0,46.0,42.0,5.0,0.0,1.0,19.0,13.0,2.6153846153846154,0.0,11.0,0.0,7.0,0.0,41.0,1.0,5.0,0.0,0.0,0.0,76.0,121.05,40,121.03
"mcts:reward=score,opponent=racer",racer,2,9001,27,1,1.0,1.0,10.0,104.0,94.0,48.0,46.0,5.0,0.0,1.0,18.0,16.0,2.3125,0.0,8.0,5.0,6.0,1.0,28.0,1.0,5.0,0.0,0.0,0.0,71.0,106.46,37,106.45
"mcts:reward=score,opponent=greedy+racer",racer,2,9001,26,0,0.0,0.0,-26.0,75.0,101.0,44.0,31.0,4.0,1.0,0.0,19.0,13.0,2.6153846153846154,0.0,11.0,2.0,6.0,0.0,30.0,2.0,5.0,0.0,0.0,0.0,66.0,128.4,36,128.39
"mcts:reward=score,opponent=greedy+racer",racer,2,9001,27,1,0.0,0.0,-4.0,100.0,104.0,49.0,41.0,5.0,0.0,1.0,18.0,13.0,2.6153846153846154,1.0,11.0,1.0,11.0,0.0,25.0,2.0,5.0,0.0,0.0,0.0,67.0,111.04,36,111.03
"mcts:reward=score,opponent=racer",greedy,2,9001,26,0,1.0,1.0,44.0,119.0,75.0,67.0,42.0,5.0,0.0,1.0,19.0,16.0,2.8125,1.0,0.0,2.0,5.0,0.0,43.0,1.0,5.0,0.0,0.0,1.0,81.0,141.46,43,141.45
"mcts:reward=score,opponent=racer",greedy,2,9001,27,1,1.0,1.0,17.0,134.0,117.0,64.0,60.0,7.0,0.0,1.0,29.0,17.0,2.6470588235294117,1.0,0.0,4.0,15.0,0.0,29.0,2.0,7.0,0.0,0.0,1.0,82.0,126.31,44,126.3
"mcts:reward=score,opponent=racer",ppo:runs/ppo/pass2/p2b_pool_s3.json,2,9001,28,0,0.0,0.0,-45.0,62.0,107.0,42.0,20.0,3.0,1.0,0.0,14.0,11.0,2.727272727272727,1.0,15.0,1.0,13.0,0.0,23.0,2.0,4.0,0.0,0.0,0.0,63.0,115.23,34,115.17
"mcts:reward=score,opponent=racer",ppo:runs/ppo/pass2/p2b_pool_s3.json,2,9001,29,1,0.0,0.0,-42.0,51.0,93.0,58.0,-7.0,1.0,1.0,0.0,20.0,10.0,3.3,3.0,12.0,6.0,22.0,2.0,18.0,0.0,2.0,0.0,0.0,0.0,64.0,111.21,33,111.15
"mcts:reward=score,opponent=racer",linear:runs/linear/pass7/p7b_sarsa_lam98_random_s3.json@best,2,9001,28,0,0.0,0.0,-20.0,72.0,92.0,47.0,15.0,2.0,1.0,1.0,18.0,10.0,3.0,2.0,15.0,4.0,9.0,0.0,25.0,1.0,3.0,0.0,0.0,0.0,57.0,107.3,30,107.27
"mcts:reward=score,opponent=racer",linear:runs/linear/pass7/p7b_sarsa_lam98_random_s3.json@best,2,9001,29,1,1.0,1.0,35.0,127.0,92.0,59.0,58.0,6.0,1.0,1.0,27.0,14.0,2.7142857142857144,1.0,7.0,4.0,10.0,0.0,26.0,2.0,7.0,0.0,0.0,0.0,68.0,123.79,37,123.76
"mcts:reward=score,opponent=greedy+racer",ppo:runs/ppo/pass2/p2b_pool_s3.json,2,9001,28,0,0.0,0.0,-16.0,83.0,99.0,53.0,20.0,3.0,1.0,1.0,20.0,12.0,2.8333333333333335,2.0,11.0,5.0,8.0,0.0,28.0,2.0,4.0,0.0,0.0,0.0,65.0,126.85,35,126.75
"mcts:reward=score,opponent=greedy+racer",ppo:runs/ppo/pass2/p2b_pool_s3.json,2,9001,29,1,1.0,1.0,25.0,110.0,85.0,50.0,50.0,4.0,0.0,1.0,24.0,15.0,2.4,1.0,9.0,5.0,13.0,0.0,23.0,1.0,4.0,0.0,0.0,0.0,68.0,123.05,36,122.98
"mcts:reward=score,opponent=racer",racer,2,9001,28,0,0.0,0.0,-37.0,72.0,109.0,42.0,20.0,3.0,1.0,1.0,18.0,13.0,2.4615384615384617,1.0,13.0,1.0,15.0,0.0,19.0,2.0,4.0,0.0,0.0,0.0,65.0,109.08,35,109.06
"mcts:reward=score,opponent=racer",racer,2,9001,29,1,1.0,1.0,26.0,118.0,92.0,58.0,50.0,4.0,0.0,1.0,25.0,13.0,2.769230769230769,2.0,9.0,4.0,10.0,1.0,24.0,1.0,4.0,0.0,0.0,0.0,64.0,108.49,34,108.48
"mcts:reward=score,opponent=greedy+racer",greedy,2,9001,26,0,1.0,1.0,20.0,133.0,113.0,63.0,60.0,5.0,0.0,1.0,33.0,16.0,2.8125,1.0,0.0,4.0,12.0,0.0,32.0,2.0,5.0,0.0,0.0,1.0,79.0,155.56,43,155.55
"mcts:reward=score,opponent=greedy+racer",greedy,2,9001,27,1,1.0,1.0,13.0,133.0,120.0,63.0,60.0,7.0,0.0,1.0,29.0,16.0,2.75,1.0,1.0,1.0,15.0,1.0,27.0,2.0,7.0,0.0,0.0,0.0,81.0,142.91,43,142.89
"mcts:reward=score,opponent=greedy+racer",linear:runs/linear/pass7/p7b_sarsa_lam98_random_s3.json@best,2,9001,28,0,0.0,0.0,-36.0,71.0,107.0,42.0,29.0,3.0,0.0,0.0,22.0,10.0,2.9,1.0,16.0,5.0,9.0,1.0,29.0,1.0,3.0,0.0,0.0,0.0,63.0,119.6,33,119.57
"mcts:reward=score,opponent=greedy+racer",linear:runs/linear/pass7/p7b_sarsa_lam98_random_s3.json@best,2,9001,29,1,1.0,1.0,9.0,104.0,95.0,54.0,50.0,4.0,0.0,0.0,24.0,14.0,2.5714285714285716,2.0,9.0,3.0,11.0,0.0,27.0,1.0,4.0,0.0,0.0,0.0,68.0,123.28,36,123.25
"mcts:reward=score,opponent=greedy+racer",racer,2,9001,28,0,1.0,1.0,11.0,110.0,99.0,51.0,49.0,5.0,0.0,1.0,22.0,15.0,2.533333333333333,1.0,7.0,4.0,16.0,0.0,18.0,3.0,5.0,0.0,0.0,0.0,71.0,126.44,39,126.43
"mcts:reward=score,opponent=greedy+racer",racer,2,9001,29,1,1.0,1.0,43.0,136.0,93.0,71.0,55.0,5.0,0.0,1.0,29.0,15.0,3.0,2.0,0.0,6.0,12.0,1.0,32.0,2.0,5.0,0.0,0.0,1.0,79.0,131.55,43,131.54
"mcts:reward=score,opponent=racer",ppo:runs/ppo/pass2/p2b_pool_s3.json,2,9001,30,0,1.0,1.0,40.0,116.0,76.0,59.0,47.0,3.0,0.0,1.0,24.0,12.0,3.0833333333333335,2.0,8.0,2.0,28.0,1.0,8.0,1.0,3.0,0.0,0.0,0.0,65.0,112.31,34,112.25
"mcts:reward=score,opponent=racer",ppo:runs/ppo/pass2/p2b_pool_s3.json,2,9001,31,1,1.0,1.0,12.0,83.0,71.0,47.0,26.0,2.0,0.0,1.0,22.0,12.0,2.6666666666666665,2.0,13.0,2.0,24.0,1.0,10.0,0.0,2.0,0.0,0.0,0.0,61.0,101.92,31,101.86
"mcts:reward=score,opponent=racer",greedy,2,9001,28,0,1.0,1.0,53.0,144.0,91.0,66.0,68.0,6.0,0.0,1.0,31.0,16.0,2.8125,2.0,0.0,4.0,16.0,1.0,34.0,3.0,6.0,0.0,0.0,1.0,90.0,145.14,49,145.12
"mcts:reward=score,opponent=racer",greedy,2,9001,29,1,1.0,1.0,39.0,158.0,119.0,93.0,55.0,5.0,0.0,1.0,28.0,11.0,4.090909090909091,5.0,0.0,10.0,13.0,2.0,47.0,2.0,5.0,0.0,0.0,0.0,90.0,142.69,48,142.67
"mcts:reward=score,opponent=greedy+racer",ppo:runs/ppo/pass2/p2b_pool_s3.json,2,9001,30,0,0.0,0.0,-2.0,75.0,77.0,52.0,13.0,2.0,1.0,1.0,24.0,11.0,3.0,1.0,12.0,5.0,13.0,1.0,21.0,1.0,3.0,0.0,0.0,0.0,61.0,115.42,32,115.36
"mcts:reward=score,opponent=greedy+racer",ppo:runs/ppo/pass2/p2b_pool_s3.json,2,9001,31,1,0.0,0.0,-2.0,77.0,79.0,51.0,26.0,2.0,0.0,0.0,26.0,13.0,2.769230769230769,1.0,9.0,2.0,16.0,0.0,20.0,0.0,2.0,0.0,0.0,0.0,63.0,112.28,32,112.22
"mcts:reward=score,opponent=racer",linear:runs/linear/pass7/p7b_sarsa_lam98_random_s3.json@best,2,9001,30,0,1.0,1.0,25.0,118.0,93.0,61.0,47.0,3.0,0.0,1.0,24.0,14.0,2.857142857142857,1.0,5.0,6.0,14.0,1.0,24.0,1.0,3.0,0.0,0.0,0.0,71.0,114.32,37,114.29
"mcts:reward=score,opponent=racer",linear:runs/linear/pass7/p7b_sarsa_lam98_random_s3.json@best,2,9001,31,1,1.0,1.0,0.0,77.0,77.0,41.0,26.0,2.0,0.0,1.0,24.0,12.0,2.5,0.0,15.0,2.0,15.0,0.0,25.0,0.0,2.0,0.0,0.0,0.0,65.0,102.35,33,102.32
"mcts:reward=score,opponent=greedy+racer",greedy,2,9001,28,0,0.0,0.0,-11.0,105.0,116.0,57.0,48.0,5.0,0.0,0.0,18.0,16.0,2.625,1.0,3.0,5.0,9.0,1.0,33.0,3.0,5.0,0.0,0.0,0.0,83.0,164.36,45,164.35
"mcts:reward=score,opponent=greedy+racer",greedy,2,9001,29,1,1.0,1.0,17.0,127.0,110.0,71.0,46.0,5.0,1.0,1.0,28.0,15.0,3.0,2.0,0.0,5.0,11.0,1.0,39.0,4.0,6.0,0.0,0.0,0.0,90.0,160.71,50,160.7
"mcts:reward=score,opponent=greedy+racer",linear:runs/linear/pass7/p7b_sarsa_lam98_random_s3.json@best,2,9001,30,0,1.0,1.0,41.0,115.0,74.0,58.0,47.0,3.0,0.0,1.0,27.0,14.0,2.7142857142857144,1.0,7.0,5.0,18.0,1.0,18.0,1.0,3.0,0.0,0.0,0.0,69.0,120.88,36,120.85
"mcts:reward=score,opponent=greedy+racer",linear:runs/linear/pass7/p7b_sarsa_lam98_random_s3.json@best,2,9001,31,1,1.0,1.0,0.0,77.0,77.0,41.0,26.0,2.0,0.0,1.0,23.0,12.0,2.5,0.0,15.0,1.0,14.0,0.0,24.0,0.0,2.0,0.0,0.0,0.0,63.0,109.57,32,109.54
"mcts:reward=score,opponent=racer",racer,2,9001,30,0,1.0,1.0,29.0,116.0,87.0,59.0,47.0,3.0,0.0,1.0,24.0,14.0,2.7857142857142856,1.0,6.0,4.0,24.0,1.0,12.0,1.0,3.0,0.0,0.0,0.0,69.0,116.45,36,116.44
"mcts:reward=score,opponent=racer",racer,2,9001,31,1,1.0,1.0,0.0,89.0,89.0,49.0,30.0,3.0,1.0,1.0,26.0,14.0,2.5,1.0,10.0,2.0,15.0,0.0,19.0,2.0,4.0,0.0,0.0,0.0,67.0,107.64,36,107.63
"mcts:reward=score,opponent=greedy+racer",racer,2,9001,30,0,1.0,1.0,23.0,110.0,87.0,70.0,30.0,2.0,0.0,1.0,30.0,14.0,3.142857142857143,2.0,1.0,3.0,17.0,1.0,25.0,0.0,2.0,0.0,0.0,0.0,73.0,120.93,37,120.92
"mcts:reward=score,opponent=greedy+racer",racer,2,9001,31,1,1.0,1.0,13.0,102.0,89.0,50.0,42.0,3.0,0.0,1.0,26.0,13.0,2.6923076923076925,1.0,10.0,6.0,11.0,1.0,23.0,1.0,3.0,0.0,0.0,0.0,65.0,111.26,34,111.24
"mcts:reward=score,opponent=racer",ppo:runs/ppo/pass2/p2b_pool_s3.json,2,9001,32,1,0.0,0.0,-33.0,69.0,102.0,59.0,10.0,2.0,1.0,0.0,15.0,11.0,3.3636363636363638,2.0,8.0,6.0,4.0,1.0,32.0,1.0,3.0,0.0,0.0,0.0,62.0,111.4,33,111.34
"mcts:reward=score,opponent=racer",ppo:runs/ppo/pass2/p2b_pool_s3.json,2,9001,33,1,0.0,0.0,-4.0,62.0,66.0,42.0,10.0,2.0,1.0,1.0,24.0,11.0,2.727272727272727,1.0,15.0,6.0,12.0,0.0,30.0,1.0,3.0,0.0,0.0,0.0,67.0,111.95,35,111.89
"mcts:reward=score,opponent=racer",greedy,2,9001,30,0,1.0,1.0,37.0,136.0,99.0,73.0,53.0,4.0,0.0,1.0,29.0,15.0,3.0,3.0,0.0,4.0,18.0,1.0,24.0,1.0,4.0,0.0,0.0,1.0,76.0,124.52,40,124.51
"mcts:reward=score,opponent=racer",greedy,2,9001,31,1,1.0,1.0,12.0,119.0,107.0,73.0,36.0,3.0,0.0,1.0,28.0,13.0,3.230769230769231,2.0,3.0,5.0,19.0,0.0,33.0,1.0,3.0,0.0,0.0,0.0,81.0,132.47,42,132.45
"mcts:reward=score,opponent=racer",linear:runs/linear/pass7/p7b_sarsa_lam98_random_s3.json@best,2,9001,32,1,1.0,1.0,16.0,105.0,89.0,50.0,45.0,5.0,0.0,1.0,14.0,12.0,2.8333333333333335,2.0,11.0,7.0,5.0,0.0,29.0,2.0,5.0,0.0,0.0,0.0,62.0,113.58,34,113.55
"mcts:reward=score,opponent=racer",linear:runs/linear/pass7/p7b_sarsa_lam98_random_s3.json@best,2,9001,33,1,0.0,0.0,-1.0,71.0,72.0,51.0,10.0,2.0,1.0,1.0,22.0,11.0,2.909090909090909,2.0,13.0,2.0,16.0,2.0,12.0,1.0,3.0,0.0,0.0,0.0,57.0,100.92,30,100.89
"mcts:reward=score,opponent=greedy+racer",greedy,2,9001,30,0,1.0,1.0,49.0,141.0,92.0,75.0,56.0,4.0,0.0,1.0,27.0,14.0,3.2142857142857144,3.0,0.0,6.0,21.0,1.0,29.0,2.0,4.0,0.0,0.0,1.0,84.0,145.04,45,145.03
"mcts:reward=score,opponent=greedy+racer",greedy,2,9001,31,1,0.0,0.0,-10.0,103.0,113.0,62.0,31.0,3.0,1.0,1.0,32.0,15.0,2.7333333333333334,1.0,4.0,1.0,21.0,0.0,23.0,2.0,4.0,0.0,0.0,0.0,79.0,140.41,42,140.4
"mcts:reward=score,opponent=greedy+racer",ppo:runs/ppo/pass2/p2b_pool_s3.json,2,9001,32,1,1.0,1.0,7.0,107.0,100.0,62.0,45.0,5.0,0.0,0.0,19.0,13.0,3.0,4.0,6.0,5.0,4.0,0.0,36.0,2.0,5.0,0.0,0.0,0.0,70.0,136.35,38,136.28
"mcts:reward=score,opponent=greedy+racer",ppo:runs/ppo/pass2/p2b_pool_s3.json,2,9001,33,1,0.0,0.0,-25.0,51.0,76.0,41.0,10.0,2.0,1.0,0.0,27.0,12.0,2.5833333333333335,1.0,14.0,2.0,10.0,0.0,22.0,1.0,3.0,0.0,0.0,0.0,59.0,114.94,31,114.88
"mcts:reward=score,opponent=racer",racer,2,9001,32,1,0.0,0.0,-12.0,92.0,104.0,52.0,40.0,4.0,0.0,0.0,14.0,15.0,2.466666666666667,2.0,8.0,5.0,4.0,0.0,34.0,1.0,4.0,0.0,0.0,0.0,70.0,113.85,37,113.84
"mcts:reward=score,opponent=racer",racer,2,9001,33,1,0.0,0.0,-43.0,51.0,94.0,40.0,1.0,2.0,1.0,1.0,27.0,13.0,2.4615384615384617,0.0,13.0,3.0,6.0,1.0,28.0,1.0,3.0,0.0,0.0,0.0,65.0,104.4,34,104.39
"mcts:reward=score,opponent=greedy+racer",linear:runs/linear/pass7/p7b_sarsa_lam98_random_s3.json@best,2,9001,32,1,1.0,1.0,10.0,107.0,97.0,57.0,40.0,4.0,0.0,1.0,21.0,13.0,2.923076923076923,2.0,7.0,4.0,3.0,0.0,35.0,1.0,4.0,0.0,0.0,0.0,66.0,126.18,35,126.15
"mcts:reward=score,opponent=greedy+racer",linear:runs/linear/pass7/p7b_sarsa_lam98_random_s3.json@best,2,9001,33,1,1.0,1.0,16.0,91.0,75.0,49.0,32.0,3.0,0.0,1.0,32.0,12.0,2.8333333333333335,2.0,11.0,3.0,13.0,1.0,23.0,1.0,3.0,0.0,0.0,0.0,65.0,117.84,34,117.81
"mcts:reward=score,opponent=greedy+racer",racer,2,9001,32,1,0.0,0.0,-20.0,84.0,104.0,46.0,28.0,3.0,0.0,1.0,15.0,10.0,3.0,2.0,15.0,8.0,3.0,2.0,35.0,1.0,3.0,0.0,0.0,0.0,64.0,128.48,34,128.47
"mcts:reward=score,opponent=greedy+racer",racer,2,9001,33,1,0.0,0.0,-23.0,71.0,94.0,51.0,10.0,2.0,1.0,1.0,21.0,14.0,2.642857142857143,1.0,8.0,3.0,12.0,0.0,26.0,1.0,3.0,0.0,0.0,0.0,69.0,119.32,36,119.31
"mcts:reward=score,opponent=racer",ppo:runs/ppo/pass2/p2b_pool_s3.json,2,9001,34,1,1.0,1.0,16.0,107.0,91.0,44.0,63.0,5.0,0.0,0.0,29.0,14.0,2.4285714285714284,1.0,11.0,2.0,8.0,0.0,26.0,2.0,5.0,0.0,0.0,0.0,66.0,114.71,36,114.64
"mcts:reward=score,opponent=racer",ppo:runs/ppo/pass2/p2b_pool_s3.json,2,9001,35,0,0.0,0.0,-2.0,71.0,73.0,37.0,34.0,3.0,0.0,0.0,22.0,12.0,2.4166666666666665,0.0,16.0,5.0,10.0,0.0,26.0,0.0,3.0,0.0,0.0,0.0,61.0,104.68,31,104.62
"mcts:reward=score,opponent=greedy+racer",ppo:runs/ppo/pass2/p2b_pool_s3.json,2,9001,34,1,0.0,0.0,-13.0,77.0,90.0,40.0,37.0,4.0,1.0,0.0,26.0,13.0,2.3846153846153846,1.0,14.0,4.0,12.0,0.0,20.0,2.0,5.0,0.0,0.0,0.0,62.0,119.37,34,119.3
"mcts:reward=score,opponent=greedy+racer",ppo:runs/ppo/pass2/p2b_pool_s3.json,2,9001,35,0,1.0,1.0,27.0,93.0,66.0,40.0,53.0,5.0,0.0,0.0,22.0,13.0,2.3846153846153846,0.0,14.0,6.0,9.0,1.0,23.0,1.0,5.0,0.0,0.0,0.0,63.0,112.58,33,112.52
"mcts:reward=score,opponent=racer",greedy,2,9001,32,1,1.0,1.0,36.0,147.0,111.0,72.0,65.0,5.0,0.0,1.0,29.0,14.0,3.0714285714285716,3.0,2.0,8.0,13.0,1.0,35.0,2.0,5.0,0.0,0.0,0.0,82.0,142.26,44,142.24
"mcts:reward=score,opponent=racer",greedy,2,9001,33,1,1.0,1.0,8.0,122.0,114.0,70.0,42.0,4.0,1.0,1.0,26.0,15.0,3.0,2.0,0.0,5.0,6.0,0.0,36.0,2.0,5.0,0.0,0.0,1.0,76.0,132.42,41,132.41
"mcts:reward=score,opponent=racer",linear:runs/linear/pass7/p7b_sarsa_lam98_random_s3.json@best,2,9001,34,1,0.0,0.0,-16.0,101.0,117.0,38.0,63.0,5.0,0.0,0.0,25.0,14.0,2.2857142857142856,0.0,13.0,3.0,6.0,1.0,26.0,2.0,5.0,0.0,0.0,0.0,66.0,112.83,36,112.8
"mcts:reward=score,opponent=racer",linear:runs/linear/pass7/p7b_sarsa_lam98_random_s3.json@best,2,9001,35,0,1.0,1.0,31.0,99.0,68.0,36.0,53.0,5.0,0.0,1.0,22.0,13.0,2.3076923076923075,0.0,15.0,4.0,10.0,0.0,26.0,1.0,5.0,0.0,0.0,0.0,65.0,107.03,34,107.0
"mcts:reward=score,opponent=greedy+racer",greedy,2,9001,32,1,1.0,1.0,17.0,140.0,123.0,75.0,65.0,5.0,0.0,0.0,29.0,14.0,3.142857142857143,3.0,1.0,8.0,10.0,1.0,38.0,2.0,5.0,0.0,0.0,0.0,82.0,148.83,44,148.82
"mcts:reward=score,opponent=greedy+racer",greedy,2,9001,33,1,1.0,1.0,6.0,116.0,110.0,74.0,32.0,3.0,0.0,1.0,25.0,15.0,3.0,2.0,0.0,4.0,16.0,0.0,30.0,1.0,3.0,0.0,0.0,1.0,78.0,136.29,41,136.28
"mcts:reward=score,opponent=greedy+racer",linear:runs/linear/pass7/p7b_sarsa_lam98_random_s3.json@best,2,9001,34,1,1.0,1.0,38.0,124.0,86.0,40.0,74.0,7.0,0.0,1.0,25.0,15.0,2.2666666666666666,0.0,11.0,2.0,8.0,0.0,26.0,3.0,7.0,0.0,0.0,0.0,70.0,122.56,39,122.53
"mcts:reward=score,opponent=greedy+racer",linear:runs/linear/pass7/p7b_sarsa_lam98_random_s3.json@best,2,9001,35,0,1.0,1.0,33.0,99.0,66.0,36.0,53.0,5.0,0.0,1.0,22.0,15.0,2.1333333333333333,0.0,13.0,5.0,8.0,0.0,26.0,1.0,5.0,0.0,0.0,0.0,67.0,113.37,35,113.34
"mcts:reward=score,opponent=racer",racer,2,9001,34,1,1.0,1.0,29.0,124.0,95.0,51.0,63.0,5.0,0.0,1.0,29.0,15.0,2.533333333333333,1.0,7.0,4.0,17.0,1.0,17.0,2.0,5.0,0.0,0.0,0.0,70.0,116.95,38,116.94
"mcts:reward=score,opponent=racer",racer,2,9001,35,0,1.0,1.0,35.0,108.0,73.0,41.0,57.0,6.0,0.0,1.0,20.0,15.0,2.2666666666666666,0.0,11.0,1.0,18.0,0.0,20.0,2.0,6.0,0.0,0.0,0.0,73.0,117.49,39,117.48
"mcts:reward=score,opponent=greedy+racer",racer,2,9001,34,1,1.0,1.0,10.0,105.0,95.0,40.0,55.0,6.0,1.0,1.0,25.0,15.0,2.2,0.0,12.0,3.0,18.0,0.0,14.0,3.0,7.0,0.0,0.0,0.0,68.0,126.19,38,126.18
"mcts:reward=score,opponent=greedy+racer",racer,2,9001,35,0,1.0,1.0,33.0,106.0,73.0,39.0,57.0,6.0,0.0,1.0,24.0,16.0,2.125,0.0,11.0,6.0,8.0,1.0,22.0,2.0,6.0,0.0,0.0,0.0,69.0,118.49,37,118.48
"mcts:reward=score,opponent=racer",ppo:runs/ppo/pass2/p2b_pool_s3.json,2,9001,36,1,0.0,0.0,-16.0,77.0,93.0,45.0,32.0,3.0,0.0,0.0,16.0,12.0,2.5833333333333335,2.0,14.0,5.0,5.0,0.0,29.0,1.0,3.0,0.0,0.0,0.0,61.0,95.55,32,95.49
"mcts:reward=score,opponent=racer",ppo:runs/ppo/pass2/p2b_pool_s3.json,2,9001,37,1,1.0,1.0,15.0,104.0,89.0,54.0,50.0,5.0,0.0,0.0,18.0,16.0,2.4375,1.0,6.0,4.0,17.0,0.0,19.0,3.0,5.0,0.0,0.0,0.0,74.0,128.06,41,127.99
"mcts:reward=score,opponent=racer",greedy,2,9001,34,1,1.0,1.0,79.0,190.0,111.0,58.0,122.0,9.0,0.0,1.0,37.0,16.0,2.625,1.0,3.0,3.0,21.0,0.0,21.0,4.0,9.0,0.0,0.0,0.0,82.0,139.95,46,139.93
"mcts:reward=score,opponent=racer",greedy,2,9001,35,0,1.0,1.0,6.0,120.0,114.0,65.0,45.0,5.0,0.0,1.0,30.0,17.0,2.6470588235294117,1.0,0.0,3.0,23.0,1.0,19.0,2.0,5.0,0.0,0.0,1.0,82.0,143.42,44,143.4
"mcts:reward=score,opponent=racer",linear:runs/linear/pass7/p7b_sarsa_lam98_random_s3.json@best,2,9001,36,1,0.0,0.0,-7.0,83.0,90.0,50.0,23.0,2.0,0.0,1.0,16.0,11.0,2.8181818181818183,2.0,14.0,4.0,7.0,2.0,31.0,0.0,2.0,0.0,0.0,0.0,65.0,99.74,33,99.72
"mcts:reward=score,opponent=racer",linear:runs/linear/pass7/p7b_sarsa_lam98_random_s3.json@best,2,9001,37,1,1.0,1.0,38.0,120.0,82.0,58.0,52.0,5.0,0.0,1.0,25.0,16.0,2.5625,1.0,4.0,4.0,9.0,0.0,29.0,2.0,5.0,0.0,0.0,0.0,74.0,114.68,40,114.65
"mcts:reward=score,opponent=greedy+racer",ppo:runs/ppo/pass2/p2b_pool_s3.json,2,9001,36,1,0.0,0.0,-43.0,53.0,96.0,43.0,10.0,2.0,1.0,0.0,16.0,12.0,2.5833333333333335,1.0,14.0,2.0,23.0,1.0,11.0,0.0,3.0,0.0,0.0,0.0,61.0,110.78,31,110.72
"mcts:reward=score,opponent=greedy+racer",ppo:runs/ppo/pass2/p2b_pool_s3.json,2,9001,37,1,0.0,0.0,-7.0,80.0,87.0,55.0,25.0,2.0,0.0,0.0,21.0,13.0,2.8461538461538463,1.0,8.0,5.0,8.0,0.0,30.0,0.0,2.0,0.0,0.0,0.0,64.0,123.18,33,123.11
"mcts:reward=score,opponent=greedy+racer",greedy,2,9001,34,1,1.0,1.0,52.0,132.0,80.0,72.0,50.0,4.0,0.0,1.0,24.0,14.0,3.2142857142857144,2.0,0.0,6.0,8.0,1.0,44.0,1.0,4.0,0.0,0.0,1.0,83.0,150.5,44,150.49
"mcts:reward=score,opponent=greedy+racer",greedy,2,9001,35,0,1.0,1.0,47.0,136.0,89.0,66.0,60.0,6.0,0.0,1.0,28.0,16.0,2.8125,1.0,0.0,3.0,23.0,0.0,23.0,2.0,6.0,0.0,0.0,1.0,82.0,146.08,44,146.07
"mcts:reward=score,opponent=racer",racer,2,9001,36,1,1.0,1.0,18.0,113.0,95.0,49.0,54.0,5.0,0.0,1.0,18.0,13.0,2.5384615384615383,1.0,12.0,6.0,7.0,1.0,27.0,2.0,5.0,0.0,0.0,0.0,67.0,103.37,36,103.36
"mcts:reward=score,opponent=racer",racer,2,9001,37,1,1.0,1.0,18.0,113.0,95.0,61.0,42.0,4.0,0.0,1.0,18.0,15.0,2.7333333333333334,2.0,4.0,6.0,9.0,1.0,33.0,1.0,4.0,0.0,0.0,0.0,76.0,121.32,40,121.3
"mcts:reward=score,opponent=greedy+racer",linear:runs/linear/pass7/p7b_sarsa_lam98_random_s3.json@best,2,9001,36,1,0.0,0.0,-23.0,69.0,92.0,47.0,12.0,2.0,1.0,1.0,20.0,15.0,2.4,0.0,9.0,3.0,24.0,0.0,12.0,0.0,3.0,0.0,0.0,0.0,67.0,109.05,34,109.02
"mcts:reward=score,opponent=greedy+racer",linear:runs/linear/pass7/p7b_sarsa_lam98_random_s3.json@best,2,9001,37,1,1.0,1.0,19.0,102.0,83.0,48.0,44.0,4.0,0.0,1.0,21.0,13.0,2.5384615384615383,1.0,12.0,4.0,15.0,0.0,19.0,2.0,4.0,0.0,0.0,0.0,64.0,118.18,35,118.15
"mcts:reward=score,opponent=greedy+racer",racer,2,9001,36,1,0.0,0.0,-8.0,87.0,95.0,43.0,34.0,3.0,0.0,1.0,17.0,13.0,2.4615384615384617,1.0,13.0,4.0,21.0,1.0,13.0,0.0,3.0,0.0,0.0,0.0,63.0,107.47,32,107.45
"mcts:reward=score,opponent=greedy+racer",racer,2,9001,37,1,1.0,1.0,13.0,108.0,95.0,56.0,42.0,4.0,0.0,1.0,23.0,15.0,2.6666666666666665,0.0,5.0,5.0,10.0,1.0,28.0,1.0,4.0,0.0,0.0,0.0,72.0,123.92,38,123.9
"mcts:reward=score,opponent=racer",greedy,2,9001,36,1,0.0,0.0,-59.0,89.0,148.0,55.0,34.0,3.0,0.0,0.0,16.0,15.0,2.6666666666666665,1.0,5.0,4.0,10.0,0.0,34.0,0.0,3.0,0.0,0.0,0.0,75.0,117.9,38,117.88
"mcts:reward=score,opponent=racer",greedy,2,9001,37,1,1.0,1.0,36.0,134.0,98.0,67.0,57.0,5.0,0.0,1.0,25.0,16.0,2.8125,1.0,0.0,5.0,18.0,0.0,28.0,3.0,5.0,0.0,0.0,1.0,83.0,141.92,46,141.9
"mcts:reward=score,opponent=racer",ppo:runs/ppo/pass2/p2b_pool_s3.json,2,9001,38,1,1.0,1.0,0.0,89.0,89.0,56.0,33.0,2.0,0.0,0.0,24.0,11.0,3.090909090909091,1.0,11.0,4.0,10.0,1.0,28.0,0.0,2.0,0.0,0.0,0.0,62.0,111.95,32,111.89
"mcts:reward=score,opponent=racer",ppo:runs/ppo/pass2/p2b_pool_s3.json,2,9001,39,0,0.0,0.0,-1.0,84.0,85.0,44.0,40.0,3.0,0.0,0.0,24.0,11.0,2.8181818181818183,1.0,14.0,1.0,28.0,1.0,12.0,0.0,3.0,0.0,0.0,0.0,64.0,117.76,33,117.7
"mcts:reward=score,opponent=greedy+racer",greedy,2,9001,36,1,0.0,0.0,-62.0,62.0,124.0,52.0,10.0,3.0,1.0,0.0,14.0,14.0,2.5714285714285716,1.0,9.0,8.0,11.0,2.0,31.0,2.0,4.0,0.0,0.0,0.0,79.0,144.55,42,144.54
"mcts:reward=score,opponent=greedy+racer",greedy,2,9001,37,1,1.0,1.0,34.0,125.0,91.0,69.0,46.0,4.0,0.0,1.0,32.0,15.0,2.933333333333333,1.0,1.0,6.0,20.0,1.0,30.0,2.0,4.0,0.0,0.0,1.0,85.0,147.74,46,147.73
"mcts:reward=score,opponent=greedy+racer",ppo:runs/ppo/pass2/p2b_pool_s3.json,2,9001,38,1,1.0,1.0,21.0,106.0,85.0,47.0,59.0,5.0,0.0,0.0,21.0,14.0,2.5,1.0,10.0,3.0,18.0,1.0,14.0,2.0,5.0,0.0,0.0,0.0,66.0,127.9,36,127.83
"mcts:reward=score,opponent=greedy+racer",ppo:runs/ppo/pass2/p2b_pool_s3.json,2,9001,39,0,0.0,0.0,-5.0,80.0,85.0,63.0,17.0,2.0,1.0,0.0,20.0,10.0,3.7,3.0,8.0,3.0,15.0,2.0,25.0,1.0,3.0,0.0,0.0,0.0,66.0,126.87,35,126.81
"mcts:reward=score,opponent=racer",linear:runs/linear/pass7/p7b_sarsa_lam98_random_s3.json@best,2,9001,38,1,1.0,1.0,28.0,111.0,83.0,50.0,51.0,4.0,0.0,1.0,25.0,16.0,2.375,0.0,7.0,4.0,9.0,0.0,27.0,1.0,4.0,0.0,0.0,0.0,70.0,115.59,37,115.56
"mcts:reward=score,opponent=racer",linear:runs/linear/pass7/p7b_sarsa_lam98_random_s3.json@best,2,9001,39,0,1.0,1.0,15.0,125.0,110.0,55.0,60.0,4.0,0.0,1.0,24.0,14.0,2.7857142857142856,1.0,6.0,7.0,6.0,1.0,34.0,1.0,4.0,0.0,0.0,0.0,72.0,122.13,38,122.09
"mcts:reward=score,opponent=greedy+racer",linear:runs/linear/pass7/p7b_sarsa_lam98_random_s3.json@best,2,9001,38,1,1.0,1.0,21.0,101.0,80.0,40.0,51.0,4.0,0.0,1.0,22.0,15.0,2.2666666666666666,0.0,11.0,3.0,16.0,1.0,18.0,1.0,4.0,0.0,0.0,0.0,68.0,124.83,36,124.8
"mcts:reward=score,opponent=greedy+racer",linear:runs/linear/pass7/p7b_sarsa_lam98_random_s3.json@best,2,9001,39,0,0.0,0.0,-10.0,99.0,109.0,58.0,31.0,3.0,0.0,1.0,28.0,14.0,2.857142857142857,1.0,5.0,0.0,15.0,0.0,27.0,1.0,3.0,0.0,0.0,0.0,72.0,127.68,38,127.64
"mcts:reward=score,opponent=racer",racer,2,9001,38,1,1.0,1.0,25.0,121.0,96.0,60.0,51.0,4.0,0.0,1.0,30.0,13.0,2.923076923076923,2.0,7.0,5.0,14.0,1.0,22.0,1.0,4.0,0.0,0.0,0.0,66.0,115.1,35,115.09
"mcts:reward=score,opponent=racer",racer,2,9001,39,0,1.0,1.0,43.0,122.0,79.0,52.0,60.0,4.0,0.0,1.0,22.0,12.0,2.9166666666666665,1.0,10.0,7.0,5.0,3.0,31.0,1.0,4.0,0.0,0.0,0.0,68.0,123.25,36,123.23
"mcts:reward=score,opponent=racer",ppo:runs/ppo/pass2/p2b_pool_s3.json,2,9001,40,0,0.0,0.0,-28.0,55.0,83.0,59.0,-14.0,1.0,1.0,1.0,17.0,9.0,3.6666666666666665,3.0,12.0,6.0,1.0,1.0,39.0,0.0,2.0,0.0,0.0,0.0,61.0,95.13,31,95.07
"mcts:reward=score,opponent=racer",ppo:runs/ppo/pass2/p2b_pool_s3.json,2,9001,41,0,1.0,1.0,6.0,101.0,95.0,66.0,35.0,3.0,0.0,0.0,38.0,11.0,3.4545454545454546,3.0,7.0,4.0,10.0,0.0,28.0,1.0,3.0,0.0,0.0,0.0,63.0,103.0,33,102.94
"mcts:reward=score,opponent=greedy+racer",racer,2,9001,38,1,1.0,1.0,33.0,129.0,96.0,57.0,62.0,5.0,0.0,1.0,27.0,18.0,2.5,0.0,0.0,6.0,14.0,0.0,28.0,1.0,5.0,0.0,0.0,1.0,79.0,133.27,42,133.26
"mcts:reward=score,opponent=greedy+racer",racer,2,9001,39,0,1.0,1.0,29.0,108.0,79.0,59.0,39.0,4.0,0.0,1.0,32.0,15.0,2.8,0.0,3.0,1.0,23.0,0.0,17.0,2.0,4.0,0.0,0.0,0.0,74.0,132.89,40,132.88
"mcts:reward=score,opponent=racer",greedy,2,9001,38,1,1.0,1.0,18.0,133.0,115.0,56.0,67.0,6.0,0.0,1.0,24.0,20.0,2.25,0.0,0.0,5.0,11.0,1.0,29.0,2.0,6.0,0.0,0.0,1.0,85.0,137.99,46,137.98
"mcts:reward=score,opponent=racer",greedy,2,9001,39,0,1.0,1.0,58.0,136.0,78.0,66.0,60.0,4.0,0.0,1.0,35.0,15.0,3.0,1.0,0.0,5.0,14.0,1.0,32.0,1.0,4.0,0.0,0.0,1.0,79.0,133.74,42,133.72
"mcts:reward=score,opponent=greedy+racer",ppo:runs/ppo/pass2/p2b_pool_s3.json,2,9001,40,0,0.0,0.0,-17.0,80.0,97.0,67.0,13.0,2.0,1.0,0.0,21.0,11.0,3.4545454545454546,3.0,7.0,3.0,9.0,0.0,29.0,1.0,3.0,0.0,0.0,0.0,63.0,116.55,33,116.49
"mcts:reward=score,opponent=greedy+racer",ppo:runs/ppo/pass2/p2b_pool_s3.json,2,9001,41,0,0.0,0.0,-42.0,55.0,97.0,55.0,0.0,1.0,1.0,0.0,21.0,11.0,3.090909090909091,1.0,11.0,3.0,12.0,0.0,28.0,0.0,2.0,0.0,0.0,0.0,63.0,112.16,32,112.1
"mcts:reward=score,opponent=racer",linear:runs/linear/pass7/p7b_sarsa_lam98_random_s3.json@best,2,9001,40,0,1.0,1.0,16.0,102.0,86.0,53.0,39.0,3.0,0.0,1.0,23.0,14.0,2.7142857142857144,1.0,7.0,6.0,6.0,0.0,32.0,1.0,3.0,0.0,0.0,0.0,69.0,104.94,36,104.91
"mcts:reward=score,opponent=racer",linear:runs/linear/pass7/p7b_sarsa_lam98_random_s3.json@best,2,9001,41,0,1.0,1.0,41.0,126.0,85.0,56.0,60.0,5.0,0.0,1.0,22.0,13.0,2.8461538461538463,1.0,8.0,5.0,10.0,0.0,28.0,2.0,5.0,0.0,0.0,0.0,69.0,110.98,37,110.95
"mcts:reward=score,opponent=greedy+racer",greedy,2,9001,38,1,1.0,1.0,9.0,123.0,114.0,64.0,59.0,5.0,0.0,0.0,21.0,17.0,2.6470588235294117,1.0,0.0,8.0,10.0,0.0,38.0,2.0,5.0,0.0,0.0,1.0,85.0,154.12,46,154.11
"mcts:reward=score,opponent=greedy+racer",greedy,2,9001,39,0,1.0,1.0,58.0,162.0,104.0,69.0,83.0,7.0,0.0,1.0,29.0,15.0,3.0,2.0,0.0,5.0,7.0,0.0,45.0,3.0,7.0,0.0,0.0,1.0,87.0,148.52,48,148.51
"mcts:reward=score,opponent=greedy+racer",linear:runs/linear/pass7/p7b_sarsa_lam98_random_s3.json@best,2,9001,40,0,1.0,1.0,32.0,111.0,79.0,62.0,39.0,3.0,0.0,1.0,22.0,13.0,3.076923076923077,2.0,5.0,5.0,7.0,0.0,31.0,1.0,3.0,0.0,0.0,0.0,67.0,115.54,35,115.51
"mcts:reward=score,opponent=greedy+racer",linear:runs/linear/pass7/p7b_sarsa_lam98_random_s3.json@best,2,9001,41,0,1.0,1.0,7.0,91.0,84.0,59.0,22.0,2.0,0.0,1.0,32.0,14.0,2.7857142857142856,1.0,6.0,4.0,12.0,1.0,30.0,0.0,2.0,0.0,0.0,0.0,73.0,114.34,37,114.31
"mcts:reward=score,opponent=racer",racer,2,9001,40,0,1.0,1.0,18.0,114.0,96.0,65.0,39.0,3.0,0.0,1.0,26.0,13.0,3.076923076923077,2.0,5.0,8.0,8.0,2.0,28.0,1.0,3.0,0.0,0.0,0.0,69.0,106.67,36,106.66
"mcts:reward=score,opponent=racer",racer,2,9001,41,0,1.0,1.0,3.0,108.0,105.0,63.0,35.0,3.0,0.0,1.0,27.0,13.0,3.230769230769231,1.0,3.0,6.0,6.0,0.0,36.0,1.0,3.0,0.0,0.0,0.0,71.0,109.83,37,109.82
"mcts:reward=score,opponent=greedy+racer",racer,2,9001,40,0,1.0,1.0,13.0,109.0,96.0,50.0,49.0,4.0,0.0,1.0,28.0,15.0,2.466666666666667,1.0,8.0,4.0,10.0,0.0,26.0,2.0,4.0,0.0,0.0,0.0,71.0,115.8,38,115.78
"mcts:reward=score,opponent=greedy+racer",racer,2,9001,41,0,1.0,1.0,28.0,123.0,95.0,62.0,51.0,4.0,0.0,1.0,28.0,13.0,3.0,2.0,6.0,2.0,19.0,0.0,25.0,1.0,4.0,0.0,0.0,0.0,73.0,116.46,38,116.44
"mcts:reward=score,opponent=racer",greedy,2,9001,40,0,1.0,1.0,67.0,171.0,104.0,78.0,83.0,6.0,0.0,1.0,42.0,14.0,3.2142857142857144,4.0,0.0,6.0,9.0,0.0,41.0,3.0,6.0,0.0,0.0,0.0,85.0,130.94,46,130.93
"mcts:reward=score,opponent=racer",greedy,2,9001,41,0,1.0,1.0,52.0,155.0,103.0,70.0,75.0,6.0,0.0,1.0,33.0,14.0,3.2142857142857144,2.0,0.0,6.0,10.0,1.0,38.0,3.0,6.0,0.0,0.0,1.0,84.0,134.65,46,134.64
"mcts:reward=score,opponent=racer",ppo:runs/ppo/pass2/p2b_pool_s3.json,2,9001,42,1,0.0,0.0,-17.0,77.0,94.0,46.0,31.0,4.0,1.0,0.0,15.0,11.0,2.8181818181818183,1.0,14.0,4.0,14.0,0.0,22.0,1.0,5.0,0.0,0.0,0.0,61.0,102.17,32,102.11
"mcts:reward=score,opponent=racer",ppo:runs/ppo/pass2/p2b_pool_s3.json,2,9001,43,1,1.0,1.0,3.0,91.0,88.0,52.0,39.0,3.0,1.0,0.0,22.0,10.0,3.2,3.0,13.0,3.0,16.0,1.0,22.0,1.0,4.0,0.0,0.0,0.0,62.0,118.47,33,118.41
"mcts:reward=score,opponent=greedy+racer",ppo:runs/ppo/pass2/p2b_pool_s3.json,2,9001,42,1,1.0,1.0,17.0,98.0,81.0,47.0,41.0,5.0,1.0,1.0,15.0,12.0,2.6666666666666665,2.0,13.0,4.0,11.0,0.0,19.0,2.0,6.0,0.0,0.0,0.0,59.0,113.01,32,112.95
"mcts:reward=score,opponent=greedy+racer",ppo:runs/ppo/pass2/p2b_pool_s3.json,2,9001,43,1,1.0,1.0,27.0,113.0,86.0,52.0,61.0,4.0,0.0,0.0,24.0,12.0,2.9166666666666665,2.0,10.0,4.0,18.0,0.0,18.0,1.0,4.0,0.0,0.0,0.0,62.0,123.27,33,123.21
"mcts:reward=score,opponent=racer",linear:runs/linear/pass7/p7b_sarsa_lam98_random_s3.json@best,2,9001,42,1,1.0,1.0,27.0,109.0,82.0,50.0,49.0,5.0,0.0,1.0,18.0,12.0,2.8333333333333335,2.0,11.0,2.0,13.0,0.0,21.0,1.0,5.0,0.0,0.0,0.0,61.0,101.84,32,101.82
"mcts:reward=score,opponent=racer",linear:runs/linear/pass7/p7b_sarsa_lam98_random_s3.json@best,2,9001,43,1,1.0,1.0,63.0,140.0,77.0,52.0,78.0,6.0,0.0,1.0,28.0,13.0,2.769230769230769,2.0,9.0,3.0,20.0,0.0,14.0,2.0,6.0,0.0,0.0,0.0,64.0,116.74,35,116.71
"mcts:reward=score,opponent=racer",racer,2,9001,42,1,1.0,1.0,10.0,112.0,102.0,53.0,49.0,5.0,0.0,1.0,18.0,12.0,2.9166666666666665,2.0,10.0,3.0,14.0,0.0,24.0,1.0,5.0,0.0,0.0,0.0,65.0,98.52,34,98.51
"mcts:reward=score,opponent=racer",racer,2,9001,43,1,1.0,1.0,37.0,123.0,86.0,52.0,61.0,4.0,0.0,1.0,25.0,13.0,2.6923076923076925,2.0,10.0,2.0,24.0,0.0,12.0,1.0,4.0,0.0,0.0,0.0,64.0,115.52,34,115.5
"mcts:reward=score,opponent=greedy+racer",greedy,2,9001,40,0,1.0,1.0,72.0,138.0,66.0,83.0,45.0,4.0,0.0,1.0,24.0,12.0,3.75,5.0,0.0,8.0,2.0,0.0,54.0,2.0,4.0,0.0,0.0,1.0,84.0,143.84,45,143.83
"mcts:reward=score,opponent=greedy+racer",greedy,2,9001,41,0,1.0,1.0,52.0,147.0,95.0,65.0,72.0,6.0,0.0,1.0,31.0,15.0,2.933333333333333,1.0,1.0,5.0,15.0,1.0,31.0,2.0,6.0,0.0,0.0,0.0,83.0,143.27,44,143.26
"mcts:reward=score,opponent=greedy+racer",linear:runs/linear/pass7/p7b_sarsa_lam98_random_s3.json@best,2,9001,42,1,1.0,1.0,20.0,107.0,87.0,48.0,49.0,5.0,0.0,1.0,19.0,12.0,2.75,2.0,12.0,3.0,14.0,0.0,24.0,1.0,5.0,0.0,0.0,0.0,65.0,112.69,34,112.66
"mcts:reward=score,opponent=greedy+racer",linear:runs/linear/pass7/p7b_sarsa_lam98_random_s3.json@best,2,9001,43,1,1.0,1.0,62.0,142.0,80.0,54.0,78.0,6.0,0.0,1.0,28.0,14.0,2.7142857142857144,2.0,7.0,4.0,22.0,0.0,16.0,2.0,6.0,0.0,0.0,0.0,70.0,125.25,38,125.22
"mcts:reward=score,opponent=greedy+racer",racer,2,9001,42,1,1.0,1.0,7.0,99.0,92.0,48.0,41.0,5.0,1.0,1.0,15.0,12.0,2.75,2.0,12.0,5.0,19.0,0.0,19.0,2.0,6.0,0.0,0.0,0.0,67.0,113.5,36,113.49
"mcts:reward=score,opponent=greedy+racer",racer,2,9001,43,1,1.0,1.0,20.0,107.0,87.0,58.0,39.0,3.0,1.0,1.0,27.0,13.0,2.8461538461538463,2.0,8.0,4.0,22.0,1.0,16.0,1.0,4.0,0.0,0.0,0.0,68.0,121.89,36,121.88
"mcts:reward=score,opponent=racer",ppo:runs/ppo/pass2/p2b_pool_s3.json,2,9001,44,0,0.0,0.0,-30.0,52.0,82.0,46.0,-4.0,3.0,2.0,1.0,21.0,14.0,2.357142857142857,1.0,12.0,1.0,13.0,0.0,19.0,1.0,5.0,0.0,0.0,0.0,62.0,110.07,33,110.01
"mcts:reward=score,opponent=racer",ppo:runs/ppo/pass2/p2b_pool_s3.json,2,9001,45,1,0.0,0.0,-5.0,83.0,88.0,42.0,41.0,4.0,0.0,0.0,22.0,13.0,2.4615384615384617,0.0,13.0,4.0,11.0,2.0,19.0,1.0,4.0,0.0,0.0,0.0,62.0,105.27,33,105.22
"mcts:reward=score,opponent=racer",greedy,2,9001,42,1,0.0,0.0,-45.0,82.0,127.0,54.0,28.0,4.0,1.0,0.0,29.0,14.0,2.7142857142857144,1.0,7.0,3.0,9.0,1.0,35.0,2.0,5.0,0.0,0.0,0.0,79.0,135.82,42,135.8
"mcts:reward=score,opponent=racer",greedy,2,9001,43,1,1.0,1.0,87.0,175.0,88.0,66.0,99.0,8.0,0.0,1.0,27.0,16.0,2.6875,2.0,2.0,4.0,23.0,0.0,19.0,3.0,8.0,0.0,0.0,1.0,79.0,142.99,44,142.97
"mcts:reward=score,opponent=greedy+racer",ppo:runs/ppo/pass2/p2b_pool_s3.json,2,9001,44,0,1.0,1.0,48.0,118.0,70.0,46.0,62.0,5.0,0.0,1.0,23.0,13.0,2.4615384615384617,1.0,13.0,3.0,14.0,0.0,20.0,1.0,5.0,0.0,0.0,0.0,62.0,121.69,33,121.62
"mcts:reward=score,opponent=greedy+racer",ppo:runs/ppo/pass2/p2b_pool_s3.json,2,9001,45,1,0.0,0.0,-30.0,58.0,88.0,39.0,19.0,3.0,1.0,0.0,22.0,13.0,2.3846153846153846,0.0,14.0,2.0,11.0,0.0,23.0,1.0,4.0,0.0,0.0,0.0,62.0,117.6,33,117.54
"mcts:reward=score,opponent=greedy+racer",greedy,2,9001,42,1,1.0,1.0,16.0,157.0,141.0,63.0,94.0,9.0,0.0,0.0,29.0,17.0,2.6470588235294117,2.0,0.0,6.0,6.0,1.0,38.0,4.0,9.0,0.0,0.0,1.0,88.0,153.97,49,153.96
"mcts:reward=score,opponent=greedy+racer",greedy,2,9001,43,1,1.0,1.0,65.0,177.0,112.0,68.0,99.0,8.0,0.0,1.0,29.0,17.0,2.6470588235294117,2.0,0.0,6.0,15.0,0.0,29.0,3.0,8.0,0.0,0.0,1.0,83.0,149.95,46,149.94
"mcts:reward=score,opponent=racer",linear:runs/linear/pass7/p7b_sarsa_lam98_random_s3.json@best,2,9001,44,0,1.0,1.0,7.0,113.0,106.0,52.0,51.0,4.0,0.0,1.0,24.0,15.0,2.4,2.0,9.0,5.0,11.0,1.0,27.0,1.0,4.0,0.0,0.0,0.0,72.0,119.0,38,118.97
"mcts:reward=score,opponent=racer",linear:runs/linear/pass7/p7b_sarsa_lam98_random_s3.json@best,2,9001,45,1,1.0,1.0,14.0,88.0,74.0,58.0,20.0,2.0,1.0,1.0,21.0,14.0,2.7857142857142856,1.0,6.0,2.0,10.0,0.0,28.0,1.0,3.0,0.0,0.0,0.0,68.0,111.19,36,111.16
"mcts:reward=score,opponent=racer",racer,2,9001,44,0,1.0,1.0,26.0,121.0,95.0,56.0,55.0,4.0,0.0,1.0,29.0,16.0,2.5,2.0,5.0,3.0,18.0,0.0,24.0,1.0,4.0,0.0,0.0,0.0,76.0,115.29,40,115.28
"mcts:reward=score,opponent=racer",racer,2,9001,45,1,1.0,1.0,13.0,101.0,88.0,66.0,25.0,2.0,0.0,1.0,21.0,15.0,2.8666666666666667,2.0,2.0,5.0,12.0,0.0,32.0,0.0,2.0,0.0,0.0,0.0,74.0,110.75,38,110.73
"mcts:reward=score,opponent=greedy+racer",linear:runs/linear/pass7/p7b_sarsa_lam98_random_s3.json@best,2,9001,44,0,1.0,1.0,36.0,121.0,85.0,49.0,62.0,5.0,0.0,1.0,26.0,15.0,2.3333333333333335,1.0,10.0,2.0,14.0,0.0,18.0,1.0,5.0,0.0,0.0,0.0,64.0,124.52,34,124.5
"mcts:reward=score,opponent=greedy+racer",linear:runs/linear/pass7/p7b_sarsa_lam98_random_s3.json@best,2,9001,45,1,1.0,1.0,21.0,99.0,78.0,46.0,43.0,4.0,0.0,1.0,22.0,14.0,2.5,0.0,10.0,4.0,18.0,0.0,16.0,2.0,4.0,0.0,0.0,0.0,66.0,124.99,36,124.96
"mcts:reward=score,opponent=racer",ppo:runs/ppo/pass2/p2b_pool_s3.json,2,9001,46,0,0.0,0.0,-18.0,66.0,84.0,36.0,30.0,3.0,0.0,0.0,16.0,11.0,2.4545454545454546,1.0,18.0,3.0,21.0,1.0,15.0,0.0,3.0,0.0,0.0,0.0,60.0,103.66,31,103.61
"mcts:reward=score,opponent=racer",ppo:runs/ppo/pass2/p2b_pool_s3.json,2,9001,47,1,0.0,0.0,-16.0,83.0,99.0,53.0,30.0,3.0,0.0,0.0,23.0,11.0,3.090909090909091,2.0,11.0,4.0,5.0,0.0,31.0,1.0,3.0,0.0,0.0,0.0,61.0,99.64,32,99.58
"mcts:reward=score,opponent=greedy+racer",racer,2,9001,44,0,1.0,1.0,26.0,121.0,95.0,49.0,62.0,5.0,0.0,1.0,24.0,15.0,2.3333333333333335,1.0,10.0,3.0,11.0,1.0,21.0,1.0,5.0,0.0,0.0,0.0,66.0,126.95,35,126.94
"mcts:reward=score,opponent=greedy+racer",racer,2,9001,45,1,0.0,0.0,-4.0,84.0,88.0,55.0,19.0,3.0,1.0,1.0,25.0,14.0,2.7142857142857144,2.0,7.0,6.0,14.0,1.0,22.0,1.0,4.0,0.0,0.0,0.0,68.0,125.96,36,125.95
"mcts:reward=score,opponent=racer",greedy,2,9001,44,0,1.0,1.0,4.0,133.0,129.0,70.0,53.0,5.0,0.0,1.0,29.0,16.0,2.8125,1.0,0.0,4.0,10.0,1.0,38.0,2.0,5.0,0.0,0.0,0.0,86.0,145.19,46,145.18
"mcts:reward=score,opponent=racer",greedy,2,9001,45,1,0.0,0.0,-1.0,118.0,119.0,58.0,60.0,5.0,0.0,0.0,26.0,15.0,2.7333333333333334,0.0,4.0,8.0,11.0,1.0,27.0,3.0,5.0,0.0,0.0,0.0,76.0,133.36,42,133.35
"mcts:reward=score,opponent=greedy+racer",ppo:runs/ppo/pass2/p2b_pool_s3.json,2,9001,46,0,1.0,1.0,6.0,86.0,80.0,42.0,34.0,3.0,0.0,1.0,23.0,11.0,2.727272727272727,0.0,15.0,1.0,12.0,0.0,26.0,1.0,3.0,0.0,0.0,0.0,62.0,123.02,33,122.95
"mcts:reward=score,opponent=greedy+racer",ppo:runs/ppo/pass2/p2b_pool_s3.json,2,9001,47,1,1.0,1.0,7.0,103.0,96.0,53.0,50.0,4.0,0.0,0.0,23.0,11.0,3.0,2.0,12.0,5.0,8.0,1.0,28.0,1.0,4.0,0.0,0.0,0.0,63.0,119.96,33,119.9
"mcts:reward=score,opponent=racer",linear:runs/linear/pass7/p7b_sarsa_lam98_random_s3.json@best,2,9001,46,0,0.0,0.0,-7.0,76.0,83.0,53.0,13.0,3.0,1.0,1.0,20.0,14.0,2.642857142857143,2.0,8.0,2.0,14.0,1.0,22.0,1.0,4.0,0.0,0.0,0.0,68.0,110.54,36,110.51
"mcts:reward=score,opponent=racer",linear:runs/linear/pass7/p7b_sarsa_lam98_random_s3.json@best,2,9001,47,1,1.0,1.0,16.0,104.0,88.0,57.0,37.0,4.0,0.0,1.0,26.0,12.0,3.0833333333333335,1.0,8.0,3.0,3.0,0.0,35.0,1.0,4.0,0.0,0.0,0.0,65.0,101.95,34,101.92
"mcts:reward=score,opponent=greedy+racer",greedy,2,9001,44,0,1.0,1.0,4.0,133.0,129.0,70.0,53.0,5.0,0.0,1.0,29.0,16.0,2.8125,1.0,0.0,4.0,8.0,1.0,40.0,2.0,5.0,0.0,0.0,0.0,86.0,155.88,46,155.87
"mcts:reward=score,opponent=greedy+racer",greedy,2,9001,45,1,1.0,1.0,5.0,106.0,101.0,59.0,47.0,4.0,0.0,0.0,27.0,17.0,2.588235294117647,0.0,1.0,5.0,14.0,0.0,28.0,1.0,4.0,0.0,0.0,1.0,77.0,139.78,41,139.77
"mcts:reward=score,opponent=racer",racer,2,9001,46,0,0.0,0.0,-6.0,87.0,93.0,47.0,30.0,3.0,0.0,1.0,16.0,13.0,2.6153846153846154,1.0,11.0,2.0,16.0,0.0,22.0,0.0,3.0,0.0,0.0,0.0,64.0,110.91,33,110.9
"mcts:reward=score,opponent=racer",racer,2,9001,47,1,0.0,0.0,-6.0,99.0,105.0,46.0,43.0,5.0,0.0,1.0,15.0,14.0,2.5,0.0,10.0,4.0,2.0,0.0,36.0,2.0,5.0,0.0,0.0,0.0,71.0,111.35,38,111.34
"mcts:reward=score,opponent=greedy+racer",linear:runs/linear/pass7/p7b_sarsa_lam98_random_s3.json@best,2,9001,46,0,1.0,1.0,7.0,90.0,83.0,46.0,34.0,3.0,0.0,1.0,28.0,14.0,2.5,0.0,10.0,2.0,20.0,0.0,16.0,1.0,3.0,0.0,0.0,0.0,66.0,122.92,35,122.89
"mcts:reward=score,opponent=greedy+racer",linear:runs/linear/pass7/p7b_sarsa_lam98_random_s3.json@best,2,9001,47,1,0.0,0.0,-8.0,90.0,98.0,46.0,44.0,5.0,1.0,0.0,18.0,13.0,2.6153846153846154,1.0,11.0,8.0,4.0,0.0,30.0,2.0,6.0,0.0,0.0,0.0,65.0,119.01,35,118.98
"mcts:reward=score,opponent=greedy+racer",racer,2,9001,46,0,1.0,1.0,14.0,107.0,93.0,55.0,42.0,5.0,0.0,1.0,24.0,17.0,2.5294117647058822,0.0,2.0,4.0,17.0,0.0,31.0,2.0,5.0,0.0,0.0,0.0,86.0,135.08,46,135.06
"mcts:reward=score,opponent=greedy+racer",racer,2,9001,47,1,1.0,1.0,6.0,101.0,95.0,54.0,37.0,4.0,0.0,1.0,27.0,13.0,2.769230769230769,2.0,9.0,4.0,5.0,0.0,31.0,1.0,4.0,0.0,0.0,0.0,65.0,115.36,34,115.35
"mcts:reward=score,opponent=racer",greedy,2,9001,46,0,1.0,1.0,72.0,143.0,71.0,73.0,60.0,5.0,0.0,1.0,39.0,15.0,3.0,2.0,0.0,5.0,19.0,0.0,27.0,1.0,5.0,0.0,0.0,1.0,77.0,127.39,41,127.38
"mcts:reward=score,opponent=racer",greedy,2,9001,47,1,1.0,1.0,14.0,113.0,99.0,73.0,30.0,3.0,0.0,1.0,24.0,15.0,3.0,2.0,0.0,5.0,19.0,1.0,23.0,0.0,3.0,0.0,0.0,1.0,74.0,118.35,38,118.33
"mcts:reward=score,opponent=racer",ppo:runs/ppo/pass2/p2b_pool_s3.json,2,9001,48,0,1.0,1.0,22.0,114.0,92.0,57.0,57.0,5.0,0.0,0.0,26.0,16.0,2.5625,1.0,4.0,1.0,29.0,0.0,11.0,1.0,5.0,0.0,0.0,0.0,74.0,124.58,39,124.5
"mcts:reward=score,opponent=racer",ppo:runs/ppo/pass2/p2b_pool_s3.json,2,9001,49,0,1.0,1.0,19.0,107.0,88.0,53.0,54.0,6.0,0.0,0.0,22.0,15.0,2.6,0.0,6.0,7.0,2.0,0.0,34.0,2.0,6.0,0.0,0.0,0.0,71.0,117.16,38,117.09
"mcts:reward=score,opponent=greedy+racer",ppo:runs/ppo/pass2/p2b_pool_s3.json,2,9001,48,0,0.0,0.0,-39.0,45.0,84.0,40.0,5.0,2.0,1.0,0.0,12.0,12.0,2.5,0.0,15.0,1.0,26.0,0.0,14.0,0.0,3.0,0.0,0.0,0.0,64.0,126.37,33,126.31
"mcts:reward=score,opponent=greedy+racer",ppo:runs/ppo/pass2/p2b_pool_s3.json,2,9001,49,0,0.0,0.0,-18.0,69.0,87.0,48.0,21.0,4.0,1.0,0.0,19.0,13.0,2.4615384615384617,1.0,13.0,9.0,9.0,1.0,21.0,1.0,5.0,0.0,0.0,0.0,61.0,114.48,32,114.42
"mcts:reward=score,opponent=racer",linear:runs/linear/pass7/p7b_sarsa_lam98_random_s3.json@best,2,9001,48,0,0.0,0.0,-8.0,64.0,72.0,47.0,7.0,1.0,1.0,1.0,23.0,13.0,2.6153846153846154,1.0,11.0,2.0,13.0,1.0,25.0,0.0,2.0,0.0,0.0,0.0,66.0,115.03,34,115.0
"mcts:reward=score,opponent=racer",linear:runs/linear/pass7/p7b_sarsa_lam98_random_s3.json@best,2,9001,49,0,1.0,1.0,19.0,98.0,79.0,50.0,38.0,4.0,0.0,1.0,24.0,13.0,2.6153846153846154,1.0,11.0,5.0,8.0,1.0,24.0,1.0,4.0,0.0,0.0,0.0,63.0,106.71,33,106.68
"mcts:reward=score,opponent=greedy+racer",greedy,2,9001,46,0,1.0,1.0,53.0,154.0,101.0,65.0,79.0,6.0,0.0,1.0,33.0,17.0,2.5294117647058822,2.0,2.0,4.0,22.0,1.0,20.0,2.0,6.0,0.0,0.0,0.0,82.0,147.61,44,147.6
"mcts:reward=score,opponent=greedy+racer",greedy,2,9001,47,1,1.0,1.0,39.0,123.0,84.0,66.0,47.0,4.0,0.0,1.0,27.0,16.0,2.8125,1.0,0.0,2.0,29.0,0.0,17.0,1.0,4.0,0.0,0.0,1.0,80.0,140.94,42,140.93
"mcts:reward=score,opponent=racer",racer,2,9001,48,0,1.0,1.0,30.0,114.0,84.0,64.0,40.0,3.0,0.0,1.0,26.0,14.0,3.0,2.0,3.0,3.0,21.0,1.0,19.0,1.0,3.0,0.0,0.0,0.0,72.0,116.6,38,116.58
"mcts:reward=score,opponent=racer",racer,2,9001,49,0,1.0,1.0,12.0,101.0,89.0,53.0,38.0,4.0,0.0,1.0,20.0,15.0,2.533333333333333,1.0,7.0,6.0,2.0,1.0,38.0,1.0,4.0,0.0,0.0,0.0,75.0,113.15,39,113.14
"mcts:reward=score,opponent=greedy+racer",linear:runs/linear/pass7/p7b_sarsa_lam98_random_s3.json@best,2,9001,48,0,1.0,1.0,17.0,94.0,77.0,45.0,39.0,3.0,0.0,1.0,20.0,15.0,2.4,0.0,9.0,3.0,13.0,2.0,21.0,0.0,3.0,0.0,0.0,0.0,68.0,125.92,35,125.89
"mcts:reward=score,opponent=greedy+racer",linear:runs/linear/pass7/p7b_sarsa_lam98_random_s3.json@best,2,9001,49,0,0.0,0.0,-10.0,79.0,89.0,45.0,34.0,4.0,0.0,0.0,20.0,12.0,2.5833333333333335,1.0,14.0,4.0,8.0,1.0,24.0,1.0,4.0,0.0,0.0,0.0,61.0,112.87,32,112.85
"mcts:reward=score,opponent=greedy+racer",racer,2,9001,48,0,0.0,0.0,-62.0,31.0,93.0,36.0,-5.0,1.0,2.0,0.0,17.0,11.0,2.4545454545454546,1.0,18.0,1.0,30.0,1.0,10.0,0.0,3.0,0.0,0.0,0.0,64.0,124.35,33,124.34
"mcts:reward=score,opponent=greedy+racer",racer,2,9001,49,0,1.0,1.0,25.0,114.0,89.0,51.0,53.0,6.0,0.0,1.0,31.0,16.0,2.375,1.0,7.0,4.0,7.0,1.0,33.0,1.0,6.0,0.0,0.0,0.0,77.0,122.19,40,122.18
"mcts:reward=score,opponent=racer",ppo:runs/ppo/pass2/p2b_pool_s3.json,2,9001,50,1,0.0,0.0,-28.0,66.0,94.0,43.0,23.0,3.0,1.0,0.0,20.0,12.0,2.5,1.0,15.0,9.0,2.0,1.0,30.0,1.0,4.0,0.0,0.0,0.0,60.0,102.94,32,102.89
"mcts:reward=score,opponent=racer",ppo:runs/ppo/pass2/p2b_pool_s3.json,2,9001,51,1,1.0,1.0,12.0,87.0,75.0,64.0,13.0,2.0,1.0,1.0,32.0,11.0,3.1818181818181817,3.0,10.0,5.0,4.0,0.0,34.0,1.0,3.0,0.0,0.0,0.0,63.0,98.4,33,98.34
"mcts:reward=score,opponent=racer",greedy,2,9001,48,0,1.0,1.0,40.0,154.0,114.0,63.0,81.0,6.0,0.0,1.0,36.0,17.0,2.588235294117647,2.0,1.0,4.0,12.0,0.0,36.0,2.0,6.0,0.0,0.0,1.0,85.0,135.62,46,135.61
"mcts:reward=score,opponent=racer",greedy,2,9001,49,0,0.0,0.0,-13.0,113.0,126.0,75.0,28.0,4.0,1.0,1.0,32.0,15.0,3.0,3.0,0.0,7.0,9.0,1.0,35.0,1.0,5.0,0.0,0.0,1.0,78.0,130.51,41,130.49
"mcts:reward=score,opponent=racer",linear:runs/linear/pass7/p7b_sarsa_lam98_random_s3.json@best,2,9001,50,1,0.0,0.0,-11.0,70.0,81.0,52.0,8.0,2.0,1.0,1.0,23.0,14.0,2.5714285714285716,1.0,9.0,5.0,9.0,0.0,25.0,1.0,3.0,0.0,0.0,0.0,64.0,111.12,34,111.09
"mcts:reward=score,opponent=racer",linear:runs/linear/pass7/p7b_sarsa_lam98_random_s3.json@best,2,9001,51,1,1.0,1.0,13.0,88.0,75.0,36.0,42.0,6.0,1.0,1.0,18.0,15.0,2.066666666666667,0.0,14.0,2.0,8.0,0.0,22.0,2.0,7.0,0.0,0.0,0.0,65.0,103.16,35,103.13
"mcts:reward=score,opponent=greedy+racer",ppo:runs/ppo/pass2/p2b_pool_s3.json,2,9001,50,1,0.0,0.0,-52.0,42.0,94.0,54.0,-12.0,1.0,1.0,0.0,13.0,10.0,3.2,2.0,13.0,4.0,8.0,0.0,32.0,0.0,2.0,0.0,0.0,0.0,60.0,115.67,31,115.61
"mcts:reward=score,opponent=greedy+racer",ppo:runs/ppo/pass2/p2b_pool_s3.json,2,9001,51,1,0.0,0.0,-13.0,71.0,84.0,51.0,20.0,3.0,1.0,0.0,23.0,12.0,2.6666666666666665,1.0,13.0,5.0,2.0,1.0,32.0,1.0,4.0,0.0,0.0,0.0,63.0,115.69,33,115.62
"mcts:reward=score,opponent=greedy+racer",greedy,2,9001,48,0,1.0,1.0,62.0,139.0,77.0,65.0,64.0,5.0,0.0,1.0,30.0,17.0,2.6470588235294117,2.0,0.0,1.0,23.0,0.0,23.0,1.0,5.0,0.0,0.0,1.0,81.0,148.2,43,148.19
"mcts:reward=score,opponent=greedy+racer",greedy,2,9001,49,0,1.0,1.0,1.0,126.0,125.0,71.0,45.0,5.0,0.0,1.0,27.0,15.0,3.0,2.0,0.0,9.0,11.0,0.0,41.0,2.0,5.0,0.0,0.0,1.0,86.0,147.3,46,147.29
"mcts:reward=score,opponent=greedy+racer",linear:runs/linear/pass7/p7b_sarsa_lam98_random_s3.json@best,2,9001,50,1,1.0,1.0,25.0,116.0,91.0,78.0,28.0,2.0,0.0,1.0,22.0,11.0,3.727272727272727,4.0,4.0,4.0,14.0,1.0,28.0,0.0,2.0,0.0,0.0,0.0,66.0,121.8,34,121.77
"mcts:reward=score,opponent=greedy+racer",linear:runs/linear/pass7/p7b_sarsa_lam98_random_s3.json@best,2,9001,51,1,1.0,1.0,18.0,95.0,77.0,47.0,38.0,5.0,1.0,1.0,24.0,14.0,2.5,1.0,10.0,5.0,7.0,0.0,27.0,2.0,6.0,0.0,0.0,0.0,67.0,118.08,36,118.05
"mcts:reward=score,opponent=racer",racer,2,9001,50,1,1.0,1.0,50.0,134.0,84.0,77.0,47.0,4.0,0.0,1.0,27.0,15.0,3.0,3.0,0.0,8.0,7.0,2.0,37.0,1.0,4.0,0.0,0.0,1.0,79.0,124.46,42,124.45
"mcts:reward=score,opponent=racer",racer,2,9001,51,1,1.0,1.0,6.0,94.0,88.0,53.0,31.0,4.0,1.0,1.0,21.0,13.0,2.6923076923076925,1.0,10.0,5.0,4.0,0.0,34.0,1.0,5.0,0.0,0.0,0.0,67.0,103.44,35,103.43
"mcts:reward=score,opponent=greedy+racer",racer,2,9001,50,1,1.0,1.0,4.0,97.0,93.0,59.0,28.0,2.0,0.0,1.0,24.0,13.0,3.0,1.0,6.0,7.0,11.0,2.0,27.0,0.0,2.0,0.0,0.0,0.0,68.0,119.91,35,119.9
"mcts:reward=score,opponent=greedy+racer",racer,2,9001,51,1,1.0,1.0,8.0,96.0,88.0,40.0,46.0,5.0,0.0,1.0,22.0,13.0,2.3846153846153846,0.0,14.0,4.0,3.0,0.0,31.0,2.0,5.0,0.0,0.0,0.0,65.0,114.17,35,114.16
"mcts:reward=score,opponent=racer",ppo:runs/ppo/pass2/p2b_pool_s3.json,2,9001,52,0,1.0,1.0,8.0,81.0,73.0,64.0,17.0,2.0,0.0,0.0,19.0,10.0,3.4,3.0,11.0,2.0,9.0,0.0,33.0,0.0,2.0,0.0,0.0,0.0,62.0,103.5,32,103.44
"mcts:reward=score,opponent=racer",ppo:runs/ppo/pass2/p2b_pool_s3.json,2,9001,53,1,0.0,0.0,-7.0,88.0,95.0,41.0,47.0,5.0,0.0,0.0,22.0,15.0,2.2,1.0,12.0,4.0,11.0,1.0,21.0,1.0,5.0,0.0,0.0,0.0,67.0,109.64,35,109.57
"mcts:reward=score,opponent=racer",greedy,2,9001,50,1,1.0,1.0,34.0,131.0,97.0,63.0,58.0,4.0,0.0,1.0,28.0,17.0,2.588235294117647,2.0,1.0,8.0,8.0,3.0,30.0,2.0,4.0,0.0,0.0,1.0,81.0,131.5,44,131.48
"mcts:reward=score,opponent=racer",greedy,2,9001,51,1,0.0,0.0,-24.0,113.0,137.0,45.0,58.0,7.0,0.0,1.0,20.0,17.0,2.235294117647059,0.0,7.0,5.0,17.0,0.0,21.0,2.0,7.0,0.0,0.0,0.0,77.0,123.78,41,123.76
"mcts:reward=score,opponent=racer",linear:runs/linear/pass7/p7b_sarsa_lam98_random_s3.json@best,2,9001,52,0,1.0,1.0,19.0,105.0,86.0,59.0,36.0,4.0,0.0,1.0,23.0,14.0,2.7142857142857144,2.0,7.0,1.0,8.0,0.0,26.0,1.0,4.0,0.0,0.0,0.0,64.0,108.87,34,108.84
"mcts:reward=score,opponent=racer",linear:runs/linear/pass7/p7b_sarsa_lam98_random_s3.json@best,2,9001,53,1,0.0,0.0,-58.0,37.0,95.0,43.0,-6.0,1.0,1.0,0.0,7.0,8.0,3.0,2.0,21.0,2.0,6.0,0.0,40.0,0.0,2.0,0.0,0.0,0.0,63.0,107.93,32,107.9
"mcts:reward=score,opponent=greedy+racer",ppo:runs/ppo/pass2/p2b_pool_s3.json,2,9001,52,0,1.0,1.0,32.0,100.0,68.0,49.0,41.0,4.0,0.0,1.0,27.0,14.0,2.5714285714285716,1.0,9.0,2.0,12.0,0.0,22.0,1.0,4.0,0.0,0.0,0.0,64.0,118.12,34,118.06
"mcts:reward=score,opponent=greedy+racer",ppo:runs/ppo/pass2/p2b_pool_s3.json,2,9001,53,1,0.0,0.0,-1.0,87.0,88.0,42.0,45.0,7.0,1.0,0.0,19.0,16.0,2.125,1.0,11.0,3.0,18.0,0.0,12.0,2.0,8.0,0.0,0.0,0.0,67.0,121.61,36,121.55
"mcts:reward=score,opponent=greedy+racer",linear:runs/linear/pass7/p7b_sarsa_lam98_random_s3.json@best,2,9001,52,0,1.0,1.0,11.0,100.0,89.0,56.0,34.0,3.0,0.0,1.0,27.0,13.0,2.8461538461538463,3.0,8.0,4.0,5.0,0.0,33.0,1.0,3.0,0.0,0.0,0.0,66.0,116.14,35,116.12
"mcts:reward=score,opponent=greedy+racer",linear:runs/linear/pass7/p7b_sarsa_lam98_random_s3.json@best,2,9001,53,1,1.0,1.0,1.0,83.0,82.0,47.0,26.0,3.0,0.0,1.0,20.0,13.0,2.5384615384615383,1.0,12.0,3.0,16.0,0.0,26.0,0.0,3.0,0.0,0.0,0.0,69.0,116.54,35,116.52
"mcts:reward=score,opponent=greedy+racer",greedy,2,9001,50,1,1.0,1.0,67.0,186.0,119.0,83.0,93.0,7.0,0.0,1.0,31.0,13.0,3.4615384615384617,3.0,0.0,7.0,13.0,1.0,35.0,3.0,7.0,0.0,0.0,1.0,81.0,142.67,45,142.65
"mcts:reward=score,opponent=greedy+racer",greedy,2,9001,51,1,0.0,0.0,-22.0,101.0,123.0,51.0,40.0,6.0,1.0,1.0,21.0,15.0,2.4,1.0,9.0,6.0,12.0,0.0,28.0,3.0,7.0,0.0,0.0,0.0,77.0,144.07,42,144.05
"mcts:reward=score,opponent=racer",racer,2,9001,52,0,1.0,1.0,5.0,95.0,90.0,48.0,37.0,4.0,0.0,1.0,16.0,12.0,2.75,1.0,12.0,1.0,12.0,0.0,24.0,2.0,4.0,0.0,0.0,0.0,64.0,107.44,35,107.43
"mcts:reward=score,opponent=racer",racer,2,9001,53,1,1.0,1.0,21.0,103.0,82.0,44.0,49.0,5.0,0.0,1.0,27.0,14.0,2.4285714285714284,1.0,11.0,5.0,12.0,1.0,22.0,2.0,5.0,0.0,0.0,0.0,69.0,111.36,37,111.35
"mcts:reward=score,opponent=greedy+racer",racer,2,9001,52,0,1.0,1.0,36.0,127.0,91.0,54.0,63.0,5.0,0.0,1.0,23.0,14.0,2.7857142857142856,0.0,6.0,4.0,9.0,1.0,29.0,2.0,5.0,0.0,0.0,0.0,72.0,126.11,39,126.1
"mcts:reward=score,opponent=greedy+racer",racer,2,9001,53,1,1.0,1.0,22.0,104.0,82.0,53.0,41.0,5.0,0.0,1.0,20.0,14.0,2.642857142857143,2.0,8.0,5.0,10.0,0.0,30.0,1.0,5.0,0.0,0.0,0.0,71.0,119.11,37,119.1
"mcts:reward=score,opponent=racer",ppo:runs/ppo/pass2/p2b_pool_s3.json,2,9001,54,1,1.0,1.0,2.0,85.0,83.0,51.0,24.0,2.0,0.0,1.0,21.0,11.0,3.090909090909091,2.0,11.0,3.0,16.0,1.0,24.0,0.0,2.0,0.0,0.0,0.0,64.0,101.46,33,101.4
"mcts:reward=score,opponent=racer",ppo:runs/ppo/pass2/p2b_pool_s3.json,2,9001,55,1,0.0,0.0,-32.0,42.0,74.0,37.0,5.0,2.0,1.0,0.0,23.0,12.0,2.4166666666666665,1.0,16.0,3.0,14.0,0.0,22.0,1.0,3.0,0.0,0.0,0.0,63.0,103.39,33,103.33
"mcts:reward=score,opponent=racer",greedy,2,9001,52,0,1.0,1.0,81.0,137.0,56.0,77.0,50.0,5.0,0.0,1.0,36.0,14.0,3.2142857142857144,3.0,0.0,4.0,13.0,0.0,37.0,2.0,5.0,0.0,0.0,1.0,81.0,133.45,44,133.44
"mcts:reward=score,opponent=racer",greedy,2,9001,53,1,1.0,1.0,32.0,142.0,110.0,58.0,74.0,6.0,0.0,1.0,26.0,16.0,2.5625,2.0,4.0,3.0,8.0,1.0,32.0,2.0,6.0,0.0,0.0,0.0,79.0,124.78,42,124.77
"mcts:reward=score,opponent=greedy+racer",ppo:runs/ppo/pass2/p2b_pool_s3.json,2,9001,54,1,0.0,0.0,-36.0,59.0,95.0,46.0,13.0,2.0,1.0,0.0,16.0,14.0,2.4285714285714284,1.0,11.0,3.0,19.0,1.0,17.0,1.0,3.0,0.0,0.0,0.0,68.0,121.97,36,121.9
"mcts:reward=score,opponent=greedy+racer",ppo:runs/ppo/pass2/p2b_pool_s3.json,2,9001,55,1,0.0,0.0,-2.0,70.0,72.0,38.0,32.0,3.0,0.0,0.0,23.0,12.0,2.4166666666666665,1.0,16.0,2.0,16.0,1.0,18.0,0.0,3.0,0.0,0.0,0.0,61.0,119.72,31,119.66
"mcts:reward=score,opponent=racer",linear:runs/linear/pass7/p7b_sarsa_lam98_random_s3.json@best,2,9001,54,1,1.0,1.0,4.0,87.0,83.0,51.0,26.0,3.0,1.0,1.0,20.0,14.0,2.642857142857143,1.0,8.0,6.0,8.0,0.0,30.0,2.0,4.0,0.0,0.0,0.0,70.0,113.46,38,113.43
"mcts:reward=score,opponent=racer",linear:runs/linear/pass7/p7b_sarsa_lam98_random_s3.json@best,2,9001,55,1,1.0,1.0,27.0,106.0,79.0,49.0,47.0,3.0,0.0,1.0,24.0,13.0,2.6923076923076925,1.0,10.0,1.0,18.0,0.0,18.0,1.0,3.0,0.0,0.0,0.0,65.0,107.2,34,107.17
"mcts:reward=score,opponent=greedy+racer",linear:runs/linear/pass7/p7b_sarsa_lam98_random_s3.json@best,2,9001,54,1,1.0,1.0,21.0,104.0,83.0,51.0,43.0,4.0,0.0,1.0,18.0,14.0,2.642857142857143,1.0,8.0,7.0,11.0,2.0,25.0,1.0,4.0,0.0,0.0,0.0,70.0,121.17,37,121.14
"mcts:reward=score,opponent=greedy+racer",linear:runs/linear/pass7/p7b_sarsa_lam98_random_s3.json@best,2,9001,55,1,1.0,1.0,20.0,92.0,72.0,37.0,45.0,4.0,1.0,1.0,25.0,14.0,2.2857142857142856,0.0,13.0,1.0,14.0,0.0,18.0,2.0,5.0,0.0,0.0,0.0,65.0,116.5,35,116.48
"mcts:reward=score,opponent=greedy+racer",greedy,2,9001,52,0,1.0,1.0,30.0,148.0,118.0,63.0,75.0,6.0,0.0,1.0,34.0,17.0,2.6470588235294117,1.0,0.0,4.0,7.0,0.0,39.0,3.0,6.0,0.0,0.0,1.0,85.0,157.77,47,157.75
"mcts:reward=score,opponent=greedy+racer",greedy,2,9001,53,1,0.0,0.0,-41.0,88.0,129.0,50.0,38.0,5.0,0.0,0.0,19.0,17.0,2.3529411764705883,1.0,5.0,5.0,6.0,0.0,32.0,1.0,5.0,0.0,0.0,0.0,75.0,138.99,39,138.98
"mcts:reward=score,opponent=racer",racer,2,9001,54,1,1.0,1.0,7.0,110.0,103.0,61.0,39.0,4.0,0.0,1.0,21.0,13.0,3.076923076923077,2.0,5.0,8.0,8.0,1.0,32.0,2.0,4.0,0.0,0.0,0.0,72.0,110.07,39,110.06
"mcts:reward=score,opponent=racer",racer,2,9001,55,1,1.0,1.0,15.0,96.0,81.0,39.0,47.0,3.0,0.0,1.0,27.0,12.0,2.5,1.0,15.0,2.0,16.0,1.0,20.0,1.0,3.0,0.0,0.0,0.0,65.0,107.63,34,107.62
"mcts:reward=score,opponent=greedy+racer",racer,2,9001,54,1,1.0,1.0,14.0,107.0,93.0,54.0,43.0,4.0,0.0,1.0,24.0,16.0,2.5,1.0,5.0,4.0,6.0,1.0,30.0,1.0,4.0,0.0,0.0,0.0,72.0,120.08,38,120.07
"mcts:reward=score,opponent=greedy+racer",racer,2,9001,55,1,1.0,1.0,15.0,96.0,81.0,54.0,32.0,3.0,0.0,1.0,23.0,15.0,2.6,1.0,6.0,5.0,12.0,0.0,30.0,0.0,3.0,0.0,0.0,0.0,73.0,116.94,37,116.93
"mcts:reward=score,opponent=racer",greedy,2,9001,54,1,1.0,1.0,35.0,121.0,86.0,60.0,51.0,4.0,0.0,1.0,37.0,17.0,2.6470588235294117,1.0,0.0,4.0,15.0,0.0,27.0,1.0,4.0,0.0,0.0,1.0,77.0,128.72,41,128.71
"mcts:reward=score,opponent=racer",greedy,2,9001,55,1,1.0,1.0,73.0,150.0,77.0,55.0,85.0,6.0,0.0,1.0,28.0,19.0,2.3684210526315788,0.0,0.0,6.0,14.0,0.0,30.0,3.0,6.0,0.0,0.0,1.0,88.0,132.23,48,132.22
"mcts:reward=score,opponent=racer",ppo:runs/ppo/pass2/p2b_pool_s3.json,2,9001,56,0,1.0,1.0,10.0,97.0,87.0,59.0,38.0,3.0,0.0,0.0,27.0,13.0,3.0,2.0,6.0,3.0,11.0,0.0,27.0,1.0,3.0,0.0,0.0,0.0,67.0,112.83,35,112.76
"mcts:reward=score,opponent=racer",ppo:runs/ppo/pass2/p2b_pool_s3.json,2,9001,57,0,1.0,1.0,14.0,99.0,85.0,40.0,59.0,6.0,0.0,0.0,22.0,13.0,2.3846153846153846,0.0,14.0,2.0,27.0,0.0,9.0,1.0,6.0,0.0,0.0,0.0,64.0,112.44,34,112.38
"mcts:reward=score,opponent=greedy+racer",greedy,2,9001,54,1,1.0,1.0,149.0,236.0,87.0,59.0,167.0,13.0,0.0,1.0,36.0,17.0,2.5294117647058822,1.0,2.0,4.0,10.0,0.0,30.0,7.0,13.0,1.0,0.0,1.0,87.0,148.14,52,148.13
"mcts:reward=score,opponent=greedy+racer",greedy,2,9001,55,1,0.0,0.0,-47.0,91.0,138.0,49.0,42.0,4.0,0.0,0.0,26.0,16.0,2.4375,1.0,6.0,2.0,16.0,0.0,32.0,1.0,4.0,0.0,0.0,0.0,83.0,141.99,43,141.98
"mcts:reward=score,opponent=racer",linear:runs/linear/pass7/p7b_sarsa_lam98_random_s3.json@best,2,9001,56,0,1.0,1.0,31.0,126.0,95.0,65.0,51.0,4.0,0.0,1.0,29.0,12.0,3.3333333333333335,2.0,5.0,4.0,7.0,0.0,33.0,1.0,4.0,0.0,0.0,0.0,67.0,109.77,35,109.74
"mcts:reward=score,opponent=racer",linear:runs/linear/pass7/p7b_sarsa_lam98_random_s3.json@best,2,9001,57,0,1.0,1.0,38.0,116.0,78.0,39.0,67.0,7.0,0.0,1.0,21.0,15.0,2.2,0.0,12.0,4.0,12.0,2.0,18.0,2.0,7.0,0.0,0.0,0.0,68.0,114.89,37,114.86
"mcts:reward=score,opponent=greedy+racer",ppo:runs/ppo/pass2/p2b_pool_s3.json,2,9001,56,0,0.0,0.0,-51.0,40.0,91.0,52.0,-12.0,1.0,1.0,0.0,15.0,9.0,3.4444444444444446,2.0,14.0,2.0,20.0,2.0,22.0,0.0,2.0,0.0,0.0,0.0,65.0,118.34,33,118.28
"mcts:reward=score,opponent=greedy+racer",ppo:runs/ppo/pass2/p2b_pool_s3.json,2,9001,57,0,0.0,0.0,-26.0,64.0,90.0,30.0,34.0,3.0,0.0,0.0,19.0,13.0,2.076923076923077,0.0,18.0,2.0,12.0,1.0,24.0,0.0,3.0,0.0,0.0,0.0,64.0,126.11,33,126.05
"mcts:reward=score,opponent=greedy+racer",linear:runs/linear/pass7/p7b_sarsa_lam98_random_s3.json@best,2,9001,56,0,1.0,1.0,3.0,90.0,87.0,52.0,28.0,2.0,0.0,1.0,27.0,11.0,3.1818181818181817,1.0,10.0,7.0,8.0,0.0,34.0,0.0,2.0,0.0,0.0,0.0,65.0,110.79,33,110.77
"mcts:reward=score,opponent=greedy+racer",linear:runs/linear/pass7/p7b_sarsa_lam98_random_s3.json@best,2,9001,57,0,1.0,1.0,17.0,116.0,99.0,47.0,59.0,6.0,0.0,1.0,25.0,15.0,2.3333333333333335,1.0,10.0,4.0,11.0,1.0,25.0,1.0,6.0,0.0,0.0,0.0,70.0,127.51,37,127.48
"mcts:reward=score,opponent=racer",racer,2,9001,56,0,1.0,1.0,27.0,124.0,97.0,65.0,49.0,4.0,0.0,1.0,31.0,12.0,3.3333333333333335,2.0,5.0,3.0,11.0,0.0,29.0,1.0,4.0,0.0,0.0,0.0,67.0,107.93,35,107.92
"mcts:reward=score,opponent=racer",racer,2,9001,57,0,1.0,1.0,25.0,115.0,90.0,46.0,59.0,6.0,0.0,1.0,22.0,15.0,2.4,0.0,9.0,2.0,15.0,1.0,21.0,1.0,6.0,0.0,0.0,0.0,70.0,114.97,37,114.96
"mcts:reward=score,opponent=greedy+racer",racer,2,9001,56,0,0.0,0.0,-4.0,93.0,97.0,55.0,28.0,2.0,0.0,1.0,26.0,13.0,3.0,1.0,6.0,6.0,10.0,1.0,30.0,0.0,2.0,0.0,0.0,0.0,69.0,113.17,35,113.16
"mcts:reward=score,opponent=greedy+racer",racer,2,9001,57,0,1.0,1.0,21.0,111.0,90.0,42.0,59.0,6.0,0.0,1.0,20.0,14.0,2.357142857142857,0.0,12.0,1.0,12.0,0.0,26.0,1.0,6.0,0.0,0.0,0.0,68.0,128.85,36,128.84
"mcts:reward=score,opponent=racer",ppo:runs/ppo/pass2/p2b_pool_s3.json,2,9001,58,0,1.0,1.0,62.0,127.0,65.0,50.0,67.0,6.0,1.0,1.0,26.0,12.0,2.8333333333333335,0.0,11.0,3.0,12.0,1.0,22.0,3.0,7.0,0.0,0.0,0.0,66.0,113.88,37,113.81
"mcts:reward=score,opponent=racer",ppo:runs/ppo/pass2/p2b_pool_s3.json,2,9001,59,1,1.0,1.0,4.0,85.0,81.0,52.0,33.0,3.0,0.0,0.0,30.0,12.0,2.8333333333333335,2.0,11.0,3.0,11.0,2.0,21.0,1.0,3.0,0.0,0.0,0.0,63.0,109.14,33,109.08
"mcts:reward=score,opponent=racer",greedy,2,9001,56,0,1.0,1.0,11.0,122.0,111.0,84.0,38.0,3.0,0.0,0.0,24.0,11.0,4.090909090909091,3.0,0.0,6.0,9.0,0.0,45.0,1.0,3.0,0.0,0.0,1.0,78.0,126.52,41,126.51
"mcts:reward=score,opponent=racer",greedy,2,9001,57,0,1.0,1.0,50.0,164.0,114.0,64.0,90.0,9.0,0.0,1.0,36.0,16.0,2.6875,1.0,2.0,4.0,12.0,1.0,34.0,3.0,9.0,0.0,0.0,0.0,86.0,139.48,47,139.46
"mcts:reward=score,opponent=greedy+racer",ppo:runs/ppo/pass2/p2b_pool_s3.json,2,9001,58,0,1.0,1.0,4.0,85.0,81.0,50.0,35.0,2.0,0.0,0.0,31.0,13.0,2.769230769230769,0.0,9.0,1.0,10.0,0.0,26.0,0.0,2.0,0.0,0.0,0.0,62.0,117.38,32,117.32
"mcts:reward=score,opponent=greedy+racer",ppo:runs/ppo/pass2/p2b_pool_s3.json,2,9001,59,1,0.0,0.0,-8.0,77.0,85.0,54.0,23.0,3.0,1.0,0.0,19.0,11.0,3.0,1.0,12.0,4.0,14.0,2.0,20.0,1.0,4.0,0.0,0.0,0.0,63.0,119.83,33,119.77
"mcts:reward=score,opponent=racer",linear:runs/linear/pass7/p7b_sarsa_lam98_random_s3.json@best,2,9001,58,0,1.0,1.0,44.0,116.0,72.0,71.0,35.0,2.0,0.0,1.0,29.0,13.0,3.3076923076923075,2.0,2.0,3.0,16.0,0.0,26.0,0.0,2.0,0.0,0.0,0.0,68.0,108.8,35,108.77
"mcts:reward=score,opponent=racer",linear:runs/linear/pass7/p7b_sarsa_lam98_random_s3.json@best,2,9001,59,1,1.0,1.0,23.0,94.0,71.0,51.0,33.0,3.0,0.0,1.0,21.0,11.0,3.0,0.0,12.0,3.0,12.0,1.0,24.0,1.0,3.0,0.0,0.0,0.0,63.0,106.4,33,106.37
"mcts:reward=score,opponent=greedy+racer",greedy,2,9001,56,0,1.0,1.0,31.0,139.0,108.0,91.0,38.0,3.0,0.0,1.0,31.0,12.0,3.75,5.0,0.0,4.0,10.0,0.0,46.0,1.0,3.0,0.0,0.0,1.0,82.0,135.89,43,135.87
"mcts:reward=score,opponent=greedy+racer",greedy,2,9001,57,0,1.0,1.0,19.0,152.0,133.0,58.0,84.0,9.0,0.0,1.0,28.0,18.0,2.4444444444444446,1.0,1.0,3.0,28.0,0.0,22.0,2.0,9.0,0.0,0.0,0.0,90.0,165.53,48,165.52
"mcts:reward=score,opponent=racer",racer,2,9001,58,0,1.0,1.0,3.0,86.0,83.0,49.0,27.0,2.0,1.0,1.0,27.0,13.0,2.6923076923076925,0.0,10.0,2.0,18.0,2.0,18.0,1.0,3.0,0.0,0.0,0.0,68.0,113.35,36,113.34
"mcts:reward=score,opponent=racer",racer,2,9001,59,1,0.0,0.0,-16.0,64.0,80.0,43.0,11.0,2.0,1.0,1.0,26.0,12.0,2.5833333333333335,1.0,14.0,2.0,17.0,0.0,19.0,1.0,3.0,0.0,0.0,0.0,63.0,104.55,33,104.54
"mcts:reward=score,opponent=greedy+racer",linear:runs/linear/pass7/p7b_sarsa_lam98_random_s3.json@best,2,9001,58,0,1.0,1.0,48.0,118.0,70.0,73.0,35.0,2.0,0.0,1.0,28.0,12.0,3.5,2.0,3.0,4.0,17.0,0.0,25.0,0.0,2.0,0.0,0.0,0.0,66.0,118.27,34,118.24
"mcts:reward=score,opponent=greedy+racer",linear:runs/linear/pass7/p7b_sarsa_lam98_random_s3.json@best,2,9001,59,1,1.0,1.0,17.0,86.0,69.0,43.0,33.0,3.0,0.0,1.0,23.0,12.0,2.5833333333333335,0.0,14.0,7.0,10.0,1.0,28.0,1.0,3.0,0.0,0.0,0.0,67.0,118.09,35,118.06
"mcts:reward=score,opponent=greedy+racer",racer,2,9001,58,0,1.0,1.0,56.0,139.0,83.0,62.0,67.0,6.0,1.0,1.0,30.0,13.0,3.0,2.0,6.0,2.0,18.0,1.0,20.0,3.0,7.0,0.0,0.0,0.0,72.0,128.03,40,128.02
"mcts:reward=score,opponent=greedy+racer",racer,2,9001,59,1,1.0,1.0,21.0,101.0,80.0,58.0,33.0,3.0,0.0,1.0,29.0,12.0,3.0,1.0,9.0,2.0,15.0,0.0,25.0,1.0,3.0,0.0,0.0,0.0,67.0,113.2,35,113.18
"mcts:reward=score,opponent=racer",ppo:runs/ppo/pass2/p2b_pool_s3.json,2,9001,60,1,0.0,0.0,-7.0,64.0,71.0,40.0,14.0,3.0,1.0,1.0,14.0,13.0,2.4615384615384617,0.0,13.0,2.0,8.0,0.0,24.0,1.0,4.0,0.0,0.0,0.0,61.0,102.03,32,101.98
"mcts:reward=score,opponent=racer",ppo:runs/ppo/pass2/p2b_pool_s3.json,2,9001,61,1,0.0,0.0,-4.0,71.0,75.0,58.0,3.0,2.0,1.0,1.0,26.0,10.0,3.4,3.0,11.0,5.0,4.0,0.0,36.0,1.0,3.0,0.0,0.0,0.0,63.0,115.63,33,115.57
"mcts:reward=score,opponent=racer",greedy,2,9001,58,0,1.0,1.0,44.0,169.0,125.0,73.0,86.0,7.0,0.0,1.0,27.0,14.0,3.2142857142857144,2.0,0.0,4.0,24.0,2.0,20.0,3.0,7.0,0.0,0.0,0.0,82.0,134.67,45,134.66
"mcts:reward=score,opponent=racer",greedy,2,9001,59,1,1.0,1.0,44.0,137.0,93.0,67.0,60.0,6.0,0.0,1.0,25.0,16.0,2.8125,1.0,0.0,5.0,17.0,0.0,27.0,3.0,6.0,0.0,0.0,1.0,82.0,141.51,45,141.5
"mcts:reward=score,opponent=greedy+racer",greedy,2,9001,58,0,1.0,1.0,26.0,149.0,123.0,71.0,68.0,5.0,0.0,1.0,26.0,15.0,3.0,2.0,0.0,3.0,29.0,1.0,17.0,2.0,5.0,0.0,0.0,1.0,81.0,137.62,44,137.61
"mcts:reward=score,opponent=greedy+racer",greedy,2,9001,59,1,0.0,0.0,-27.0,112.0,139.0,81.0,21.0,3.0,1.0,1.0,25.0,13.0,3.3846153846153846,3.0,1.0,6.0,15.0,0.0,39.0,2.0,4.0,0.0,0.0,0.0,85.0,142.56,45,142.55
"mcts:reward=score,opponent=greedy+racer",ppo:runs/ppo/pass2/p2b_pool_s3.json,2,9001,60,1,0.0,0.0,-14.0,70.0,84.0,43.0,27.0,3.0,0.0,0.0,14.0,13.0,2.4615384615384617,1.0,13.0,2.0,18.0,0.0,22.0,0.0,3.0,0.0,0.0,0.0,67.0,115.28,34,115.21
"mcts:reward=score,opponent=greedy+racer",ppo:runs/ppo/pass2/p2b_pool_s3.json,2,9001,61,1,0.0,0.0,-4.0,89.0,93.0,47.0,42.0,5.0,1.0,0.0,26.0,13.0,2.6153846153846154,1.0,11.0,2.0,12.0,0.0,22.0,2.0,6.0,0.0,0.0,0.0,65.0,126.69,35,126.63
"mcts:reward=score,opponent=racer",linear:runs/linear/pass7/p7b_sarsa_lam98_random_s3.json@best,2,9001,60,1,1.0,1.0,31.0,108.0,77.0,52.0,46.0,4.0,0.0,1.0,25.0,12.0,2.9166666666666665,1.0,10.0,4.0,14.0,1.0,20.0,2.0,4.0,0.0,0.0,0.0,65.0,107.54,35,107.51
"mcts:reward=score,opponent=racer",linear:runs/linear/pass7/p7b_sarsa_lam98_random_s3.json@best,2,9001,61,1,1.0,1.0,13.0,98.0,85.0,55.0,33.0,4.0,0.0,1.0,27.0,13.0,2.8461538461538463,1.0,8.0,5.0,4.0,0.0,36.0,1.0,4.0,0.0,0.0,0.0,69.0,110.3,36,110.27
"mcts:reward=score,opponent=racer",racer,2,9001,60,1,1.0,1.0,13.0,103.0,90.0,52.0,41.0,5.0,0.0,1.0,34.0,14.0,2.7857142857142856,0.0,6.0,3.0,13.0,0.0,27.0,2.0,5.0,0.0,0.0,0.0,73.0,111.07,39,111.06
"mcts:reward=score,opponent=racer",racer,2,9001,61,1,1.0,1.0,0.0,95.0,95.0,43.0,42.0,5.0,1.0,1.0,27.0,14.0,2.4285714285714284,0.0,11.0,4.0,7.0,0.0,25.0,2.0,6.0,0.0,0.0,0.0,65.0,110.99,35,110.97
"mcts:reward=score,opponent=greedy+racer",linear:runs/linear/pass7/p7b_sarsa_lam98_random_s3.json@best,2,9001,60,1,1.0,1.0,5.0,111.0,106.0,57.0,44.0,5.0,0.0,1.0,26.0,14.0,2.7142857142857144,1.0,7.0,1.0,21.0,0.0,17.0,1.0,5.0,0.0,0.0,0.0,69.0,112.09,36,112.06
"mcts:reward=score,opponent=greedy+racer",linear:runs/linear/pass7/p7b_sarsa_lam98_random_s3.json@best,2,9001,61,1,1.0,1.0,15.0,103.0,88.0,44.0,49.0,5.0,0.0,1.0,27.0,15.0,2.3333333333333335,0.0,10.0,4.0,9.0,1.0,23.0,1.0,5.0,0.0,0.0,0.0,67.0,121.18,35,121.15
"mcts:reward=score,opponent=greedy+racer",racer,2,9001,60,1,1.0,1.0,22.0,112.0,90.0,49.0,53.0,6.0,0.0,1.0,16.0,14.0,2.5714285714285716,0.0,9.0,3.0,13.0,0.0,23.0,2.0,6.0,0.0,0.0,0.0,69.0,110.98,37,110.97
"mcts:reward=score,opponent=greedy+racer",racer,2,9001,61,1,1.0,1.0,5.0,100.0,95.0,48.0,42.0,5.0,1.0,1.0,27.0,14.0,2.642857142857143,0.0,8.0,6.0,6.0,1.0,32.0,2.0,6.0,0.0,0.0,0.0,73.0,127.54,39,127.52
"mcts:reward=score,opponent=racer",ppo:runs/ppo/pass2/p2b_pool_s3.json,2,9001,62,1,1.0,1.0,17.0,96.0,79.0,47.0,49.0,6.0,0.0,0.0,21.0,16.0,2.25,1.0,9.0,4.0,11.0,0.0,25.0,1.0,6.0,0.0,0.0,0.0,70.0,107.16,37,107.09
"mcts:reward=score,opponent=racer",ppo:runs/ppo/pass2/p2b_pool_s3.json,2,9001,63,1,0.0,0.0,-5.0,80.0,85.0,38.0,32.0,3.0,0.0,1.0,27.0,13.0,2.3846153846153846,0.0,14.0,6.0,10.0,1.0,24.0,0.0,3.0,0.0,0.0,0.0,63.0,102.48,32,102.42
"mcts:reward=score,opponent=racer",greedy,2,9001,60,1,1.0,1.0,8.0,127.0,119.0,65.0,52.0,6.0,0.0,1.0,39.0,15.0,2.933333333333333,1.0,1.0,11.0,5.0,1.0,43.0,3.0,6.0,0.0,0.0,0.0,87.0,143.51,47,143.49
"mcts:reward=score,opponent=racer",greedy,2,9001,61,1,1.0,1.0,10.0,125.0,115.0,71.0,44.0,5.0,0.0,1.0,30.0,15.0,3.0,1.0,0.0,5.0,6.0,0.0,42.0,2.0,5.0,0.0,0.0,1.0,82.0,137.79,44,137.77
"mcts:reward=score,opponent=greedy+racer",ppo:runs/ppo/pass2/p2b_pool_s3.json,2,9001,62,1,1.0,1.0,5.0,79.0,74.0,45.0,24.0,3.0,0.0,1.0,30.0,12.0,2.5833333333333335,1.0,14.0,3.0,8.0,1.0,30.0,0.0,3.0,0.0,0.0,0.0,64.0,114.51,33,114.45
"mcts:reward=score,opponent=greedy+racer",ppo:runs/ppo/pass2/p2b_pool_s3.json,2,9001,63,1,0.0,0.0,-39.0,69.0,108.0,37.0,32.0,3.0,0.0,0.0,26.0,13.0,2.3076923076923075,1.0,15.0,4.0,11.0,1.0,21.0,0.0,3.0,0.0,0.0,0.0,61.0,111.03,31,110.97
"mcts:reward=score,opponent=racer",linear:runs/linear/pass7/p7b_sarsa_lam98_random_s3.json@best,2,9001,62,1,1.0,1.0,26.0,101.0,75.0,67.0,24.0,3.0,0.0,1.0,26.0,15.0,2.8,3.0,3.0,3.0,7.0,0.0,35.0,0.0,3.0,0.0,0.0,0.0,72.0,112.22,37,112.19
"mcts:reward=score,opponent=racer",linear:runs/linear/pass7/p7b_sarsa_lam98_random_s3.json@best,2,9001,63,1,0.0,0.0,-27.0,74.0,101.0,40.0,24.0,3.0,1.0,1.0,26.0,15.0,2.2,1.0,12.0,2.0,10.0,0.0,22.0,1.0,4.0,0.0,0.0,0.0,65.0,103.25,34,103.22
"mcts:reward=score,opponent=greedy+racer",greedy,2,9001,60,1,0.0,0.0,-19.0,105.0,124.0,48.0,57.0,7.0,0.0,0.0,14.0,19.0,2.1578947368421053,0.0,4.0,5.0,15.0,1.0,25.0,2.0,7.0,0.0,0.0,0.0,85.0,147.55,45,147.54
"mcts:reward=score,opponent=greedy+racer",greedy,2,9001,61,1,0.0,0.0,-15.0,102.0,117.0,45.0,47.0,6.0,1.0,1.0,26.0,15.0,2.4,0.0,9.0,3.0,5.0,0.0,35.0,2.0,7.0,0.0,0.0,0.0,75.0,148.97,40,148.95
"mcts:reward=score,opponent=racer",racer,2,9001,62,1,1.0,1.0,16.0,101.0,85.0,51.0,40.0,5.0,0.0,1.0,17.0,15.0,2.466666666666667,1.0,8.0,2.0,8.0,1.0,30.0,1.0,5.0,0.0,0.0,0.0,72.0,109.03,38,109.02
"mcts:reward=score,opponent=racer",racer,2,9001,63,1,0.0,0.0,-17.0,74.0,91.0,42.0,22.0,3.0,1.0,1.0,23.0,14.0,2.357142857142857,1.0,12.0,4.0,13.0,1.0,19.0,1.0,4.0,0.0,0.0,0.0,65.0,104.35,34,104.34
"mcts:reward=score,opponent=greedy+racer",linear:runs/linear/pass7/p7b_sarsa_lam98_random_s3.json@best,2,9001,62,1,0.0,0.0,-10.0,73.0,83.0,42.0,31.0,5.0,1.0,0.0,16.0,15.0,2.1333333333333333,1.0,13.0,3.0,11.0,0.0,19.0,1.0,6.0,0.0,0.0,0.0,62.0,116.22,33,116.19
"mcts:reward=score,opponent=greedy+racer",linear:runs/linear/pass7/p7b_sarsa_lam98_random_s3.json@best,2,9001,63,1,0.0,0.0,-45.0,64.0,109.0,40.0,24.0,3.0,1.0,0.0,27.0,16.0,2.1875,0.0,10.0,6.0,18.0,1.0,14.0,1.0,4.0,0.0,0.0,0.0,69.0,118.56,36,118.53
"mcts:reward=score,opponent=greedy+racer",racer,2,9001,62,1,1.0,1.0,19.0,104.0,85.0,54.0,40.0,5.0,0.0,1.0,29.0,16.0,2.5,1.0,5.0,3.0,10.0,0.0,32.0,1.0,5.0,0.0,0.0,0.0,76.0,119.11,40,119.1
"mcts:reward=score,opponent=greedy+racer",racer,2,9001,63,1,0.0,0.0,-3.0,87.0,90.0,45.0,32.0,3.0,0.0,1.0,29.0,14.0,2.5,1.0,10.0,4.0,7.0,0.0,29.0,0.0,3.0,0.0,0.0,0.0,65.0,114.13,33,114.12
"mcts:reward=score,opponent=racer",greedy,2,9001,62,1,1.0,1.0,25.0,123.0,98.0,69.0,44.0,5.0,0.0,1.0,31.0,17.0,2.6470588235294117,2.0,0.0,4.0,10.0,0.0,34.0,1.0,5.0,0.0,0.0,1.0,79.0,126.77,42,126.76
"mcts:reward=score,opponent=racer",greedy,2,9001,63,1,1.0,1.0,7.0,126.0,119.0,60.0,56.0,5.0,0.0,1.0,21.0,19.0,2.3684210526315788,1.0,0.0,4.0,26.0,1.0,18.0,2.0,5.0,0.0,0.0,1.0,88.0,129.58,47,129.56
"mcts:reward=score,opponent=racer",ppo:runs/ppo/pass2/p2b_pool_s3.json,2,9001,64,0,0.0,0.0,-26.0,63.0,89.0,54.0,9.0,3.0,2.0,0.0,21.0,13.0,2.6923076923076925,2.0,10.0,2.0,6.0,0.0,30.0,1.0,5.0,0.0,0.0,0.0,65.0,109.84,34,109.78
"mcts:reward=score,opponent=racer",ppo:runs/ppo/pass2/p2b_pool_s3.json,2,9001,65,0,1.0,1.0,16.0,94.0,78.0,66.0,18.0,2.0,0.0,1.0,24.0,10.0,3.7,3.0,8.0,5.0,6.0,0.0,36.0,0.0,2.0,0.0,0.0,0.0,62.0,107.43,32,107.37
"mcts:reward=score,opponent=racer",linear:runs/linear/pass7/p7b_sarsa_lam98_random_s3.json@best,2,9001,64,0,0.0,0.0,-12.0,90.0,102.0,55.0,35.0,4.0,1.0,0.0,21.0,12.0,2.8333333333333335,2.0,11.0,5.0,8.0,0.0,32.0,1.0,5.0,0.0,0.0,0.0,67.0,110.59,35,110.56
"mcts:reward=score,opponent=racer",linear:runs/linear/pass7/p7b_sarsa_lam98_random_s3.json@best,2,9001,65,0,1.0,1.0,22.0,97.0,75.0,52.0,35.0,3.0,0.0,1.0,26.0,11.0,3.090909090909091,1.0,11.0,6.0,5.0,1.0,35.0,1.0,3.0,0.0,0.0,0.0,66.0,109.67,35,109.64
"mcts:reward=score,opponent=greedy+racer",greedy,2,9001,62,1,1.0,1.0,32.0,132.0,100.0,68.0,54.0,6.0,0.0,1.0,34.0,17.0,2.6470588235294117,2.0,0.0,6.0,16.0,0.0,30.0,2.0,6.0,0.0,0.0,1.0,83.0,134.68,45,134.67
"mcts:reward=score,opponent=greedy+racer",greedy,2,9001,63,1,1.0,1.0,7.0,113.0,106.0,62.0,41.0,4.0,0.0,1.0,24.0,18.0,2.5,1.0,0.0,7.0,20.0,1.0,24.0,1.0,4.0,0.0,0.0,1.0,84.0,137.23,44,137.22
"mcts:reward=score,opponent=greedy+racer",ppo:runs/ppo/pass2/p2b_pool_s3.json,2,9001,64,0,0.0,0.0,-4.0,86.0,90.0,45.0,31.0,3.0,0.0,1.0,23.0,13.0,2.5384615384615383,0.0,12.0,1.0,24.0,1.0,8.0,0.0,3.0,0.0,0.0,0.0,61.0,113.58,31,113.52
"mcts:reward=score,opponent=greedy+racer",ppo:runs/ppo/pass2/p2b_pool_s3.json,2,9001,65,0,1.0,1.0,3.0,93.0,90.0,58.0,35.0,3.0,0.0,0.0,26.0,12.0,3.0,2.0,9.0,6.0,13.0,0.0,25.0,1.0,3.0,0.0,0.0,0.0,64.0,119.61,34,119.54
"mcts:reward=score,opponent=greedy+racer",linear:runs/linear/pass7/p7b_sarsa_lam98_random_s3.json@best,2,9001,64,0,1.0,1.0,8.0,101.0,93.0,48.0,53.0,5.0,0.0,0.0,21.0,13.0,2.6153846153846154,0.0,11.0,4.0,6.0,1.0,28.0,1.0,5.0,0.0,0.0,0.0,65.0,119.41,34,119.38
"mcts:reward=score,opponent=greedy+racer",linear:runs/linear/pass7/p7b_sarsa_lam98_random_s3.json@best,2,9001,65,0,0.0,0.0,-10.0,69.0,79.0,57.0,2.0,2.0,1.0,1.0,21.0,13.0,2.8461538461538463,2.0,8.0,3.0,7.0,0.0,31.0,1.0,3.0,0.0,0.0,0.0,66.0,120.05,35,120.02
"mcts:reward=score,opponent=racer",racer,2,9001,64,0,1.0,1.0,12.0,112.0,100.0,55.0,57.0,5.0,0.0,0.0,21.0,16.0,2.4375,1.0,6.0,4.0,11.0,0.0,29.0,1.0,5.0,0.0,0.0,0.0,75.0,109.71,39,109.7
"mcts:reward=score,opponent=racer",racer,2,9001,65,0,1.0,1.0,39.0,128.0,89.0,72.0,46.0,4.0,1.0,1.0,30.0,15.0,2.933333333333333,2.0,1.0,7.0,13.0,0.0,33.0,2.0,5.0,0.0,0.0,0.0,80.0,124.31,43,124.3
"mcts:reward=score,opponent=greedy+racer",racer,2,9001,64,0,1.0,1.0,52.0,138.0,86.0,68.0,60.0,6.0,0.0,1.0,19.0,16.0,2.8125,1.0,0.0,5.0,10.0,0.0,36.0,2.0,6.0,0.0,0.0,1.0,82.0,127.95,44,127.94
"mcts:reward=score,opponent=greedy+racer",racer,2,9001,65,0,0.0,0.0,-1.0,88.0,89.0,66.0,12.0,3.0,1.0,1.0,28.0,11.0,3.5454545454545454,3.0,6.0,6.0,11.0,2.0,25.0,2.0,4.0,0.0,0.0,0.0,66.0,119.7,36,119.69
"mcts:reward=score,opponent=racer",ppo:runs/ppo/pass2/p2b_pool_s3.json,2,9001,66,0,0.0,0.0,-21.0,75.0,96.0,51.0,24.0,2.0,1.0,0.0,24.0,13.0,2.6153846153846154,1.0,11.0,5.0,9.0,2.0,23.0,1.0,3.0,0.0,0.0,0.0,64.0,123.71,34,123.64
"mcts:reward=score,opponent=racer",ppo:runs/ppo/pass2/p2b_pool_s3.json,2,9001,67,1,1.0,1.0,8.0,83.0,75.0,43.0,40.0,4.0,0.0,0.0,20.0,12.0,2.5833333333333335,0.0,14.0,3.0,10.0,1.0,26.0,1.0,4.0,0.0,0.0,0.0,64.0,111.39,34,111.33
"mcts:reward=score,opponent=racer",greedy,2,9001,64,0,1.0,1.0,17.0,125.0,108.0,77.0,38.0,4.0,0.0,1.0,39.0,14.0,3.2142857142857144,2.0,0.0,7.0,12.0,2.0,40.0,1.0,4.0,0.0,0.0,0.0,87.0,131.3,45,131.28
"mcts:reward=score,opponent=racer",greedy,2,9001,65,0,1.0,1.0,72.0,150.0,78.0,62.0,78.0,6.0,1.0,1.0,33.0,17.0,2.6470588235294117,1.0,0.0,4.0,8.0,1.0,34.0,3.0,7.0,0.0,0.0,1.0,83.0,142.7,46,142.68
"mcts:reward=score,opponent=racer",linear:runs/linear/pass7/p7b_sarsa_lam98_random_s3.json@best,2,9001,66,0,1.0,1.0,56.0,141.0,85.0,44.0,87.0,6.0,0.0,1.0,30.0,15.0,2.2666666666666666,1.0,11.0,3.0,8.0,1.0,24.0,3.0,6.0,0.0,0.0,0.0,70.0,114.84,39,114.81
"mcts:reward=score,opponent=racer",linear:runs/linear/pass7/p7b_sarsa_lam98_random_s3.json@best,2,9001,67,1,1.0,1.0,8.0,94.0,86.0,37.0,57.0,7.0,0.0,0.0,21.0,15.0,2.1333333333333333,0.0,13.0,3.0,15.0,1.0,15.0,3.0,7.0,0.0,0.0,0.0,68.0,116.24,38,116.21
"mcts:reward=score,opponent=greedy+racer",greedy,2,9001,64,0,1.0,1.0,68.0,156.0,88.0,68.0,78.0,7.0,0.0,1.0,27.0,16.0,2.8125,1.0,0.0,3.0,24.0,1.0,26.0,2.0,7.0,0.0,0.0,1.0,88.0,141.67,47,141.66
"mcts:reward=score,opponent=greedy+racer",greedy,2,9001,65,0,1.0,1.0,60.0,145.0,85.0,62.0,73.0,5.0,0.0,1.0,29.0,16.0,2.8125,1.0,0.0,6.0,6.0,0.0,42.0,2.0,5.0,0.0,0.0,1.0,83.0,148.3,45,148.29
"mcts:reward=score,opponent=greedy+racer",ppo:runs/ppo/pass2/p2b_pool_s3.json,2,9001,66,0,0.0,0.0,-1.0,92.0,93.0,42.0,50.0,3.0,0.0,0.0,30.0,13.0,2.4615384615384617,1.0,13.0,3.0,12.0,1.0,24.0,1.0,3.0,0.0,0.0,0.0,66.0,130.54,35,130.47
"mcts:reward=score,opponent=greedy+racer",ppo:runs/ppo/pass2/p2b_pool_s3.json,2,9001,67,1,1.0,1.0,44.0,113.0,69.0,48.0,55.0,5.0,1.0,1.0,30.0,15.0,2.466666666666667,0.0,8.0,4.0,8.0,0.0,28.0,2.0,6.0,0.0,0.0,0.0,70.0,134.18,38,134.11
"mcts:reward=score,opponent=greedy+racer",linear:runs/linear/pass7/p7b_sarsa_lam98_random_s3.json@best,2,9001,66,0,1.0,1.0,6.0,87.0,81.0,53.0,24.0,2.0,1.0,1.0,33.0,15.0,2.6,1.0,6.0,2.0,11.0,0.0,33.0,1.0,3.0,0.0,0.0,0.0,76.0,129.55,40,129.52
"mcts:reward=score,opponent=greedy+racer",linear:runs/linear/pass7/p7b_sarsa_lam98_random_s3.json@best,2,9001,67,1,1.0,1.0,17.0,118.0,101.0,52.0,56.0,5.0,0.0,1.0,23.0,14.0,2.642857142857143,2.0,8.0,5.0,16.0,0.0,22.0,2.0,5.0,0.0,0.0,0.0,70.0,127.72,38,127.69
"mcts:reward=score,opponent=racer",racer,2,9001,66,0,1.0,1.0,90.0,182.0,92.0,49.0,123.0,9.0,0.0,1.0,32.0,17.0,2.2941176470588234,1.0,6.0,1.0,17.0,1.0,21.0,4.0,9.0,0.0,0.0,0.0,82.0,132.36,46,132.35
"mcts:reward=score,opponent=racer",racer,2,9001,67,1,1.0,1.0,36.0,123.0,87.0,56.0,57.0,6.0,0.0,1.0,21.0,15.0,2.533333333333333,1.0,7.0,4.0,12.0,2.0,24.0,2.0,6.0,0.0,0.0,0.0,74.0,114.95,40,114.94
"mcts:reward=score,opponent=greedy+racer",racer,2,9001,66,0,1.0,1.0,14.0,106.0,92.0,40.0,56.0,4.0,0.0,1.0,24.0,16.0,2.1875,0.0,10.0,3.0,11.0,0.0,21.0,2.0,4.0,0.0,0.0,0.0,68.0,124.89,37,124.88
"mcts:reward=score,opponent=greedy+racer",racer,2,9001,67,1,1.0,1.0,42.0,129.0,87.0,52.0,67.0,6.0,0.0,1.0,25.0,17.0,2.411764705882353,1.0,4.0,8.0,8.0,2.0,32.0,2.0,6.0,0.0,0.0,0.0,82.0,137.6,44,137.58
"mcts:reward=score,opponent=racer",greedy,2,9001,66,0,1.0,1.0,82.0,171.0,89.0,63.0,98.0,8.0,0.0,1.0,32.0,18.0,2.4444444444444446,3.0,1.0,6.0,6.0,1.0,36.0,4.0,8.0,0.0,0.0,1.0,87.0,136.78,49,136.77
"mcts:reward=score,opponent=racer",greedy,2,9001,67,1,1.0,1.0,31.0,135.0,104.0,54.0,71.0,7.0,0.0,1.0,24.0,17.0,2.4705882352941178,0.0,3.0,4.0,15.0,0.0,31.0,3.0,7.0,0.0,0.0,0.0,86.0,136.0,47,135.99
"mcts:reward=score,opponent=racer",ppo:runs/ppo/pass2/p2b_pool_s3.json,2,9001,68,1,1.0,1.0,6.0,87.0,81.0,46.0,41.0,5.0,0.0,0.0,24.0,12.0,2.75,0.0,12.0,7.0,10.0,0.0,26.0,2.0,5.0,0.0,0.0,0.0,64.0,112.02,35,111.96
"mcts:reward=score,opponent=racer",ppo:runs/ppo/pass2/p2b_pool_s3.json,2,9001,69,1,1.0,1.0,7.0,86.0,79.0,56.0,20.0,2.0,0.0,1.0,16.0,11.0,3.1818181818181817,1.0,10.0,5.0,4.0,0.0,34.0,0.0,2.0,0.0,0.0,0.0,61.0,95.25,31,95.19
"mcts:reward=score,opponent=greedy+racer",ppo:runs/ppo/pass2/p2b_pool_s3.json,2,9001,68,1,0.0,0.0,-14.0,73.0,87.0,42.0,31.0,3.0,0.0,0.0,13.0,13.0,2.4615384615384617,0.0,13.0,5.0,17.0,1.0,19.0,0.0,3.0,0.0,0.0,0.0,64.0,125.71,33,125.64
"mcts:reward=score,opponent=greedy+racer",ppo:runs/ppo/pass2/p2b_pool_s3.json,2,9001,69,1,0.0,0.0,-41.0,45.0,86.0,40.0,5.0,2.0,2.0,0.0,21.0,11.0,2.727272727272727,0.0,15.0,6.0,7.0,1.0,27.0,1.0,4.0,0.0,0.0,0.0,61.0,116.26,32,116.2
"mcts:reward=score,opponent=racer",linear:runs/linear/pass7/p7b_sarsa_lam98_random_s3.json@best,2,9001,68,1,1.0,1.0,19.0,92.0,73.0,42.0,40.0,6.0,1.0,1.0,18.0,14.0,2.4285714285714284,0.0,11.0,4.0,12.0,0.0,20.0,2.0,7.0,0.0,0.0,0.0,64.0,114.19,35,114.16
"mcts:reward=score,opponent=racer",linear:runs/linear/pass7/p7b_sarsa_lam98_random_s3.json@best,2,9001,69,1,1.0,1.0,4.0,95.0,91.0,54.0,31.0,3.0,0.0,1.0,23.0,12.0,3.0,1.0,9.0,5.0,5.0,1.0,31.0,1.0,3.0,0.0,0.0,0.0,65.0,106.72,34,106.69
"mcts:reward=score,opponent=greedy+racer",greedy,2,9001,66,0,1.0,1.0,34.0,149.0,115.0,70.0,69.0,5.0,0.0,1.0,32.0,16.0,2.8125,2.0,0.0,3.0,5.0,0.0,43.0,2.0,5.0,0.0,0.0,1.0,83.0,152.21,45,152.19
"mcts:reward=score,opponent=greedy+racer",greedy,2,9001,67,1,1.0,1.0,100.0,146.0,46.0,60.0,76.0,8.0,0.0,1.0,22.0,18.0,2.4444444444444446,2.0,1.0,9.0,2.0,0.0,40.0,3.0,8.0,0.0,0.0,1.0,83.0,149.45,46,149.44
"mcts:reward=score,opponent=greedy+racer",linear:runs/linear/pass7/p7b_sarsa_lam98_random_s3.json@best,2,9001,68,1,1.0,1.0,32.0,105.0,73.0,40.0,55.0,6.0,0.0,1.0,22.0,16.0,2.1875,0.0,10.0,3.0,18.0,0.0,16.0,2.0,6.0,0.0,0.0,0.0,70.0,129.46,38,129.43
"mcts:reward=score,opponent=greedy+racer",linear:runs/linear/pass7/p7b_sarsa_lam98_random_s3.json@best,2,9001,69,1,0.0,0.0,-1.0,92.0,93.0,58.0,24.0,2.0,0.0,1.0,24.0,11.0,3.090909090909091,2.0,11.0,5.0,12.0,0.0,32.0,0.0,2.0,0.0,0.0,0.0,67.0,115.32,34,115.29
"mcts:reward=score,opponent=racer",racer,2,9001,68,1,1.0,1.0,5.0,90.0,85.0,43.0,37.0,4.0,0.0,1.0,30.0,12.0,2.6666666666666665,0.0,13.0,7.0,12.0,0.0,26.0,1.0,4.0,0.0,0.0,0.0,64.0,107.64,34,107.63
"mcts:reward=score,opponent=racer",racer,2,9001,69,1,0.0,0.0,-2.0,96.0,98.0,55.0,31.0,3.0,0.0,1.0,23.0,13.0,2.8461538461538463,1.0,8.0,6.0,8.0,1.0,28.0,1.0,3.0,0.0,0.0,0.0,67.0,103.87,35,103.86
"mcts:reward=score,opponent=greedy+racer",racer,2,9001,68,1,1.0,1.0,5.0,90.0,85.0,45.0,35.0,4.0,1.0,1.0,24.0,15.0,2.4,0.0,9.0,6.0,19.0,1.0,17.0,1.0,5.0,0.0,0.0,0.0,70.0,122.4,37,122.38
"mcts:reward=score,opponent=greedy+racer",racer,2,9001,69,1,1.0,1.0,15.0,113.0,98.0,46.0,57.0,7.0,1.0,1.0,20.0,15.0,2.466666666666667,0.0,8.0,4.0,15.0,0.0,23.0,5.0,8.0,0.0,0.0,0.0,79.0,125.67,45,125.66
"mcts:reward=score,opponent=racer",greedy,2,9001,68,1,1.0,1.0,15.0,120.0,105.0,52.0,58.0,6.0,0.0,1.0,25.0,19.0,2.263157894736842,0.0,2.0,6.0,6.0,1.0,34.0,3.0,6.0,0.0,0.0,0.0,86.0,146.22,47,146.2
"mcts:reward=score,opponent=racer",greedy,2,9001,69,1,1.0,1.0,27.0,108.0,81.0,69.0,29.0,3.0,0.0,1.0,27.0,14.0,3.2142857142857144,1.0,0.0,1.0,15.0,0.0,31.0,1.0,3.0,0.0,0.0,1.0,76.0,125.63,40,125.61
"mcts:reward=score,opponent=racer",ppo:runs/ppo/pass2/p2b_pool_s3.json,2,9001,70,1,1.0,1.0,0.0,82.0,82.0,37.0,35.0,3.0,0.0,1.0,23.0,13.0,2.3076923076923075,0.0,15.0,5.0,6.0,2.0,26.0,1.0,3.0,0.0,0.0,0.0,65.0,105.4,34,105.33
"mcts:reward=score,opponent=racer",ppo:runs/ppo/pass2/p2b_pool_s3.json,2,9001,71,1,1.0,1.0,25.0,109.0,84.0,46.0,53.0,4.0,0.0,1.0,23.0,12.0,2.6666666666666665,1.0,13.0,4.0,19.0,1.0,17.0,2.0,4.0,0.0,0.0,0.0,66.0,115.0,36,114.94
"mcts:reward=score,opponent=greedy+racer",greedy,2,9001,68,1,1.0,1.0,22.0,131.0,109.0,51.0,70.0,6.0,0.0,1.0,28.0,18.0,2.3333333333333335,0.0,3.0,6.0,22.0,0.0,18.0,2.0,6.0,0.0,0.0,0.0,80.0,142.05,43,142.04
"mcts:reward=score,opponent=greedy+racer",greedy,2,9001,69,1,0.0,0.0,-38.0,84.0,122.0,65.0,9.0,2.0,1.0,1.0,24.0,12.0,3.3333333333333335,2.0,5.0,4.0,7.0,1.0,45.0,1.0,3.0,0.0,0.0,0.0,81.0,141.98,42,141.97
"mcts:reward=score,opponent=racer",linear:runs/linear/pass7/p7b_sarsa_lam98_random_s3.json@best,2,9001,70,1,1.0,1.0,23.0,99.0,76.0,43.0,46.0,4.0,0.0,1.0,23.0,15.0,2.3333333333333335,0.0,10.0,7.0,8.0,3.0,24.0,1.0,4.0,0.0,0.0,0.0,71.0,104.86,37,104.83
"mcts:reward=score,opponent=racer",linear:runs/linear/pass7/p7b_sarsa_lam98_random_s3.json@best,2,9001,71,1,1.0,1.0,47.0,124.0,77.0,57.0,57.0,4.0,0.0,1.0,26.0,16.0,2.625,0.0,3.0,4.0,17.0,0.0,23.0,1.0,4.0,0.0,0.0,0.0,74.0,116.9,39,116.86
"mcts:reward=score,opponent=greedy+racer",ppo:runs/ppo/pass2/p2b_pool_s3.json,2,9001,70,1,0.0,0.0,-56.0,25.0,81.0,32.0,-7.0,2.0,1.0,0.0,19.0,13.0,2.1538461538461537,0.0,17.0,3.0,4.0,0.0,28.0,1.0,3.0,0.0,0.0,0.0,61.0,113.54,32,113.48
"mcts:reward=score,opponent=greedy+racer",ppo:runs/ppo/pass2/p2b_pool_s3.json,2,9001,71,1,1.0,1.0,45.0,125.0,80.0,62.0,63.0,5.0,0.0,0.0,28.0,15.0,2.8,3.0,3.0,4.0,24.0,1.0,14.0,2.0,5.0,0.0,0.0,0.0,74.0,134.98,40,134.9
"mcts:reward=score,opponent=greedy+racer",linear:runs/linear/pass7/p7b_sarsa_lam98_random_s3.json@best,2,9001,70,1,1.0,1.0,22.0,95.0,73.0,39.0,46.0,4.0,0.0,1.0,23.0,14.0,2.2857142857142856,0.0,13.0,4.0,5.0,2.0,25.0,1.0,4.0,0.0,0.0,0.0,65.0,113.07,34,113.05
"mcts:reward=score,opponent=greedy+racer",linear:runs/linear/pass7/p7b_sarsa_lam98_random_s3.json@best,2,9001,71,1,1.0,1.0,18.0,127.0,109.0,63.0,54.0,4.0,0.0,1.0,30.0,13.0,3.076923076923077,3.0,5.0,2.0,22.0,0.0,22.0,1.0,4.0,0.0,0.0,0.0,72.0,131.22,38,131.19
"mcts:reward=score,opponent=racer",racer,2,9001,70,1,1.0,1.0,7.0,102.0,95.0,40.0,52.0,6.0,0.0,1.0,15.0,12.0,2.4166666666666665,0.0,16.0,5.0,3.0,0.0,31.0,2.0,6.0,0.0,0.0,0.0,63.0,107.17,34,107.16
"mcts:reward=score,opponent=racer",racer,2,9001,71,1,1.0,1.0,36.0,126.0,90.0,56.0,60.0,5.0,0.0,1.0,25.0,13.0,2.923076923076923,1.0,7.0,4.0,18.0,1.0,20.0,2.0,5.0,0.0,0.0,0.0,70.0,115.77,38,115.76
"mcts:reward=score,opponent=greedy+racer",racer,2,9001,70,1,0.0,0.0,-6.0,79.0,85.0,38.0,31.0,3.0,0.0,1.0,18.0,12.0,2.3333333333333335,1.0,17.0,3.0,7.0,1.0,29.0,1.0,3.0,0.0,0.0,0.0,65.0,111.1,34,111.09
"mcts:reward=score,opponent=greedy+racer",racer,2,9001,71,1,1.0,1.0,37.0,127.0,90.0,54.0,63.0,5.0,0.0,1.0,26.0,14.0,2.7142857142857144,2.0,7.0,1.0,27.0,0.0,9.0,2.0,5.0,0.0,0.0,0.0,68.0,123.8,37,123.79
"mcts:reward=score,opponent=racer",ppo:runs/ppo/pass2/p2b_pool_s3.json,2,9001,72,1,1.0,1.0,0.0,83.0,83.0,48.0,35.0,4.0,0.0,0.0,20.0,15.0,2.466666666666667,0.0,8.0,3.0,10.0,0.0,24.0,1.0,4.0,0.0,0.0,0.0,67.0,108.99,35,108.92
"mcts:reward=score,opponent=racer",ppo:runs/ppo/pass2/p2b_pool_s3.json,2,9001,73,1,0.0,0.0,-28.0,69.0,97.0,44.0,25.0,3.0,0.0,0.0,24.0,13.0,2.4615384615384617,0.0,13.0,6.0,5.0,1.0,31.0,0.0,3.0,0.0,0.0,0.0,64.0,102.96,33,102.89
"mcts:reward=score,opponent=racer",greedy,2,9001,70,1,1.0,1.0,23.0,123.0,100.0,67.0,46.0,4.0,0.0,1.0,29.0,17.0,2.6470588235294117,2.0,0.0,8.0,3.0,2.0,41.0,1.0,4.0,0.0,0.0,1.0,84.0,138.22,44,138.2
"mcts:reward=score,opponent=racer",greedy,2,9001,71,1,1.0,1.0,84.0,151.0,67.0,73.0,68.0,5.0,0.0,1.0,27.0,16.0,2.8125,3.0,0.0,5.0,16.0,0.0,28.0,1.0,5.0,0.0,0.0,1.0,77.0,142.27,41,142.26
"mcts:reward=score,opponent=greedy+racer",ppo:runs/ppo/pass2/p2b_pool_s3.json,2,9001,72,1,0.0,0.0,-10.0,74.0,84.0,43.0,31.0,4.0,1.0,0.0,16.0,13.0,2.4615384615384617,0.0,13.0,8.0,5.0,1.0,23.0,2.0,5.0,0.0,0.0,0.0,61.0,115.03,33,114.97
"mcts:reward=score,opponent=greedy+racer",ppo:runs/ppo/pass2/p2b_pool_s3.json,2,9001,73,1,0.0,0.0,-10.0,78.0,88.0,54.0,14.0,3.0,1.0,1.0,28.0,12.0,2.6666666666666665,2.0,13.0,6.0,11.0,2.0,23.0,1.0,4.0,0.0,0.0,0.0,64.0,116.77,34,116.7
"mcts:reward=score,opponent=racer",linear:runs/linear/pass7/p7b_sarsa_lam98_random_s3.json@best,2,9001,72,1,0.0,0.0,-35.0,45.0,80.0,34.0,1.0,1.0,1.0,1.0,20.0,10.0,2.5,0.0,20.0,4.0,4.0,1.0,32.0,0.0,2.0,0.0,0.0,0.0,59.0,98.56,30,98.53
"mcts:reward=score,opponent=racer",linear:runs/linear/pass7/p7b_sarsa_lam98_random_s3.json@best,2,9001,73,1,1.0,1.0,25.0,103.0,78.0,47.0,46.0,5.0,0.0,1.0,17.0,14.0,2.4285714285714284,1.0,11.0,5.0,10.0,1.0,24.0,2.0,5.0,0.0,0.0,0.0,68.0,111.35,37,111.32
"mcts:reward=score,opponent=greedy+racer",greedy,2,9001,70,1,1.0,1.0,13.0,119.0,106.0,58.0,51.0,5.0,0.0,1.0,21.0,15.0,2.6,2.0,6.0,7.0,3.0,0.0,45.0,3.0,5.0,0.0,0.0,0.0,85.0,150.91,46,150.9
"mcts:reward=score,opponent=greedy+racer",greedy,2,9001,71,1,1.0,1.0,19.0,137.0,118.0,65.0,62.0,5.0,1.0,1.0,29.0,13.0,3.1538461538461537,3.0,4.0,6.0,11.0,0.0,37.0,2.0,6.0,0.0,0.0,0.0,78.0,143.78,42,143.77
"mcts:reward=score,opponent=racer",racer,2,9001,72,1,0.0,0.0,-22.0,80.0,102.0,39.0,41.0,5.0,0.0,0.0,12.0,15.0,2.1333333333333333,0.0,13.0,7.0,3.0,0.0,27.0,2.0,5.0,0.0,0.0,0.0,65.0,100.6,35,100.59
"mcts:reward=score,opponent=racer",racer,2,9001,73,1,0.0,0.0,-38.0,63.0,101.0,38.0,25.0,3.0,0.0,0.0,12.0,11.0,2.3636363636363638,1.0,19.0,6.0,8.0,1.0,34.0,0.0,3.0,0.0,0.0,0.0,66.0,107.26,34,107.25
"mcts:reward=score,opponent=greedy+racer",linear:runs/linear/pass7/p7b_sarsa_lam98_random_s3.json@best,2,9001,72,1,0.0,0.0,-9.0,89.0,98.0,38.0,41.0,5.0,0.0,1.0,21.0,16.0,2.0625,0.0,12.0,8.0,5.0,2.0,23.0,2.0,5.0,0.0,0.0,0.0,69.0,115.13,37,115.11
"mcts:reward=score,opponent=greedy+racer",linear:runs/linear/pass7/p7b_sarsa_lam98_random_s3.json@best,2,9001,73,1,1.0,1.0,22.0,106.0,84.0,54.0,42.0,4.0,0.0,1.0,17.0,12.0,2.8333333333333335,2.0,11.0,9.0,8.0,2.0,26.0,1.0,4.0,0.0,0.0,0.0,64.0,118.68,34,118.65
"mcts:reward=score,opponent=greedy+racer",racer,2,9001,72,1,0.0,0.0,-7.0,85.0,92.0,41.0,34.0,5.0,1.0,1.0,20.0,16.0,2.125,0.0,11.0,5.0,4.0,0.0,30.0,2.0,6.0,0.0,0.0,0.0,71.0,115.26,38,115.25
"mcts:reward=score,opponent=greedy+racer",racer,2,9001,73,1,1.0,1.0,19.0,120.0,101.0,57.0,63.0,6.0,0.0,0.0,20.0,14.0,2.7142857142857144,1.0,7.0,6.0,3.0,0.0,35.0,3.0,6.0,0.0,0.0,0.0,72.0,125.86,40,125.85
"mcts:reward=score,opponent=racer",ppo:runs/ppo/pass2/p2b_pool_s3.json,2,9001,74,1,0.0,0.0,-33.0,55.0,88.0,48.0,7.0,3.0,1.0,0.0,17.0,12.0,2.5833333333333335,2.0,14.0,6.0,14.0,0.0,22.0,1.0,4.0,0.0,0.0,0.0,63.0,101.58,33,101.52
"mcts:reward=score,opponent=racer",ppo:runs/ppo/pass2/p2b_pool_s3.json,2,9001,75,0,0.0,0.0,-34.0,47.0,81.0,50.0,-3.0,1.0,1.0,0.0,10.0,8.0,3.375,3.0,18.0,6.0,6.0,1.0,36.0,0.0,2.0,0.0,0.0,0.0,61.0,99.54,31,99.48
"mcts:reward=score,opponent=racer",greedy,2,9001,72,1,1.0,1.0,18.0,127.0,109.0,64.0,53.0,5.0,0.0,1.0,27.0,17.0,2.588235294117647,1.0,1.0,5.0,14.0,0.0,30.0,2.0,5.0,0.0,0.0,0.0,83.0,137.09,44,137.07
"mcts:reward=score,opponent=racer",greedy,2,9001,73,1,1.0,1.0,38.0,125.0,87.0,60.0,55.0,6.0,0.0,1.0,22.0,17.0,2.6470588235294117,1.0,0.0,9.0,7.0,0.0,41.0,2.0,6.0,0.0,0.0,1.0,85.0,132.96,46,132.95
"mcts:reward=score,opponent=racer",linear:runs/linear/pass7/p7b_sarsa_lam98_random_s3.json@best,2,9001,74,1,1.0,1.0,8.0,88.0,80.0,44.0,34.0,5.0,1.0,1.0,18.0,15.0,2.3333333333333335,0.0,10.0,5.0,15.0,0.0,17.0,2.0,6.0,0.0,0.0,0.0,67.0,100.47,36,100.44
"mcts:reward=score,opponent=racer",linear:runs/linear/pass7/p7b_sarsa_lam98_random_s3.json@best,2,9001,75,0,0.0,0.0,-12.0,95.0,107.0,52.0,43.0,5.0,0.0,0.0,22.0,15.0,2.6,1.0,6.0,6.0,16.0,0.0,22.0,1.0,5.0,0.0,0.0,0.0,71.0,105.46,37,105.43
"mcts:reward=score,opponent=greedy+racer",ppo:runs/ppo/pass2/p2b_pool_s3.json,2,9001,74,1,0.0,0.0,-5.0,87.0,92.0,46.0,41.0,4.0,0.0,0.0,24.0,12.0,2.6666666666666665,1.0,13.0,3.0,11.0,0.0,23.0,1.0,4.0,0.0,0.0,0.0,61.0,108.69,32,108.63
"mcts:reward=score,opponent=greedy+racer",ppo:runs/ppo/pass2/p2b_pool_s3.json,2,9001,75,0,1.0,1.0,0.0,86.0,86.0,43.0,43.0,5.0,0.0,0.0,15.0,13.0,2.5384615384615383,1.0,12.0,4.0,7.0,0.0,27.0,1.0,5.0,0.0,0.0,0.0,63.0,117.31,33,117.25
"mcts:reward=score,opponent=greedy+racer",greedy,2,9001,72,1,0.0,0.0,-5.0,114.0,119.0,57.0,47.0,4.0,0.0,1.0,34.0,17.0,2.588235294117647,0.0,1.0,6.0,1.0,0.0,45.0,2.0,4.0,0.0,0.0,0.0,85.0,146.58,45,146.57
"mcts:reward=score,opponent=greedy+racer",greedy,2,9001,73,1,1.0,1.0,75.0,129.0,54.0,68.0,51.0,5.0,0.0,1.0,32.0,16.0,2.8125,2.0,0.0,10.0,3.0,0.0,43.0,2.0,5.0,0.0,0.0,1.0,81.0,140.05,44,140.04
"mcts:reward=score,opponent=greedy+racer",linear:runs/linear/pass7/p7b_sarsa_lam98_random_s3.json@best,2,9001,74,1,0.0,0.0,-1.0,79.0,80.0,37.0,32.0,4.0,0.0,1.0,15.0,13.0,2.3076923076923075,0.0,15.0,3.0,6.0,0.0,28.0,1.0,4.0,0.0,0.0,0.0,63.0,113.63,33,113.61
"mcts:reward=score,opponent=greedy+racer",linear:runs/linear/pass7/p7b_sarsa_lam98_random_s3.json@best,2,9001,75,0,0.0,0.0,-23.0,70.0,93.0,35.0,25.0,4.0,1.0,1.0,15.0,13.0,2.230769230769231,1.0,16.0,5.0,8.0,0.0,22.0,1.0,5.0,0.0,0.0,0.0,59.0,114.27,31,114.25
"mcts:reward=score,opponent=racer",racer,2,9001,74,1,1.0,1.0,7.0,97.0,90.0,46.0,41.0,4.0,0.0,1.0,23.0,12.0,2.6666666666666665,1.0,13.0,5.0,18.0,0.0,24.0,1.0,4.0,0.0,0.0,0.0,69.0,100.23,36,100.21
"mcts:reward=score,opponent=racer",racer,2,9001,75,0,1.0,1.0,35.0,123.0,88.0,59.0,54.0,6.0,0.0,1.0,24.0,16.0,2.6875,1.0,2.0,5.0,14.0,0.0,30.0,2.0,6.0,0.0,0.0,0.0,81.0,115.95,43,115.93
"mcts:reward=score,opponent=greedy+racer",racer,2,9001,74,1,1.0,1.0,12.0,102.0,90.0,47.0,45.0,5.0,0.0,1.0,19.0,17.0,2.235294117647059,0.0,7.0,6.0,11.0,0.0,25.0,1.0,5.0,0.0,0.0,0.0,73.0,115.83,38,115.82
"mcts:reward=score,opponent=greedy+racer",racer,2,9001,75,0,0.0,0.0,-2.0,86.0,88.0,51.0,25.0,4.0,1.0,1.0,25.0,13.0,2.769230769230769,2.0,9.0,3.0,10.0,0.0,28.0,1.0,5.0,0.0,0.0,0.0,67.0,117.08,35,117.07
"mcts:reward=score,opponent=racer",ppo:runs/ppo/pass2/p2b_pool_s3.json,2,9001,76,0,0.0,0.0,-4.0,82.0,86.0,43.0,39.0,3.0,0.0,0.0,18.0,12.0,2.6666666666666665,0.0,13.0,2.0,6.0,0.0,30.0,1.0,3.0,0.0,0.0,0.0,62.0,107.05,33,106.99
"mcts:reward=score,opponent=racer",ppo:runs/ppo/pass2/p2b_pool_s3.json,2,9001,77,1,1.0,1.0,10.0,94.0,84.0,53.0,41.0,3.0,0.0,0.0,26.0,11.0,3.1818181818181817,2.0,10.0,3.0,10.0,1.0,28.0,1.0,3.0,0.0,0.0,0.0,65.0,101.83,34,101.76
"mcts:reward=score,opponent=racer",greedy,2,9001,74,1,0.0,0.0,-35.0,96.0,131.0,54.0,32.0,4.0,0.0,1.0,23.0,17.0,2.4705882352941178,0.0,3.0,5.0,16.0,0.0,26.0,1.0,4.0,0.0,0.0,0.0,79.0,128.73,41,128.71
"mcts:reward=score,opponent=racer",greedy,2,9001,75,0,0.0,0.0,-18.0,118.0,136.0,64.0,54.0,6.0,0.0,0.0,24.0,16.0,2.8125,2.0,0.0,9.0,6.0,1.0,38.0,2.0,6.0,0.0,0.0,0.0,83.0,130.32,44,130.31
"mcts:reward=score,opponent=greedy+racer",ppo:runs/ppo/pass2/p2b_pool_s3.json,2,9001,76,0,1.0,1.0,17.0,103.0,86.0,47.0,56.0,4.0,0.0,0.0,21.0,13.0,2.6923076923076925,0.0,10.0,3.0,3.0,1.0,31.0,1.0,4.0,0.0,0.0,0.0,64.0,118.76,34,118.69
"mcts:reward=score,opponent=greedy+racer",ppo:runs/ppo/pass2/p2b_pool_s3.json,2,9001,77,1,0.0,0.0,-45.0,37.0,82.0,49.0,-12.0,1.0,1.0,0.0,23.0,11.0,2.909090909090909,2.0,13.0,2.0,12.0,0.0,24.0,0.0,2.0,0.0,0.0,0.0,59.0,107.07,30,107.01
"mcts:reward=score,opponent=racer",linear:runs/linear/pass7/p7b_sarsa_lam98_random_s3.json@best,2,9001,76,0,1.0,1.0,6.0,89.0,83.0,40.0,39.0,3.0,0.0,1.0,21.0,13.0,2.3846153846153846,0.0,14.0,6.0,5.0,0.0,31.0,1.0,3.0,0.0,0.0,0.0,64.0,101.7,34,101.67
"mcts:reward=score,opponent=racer",linear:runs/linear/pass7/p7b_sarsa_lam98_random_s3.json@best,2,9001,77,1,1.0,1.0,28.0,125.0,97.0,63.0,52.0,4.0,0.0,1.0,25.0,13.0,3.076923076923077,2.0,5.0,6.0,4.0,0.0,38.0,1.0,4.0,0.0,0.0,0.0,71.0,106.78,37,106.75
"mcts:reward=score,opponent=greedy+racer",greedy,2,9001,74,1,0.0,0.0,-19.0,102.0,121.0,60.0,32.0,4.0,0.0,1.0,29.0,16.0,2.6875,0.0,2.0,5.0,15.0,0.0,29.0,1.0,4.0,0.0,0.0,0.0,79.0,141.61,41,141.6
"mcts:reward=score,opponent=greedy+racer",greedy,2,9001,75,0,1.0,1.0,11.0,137.0,126.0,62.0,65.0,7.0,0.0,1.0,30.0,15.0,2.8,2.0,3.0,4.0,7.0,0.0,41.0,3.0,7.0,0.0,0.0,0.0,85.0,147.73,46,147.72
"mcts:reward=score,opponent=greedy+racer",linear:runs/linear/pass7/p7b_sarsa_lam98_random_s3.json@best,2,9001,76,0,1.0,1.0,11.0,90.0,79.0,41.0,39.0,3.0,0.0,1.0,27.0,14.0,2.357142857142857,0.0,12.0,4.0,4.0,0.0,32.0,1.0,3.0,0.0,0.0,0.0,66.0,116.1,35,116.07
"mcts:reward=score,opponent=greedy+racer",linear:runs/linear/pass7/p7b_sarsa_lam98_random_s3.json@best,2,9001,77,1,1.0,1.0,5.0,89.0,84.0,51.0,28.0,2.0,0.0,1.0,30.0,13.0,2.8461538461538463,1.0,8.0,4.0,5.0,0.0,31.0,0.0,2.0,0.0,0.0,0.0,63.0,110.27,32,110.24
"mcts:reward=score,opponent=racer",racer,2,9001,76,0,0.0,0.0,-10.0,82.0,92.0,42.0,30.0,3.0,1.0,1.0,21.0,14.0,2.357142857142857,0.0,12.0,3.0,6.0,0.0,28.0,2.0,4.0,0.0,0.0,0.0,66.0,108.08,36,108.07
"mcts:reward=score,opponent=racer",racer,2,9001,77,1,0.0,0.0,-2.0,89.0,91.0,51.0,28.0,2.0,0.0,1.0,27.0,12.0,2.9166666666666665,1.0,10.0,3.0,11.0,1.0,27.0,0.0,2.0,0.0,0.0,0.0,65.0,102.74,33,102.73
"mcts:reward=score,opponent=greedy+racer",racer,2,9001,76,0,1.0,1.0,23.0,115.0,92.0,49.0,56.0,4.0,0.0,1.0,27.0,16.0,2.4375,0.0,6.0,7.0,6.0,0.0,34.0,1.0,4.0,0.0,0.0,0.0,74.0,118.97,39,118.96
"mcts:reward=score,opponent=greedy+racer",racer,2,9001,77,1,1.0,1.0,30.0,121.0,91.0,59.0,52.0,4.0,0.0,1.0,31.0,14.0,2.857142857142857,2.0,5.0,5.0,6.0,0.0,32.0,2.0,4.0,0.0,0.0,0.0,71.0,115.51,38,115.5
"mcts:reward=score,opponent=racer",greedy,2,9001,76,0,0.0,0.0,-42.0,83.0,125.0,66.0,7.0,2.0,1.0,1.0,20.0,13.0,3.1538461538461537,1.0,4.0,8.0,7.0,1.0,53.0,1.0,3.0,0.0,0.0,0.0,90.0,140.17,47,140.16
"mcts:reward=score,opponent=racer",greedy,2,9001,77,1,1.0,1.0,25.0,128.0,103.0,81.0,37.0,3.0,0.0,1.0,35.0,12.0,3.75,3.0,0.0,5.0,18.0,0.0,34.0,1.0,3.0,0.0,0.0,1.0,78.0,123.28,41,123.27
"mcts:reward=score,opponent=racer",ppo:runs/ppo/pass2/p2b_pool_s3.json,2,9001,78,0,1.0,1.0,12.0,99.0,87.0,57.0,32.0,2.0,0.0,1.0,25.0,11.0,3.090909090909091,2.0,11.0,5.0,20.0,0.0,26.0,0.0,2.0,0.0,0.0,0.0,68.0,118.44,35,118.38
"mcts:reward=score,opponent=racer",ppo:runs/ppo/pass2/p2b_pool_s3.json,2,9001,79,1,1.0,1.0,35.0,114.0,79.0,60.0,44.0,4.0,0.0,1.0,30.0,12.0,3.0833333333333335,3.0,8.0,4.0,8.0,0.0,30.0,1.0,4.0,0.0,0.0,0.0,64.0,109.88,34,109.82
"mcts:reward=score,opponent=racer",linear:runs/linear/pass7/p7b_sarsa_lam98_random_s3.json@best,2,9001,78,0,1.0,1.0,7.0,98.0,91.0,56.0,32.0,2.0,0.0,1.0,25.0,12.0,2.9166666666666665,1.0,10.0,4.0,19.0,1.0,23.0,0.0,2.0,0.0,0.0,0.0,68.0,110.48,35,110.45
"mcts:reward=score,opponent=racer",linear:runs/linear/pass7/p7b_sarsa_lam98_random_s3.json@best,2,9001,79,1,1.0,1.0,46.0,121.0,75.0,67.0,44.0,4.0,0.0,1.0,30.0,14.0,3.0,1.0,3.0,2.0,10.0,0.0,30.0,1.0,4.0,0.0,0.0,0.0,70.0,117.37,37,117.34
"mcts:reward=score,opponent=greedy+racer",greedy,2,9001,76,0,1.0,1.0,19.0,139.0,120.0,73.0,66.0,5.0,0.0,0.0,24.0,15.0,3.0,2.0,0.0,10.0,3.0,1.0,49.0,2.0,5.0,0.0,0.0,1.0,87.0,152.83,47,152.82
"mcts:reward=score,opponent=greedy+racer",greedy,2,9001,77,1,1.0,1.0,21.0,121.0,100.0,74.0,37.0,3.0,0.0,1.0,23.0,14.0,3.2142857142857144,3.0,0.0,3.0,13.0,0.0,33.0,1.0,3.0,0.0,0.0,1.0,76.0,131.34,40,131.33
"mcts:reward=score,opponent=greedy+racer",ppo:runs/ppo/pass2/p2b_pool_s3.json,2,9001,78,0,0.0,0.0,-40.0,57.0,97.0,61.0,-4.0,1.0,1.0,0.0,17.0,9.0,3.4444444444444446,3.0,14.0,6.0,5.0,1.0,41.0,0.0,2.0,0.0,0.0,0.0,66.0,131.63,34,131.56
"mcts:reward=score,opponent=greedy+racer",ppo:runs/ppo/pass2/p2b_pool_s3.json,2,9001,79,1,0.0,0.0,-5.0,85.0,90.0,66.0,19.0,2.0,0.0,0.0,20.0,10.0,3.6,3.0,9.0,3.0,5.0,0.0,39.0,0.0,2.0,0.0,0.0,0.0,64.0,124.12,33,124.06
"mcts:reward=score,opponent=greedy+racer",linear:runs/linear/pass7/p7b_sarsa_lam98_random_s3.json@best,2,9001,78,0,1.0,1.0,32.0,123.0,91.0,51.0,62.0,4.0,0.0,1.0,26.0,13.0,2.769230769230769,1.0,9.0,4.0,12.0,1.0,22.0,2.0,4.0,0.0,0.0,0.0,66.0,130.16,36,130.13
"mcts:reward=score,opponent=greedy+racer",linear:runs/linear/pass7/p7b_sarsa_lam98_random_s3.json@best,2,9001,79,1,1.0,1.0,0.0,78.0,78.0,44.0,24.0,4.0,1.0,1.0,25.0,14.0,2.4285714285714284,1.0,11.0,5.0,14.0,0.0,20.0,2.0,5.0,0.0,0.0,0.0,66.0,127.78,36,127.75
"mcts:reward=score,opponent=racer",racer,2,9001,78,0,1.0,1.0,43.0,138.0,95.0,65.0,63.0,4.0,0.0,1.0,34.0,13.0,3.0,3.0,6.0,2.0,19.0,0.0,21.0,1.0,4.0,0.0,0.0,0.0,68.0,112.52,36,112.51
"mcts:reward=score,opponent=racer",racer,2,9001,79,1,1.0,1.0,31.0,122.0,91.0,68.0,44.0,4.0,0.0,1.0,29.0,14.0,3.0714285714285716,2.0,2.0,4.0,7.0,0.0,33.0,1.0,4.0,0.0,0.0,0.0,70.0,117.11,37,117.1
"mcts:reward=score,opponent=racer",ppo:runs/ppo/pass2/p2b_pool_s3.json,2,9001,80,1,1.0,1.0,7.0,84.0,77.0,39.0,35.0,3.0,0.0,1.0,28.0,14.0,2.2857142857142856,0.0,13.0,7.0,9.0,1.0,21.0,1.0,3.0,0.0,0.0,0.0,63.0,107.6,33,107.53
"mcts:reward=score,opponent=racer",ppo:runs/ppo/pass2/p2b_pool_s3.json,2,9001,81,0,1.0,1.0,4.0,96.0,92.0,53.0,43.0,4.0,0.0,0.0,18.0,14.0,2.642857142857143,2.0,8.0,4.0,17.0,1.0,17.0,1.0,4.0,0.0,0.0,0.0,67.0,101.65,35,101.58
"mcts:reward=score,opponent=greedy+racer",racer,2,9001,78,0,1.0,1.0,25.0,120.0,95.0,65.0,45.0,3.0,0.0,1.0,28.0,15.0,2.8,1.0,3.0,3.0,15.0,0.0,27.0,1.0,3.0,0.0,0.0,0.0,74.0,126.55,39,126.53
"mcts:reward=score,opponent=greedy+racer",racer,2,9001,79,1,1.0,1.0,21.0,112.0,91.0,58.0,44.0,4.0,0.0,1.0,25.0,15.0,2.8,0.0,3.0,4.0,6.0,0.0,34.0,1.0,4.0,0.0,0.0,0.0,72.0,125.45,38,125.44
"mcts:reward=score,opponent=racer",greedy,2,9001,78,0,1.0,1.0,32.0,142.0,110.0,76.0,56.0,4.0,0.0,1.0,27.0,14.0,3.2142857142857144,3.0,0.0,5.0,20.0,1.0,34.0,2.0,4.0,0.0,0.0,1.0,87.0,137.12,47,137.1
"mcts:reward=score,opponent=racer",greedy,2,9001,79,1,1.0,1.0,42.0,137.0,95.0,63.0,64.0,5.0,0.0,1.0,27.0,16.0,2.8125,1.0,0.0,7.0,16.0,2.0,28.0,2.0,5.0,0.0,0.0,1.0,83.0,139.71,45,139.7
"mcts:reward=score,opponent=greedy+racer",ppo:runs/ppo/pass2/p2b_pool_s3.json,2,9001,80,1,0.0,0.0,-36.0,61.0,97.0,36.0,25.0,2.0,0.0,0.0,22.0,11.0,2.5454545454545454,0.0,17.0,6.0,14.0,2.0,22.0,0.0,2.0,0.0,0.0,0.0,63.0,111.35,32,111.29
"mcts:reward=score,opponent=greedy+racer",ppo:runs/ppo/pass2/p2b_pool_s3.json,2,9001,81,0,0.0,0.0,-10.0,80.0,90.0,54.0,26.0,3.0,1.0,0.0,14.0,12.0,3.0,2.0,9.0,6.0,11.0,1.0,27.0,1.0,4.0,0.0,0.0,0.0,67.0,115.76,35,115.69
"mcts:reward=score,opponent=racer",linear:runs/linear/pass7/p7b_sarsa_lam98_random_s3.json@best,2,9001,80,1,1.0,1.0,3.0,78.0,75.0,39.0,29.0,2.0,0.0,1.0,25.0,15.0,2.2666666666666666,0.0,11.0,5.0,9.0,1.0,23.0,0.0,2.0,0.0,0.0,0.0,65.0,106.26,33,106.23
"mcts:reward=score,opponent=racer",linear:runs/linear/pass7/p7b_sarsa_lam98_random_s3.json@best,2,9001,81,0,0.0,0.0,-7.0,63.0,70.0,41.0,12.0,2.0,1.0,1.0,14.0,10.0,2.9,1.0,16.0,2.0,11.0,1.0,29.0,0.0,3.0,0.0,0.0,0.0,63.0,101.56,32,101.53
"mcts:reward=score,opponent=greedy+racer",greedy,2,9001,78,0,1.0,1.0,38.0,133.0,95.0,87.0,36.0,2.0,0.0,1.0,25.0,13.0,3.4615384615384617,4.0,0.0,3.0,7.0,0.0,43.0,0.0,2.0,0.0,0.0,1.0,75.0,145.26,39,145.25
"mcts:reward=score,opponent=greedy+racer",greedy,2,9001,79,1,1.0,1.0,76.0,160.0,84.0,58.0,92.0,7.0,0.0,1.0,28.0,18.0,2.5,0.0,0.0,7.0,18.0,4.0,22.0,3.0,7.0,0.0,0.0,1.0,89.0,148.26,49,148.25
"mcts:reward=score,opponent=racer",racer,2,9001,80,1,1.0,1.0,10.0,97.0,87.0,43.0,44.0,4.0,0.0,1.0,25.0,13.0,2.5384615384615383,0.0,12.0,8.0,11.0,2.0,25.0,1.0,4.0,0.0,0.0,0.0,69.0,108.68,36,108.67
"mcts:reward=score,opponent=racer",racer,2,9001,81,0,0.0,0.0,-36.0,56.0,92.0,48.0,8.0,2.0,1.0,0.0,16.0,9.0,3.3333333333333335,3.0,15.0,5.0,14.0,0.0,32.0,0.0,3.0,0.0,0.0,0.0,65.0,102.26,33,102.25
"mcts:reward=score,opponent=greedy+racer",linear:runs/linear/pass7/p7b_sarsa_lam98_random_s3.json@best,2,9001,80,1,1.0,1.0,5.0,82.0,77.0,43.0,29.0,4.0,1.0,1.0,25.0,14.0,2.5,0.0,10.0,5.0,17.0,0.0,17.0,2.0,5.0,0.0,0.0,0.0,67.0,119.72,36,119.69
"mcts:reward=score,opponent=greedy+racer",linear:runs/linear/pass7/p7b_sarsa_lam98_random_s3.json@best,2,9001,81,0,1.0,1.0,9.0,94.0,85.0,62.0,22.0,3.0,1.0,1.0,20.0,15.0,2.8666666666666667,1.0,2.0,6.0,5.0,0.0,39.0,1.0,4.0,0.0,0.0,0.0,77.0,121.5,40,121.47
"mcts:reward=score,opponent=greedy+racer",racer,2,9001,80,1,1.0,1.0,15.0,102.0,87.0,52.0,40.0,4.0,0.0,1.0,27.0,14.0,2.7142857142857144,0.0,7.0,3.0,13.0,0.0,27.0,1.0,4.0,0.0,0.0,0.0,71.0,122.24,37,122.23
"mcts:reward=score,opponent=greedy+racer",racer,2,9001,81,0,1.0,1.0,32.0,114.0,82.0,61.0,43.0,4.0,0.0,1.0,25.0,14.0,2.7857142857142856,3.0,6.0,4.0,7.0,0.0,31.0,1.0,4.0,0.0,0.0,0.0,69.0,119.86,36,119.85
"mcts:reward=score,opponent=racer",ppo:runs/ppo/pass2/p2b_pool_s3.json,2,9001,82,1,1.0,1.0,27.0,104.0,77.0,63.0,31.0,2.0,0.0,1.0,29.0,11.0,3.4545454545454546,2.0,7.0,4.0,17.0,2.0,21.0,0.0,2.0,0.0,0.0,0.0,64.0,106.07,33,106.01
"mcts:reward=score,opponent=racer",ppo:runs/ppo/pass2/p2b_pool_s3.json,2,9001,83,0,0.0,0.0,-5.0,79.0,84.0,37.0,32.0,4.0,1.0,1.0,17.0,11.0,2.5454545454545454,1.0,17.0,2.0,13.0,0.0,21.0,1.0,5.0,0.0,0.0,0.0,59.0,95.73,31,95.67
"mcts:reward=score,opponent=racer",greedy,2,9001,80,1,1.0,1.0,12.0,125.0,113.0,68.0,47.0,4.0,0.0,1.0,26.0,16.0,2.8125,2.0,0.0,7.0,17.0,0.0,33.0,1.0,4.0,0.0,0.0,1.0,84.0,126.79,44,126.78
"mcts:reward=score,opponent=racer",greedy,2,9001,81,0,1.0,1.0,17.0,125.0,108.0,81.0,34.0,3.0,0.0,1.0,25.0,13.0,3.4615384615384617,4.0,0.0,5.0,11.0,0.0,37.0,0.0,3.0,0.0,0.0,1.0,74.0,123.71,38,123.7
"mcts:reward=score,opponent=racer",linear:runs/linear/pass7/p7b_sarsa_lam98_random_s3.json@best,2,9001,82,1,1.0,1.0,22.0,117.0,95.0,76.0,31.0,2.0,0.0,1.0,29.0,11.0,3.727272727272727,4.0,4.0,7.0,20.0,2.0,22.0,0.0,2.0,0.0,0.0,0.0,68.0,106.8,35,106.77
"mcts:reward=score,opponent=racer",linear:runs/linear/pass7/p7b_sarsa_lam98_random_s3.json@best,2,9001,83,0,0.0,0.0,-11.0,113.0,124.0,47.0,56.0,5.0,0.0,1.0,22.0,14.0,2.5,1.0,10.0,1.0,9.0,1.0,27.0,1.0,5.0,0.0,0.0,0.0,69.0,108.08,36,108.05
"mcts:reward=score,opponent=greedy+racer",ppo:runs/ppo/pass2/p2b_pool_s3.json,2,9001,82,1,0.0,0.0,-51.0,38.0,89.0,51.0,-13.0,1.0,1.0,0.0,18.0,10.0,3.2,2.0,13.0,3.0,24.0,0.0,16.0,0.0,2.0,0.0,0.0,0.0,60.0,112.63,31,112.57
"mcts:reward=score,opponent=greedy+racer",ppo:runs/ppo/pass2/p2b_pool_s3.json,2,9001,83,0,0.0,0.0,-18.0,75.0,93.0,43.0,32.0,4.0,1.0,0.0,24.0,12.0,2.6666666666666665,1.0,13.0,1.0,14.0,0.0,22.0,1.0,5.0,0.0,0.0,0.0,63.0,114.48,33,114.42
"mcts:reward=score,opponent=greedy+racer",greedy,2,9001,80,1,1.0,1.0,37.0,140.0,103.0,60.0,70.0,7.0,0.0,1.0,26.0,17.0,2.588235294117647,1.0,1.0,9.0,13.0,1.0,29.0,3.0,7.0,0.0,0.0,0.0,85.0,145.2,46,145.19
"mcts:reward=score,opponent=greedy+racer",greedy,2,9001,81,0,1.0,1.0,11.0,125.0,114.0,81.0,34.0,3.0,0.0,1.0,30.0,13.0,3.4615384615384617,4.0,0.0,6.0,11.0,0.0,45.0,0.0,3.0,0.0,0.0,1.0,82.0,137.88,42,137.86
"mcts:reward=score,opponent=racer",racer,2,9001,82,1,0.0,0.0,-3.0,99.0,102.0,58.0,31.0,2.0,0.0,1.0,27.0,13.0,3.0,1.0,6.0,3.0,27.0,0.0,13.0,0.0,2.0,0.0,0.0,0.0,66.0,103.58,34,103.57
"mcts:reward=score,opponent=racer",racer,2,9001,83,0,1.0,1.0,34.0,119.0,85.0,65.0,44.0,4.0,0.0,1.0,19.0,12.0,3.25,3.0,6.0,5.0,10.0,1.0,32.0,1.0,4.0,0.0,0.0,0.0,71.0,111.53,37,111.51
"mcts:reward=score,opponent=greedy+racer",linear:runs/linear/pass7/p7b_sarsa_lam98_random_s3.json@best,2,9001,82,1,1.0,1.0,31.0,123.0,92.0,65.0,48.0,3.0,0.0,1.0,32.0,13.0,3.1538461538461537,3.0,4.0,4.0,27.0,0.0,13.0,1.0,3.0,0.0,0.0,0.0,68.0,117.15,36,117.12
"mcts:reward=score,opponent=greedy+racer",linear:runs/linear/pass7/p7b_sarsa_lam98_random_s3.json@best,2,9001,83,0,1.0,1.0,40.0,113.0,73.0,47.0,56.0,5.0,0.0,1.0,20.0,12.0,2.6666666666666665,1.0,13.0,5.0,10.0,0.0,26.0,1.0,5.0,0.0,0.0,0.0,63.0,116.13,33,116.11
"mcts:reward=score,opponent=greedy+racer",racer,2,9001,82,1,1.0,1.0,19.0,110.0,91.0,69.0,31.0,2.0,0.0,1.0,34.0,11.0,3.5454545454545454,4.0,6.0,1.0,20.0,0.0,20.0,0.0,2.0,0.0,0.0,0.0,62.0,111.25,32,111.24
"mcts:reward=score,opponent=greedy+racer",racer,2,9001,83,0,1.0,1.0,37.0,122.0,85.0,56.0,56.0,5.0,0.0,1.0,31.0,15.0,2.7333333333333334,1.0,4.0,2.0,9.0,0.0,31.0,1.0,5.0,0.0,0.0,0.0,73.0,121.86,38,121.84
"mcts:reward=score,opponent=racer",greedy,2,9001,82,1,1.0,1.0,87.0,174.0,87.0,73.0,91.0,6.0,0.0,1.0,38.0,15.0,3.0,3.0,0.0,6.0,21.0,1.0,25.0,3.0,6.0,0.0,0.0,1.0,83.0,129.46,46,129.45
"mcts:reward=score,opponent=racer",greedy,2,9001,83,0,1.0,1.0,53.0,140.0,87.0,64.0,66.0,7.0,0.0,1.0,26.0,16.0,2.8125,2.0,0.0,4.0,10.0,0.0,40.0,3.0,7.0,0.0,0.0,1.0,88.0,125.5,48,125.48
"mcts:reward=score,opponent=racer",ppo:runs/ppo/pass2/p2b_pool_s3.json,2,9001,84,0,0.0,0.0,-20.0,61.0,81.0,44.0,7.0,3.0,1.0,1.0,30.0,12.0,2.6666666666666665,1.0,13.0,5.0,6.0,0.0,26.0,1.0,4.0,0.0,0.0,0.0,59.0,97.14,31,97.08
"mcts:reward=score,opponent=racer",ppo:runs/ppo/pass2/p2b_pool_s3.json,2,9001,85,0,1.0,1.0,39.0,120.0,81.0,48.0,72.0,5.0,0.0,0.0,29.0,12.0,2.75,0.0,12.0,5.0,20.0,0.0,18.0,1.0,5.0,0.0,0.0,0.0,65.0,113.48,34,113.42
"mcts:reward=score,opponent=racer",linear:runs/linear/pass7/p7b_sarsa_lam98_random_s3.json@best,2,9001,84,0,0.0,0.0,-22.0,71.0,93.0,49.0,12.0,3.0,4.0,1.0,23.0,12.0,2.75,1.0,12.0,4.0,16.0,0.0,24.0,2.0,7.0,0.0,0.0,0.0,69.0,112.13,37,112.1
"mcts:reward=score,opponent=racer",linear:runs/linear/pass7/p7b_sarsa_lam98_random_s3.json@best,2,9001,85,0,1.0,1.0,70.0,147.0,77.0,53.0,84.0,6.0,0.0,1.0,27.0,13.0,2.8461538461538463,0.0,8.0,3.0,17.0,1.0,17.0,2.0,6.0,0.0,0.0,0.0,67.0,112.25,36,112.22
"mcts:reward=score,opponent=greedy+racer",greedy,2,9001,82,1,1.0,1.0,72.0,174.0,102.0,73.0,91.0,6.0,0.0,1.0,38.0,15.0,3.0,3.0,0.0,5.0,22.0,0.0,28.0,3.0,6.0,0.0,0.0,1.0,85.0,142.34,47,142.33
"mcts:reward=score,opponent=greedy+racer",greedy,2,9001,83,0,1.0,1.0,17.0,140.0,123.0,57.0,73.0,8.0,0.0,1.0,22.0,16.0,2.625,1.0,3.0,3.0,15.0,1.0,25.0,3.0,8.0,0.0,0.0,0.0,81.0,137.03,44,137.02
"mcts:reward=score,opponent=greedy+racer",ppo:runs/ppo/pass2/p2b_pool_s3.json,2,9001,84,0,1.0,1.0,38.0,114.0,76.0,47.0,57.0,5.0,0.0,1.0,30.0,14.0,2.5,1.0,10.0,4.0,18.0,2.0,12.0,1.0,5.0,0.0,0.0,0.0,65.0,120.09,34,120.02
"mcts:reward=score,opponent=greedy+racer",ppo:runs/ppo/pass2/p2b_pool_s3.json,2,9001,85,0,1.0,1.0,4.0,81.0,77.0,48.0,33.0,3.0,0.0,0.0,29.0,12.0,2.75,1.0,12.0,2.0,32.0,1.0,4.0,0.0,3.0,0.0,0.0,0.0,63.0,119.16,32,119.09
"mcts:reward=score,opponent=greedy+racer",linear:runs/linear/pass7/p7b_sarsa_lam98_random_s3.json@best,2,9001,84,0,1.0,1.0,20.0,97.0,77.0,67.0,20.0,2.0,0.0,1.0,23.0,13.0,3.1538461538461537,2.0,4.0,5.0,8.0,0.0,32.0,0.0,2.0,0.0,0.0,0.0,67.0,115.64,34,115.6
"mcts:reward=score,opponent=greedy+racer",linear:runs/linear/pass7/p7b_sarsa_lam98_random_s3.json@best,2,9001,85,0,1.0,1.0,7.0,87.0,80.0,44.0,33.0,3.0,0.0,1.0,34.0,14.0,2.4285714285714284,1.0,11.0,1.0,31.0,0.0,1.0,0.0,3.0,0.0,0.0,0.0,61.0,116.65,31,116.63
"mcts:reward=score,opponent=racer",racer,2,9001,84,0,1.0,1.0,27.0,117.0,90.0,50.0,57.0,5.0,0.0,1.0,31.0,14.0,2.5714285714285716,1.0,9.0,1.0,12.0,0.0,24.0,1.0,5.0,0.0,0.0,0.0,67.0,108.33,35,108.32
"mcts:reward=score,opponent=racer",racer,2,9001,85,0,1.0,1.0,62.0,149.0,87.0,67.0,72.0,5.0,0.0,1.0,29.0,15.0,2.8666666666666667,1.0,2.0,10.0,8.0,1.0,40.0,1.0,5.0,0.0,0.0,0.0,83.0,118.11,43,118.1
"mcts:reward=score,opponent=greedy+racer",racer,2,9001,84,0,1.0,1.0,21.0,111.0,90.0,52.0,49.0,5.0,1.0,1.0,31.0,15.0,2.533333333333333,1.0,7.0,6.0,13.0,1.0,23.0,2.0,6.0,0.0,0.0,0.0,73.0,122.7,39,122.69
"mcts:reward=score,opponent=greedy+racer",racer,2,9001,85,0,1.0,1.0,59.0,146.0,87.0,55.0,81.0,6.0,0.0,1.0,29.0,14.0,2.642857142857143,2.0,8.0,4.0,24.0,1.0,10.0,1.0,6.0,0.0,0.0,0.0,67.0,115.1,35,115.08
"mcts:reward=score,opponent=racer",ppo:runs/ppo/pass2/p2b_pool_s3.json,2,9001,86,1,1.0,1.0,16.0,87.0,71.0,46.0,31.0,5.0,1.0,1.0,29.0,14.0,2.5,1.0,10.0,7.0,4.0,1.0,30.0,1.0,6.0,0.0,0.0,0.0,66.0,111.62,35,111.55
"mcts:reward=score,opponent=racer",ppo:runs/ppo/pass2/p2b_pool_s3.json,2,9001,87,0,0.0,0.0,-4.0,81.0,85.0,47.0,34.0,4.0,1.0,0.0,18.0,12.0,2.75,0.0,12.0,4.0,4.0,0.0,26.0,2.0,5.0,0.0,0.0,0.0,59.0,104.47,32,104.41
"mcts:reward=score,opponent=racer",greedy,2,9001,84,0,1.0,1.0,50.0,128.0,78.0,66.0,52.0,5.0,0.0,1.0,27.0,17.0,2.6470588235294117,1.0,0.0,2.0,17.0,0.0,27.0,2.0,5.0,0.0,0.0,1.0,82.0,134.21,44,134.2
"mcts:reward=score,opponent=racer",greedy,2,9001,85,0,1.0,1.0,88.0,159.0,71.0,61.0,88.0,7.0,0.0,1.0,31.0,17.0,2.588235294117647,0.0,1.0,5.0,10.0,1.0,30.0,3.0,7.0,0.0,0.0,1.0,82.0,137.93,45,137.92
"mcts:reward=score,opponent=greedy+racer",ppo:runs/ppo/pass2/p2b_pool_s3.json,2,9001,86,1,1.0,1.0,8.0,87.0,79.0,39.0,48.0,5.0,0.0,0.0,20.0,15.0,2.2,0.0,12.0,5.0,7.0,1.0,23.0,1.0,5.0,0.0,0.0,0.0,64.0,121.76,34,121.7
"mcts:reward=score,opponent=greedy+racer",ppo:runs/ppo/pass2/p2b_pool_s3.json,2,9001,87,0,1.0,1.0,11.0,97.0,86.0,52.0,45.0,5.0,1.0,0.0,24.0,13.0,2.6923076923076925,1.0,10.0,8.0,4.0,1.0,30.0,2.0,6.0,0.0,0.0,0.0,67.0,125.11,36,125.05
"mcts:reward=score,opponent=racer",linear:runs/linear/pass7/p7b_sarsa_lam98_random_s3.json@best,2,9001,86,1,0.0,0.0,-34.0,56.0,90.0,42.0,14.0,4.0,1.0,0.0,16.0,16.0,2.1875,0.0,10.0,7.0,9.0,1.0,21.0,1.0,5.0,0.0,0.0,0.0,66.0,106.89,35,106.86
"mcts:reward=score,opponent=racer",linear:runs/linear/pass7/p7b_sarsa_lam98_random_s3.json@best,2,9001,87,0,1.0,1.0,29.0,106.0,77.0,51.0,45.0,5.0,1.0,1.0,25.0,13.0,2.6153846153846154,1.0,11.0,5.0,13.0,0.0,21.0,2.0,6.0,0.0,0.0,0.0,65.0,105.75,35,105.72
"mcts:reward=score,opponent=greedy+racer",greedy,2,9001,84,0,1.0,1.0,45.0,162.0,117.0,66.0,86.0,7.0,0.0,1.0,36.0,17.0,2.6470588235294117,2.0,0.0,7.0,2.0,1.0,44.0,3.0,7.0,0.0,0.0,1.0,88.0,145.6,48,145.59
"mcts:reward=score,opponent=greedy+racer",greedy,2,9001,85,0,1.0,1.0,70.0,152.0,82.0,69.0,73.0,7.0,0.0,1.0,37.0,16.0,2.8125,3.0,0.0,3.0,30.0,1.0,14.0,3.0,7.0,0.0,0.0,1.0,84.0,140.11,46,140.1
"mcts:reward=score,opponent=greedy+racer",linear:runs/linear/pass7/p7b_sarsa_lam98_random_s3.json@best,2,9001,86,1,0.0,0.0,-33.0,75.0,108.0,38.0,37.0,5.0,0.0,0.0,15.0,17.0,2.0,0.0,11.0,5.0,4.0,0.0,28.0,2.0,5.0,0.0,0.0,0.0,70.0,122.54,38,122.51
"mcts:reward=score,opponent=greedy+racer",linear:runs/linear/pass7/p7b_sarsa_lam98_random_s3.json@best,2,9001,87,0,0.0,0.0,-7.0,70.0,77.0,48.0,12.0,3.0,1.0,1.0,18.0,13.0,2.6153846153846154,0.0,11.0,3.0,12.0,0.0,24.0,1.0,4.0,0.0,0.0,0.0,65.0,115.29,34,115.27
"mcts:reward=score,opponent=racer",racer,2,9001,86,1,1.0,1.0,14.0,101.0,87.0,43.0,48.0,5.0,0.0,1.0,28.0,16.0,2.25,0.0,9.0,5.0,5.0,0.0,33.0,1.0,5.0,0.0,0.0,0.0,72.0,110.92,38,110.91
"mcts:reward=score,opponent=racer",racer,2,9001,87,0,1.0,1.0,41.0,130.0,89.0,63.0,57.0,6.0,0.0,1.0,30.0,15.0,2.8666666666666667,1.0,2.0,5.0,4.0,0.0,42.0,2.0,6.0,0.0,0.0,0.0,81.0,126.26,43,126.25
"mcts:reward=score,opponent=greedy+racer",racer,2,9001,86,1,1.0,1.0,13.0,100.0,87.0,42.0,48.0,5.0,0.0,1.0,27.0,17.0,2.1176470588235294,0.0,9.0,9.0,7.0,2.0,25.0,1.0,5.0,0.0,0.0,0.0,72.0,119.64,38,119.63
"mcts:reward=score,opponent=greedy+racer",racer,2,9001,87,0,1.0,1.0,10.0,99.0,89.0,51.0,38.0,4.0,0.0,1.0,22.0,13.0,2.769230769230769,0.0,9.0,7.0,3.0,1.0,35.0,1.0,4.0,0.0,0.0,0.0,69.0,118.36,36,118.34
"mcts:reward=score,opponent=racer",ppo:runs/ppo/pass2/p2b_pool_s3.json,2,9001,88,0,0.0,0.0,-1.0,85.0,86.0,64.0,21.0,3.0,1.0,0.0,20.0,13.0,3.1538461538461537,2.0,4.0,5.0,13.0,1.0,25.0,1.0,4.0,0.0,0.0,0.0,68.0,117.09,36,117.02
"mcts:reward=score,opponent=racer",ppo:runs/ppo/pass2/p2b_pool_s3.json,2,9001,89,0,0.0,0.0,-68.0,20.0,88.0,62.0,-42.0,0.0,3.0,0.0,16.0,11.0,3.272727272727273,2.0,9.0,7.0,8.0,1.0,30.0,1.0,3.0,0.0,0.0,0.0,65.0,111.17,34,111.1
"mcts:reward=score,opponent=racer",greedy,2,9001,86,1,1.0,1.0,96.0,160.0,64.0,55.0,95.0,9.0,0.0,1.0,33.0,19.0,2.3157894736842106,1.0,1.0,6.0,2.0,1.0,40.0,5.0,9.0,0.0,0.0,1.0,91.0,149.02,52,149.01
"mcts:reward=score,opponent=racer",greedy,2,9001,87,0,1.0,1.0,35.0,124.0,89.0,66.0,48.0,4.0,0.0,1.0,26.0,16.0,2.8125,1.0,0.0,6.0,11.0,0.0,35.0,1.0,4.0,0.0,0.0,1.0,80.0,134.79,42,134.78
"mcts:reward=score,opponent=racer",linear:runs/linear/pass7/p7b_sarsa_lam98_random_s3.json@best,2,9001,88,0,1.0,1.0,21.0,98.0,77.0,57.0,31.0,3.0,0.0,1.0,17.0,14.0,2.857142857142857,1.0,5.0,4.0,17.0,0.0,27.0,0.0,3.0,0.0,0.0,0.0,72.0,112.28,37,112.25
"mcts:reward=score,opponent=racer",linear:runs/linear/pass7/p7b_sarsa_lam98_random_s3.json@best,2,9001,89,0,1.0,1.0,13.0,101.0,88.0,42.0,49.0,5.0,1.0,1.0,25.0,13.0,2.4615384615384617,1.0,13.0,4.0,8.0,0.0,24.0,3.0,6.0,0.0,0.0,0.0,65.0,106.02,36,105.99
"mcts:reward=score,opponent=greedy+racer",ppo:runs/ppo/pass2/p2b_pool_s3.json,2,9001,88,0,1.0,1.0,42.0,114.0,72.0,56.0,48.0,4.0,0.0,1.0,30.0,13.0,3.0,1.0,6.0,5.0,13.0,0.0,27.0,1.0,4.0,0.0,0.0,0.0,68.0,125.89,36,125.83
"mcts:reward=score,opponent=greedy+racer",ppo:runs/ppo/pass2/p2b_pool_s3.json,2,9001,89,0,0.0,0.0,-18.0,78.0,96.0,41.0,37.0,4.0,1.0,0.0,20.0,14.0,2.357142857142857,0.0,12.0,4.0,17.0,1.0,13.0,1.0,5.0,0.0,0.0,0.0,63.0,118.1,33,118.04
"mcts:reward=score,opponent=greedy+racer",greedy,2,9001,86,1,1.0,1.0,71.0,137.0,66.0,60.0,67.0,8.0,1.0,1.0,37.0,18.0,2.5,1.0,0.0,11.0,4.0,3.0,40.0,5.0,9.0,1.0,0.0,1.0,95.0,157.08,54,157.07
"mcts:reward=score,opponent=greedy+racer",greedy,2,9001,87,0,1.0,1.0,42.0,120.0,78.0,73.0,37.0,3.0,0.0,1.0,40.0,15.0,3.0,2.0,0.0,9.0,4.0,1.0,44.0,1.0,3.0,0.0,0.0,1.0,82.0,142.37,43,142.36
"mcts:reward=score,opponent=greedy+racer",linear:runs/linear/pass7/p7b_sarsa_lam98_random_s3.json@best,2,9001,88,0,1.0,1.0,8.0,109.0,101.0,51.0,48.0,4.0,0.0,1.0,30.0,13.0,2.8461538461538463,1.0,8.0,4.0,14.0,0.0,22.0,1.0,4.0,0.0,0.0,0.0,64.0,119.93,34,119.9
"mcts:reward=score,opponent=greedy+racer",linear:runs/linear/pass7/p7b_sarsa_lam98_random_s3.json@best,2,9001,89,0,0.0,0.0,-21.0,69.0,90.0,37.0,22.0,3.0,1.0,1.0,22.0,13.0,2.3076923076923075,0.0,15.0,4.0,19.0,1.0,13.0,1.0,4.0,0.0,0.0,0.0,63.0,116.55,33,116.52
"mcts:reward=score,opponent=racer",racer,2,9001,88,0,1.0,1.0,18.0,108.0,90.0,50.0,48.0,4.0,0.0,1.0,31.0,14.0,2.7142857142857144,1.0,7.0,3.0,18.0,1.0,20.0,1.0,4.0,0.0,0.0,0.0,70.0,111.78,37,111.77
"mcts:reward=score,opponent=racer",racer,2,9001,89,0,1.0,1.0,11.0,101.0,90.0,42.0,49.0,5.0,1.0,1.0,21.0,13.0,2.4615384615384617,1.0,13.0,4.0,8.0,0.0,22.0,3.0,6.0,0.0,0.0,0.0,63.0,105.81,35,105.8
"mcts:reward=score,opponent=greedy+racer",racer,2,9001,88,0,1.0,1.0,31.0,121.0,90.0,70.0,41.0,4.0,0.0,1.0,28.0,13.0,3.3846153846153846,3.0,1.0,4.0,17.0,1.0,25.0,1.0,4.0,0.0,0.0,0.0,72.0,122.68,38,122.67
"mcts:reward=score,opponent=greedy+racer",racer,2,9001,89,0,1.0,1.0,6.0,96.0,90.0,49.0,37.0,4.0,1.0,1.0,24.0,15.0,2.466666666666667,1.0,8.0,2.0,25.0,0.0,17.0,1.0,5.0,0.0,0.0,0.0,75.0,115.13,39,115.12
"mcts:reward=score,opponent=racer",greedy,2,9001,88,0,1.0,1.0,47.0,155.0,108.0,67.0,78.0,6.0,0.0,1.0,31.0,15.0,3.0,2.0,0.0,5.0,15.0,0.0,37.0,1.0,6.0,0.0,0.0,1.0,83.0,132.48,44,132.47
"mcts:reward=score,opponent=racer",greedy,2,9001,89,0,1.0,1.0,22.0,133.0,111.0,59.0,64.0,6.0,0.0,1.0,32.0,18.0,2.5,1.0,0.0,9.0,10.0,1.0,36.0,3.0,6.0,0.0,0.0,1.0,90.0,133.14,49,133.12
"mcts:reward=score,opponent=racer",ppo:runs/ppo/pass2/p2b_pool_s3.json,2,9001,90,0,1.0,1.0,47.0,126.0,79.0,49.0,77.0,5.0,0.0,0.0,29.0,14.0,2.5714285714285716,0.0,9.0,4.0,17.0,0.0,17.0,2.0,5.0,0.0,0.0,0.0,67.0,110.81,36,110.74
"mcts:reward=score,opponent=racer",ppo:runs/ppo/pass2/p2b_pool_s3.json,2,9001,91,0,0.0,0.0,-8.0,78.0,86.0,55.0,23.0,2.0,0.0,0.0,22.0,12.0,2.75,2.0,12.0,6.0,8.0,0.0,28.0,0.0,2.0,0.0,0.0,0.0,61.0,97.8,31,97.74
"mcts:reward=score,opponent=greedy+racer",ppo:runs/ppo/pass2/p2b_pool_s3.json,2,9001,90,0,1.0,1.0,6.0,84.0,78.0,50.0,24.0,2.0,0.0,1.0,23.0,9.0,3.3333333333333335,2.0,15.0,4.0,14.0,0.0,28.0,0.0,2.0,0.0,0.0,0.0,61.0,116.45,31,116.39
"mcts:reward=score,opponent=greedy+racer",ppo:runs/ppo/pass2/p2b_pool_s3.json,2,9001,91,0,0.0,0.0,-12.0,73.0,85.0,40.0,23.0,2.0,0.0,1.0,16.0,13.0,2.4615384615384617,0.0,13.0,6.0,6.0,1.0,24.0,0.0,2.0,0.0,0.0,0.0,59.0,109.12,30,109.06
"mcts:reward=score,opponent=greedy+racer",greedy,2,9001,88,0,1.0,1.0,32.0,134.0,102.0,77.0,47.0,5.0,0.0,1.0,26.0,13.0,3.4615384615384617,3.0,0.0,4.0,10.0,0.0,46.0,1.0,5.0,0.0,0.0,1.0,83.0,147.6,44,147.59
"mcts:reward=score,opponent=greedy+racer",greedy,2,9001,89,0,1.0,1.0,19.0,140.0,121.0,68.0,62.0,5.0,0.0,1.0,29.0,16.0,2.75,2.0,1.0,4.0,8.0,0.0,36.0,2.0,5.0,0.0,0.0,0.0,81.0,148.08,43,148.07
"mcts:reward=score,opponent=racer",linear:runs/linear/pass7/p7b_sarsa_lam98_random_s3.json@best,2,9001,90,0,1.0,1.0,11.0,95.0,84.0,59.0,26.0,3.0,1.0,1.0,24.0,10.0,3.4,2.0,11.0,4.0,12.0,0.0,26.0,1.0,4.0,0.0,0.0,0.0,61.0,105.33,32,105.3
"mcts:reward=score,opponent=racer",linear:runs/linear/pass7/p7b_sarsa_lam98_random_s3.json@best,2,9001,91,0,0.0,0.0,-22.0,79.0,101.0,47.0,22.0,5.0,1.0,1.0,22.0,14.0,2.5,0.0,10.0,6.0,11.0,1.0,23.0,2.0,6.0,0.0,0.0,0.0,69.0,111.26,37,111.23
"mcts:reward=score,opponent=greedy+racer",linear:runs/linear/pass7/p7b_sarsa_lam98_random_s3.json@best,2,9001,90,0,1.0,1.0,11.0,97.0,86.0,52.0,35.0,3.0,1.0,1.0,28.0,12.0,2.8333333333333335,2.0,11.0,2.0,28.0,0.0,10.0,2.0,4.0,0.0,0.0,0.0,67.0,120.17,36,120.14
"mcts:reward=score,opponent=greedy+racer",linear:runs/linear/pass7/p7b_sarsa_lam98_random_s3.json@best,2,9001,91,0,1.0,1.0,6.0,106.0,100.0,43.0,53.0,6.0,1.0,1.0,24.0,15.0,2.3333333333333335,0.0,10.0,3.0,11.0,0.0,27.0,4.0,7.0,0.0,0.0,0.0,77.0,125.95,43,125.92
"mcts:reward=score,opponent=racer",racer,2,9001,90,0,1.0,1.0,57.0,153.0,96.0,57.0,86.0,6.0,0.0,1.0,28.0,16.0,2.4375,2.0,6.0,3.0,20.0,0.0,20.0,2.0,6.0,0.0,0.0,0.0,77.0,122.22,41,122.21
"mcts:reward=score,opponent=racer",racer,2,9001,91,0,1.0,1.0,14.0,109.0,95.0,46.0,53.0,6.0,1.0,1.0,26.0,15.0,2.4,0.0,9.0,8.0,9.0,0.0,29.0,4.0,7.0,0.0,0.0,0.0,77.0,109.46,43,109.45
"mcts:reward=score,opponent=greedy+racer",racer,2,9001,90,0,0.0,0.0,-5.0,91.0,96.0,57.0,24.0,2.0,0.0,1.0,29.0,14.0,2.7857142857142856,2.0,6.0,2.0,20.0,0.0,18.0,0.0,2.0,0.0,0.0,0.0,67.0,115.38,34,115.36
"mcts:reward=score,opponent=greedy+racer",racer,2,9001,91,0,1.0,1.0,11.0,106.0,95.0,43.0,53.0,6.0,1.0,1.0,24.0,15.0,2.3333333333333335,0.0,10.0,5.0,16.0,1.0,18.0,4.0,7.0,0.0,0.0,0.0,75.0,122.8,42,122.79
"mcts:reward=score,opponent=racer",greedy,2,9001,90,0,1.0,1.0,70.0,175.0,105.0,71.0,94.0,6.0,0.0,1.0,33.0,16.0,2.8125,2.0,0.0,8.0,12.0,0.0,34.0,3.0,6.0,0.0,0.0,1.0,84.0,134.67,46,134.65
"mcts:reward=score,opponent=racer",greedy,2,9001,91,0,1.0,1.0,12.0,116.0,104.0,55.0,51.0,6.0,0.0,1.0,29.0,15.0,2.6,1.0,6.0,4.0,18.0,1.0,22.0,3.0,6.0,0.0,0.0,0.0,79.0,137.06,43,137.04
"mcts:reward=score,opponent=racer",ppo:runs/ppo/pass2/p2b_pool_s3.json,2,9001,92,0,1.0,1.0,30.0,112.0,82.0,53.0,59.0,6.0,1.0,0.0,23.0,14.0,2.5714285714285716,1.0,9.0,2.0,21.0,0.0,13.0,3.0,7.0,0.0,0.0,0.0,68.0,124.42,38,124.36
"mcts:reward=score,opponent=racer",ppo:runs/ppo/pass2/p2b_pool_s3.json,2,9001,93,0,1.0,1.0,14.0,85.0,71.0,42.0,33.0,4.0,0.0,1.0,18.0,14.0,2.2857142857142856,1.0,13.0,6.0,11.0,1.0,19.0,1.0,4.0,0.0,0.0,0.0,63.0,103.32,33,103.26
"mcts:reward=score,opponent=racer",linear:runs/linear/pass7/p7b_sarsa_lam98_random_s3.json@best,2,9001,92,0,1.0,1.0,40.0,119.0,79.0,58.0,51.0,4.0,0.0,1.0,30.0,12.0,3.0833333333333335,2.0,8.0,2.0,23.0,0.0,17.0,1.0,4.0,0.0,0.0,0.0,66.0,110.24,35,110.21
"mcts:reward=score,opponent=racer",linear:runs/linear/pass7/p7b_sarsa_lam98_random_s3.json@best,2,9001,93,0,0.0,0.0,-12.0,82.0,94.0,44.0,28.0,3.0,0.0,1.0,18.0,12.0,2.5833333333333335,1.0,14.0,5.0,8.0,1.0,28.0,0.0,3.0,0.0,0.0,0.0,63.0,103.46,32,103.43
"mcts:reward=score,opponent=greedy+racer",ppo:runs/ppo/pass2/p2b_pool_s3.json,2,9001,92,0,1.0,1.0,11.0,93.0,82.0,48.0,45.0,5.0,1.0,0.0,22.0,12.0,2.6666666666666665,1.0,13.0,4.0,11.0,0.0,25.0,2.0,6.0,0.0,0.0,0.0,64.0,126.91,35,126.85
"mcts:reward=score,opponent=greedy+racer",ppo:runs/ppo/pass2/p2b_pool_s3.json,2,9001,93,0,1.0,1.0,35.0,109.0,74.0,64.0,35.0,3.0,0.0,1.0,25.0,11.0,3.4545454545454546,2.0,7.0,6.0,6.0,1.0,36.0,1.0,3.0,0.0,0.0,0.0,69.0,123.26,36,123.19
"mcts:reward=score,opponent=greedy+racer",greedy,2,9001,90,0,1.0,1.0,72.0,162.0,90.0,65.0,87.0,6.0,0.0,1.0,34.0,17.0,2.6470588235294117,1.0,0.0,3.0,14.0,0.0,30.0,3.0,6.0,0.0,0.0,1.0,84.0,148.59,46,148.58
"mcts:reward=score,opponent=greedy+racer",greedy,2,9001,91,0,0.0,0.0,-17.0,94.0,111.0,58.0,36.0,4.0,0.0,0.0,16.0,15.0,2.8,1.0,3.0,6.0,14.0,0.0,36.0,1.0,4.0,0.0,0.0,0.0,83.0,147.04,43,147.03
"mcts:reward=score,opponent=greedy+racer",linear:runs/linear/pass7/p7b_sarsa_lam98_random_s3.json@best,2,9001,92,0,1.0,1.0,33.0,131.0,98.0,56.0,65.0,6.0,0.0,1.0,26.0,15.0,2.6,2.0,6.0,0.0,21.0,0.0,17.0,2.0,6.0,0.0,0.0,0.0,72.0,127.27,39,127.24
"mcts:reward=score,opponent=greedy+racer",linear:runs/linear/pass7/p7b_sarsa_lam98_random_s3.json@best,2,9001,93,0,1.0,1.0,11.0,90.0,79.0,47.0,33.0,4.0,1.0,1.0,23.0,12.0,2.75,0.0,12.0,2.0,7.0,0.0,29.0,2.0,5.0,0.0,0.0,0.0,65.0,116.45,35,116.42
"mcts:reward=score,opponent=racer",racer,2,9001,92,0,1.0,1.0,46.0,135.0,89.0,60.0,65.0,6.0,0.0,1.0,25.0,15.0,2.6,2.0,6.0,3.0,15.0,0.0,23.0,2.0,6.0,0.0,0.0,0.0,72.0,118.55,39,118.54
"mcts:reward=score,opponent=racer",racer,2,9001,93,0,1.0,1.0,13.0,99.0,86.0,56.0,33.0,4.0,0.0,1.0,19.0,16.0,2.5,1.0,5.0,5.0,9.0,0.0,33.0,1.0,4.0,0.0,0.0,0.0,77.0,111.5,40,111.49
"mcts:reward=score,opponent=greedy+racer",racer,2,9001,92,0,1.0,1.0,45.0,134.0,89.0,59.0,65.0,6.0,0.0,1.0,22.0,15.0,2.6,2.0,6.0,5.0,12.0,1.0,28.0,2.0,6.0,0.0,0.0,0.0,76.0,127.27,41,127.25
"mcts:reward=score,opponent=greedy+racer",racer,2,9001,93,0,1.0,1.0,35.0,121.0,86.0,60.0,51.0,5.0,0.0,1.0,25.0,14.0,2.9285714285714284,1.0,4.0,5.0,14.0,1.0,26.0,2.0,5.0,0.0,0.0,0.0,75.0,122.42,40,122.4
"mcts:reward=score,opponent=racer",ppo:runs/ppo/pass2/p2b_pool_s3.json,2,9001,94,1,1.0,1.0,0.0,81.0,81.0,39.0,42.0,5.0,0.0,0.0,21.0,14.0,2.2857142857142856,0.0,13.0,6.0,12.0,0.0,18.0,1.0,5.0,0.0,0.0,0.0,61.0,97.68,32,97.62
"mcts:reward=score,opponent=racer",ppo:runs/ppo/pass2/p2b_pool_s3.json,2,9001,95,0,0.0,0.0,-10.0,69.0,79.0,50.0,19.0,4.0,1.0,0.0,20.0,12.0,2.8333333333333335,2.0,11.0,4.0,5.0,1.0,29.0,1.0,5.0,0.0,0.0,0.0,62.0,107.18,33,107.12
"mcts:reward=score,opponent=racer",greedy,2,9001,92,0,0.0,0.0,-10.0,128.0,138.0,73.0,55.0,5.0,0.0,0.0,26.0,15.0,3.0,2.0,0.0,3.0,22.0,1.0,22.0,2.0,5.0,0.0,0.0,1.0,79.0,128.87,43,128.86
"mcts:reward=score,opponent=racer",greedy,2,9001,93,0,1.0,1.0,56.0,150.0,94.0,63.0,77.0,7.0,0.0,1.0,29.0,18.0,2.4444444444444446,1.0,1.0,5.0,9.0,0.0,33.0,2.0,7.0,0.0,0.0,1.0,82.0,130.4,44,130.39
"mcts:reward=score,opponent=greedy+racer",ppo:runs/ppo/pass2/p2b_pool_s3.json,2,9001,94,1,1.0,1.0,1.0,87.0,86.0,40.0,47.0,5.0,1.0,0.0,26.0,14.0,2.357142857142857,0.0,12.0,5.0,8.0,0.0,26.0,2.0,6.0,0.0,0.0,0.0,67.0,125.49,36,125.42
"mcts:reward=score,opponent=greedy+racer",ppo:runs/ppo/pass2/p2b_pool_s3.json,2,9001,95,0,0.0,0.0,-1.0,80.0,81.0,39.0,41.0,5.0,0.0,0.0,18.0,12.0,2.5,0.0,15.0,3.0,5.0,0.0,29.0,1.0,5.0,0.0,0.0,0.0,60.0,119.38,32,119.32
"mcts:reward=score,opponent=racer",linear:runs/linear/pass7/p7b_sarsa_lam98_random_s3.json@best,2,9001,94,1,1.0,1.0,15.0,91.0,76.0,39.0,42.0,5.0,0.0,1.0,18.0,17.0,2.0,0.0,11.0,6.0,7.0,0.0,23.0,1.0,5.0,0.0,0.0,0.0,67.0,108.41,35,108.38
"mcts:reward=score,opponent=racer",linear:runs/linear/pass7/p7b_sarsa_lam98_random_s3.json@best,2,9001,95,0,0.0,0.0,-15.0,74.0,89.0,52.0,12.0,3.0,1.0,1.0,31.0,12.0,2.8333333333333335,1.0,11.0,3.0,5.0,1.0,33.0,1.0,4.0,0.0,0.0,0.0,66.0,112.2,35,112.17
"mcts:reward=score,opponent=greedy+racer",linear:runs/linear/pass7/p7b_sarsa_lam98_random_s3.json@best,2,9001,94,1,1.0,1.0,24.0,101.0,77.0,44.0,47.0,5.0,1.0,1.0,28.0,14.0,2.4285714285714284,1.0,11.0,6.0,11.0,1.0,21.0,2.0,6.0,0.0,0.0,0.0,67.0,116.72,36,116.69
"mcts:reward=score,opponent=greedy+racer",linear:runs/linear/pass7/p7b_sarsa_lam98_random_s3.json@best,2,9001,95,0,1.0,1.0,14.0,100.0,86.0,49.0,41.0,5.0,0.0,1.0,22.0,13.0,2.6923076923076925,1.0,10.0,7.0,7.0,2.0,27.0,1.0,5.0,0.0,0.0,0.0,66.0,116.07,35,116.04
"mcts:reward=score,opponent=greedy+racer",greedy,2,9001,92,0,1.0,1.0,59.0,137.0,78.0,72.0,55.0,5.0,0.0,1.0,30.0,15.0,3.0,2.0,0.0,3.0,15.0,0.0,27.0,2.0,5.0,0.0,0.0,1.0,75.0,143.75,41,143.74
"mcts:reward=score,opponent=greedy+racer",greedy,2,9001,93,0,1.0,1.0,14.0,122.0,108.0,61.0,51.0,5.0,0.0,1.0,31.0,17.0,2.6470588235294117,0.0,0.0,6.0,7.0,1.0,39.0,2.0,5.0,0.0,0.0,1.0,86.0,151.97,46,151.96
"mcts:reward=score,opponent=racer",racer,2,9001,94,1,1.0,1.0,30.0,117.0,87.0,48.0,59.0,5.0,0.0,1.0,25.0,16.0,2.4375,0.0,6.0,8.0,11.0,0.0,29.0,1.0,5.0,0.0,0.0,0.0,75.0,109.1,39,109.09
"mcts:reward=score,opponent=racer",racer,2,9001,95,0,0.0,0.0,-7.0,94.0,101.0,46.0,48.0,6.0,0.0,0.0,22.0,15.0,2.3333333333333335,1.0,10.0,7.0,5.0,1.0,27.0,2.0,6.0,0.0,0.0,0.0,68.0,107.36,37,107.34
"mcts:reward=score,opponent=greedy+racer",racer,2,9001,94,1,1.0,1.0,31.0,118.0,87.0,51.0,57.0,5.0,0.0,1.0,29.0,16.0,2.5,0.0,5.0,6.0,11.0,0.0,27.0,2.0,5.0,0.0,0.0,0.0,75.0,121.94,40,121.93
"mcts:reward=score,opponent=greedy+racer",racer,2,9001,95,0,1.0,1.0,14.0,105.0,91.0,47.0,48.0,6.0,0.0,1.0,22.0,15.0,2.4,1.0,9.0,5.0,6.0,0.0,30.0,2.0,6.0,0.0,0.0,0.0,70.0,123.66,38,123.65
"mcts:reward=score,opponent=racer",ppo:runs/ppo/pass2/p2b_pool_s3.json,2,9001,96,1,1.0,1.0,12.0,108.0,96.0,59.0,39.0,4.0,0.0,1.0,25.0,13.0,3.0,2.0,6.0,6.0,3.0,1.0,33.0,1.0,4.0,0.0,0.0,0.0,67.0,103.93,35,103.86
"mcts:reward=score,opponent=racer",ppo:runs/ppo/pass2/p2b_pool_s3.json,2,9001,97,0,0.0,0.0,-46.0,40.0,86.0,37.0,3.0,3.0,1.0,0.0,15.0,12.0,2.4166666666666665,0.0,16.0,5.0,9.0,0.0,25.0,1.0,4.0,0.0,0.0,0.0,61.0,102.22,32,102.16
"mcts:reward=score,opponent=racer",greedy,2,9001,94,1,0.0,0.0,-5.0,122.0,127.0,66.0,46.0,5.0,0.0,1.0,27.0,16.0,2.8125,1.0,0.0,3.0,11.0,0.0,39.0,1.0,5.0,0.0,0.0,1.0,84.0,131.35,44,131.34
"mcts:reward=score,opponent=racer",greedy,2,9001,95,0,1.0,1.0,7.0,111.0,104.0,73.0,28.0,4.0,1.0,1.0,36.0,14.0,3.142857142857143,2.0,1.0,8.0,3.0,1.0,45.0,3.0,5.0,0.0,0.0,0.0,84.0,140.71,46,140.7
"mcts:reward=score,opponent=racer",linear:runs/linear/pass7/p7b_sarsa_lam98_random_s3.json@best,2,9001,96,1,0.0,0.0,-28.0,77.0,105.0,50.0,17.0,2.0,1.0,1.0,17.0,12.0,2.8333333333333335,0.0,11.0,2.0,3.0,1.0,33.0,1.0,3.0,0.0,0.0,0.0,65.0,100.86,34,100.83
"mcts:reward=score,opponent=racer",linear:runs/linear/pass7/p7b_sarsa_lam98_random_s3.json@best,2,9001,97,0,1.0,1.0,9.0,92.0,83.0,38.0,44.0,6.0,0.0,1.0,20.0,14.0,2.2142857142857144,0.0,14.0,3.0,10.0,0.0,22.0,2.0,6.0,0.0,0.0,0.0,65.0,107.59,35,107.55
"mcts:reward=score,opponent=greedy+racer",ppo:runs/ppo/pass2/p2b_pool_s3.json,2,9001,96,1,0.0,0.0,-21.0,81.0,102.0,42.0,39.0,4.0,0.0,0.0,15.0,11.0,2.727272727272727,0.0,15.0,3.0,4.0,0.0,32.0,1.0,4.0,0.0,0.0,0.0,61.0,113.95,32,113.89
"mcts:reward=score,opponent=greedy+racer",ppo:runs/ppo/pass2/p2b_pool_s3.json,2,9001,97,0,0.0,0.0,-21.0,65.0,86.0,38.0,27.0,4.0,1.0,0.0,21.0,14.0,2.2857142857142856,0.0,13.0,4.0,15.0,1.0,15.0,1.0,5.0,0.0,0.0,0.0,63.0,122.23,33,122.17
"mcts:reward=score,opponent=greedy+racer",greedy,2,9001,94,1,0.0,0.0,-14.0,112.0,126.0,49.0,53.0,6.0,1.0,1.0,26.0,16.0,2.4375,0.0,6.0,5.0,9.0,0.0,29.0,2.0,7.0,0.0,0.0,0.0,75.0,139.36,40,139.35
"mcts:reward=score,opponent=greedy+racer",greedy,2,9001,95,0,1.0,1.0,31.0,121.0,90.0,85.0,26.0,3.0,0.0,1.0,35.0,13.0,3.4615384615384617,4.0,0.0,9.0,1.0,1.0,49.0,1.0,3.0,0.0,0.0,1.0,79.0,138.59,42,138.58
"mcts:reward=score,opponent=greedy+racer",linear:runs/linear/pass7/p7b_sarsa_lam98_random_s3.json@best,2,9001,96,1,1.0,1.0,13.0,101.0,88.0,73.0,18.0,2.0,0.0,1.0,34.0,12.0,3.4166666666666665,2.0,4.0,3.0,4.0,0.0,38.0,0.0,2.0,0.0,0.0,0.0,67.0,109.62,34,109.59
"mcts:reward=score,opponent=greedy+racer",linear:runs/linear/pass7/p7b_sarsa_lam98_random_s3.json@best,2,9001,97,0,1.0,1.0,15.0,100.0,85.0,41.0,49.0,5.0,0.0,1.0,23.0,16.0,2.1875,0.0,10.0,4.0,16.0,1.0,16.0,1.0,5.0,0.0,0.0,0.0,69.0,118.18,36,118.14
"mcts:reward=score,opponent=racer",racer,2,9001,96,1,0.0,0.0,-29.0,79.0,108.0,53.0,26.0,3.0,0.0,0.0,12.0,11.0,3.0,1.0,12.0,5.0,2.0,0.0,38.0,1.0,3.0,0.0,0.0,0.0,65.0,102.28,34,102.27
"mcts:reward=score,opponent=racer",racer,2,9001,97,0,1.0,1.0,5.0,100.0,95.0,54.0,36.0,5.0,0.0,1.0,33.0,14.0,2.642857142857143,1.0,8.0,6.0,10.0,0.0,34.0,1.0,5.0,0.0,0.0,0.0,75.0,113.73,39,113.72
"mcts:reward=score,opponent=racer",ppo:runs/ppo/pass2/p2b_pool_s3.json,2,9001,98,1,1.0,1.0,30.0,113.0,83.0,65.0,38.0,2.0,0.0,1.0,37.0,12.0,3.3333333333333335,2.0,5.0,2.0,23.0,1.0,13.0,0.0,2.0,0.0,0.0,0.0,63.0,106.46,32,106.4
"mcts:reward=score,opponent=racer",ppo:runs/ppo/pass2/p2b_pool_s3.json,2,9001,99,1,0.0,0.0,-2.0,84.0,86.0,38.0,46.0,5.0,0.0,0.0,14.0,12.0,2.4166666666666665,0.0,16.0,5.0,3.0,0.0,27.0,2.0,5.0,0.0,0.0,0.0,59.0,90.93,32,90.88
"mcts:reward=score,opponent=greedy+racer",racer,2,9001,96,1,1.0,1.0,17.0,115.0,98.0,66.0,39.0,4.0,0.0,1.0,23.0,14.0,3.0,2.0,3.0,2.0,9.0,0.0,29.0,1.0,4.0,0.0,0.0,0.0,69.0,117.26,36,117.25
"mcts:reward=score,opponent=greedy+racer",racer,2,9001,97,0,1.0,1.0,11.0,106.0,95.0,48.0,48.0,5.0,0.0,1.0,20.0,13.0,2.6153846153846154,1.0,11.0,5.0,5.0,1.0,31.0,2.0,5.0,0.0,0.0,0.0,69.0,123.49,37,123.47
"mcts:reward=score,opponent=racer",greedy,2,9001,96,1,1.0,1.0,30.0,116.0,86.0,67.0,39.0,4.0,0.0,1.0,30.0,15.0,3.0,1.0,0.0,4.0,6.0,1.0,40.0,1.0,4.0,0.0,0.0,1.0,80.0,124.53,42,124.51
"mcts:reward=score,opponent=racer",greedy,2,9001,97,0,1.0,1.0,102.0,145.0,43.0,64.0,71.0,7.0,0.0,1.0,27.0,16.0,2.8125,0.0,0.0,7.0,15.0,1.0,35.0,2.0,7.0,0.0,0.0,1.0,88.0,126.31,47,126.3
"mcts:reward=score,opponent=racer",linear:runs/linear/pass7/p7b_sarsa_lam98_random_s3.json@best,2,9001,98,1,0.0,0.0,-2.0,108.0,110.0,59.0,49.0,3.0,0.0,0.0,24.0,13.0,3.0,1.0,6.0,2.0,21.0,0.0,17.0,1.0,3.0,0.0,0.0,0.0,67.0,106.71,35,106.68
"mcts:reward=score,opponent=racer",linear:runs/linear/pass7/p7b_sarsa_lam98_random_s3.json@best,2,9001,99,1,1.0,1.0,21.0,110.0,89.0,44.0,56.0,6.0,0.0,1.0,14.0,14.0,2.4285714285714284,0.0,11.0,4.0,8.0,0.0,24.0,2.0,6.0,0.0,0.0,0.0,65.0,85.07,35,85.04
"mcts:reward=score,opponent=greedy+racer",ppo:runs/ppo/pass2/p2b_pool_s3.json,2,9001,98,1,0.0,0.0,-1.0,92.0,93.0,44.0,48.0,3.0,0.0,0.0,31.0,13.0,2.5384615384615383,1.0,12.0,2.0,32.0,2.0,0.0,0.0,3.0,0.0,0.0,0.0,63.0,121.12,32,121.06
"mcts:reward=score,opponent=greedy+racer",ppo:runs/ppo/pass2/p2b_pool_s3.json,2,9001,99,1,0.0,0.0,-10.0,78.0,88.0,40.0,38.0,5.0,1.0,0.0,14.0,13.0,2.3846153846153846,0.0,14.0,5.0,4.0,0.0,26.0,3.0,6.0,0.0,0.0,0.0,63.0,100.0,35,99.94
"mcts:reward=score,opponent=greedy+racer",greedy,2,9001,96,1,1.0,1.0,27.0,122.0,95.0,70.0,42.0,4.0,0.0,1.0,26.0,15.0,3.0,2.0,0.0,3.0,8.0,1.0,36.0,1.0,4.0,0.0,0.0,1.0,78.0,140.1,41,140.09
"mcts:reward=score,opponent=greedy+racer",greedy,2,9001,97,0,1.0,1.0,47.0,133.0,86.0,57.0,66.0,7.0,0.0,1.0,29.0,18.0,2.5,0.0,0.0,5.0,8.0,0.0,38.0,2.0,7.0,0.0,0.0,1.0,86.0,140.35,46,140.34
"mcts:reward=score,opponent=greedy+racer",linear:runs/linear/pass7/p7b_sarsa_lam98_random_s3.json@best,2,9001,98,1,1.0,1.0,14.0,117.0,103.0,48.0,59.0,4.0,0.0,1.0,31.0,15.0,2.466666666666667,1.0,8.0,4.0,24.0,2.0,8.0,1.0,4.0,0.0,0.0,0.0,69.0,118.76,36,118.73
"mcts:reward=score,opponent=greedy+racer",linear:runs/linear/pass7/p7b_sarsa_lam98_random_s3.json@best,2,9001,99,1,0.0,0.0,-11.0,88.0,99.0,45.0,33.0,5.0,1.0,1.0,14.0,13.0,2.5384615384615383,0.0,12.0,8.0,2.0,0.0,32.0,2.0,6.0,0.0,0.0,0.0,65.0,93.68,35,93.66
"mcts:reward=score,opponent=racer",racer,2,9001,98,1,1.0,1.0,57.0,155.0,98.0,70.0,75.0,4.0,0.0,1.0,28.0,14.0,3.0714285714285716,2.0,2.0,4.0,30.0,2.0,10.0,2.0,4.0,0.0,0.0,0.0,77.0,112.94,41,112.93
"mcts:reward=score,opponent=racer",racer,2,9001,99,1,1.0,1.0,21.0,109.0,88.0,71.0,28.0,3.0,0.0,1.0,34.0,15.0,2.933333333333333,1.0,1.0,8.0,1.0,0.0,41.0,1.0,3.0,0.0,0.0,1.0,74.0,81.13,39,81.12
"mcts:reward=score,opponent=greedy+racer",racer,2,9001,98,1,1.0,1.0,14.0,112.0,98.0,54.0,48.0,3.0,0.0,1.0,31.0,14.0,2.7142857142857144,2.0,7.0,3.0,19.0,2.0,17.0,0.0,3.0,0.0,0.0,0.0,69.0,117.48,35,117.47
"mcts:reward=score,opponent=greedy+racer",racer,2,9001,99,1,0.0,0.0,-8.0,89.0,97.0,44.0,35.0,4.0,0.0,1.0,15.0,14.0,2.4285714285714284,0.0,11.0,2.0,4.0,0.0,28.0,1.0,4.0,0.0,0.0,0.0,63.0,83.99,33,83.98
"mcts:reward=score,opponent=racer",greedy,2,9001,98,1,1.0,1.0,43.0,128.0,85.0,70.0,48.0,3.0,0.0,1.0,28.0,15.0,3.0,2.0,0.0,3.0,21.0,0.0,29.0,0.0,3.0,0.0,0.0,1.0,80.0,115.88,41,115.87
"mcts:reward=score,opponent=racer",greedy,2,9001,99,1,0.0,0.0,-6.0,128.0,134.0,59.0,69.0,7.0,0.0,0.0,21.0,18.0,2.5,0.0,0.0,9.0,3.0,1.0,43.0,2.0,7.0,0.0,0.0,1.0,88.0,97.81,47,97.8
"mcts:reward=score,opponent=greedy+racer",greedy,2,9001,98,1,1.0,1.0,87.0,183.0,96.0,72.0,101.0,6.0,0.0,1.0,31.0,14.0,3.2142857142857144,2.0,0.0,5.0,22.0,2.0,22.0,3.0,6.0,0.0,0.0,1.0,82.0,124.1,45,124.09
"mcts:reward=score,opponent=greedy+racer",greedy,2,9001,99,1,0.0,0.0,-9.0,121.0,130.0,64.0,57.0,6.0,0.0,0.0,15.0,16.0,2.75,1.0,1.0,5.0,9.0,0.0,43.0,3.0,6.0,0.0,0.0,0.0,91.0,104.13,49,104.12
"mcts:reward=score,prior=0.25",racer,2,9001,6,0,0.0,0.0,-4.0,88.0,92.0,58.0,20.0,2.0,0.0,1.0,15.0,14.0,2.7857142857142856,2.0,6.0,3.0,17.0,0.0,21.0,0.0,2.0,0.0,0.0,0.0,66.0,129.7,34,129.69
"mcts:reward=score,prior=0.25",racer,2,9001,7,0,0.0,0.0,-41.0,49.0,90.0,47.0,-8.0,1.0,1.0,1.0,16.0,10.0,2.9,2.0,16.0,7.0,13.0,4.0,23.0,0.0,2.0,0.0,0.0,0.0,65.0,124.31,33,124.3
"mcts:reward=score,prior=0.25",racer,2,9001,4,0,1.0,1.0,21.0,108.0,87.0,52.0,46.0,4.0,0.0,1.0,31.0,14.0,2.5714285714285716,2.0,9.0,4.0,5.0,0.0,31.0,1.0,4.0,0.0,0.0,0.0,66.0,135.9,35,135.88
"mcts:reward=score,prior=0.25",racer,2,9001,5,1,1.0,1.0,23.0,113.0,90.0,51.0,52.0,4.0,0.0,1.0,30.0,15.0,2.6,1.0,6.0,5.0,14.0,0.0,24.0,1.0,4.0,0.0,0.0,0.0,71.0,132.33,37,132.31
"mcts:reward=score,prior=0.25",ppo:runs/ppo/pass2/p2b_pool_s3.json,2,9001,2,1,0.0,0.0,-1.0,92.0,93.0,53.0,39.0,4.0,0.0,0.0,21.0,12.0,2.9166666666666665,2.0,10.0,5.0,20.0,3.0,12.0,1.0,4.0,0.0,0.0,0.0,65.0,136.52,34,136.45
"mcts:reward=score,prior=0.25",ppo:runs/ppo/pass2/p2b_pool_s3.json,2,9001,3,0,0.0,0.0,-48.0,51.0,99.0,39.0,12.0,2.0,1.0,0.0,23.0,12.0,2.4166666666666665,1.0,16.0,5.0,7.0,2.0,21.0,1.0,3.0,0.0,0.0,0.0,59.0,133.55,31,133.5
"mcts:reward=score,prior=0.25",racer,2,9001,2,1,1.0,1.0,24.0,115.0,91.0,57.0,48.0,5.0,0.0,1.0,27.0,14.0,2.857142857142857,1.0,5.0,2.0,18.0,0.0,20.0,2.0,5.0,0.0,0.0,0.0,71.0,144.61,38,144.6
"mcts:reward=score,prior=0.25",racer,2,9001,3,0,1.0,1.0,3.0,96.0,93.0,50.0,36.0,4.0,0.0,1.0,19.0,13.0,2.6923076923076925,2.0,10.0,6.0,10.0,3.0,20.0,2.0,4.0,0.0,0.0,0.0,67.0,131.27,36,131.26
"mcts:reward=score,prior=0.25",ppo:runs/ppo/pass2/p2b_pool_s3.json,2,9001,6,0,0.0,0.0,-8.0,87.0,95.0,46.0,41.0,4.0,0.0,0.0,16.0,13.0,2.5384615384615383,1.0,12.0,3.0,13.0,0.0,19.0,1.0,4.0,0.0,0.0,0.0,60.0,132.41,32,132.34
"mcts:reward=score,prior=0.25",ppo:runs/ppo/pass2/p2b_pool_s3.json,2,9001,7,0,0.0,0.0,-1.0,84.0,85.0,50.0,34.0,2.0,0.0,0.0,24.0,12.0,2.75,1.0,12.0,5.0,12.0,0.0,26.0,0.0,2.0,0.0,0.0,0.0,63.0,142.73,32,142.66
"mcts:reward=score,prior=0.25",racer,2,9001,0,0,1.0,1.0,44.0,138.0,94.0,68.0,60.0,5.0,0.0,1.0,25.0,16.0,2.8125,2.0,0.0,6.0,25.0,2.0,17.0,1.0,5.0,0.0,0.0,1.0,79.0,147.82,42,147.81
"mcts:reward=score,prior=0.25",racer,2,9001,1,0,0.0,0.0,-6.0,85.0,91.0,47.0,38.0,4.0,0.0,0.0,18.0,15.0,2.4,1.0,9.0,3.0,9.0,1.0,27.0,1.0,4.0,0.0,0.0,0.0,71.0,136.99,37,136.98
"mcts:reward=score,prior=0.25",ppo:runs/ppo/pass2/p2b_pool_s3.json,2,9001,4,0,1.0,1.0,32.0,103.0,71.0,52.0,41.0,3.0,0.0,1.0,32.0,13.0,2.6923076923076925,1.0,10.0,2.0,8.0,0.0,24.0,1.0,3.0,0.0,0.0,0.0,60.0,142.81,32,142.74
"mcts:reward=score,prior=0.25",ppo:runs/ppo/pass2/p2b_pool_s3.json,2,9001,5,1,1.0,1.0,32.0,110.0,78.0,48.0,52.0,4.0,0.0,1.0,31.0,15.0,2.4,1.0,9.0,2.0,28.0,1.0,4.0,1.0,4.0,0.0,0.0,0.0,67.0,137.63,35,137.56
"mcts:reward=score,prior=0.25",ppo:runs/ppo/pass2/p2b_pool_s3.json,2,9001,0,0,1.0,1.0,7.0,91.0,84.0,55.0,26.0,2.0,1.0,1.0,31.0,12.0,2.9166666666666665,2.0,10.0,3.0,25.0,0.0,17.0,0.0,3.0,0.0,0.0,0.0,66.0,150.82,34,150.75
"mcts:reward=score,prior=0.25",ppo:runs/ppo/pass2/p2b_pool_s3.json,2,9001,1,0,0.0,0.0,-1.0,74.0,75.0,48.0,26.0,3.0,1.0,0.0,26.0,12.0,2.75,2.0,12.0,5.0,4.0,0.0,32.0,1.0,4.0,0.0,0.0,0.0,63.0,141.95,33,141.88
"mcts:reward=score,prior=0.25",greedy,2,9001,4,0,1.0,1.0,60.0,168.0,108.0,64.0,94.0,8.0,0.0,1.0,40.0,17.0,2.6470588235294117,2.0,0.0,4.0,19.0,1.0,21.0,4.0,8.0,0.0,0.0,1.0,83.0,167.58,47,167.57
"mcts:reward=score,prior=0.25",greedy,2,9001,5,1,1.0,1.0,20.0,131.0,111.0,53.0,68.0,5.0,0.0,1.0,33.0,16.0,2.5625,1.0,4.0,5.0,17.0,0.0,27.0,2.0,5.0,0.0,0.0,0.0,81.0,166.16,43,166.15
"mcts:reward=score,prior=0.25",greedy,2,9001,0,0,1.0,1.0,53.0,136.0,83.0,67.0,59.0,5.0,0.0,1.0,26.0,16.0,2.8125,1.0,0.0,6.0,23.0,1.0,23.0,1.0,5.0,0.0,0.0,1.0,81.0,165.99,43,165.98
"mcts:reward=score,prior=0.25",greedy,2,9001,1,0,1.0,1.0,23.0,134.0,111.0,61.0,63.0,7.0,1.0,1.0,22.0,17.0,2.6470588235294117,1.0,0.0,4.0,13.0,3.0,35.0,4.0,8.0,0.0,0.0,1.0,96.0,171.27,53,171.26
"mcts:reward=score,prior=0.25",greedy,2,9001,2,1,1.0,1.0,15.0,130.0,115.0,65.0,55.0,6.0,0.0,1.0,27.0,16.0,2.6875,2.0,2.0,8.0,11.0,2.0,29.0,3.0,6.0,0.0,0.0,0.0,83.0,173.43,45,173.42
"mcts:reward=score,prior=0.25",greedy,2,9001,3,0,1.0,1.0,3.0,120.0,117.0,59.0,51.0,5.0,0.0,1.0,25.0,16.0,2.6875,1.0,2.0,8.0,13.0,3.0,29.0,1.0,5.0,0.0,0.0,0.0,83.0,164.12,43,164.11
"mcts:reward=score,prior=0.25",greedy,2,9001,6,0,0.0,0.0,-1.0,116.0,117.0,69.0,37.0,3.0,0.0,1.0,36.0,13.0,3.0,3.0,6.0,3.0,23.0,1.0,29.0,1.0,3.0,0.0,0.0,0.0,82.0,169.62,43,169.61
"mcts:reward=score,prior=0.25",greedy,2,9001,7,0,1.0,1.0,15.0,154.0,139.0,75.0,69.0,5.0,0.0,1.0,30.0,15.0,3.0,4.0,0.0,8.0,5.0,3.0,41.0,2.0,5.0,0.0,0.0,0.0,87.0,175.85,46,175.84
"mcts:reward=score,prior=0.25",ppo:runs/ppo/pass2/p2b_pool_s3.json,2,9001,8,0,0.0,0.0,-27.0,55.0,82.0,57.0,-2.0,1.0,1.0,0.0,16.0,10.0,3.3,1.0,12.0,5.0,6.0,1.0,32.0,0.0,2.0,0.0,0.0,0.0,61.0,126.46,31,126.4
"mcts:reward=score,prior=0.25",ppo:runs/ppo/pass2/p2b_pool_s3.json,2,9001,9,0,1.0,1.0,13.0,96.0,83.0,58.0,28.0,2.0,0.0,1.0,30.0,13.0,3.0,0.0,6.0,6.0,14.0,0.0,24.0,0.0,2.0,0.0,0.0,0.0,64.0,134.49,33,134.43
"mcts:reward=score,prior=0.25",racer,2,9001,8,0,0.0,0.0,-9.0,87.0,96.0,55.0,22.0,3.0,0.0,1.0,20.0,12.0,3.0,2.0,9.0,4.0,6.0,0.0,32.0,1.0,3.0,0.0,0.0,0.0,65.0,128.22,34,128.21
"mcts:reward=score,prior=0.25",racer,2,9001,9,0,1.0,1.0,34.0,126.0,92.0,59.0,57.0,4.0,0.0,1.0,33.0,15.0,2.6666666666666665,2.0,5.0,7.0,15.0,3.0,21.0,1.0,4.0,0.0,0.0,0.0,74.0,138.67,39,138.66
"mcts:reward=score,prior=0.25",racer,2,9001,10,1,1.0,1.0,4.0,100.0,96.0,53.0,37.0,4.0,0.0,1.0,16.0,13.0,2.769230769230769,2.0,9.0,5.0,17.0,3.0,15.0,1.0,4.0,0.0,0.0,0.0,67.0,122.72,35,122.71
"mcts:reward=score,prior=0.25",racer,2,9001,11,1,1.0,1.0,23.0,110.0,87.0,55.0,45.0,4.0,0.0,1.0,31.0,15.0,2.6666666666666665,1.0,5.0,5.0,15.0,0.0,25.0,1.0,4.0,0.0,0.0,0.0,73.0,133.25,38,133.24
"mcts:reward=score,prior=0.25",ppo:runs/ppo/pass2/p2b_pool_s3.json,2,9001,10,1,1.0,1.0,40.0,113.0,73.0,54.0,49.0,5.0,0.0,1.0,32.0,14.0,2.7142857142857144,1.0,7.0,5.0,13.0,1.0,23.0,1.0,5.0,0.0,0.0,0.0,69.0,133.43,36,133.35
"mcts:reward=score,prior=0.25",ppo:runs/ppo/pass2/p2b_pool_s3.json,2,9001,11,1,0.0,0.0,-35.0,52.0,87.0,46.0,6.0,2.0,1.0,0.0,12.0,13.0,2.5384615384615383,2.0,12.0,2.0,15.0,0.0,21.0,1.0,3.0,0.0,0.0,0.0,65.0,132.28,34,132.22
"mcts:reward=score,prior=0.25",racer,2,9001,12,1,1.0,1.0,12.0,103.0,91.0,56.0,37.0,2.0,0.0,1.0,22.0,12.0,3.0,1.0,9.0,4.0,12.0,3.0,22.0,0.0,2.0,0.0,0.0,0.0,65.0,126.13,33,126.12
"mcts:reward=score,prior=0.25",racer,2,9001,13,1,1.0,1.0,18.0,100.0,82.0,47.0,43.0,4.0,0.0,1.0,21.0,16.0,2.25,0.0,9.0,3.0,17.0,2.0,15.0,1.0,4.0,0.0,0.0,0.0,70.0,142.07,37,142.05
"mcts:reward=score,prior=0.25",ppo:runs/ppo/pass2/p2b_pool_s3.json,2,9001,12,1,1.0,1.0,13.0,96.0,83.0,59.0,27.0,3.0,1.0,1.0,27.0,13.0,2.8461538461538463,2.0,8.0,3.0,23.0,1.0,11.0,1.0,4.0,0.0,0.0,0.0,65.0,142.71,34,142.65
"mcts:reward=score,prior=0.25",ppo:runs/ppo/pass2/p2b_pool_s3.json,2,9001,13,1,1.0,1.0,0.0,82.0,82.0,52.0,30.0,3.0,0.0,0.0,27.0,13.0,2.769230769230769,2.0,9.0,5.0,13.0,1.0,21.0,0.0,3.0,0.0,0.0,0.0,62.0,143.1,32,143.04
"mcts:reward=score,prior=0.25",greedy,2,9001,8,0,1.0,1.0,32.0,138.0,106.0,56.0,72.0,7.0,0.0,1.0,27.0,16.0,2.625,1.0,3.0,7.0,17.0,0.0,25.0,3.0,7.0,0.0,0.0,0.0,81.0,166.23,44,166.22
"mcts:reward=score,prior=0.25",greedy,2,9001,9,0,1.0,1.0,45.0,148.0,103.0,77.0,61.0,5.0,0.0,1.0,34.0,14.0,3.2142857142857144,3.0,0.0,10.0,12.0,1.0,38.0,2.0,5.0,0.0,0.0,1.0,83.0,162.57,45,162.56
"mcts:reward=score,prior=0.25",greedy,2,9001,10,1,1.0,1.0,25.0,131.0,106.0,77.0,44.0,4.0,0.0,1.0,36.0,13.0,3.4615384615384617,3.0,0.0,9.0,10.0,3.0,36.0,2.0,4.0,0.0,0.0,1.0,82.0,160.41,44,160.4
"mcts:reward=score,prior=0.25",greedy,2,9001,11,1,1.0,1.0,23.0,134.0,111.0,70.0,54.0,5.0,0.0,1.0,34.0,14.0,3.2142857142857144,3.0,0.0,7.0,11.0,1.0,35.0,2.0,5.0,0.0,0.0,1.0,80.0,161.96,43,161.95
"mcts:reward=score,prior=0.25",racer,2,9001,14,0,1.0,1.0,38.0,121.0,83.0,61.0,50.0,4.0,0.0,1.0,26.0,17.0,2.6470588235294117,0.0,0.0,6.0,8.0,0.0,34.0,2.0,4.0,0.0,0.0,1.0,80.0,143.87,43,143.85
"mcts:reward=score,prior=0.25",racer,2,9001,15,1,1.0,1.0,38.0,126.0,88.0,63.0,53.0,3.0,0.0,1.0,30.0,14.0,2.7857142857142856,3.0,6.0,3.0,16.0,1.0,22.0,1.0,3.0,0.0,0.0,0.0,71.0,136.28,37,136.27
"mcts:reward=score,prior=0.25",ppo:runs/ppo/pass2/p2b_pool_s3.json,2,9001,14,0,1.0,1.0,4.0,101.0,97.0,48.0,53.0,4.0,0.0,0.0,24.0,13.0,2.6923076923076925,0.0,10.0,6.0,14.0,2.0,20.0,1.0,4.0,0.0,0.0,0.0,67.0,146.96,35,146.89
"mcts:reward=score,prior=0.25",ppo:runs/ppo/pass2/p2b_pool_s3.json,2,9001,15,1,1.0,1.0,0.0,94.0,94.0,57.0,37.0,2.0,0.0,0.0,26.0,12.0,3.0,1.0,9.0,5.0,13.0,2.0,19.0,0.0,2.0,0.0,0.0,0.0,61.0,137.58,31,137.52
"mcts:reward=score,prior=0.25",greedy,2,9001,12,1,1.0,1.0,31.0,145.0,114.0,69.0,66.0,5.0,0.0,1.0,32.0,15.0,2.8,3.0,3.0,4.0,10.0,0.0,34.0,3.0,5.0,0.0,0.0,0.0,81.0,165.45,44,165.44
"mcts:reward=score,prior=0.25",greedy,2,9001,13,1,1.0,1.0,42.0,165.0,123.0,59.0,96.0,9.0,0.0,1.0,32.0,19.0,2.3684210526315788,1.0,0.0,5.0,12.0,3.0,26.0,3.0,9.0,0.0,0.0,1.0,87.0,167.14,48,167.13
"mcts:reward=score,prior=0.25",greedy,2,9001,14,0,0.0,0.0,-28.0,101.0,129.0,75.0,16.0,3.0,1.0,1.0,34.0,14.0,3.2142857142857144,3.0,0.0,7.0,12.0,2.0,44.0,1.0,4.0,0.0,0.0,0.0,91.0,189.5,47,189.49
"mcts:reward=score,prior=0.25",greedy,2,9001,15,1,1.0,1.0,69.0,171.0,102.0,72.0,89.0,6.0,0.0,1.0,32.0,15.0,3.0,3.0,0.0,8.0,13.0,2.0,35.0,4.0,6.0,0.0,0.0,1.0,90.0,177.96,50,177.95
"mcts:reward=score,prior=0.25",ppo:runs/ppo/pass2/p2b_pool_s3.json,2,9001,16,0,0.0,0.0,-17.0,69.0,86.0,39.0,20.0,4.0,1.0,1.0,23.0,15.0,2.2,0.0,12.0,3.0,10.0,1.0,20.0,3.0,5.0,0.0,0.0,0.0,69.0,141.0,38,140.93
"mcts:reward=score,prior=0.25",ppo:runs/ppo/pass2/p2b_pool_s3.json,2,9001,17,1,0.0,0.0,-1.0,89.0,90.0,60.0,29.0,2.0,0.0,0.0,19.0,12.0,2.9166666666666665,2.0,10.0,5.0,14.0,1.0,22.0,0.0,2.0,0.0,0.0,0.0,63.0,126.98,32,126.92
"mcts:reward=score,prior=0.25",racer,2,9001,16,0,0.0,0.0,-22.0,70.0,92.0,31.0,29.0,4.0,0.0,1.0,18.0,16.0,1.875,0.0,15.0,4.0,9.0,1.0,23.0,1.0,4.0,0.0,0.0,0.0,69.0,135.71,36,135.7
"mcts:reward=score,prior=0.25",racer,2,9001,17,1,1.0,1.0,3.0,99.0,96.0,60.0,29.0,2.0,0.0,1.0,30.0,13.0,2.923076923076923,2.0,7.0,6.0,16.0,3.0,18.0,0.0,2.0,0.0,0.0,0.0,67.0,125.66,34,125.65
"mcts:reward=score,prior=0.25",ppo:runs/ppo/pass2/p2b_pool_s3.json,2,9001,18,0,0.0,0.0,-22.0,76.0,98.0,46.0,30.0,4.0,1.0,0.0,18.0,12.0,2.75,1.0,12.0,5.0,15.0,1.0,17.0,2.0,5.0,0.0,0.0,0.0,62.0,143.79,34,143.73
"mcts:reward=score,prior=0.25",ppo:runs/ppo/pass2/p2b_pool_s3.json,2,9001,19,0,1.0,1.0,9.0,79.0,70.0,47.0,32.0,3.0,0.0,0.0,22.0,13.0,2.6153846153846154,0.0,11.0,4.0,15.0,2.0,15.0,0.0,3.0,0.0,0.0,0.0,61.0,134.14,31,134.08
"mcts:reward=score,prior=0.25",racer,2,9001,18,0,0.0,0.0,-7.0,99.0,106.0,64.0,25.0,2.0,0.0,1.0,27.0,13.0,3.076923076923077,3.0,5.0,5.0,8.0,1.0,30.0,0.0,2.0,0.0,0.0,0.0,66.0,131.16,34,131.15
"mcts:reward=score,prior=0.25",racer,2,9001,19,0,1.0,1.0,36.0,119.0,83.0,70.0,39.0,4.0,0.0,1.0,33.0,14.0,3.0714285714285716,2.0,2.0,3.0,23.0,0.0,19.0,1.0,4.0,0.0,0.0,0.0,73.0,133.03,38,133.01
"mcts:reward=score,prior=0.25",racer,2,9001,20,1,1.0,1.0,19.0,106.0,87.0,63.0,33.0,2.0,0.0,1.0,34.0,11.0,3.4545454545454546,2.0,7.0,3.0,33.0,1.0,5.0,0.0,2.0,0.0,0.0,0.0,62.0,128.64,32,128.63
"mcts:reward=score,prior=0.25",racer,2,9001,21,0,1.0,1.0,17.0,110.0,93.0,50.0,50.0,4.0,0.0,1.0,22.0,13.0,2.6153846153846154,1.0,11.0,3.0,14.0,1.0,18.0,2.0,4.0,0.0,0.0,0.0,64.0,129.32,35,129.31
"mcts:reward=score,prior=0.25",greedy,2,9001,16,0,1.0,1.0,47.0,139.0,92.0,73.0,56.0,5.0,0.0,1.0,28.0,14.0,3.142857142857143,2.0,1.0,6.0,18.0,1.0,30.0,2.0,5.0,0.0,0.0,0.0,83.0,164.98,44,164.97
"mcts:reward=score,prior=0.25",greedy,2,9001,17,1,1.0,1.0,2.0,131.0,129.0,75.0,46.0,3.0,0.0,1.0,36.0,14.0,3.2142857142857144,3.0,0.0,8.0,15.0,0.0,39.0,1.0,3.0,0.0,0.0,1.0,84.0,168.88,44,168.87
"mcts:reward=score,prior=0.25",ppo:runs/ppo/pass2/p2b_pool_s3.json,2,9001,20,1,1.0,1.0,22.0,108.0,86.0,47.0,61.0,4.0,0.0,0.0,31.0,15.0,2.3333333333333335,1.0,10.0,2.0,23.0,1.0,7.0,1.0,4.0,0.0,0.0,0.0,64.0,139.83,34,139.76
"mcts:reward=score,prior=0.25",ppo:runs/ppo/pass2/p2b_pool_s3.json,2,9001,21,0,1.0,1.0,59.0,146.0,87.0,53.0,93.0,6.0,0.0,0.0,24.0,13.0,2.6923076923076925,1.0,10.0,3.0,11.0,0.0,23.0,2.0,6.0,0.0,0.0,0.0,64.0,135.03,35,134.96
"mcts:reward=score,prior=0.25",greedy,2,9001,18,0,1.0,1.0,54.0,128.0,74.0,63.0,55.0,6.0,0.0,1.0,27.0,17.0,2.6470588235294117,2.0,0.0,6.0,13.0,1.0,33.0,2.0,6.0,0.0,0.0,1.0,85.0,173.58,46,173.57
"mcts:reward=score,prior=0.25",greedy,2,9001,19,0,1.0,1.0,17.0,126.0,109.0,57.0,59.0,6.0,0.0,1.0,30.0,17.0,2.4705882352941178,1.0,3.0,5.0,20.0,2.0,20.0,1.0,6.0,0.0,0.0,0.0,81.0,151.79,42,151.78
"mcts:reward=score,prior=0.25",ppo:runs/ppo/pass2/p2b_pool_s3.json,2,9001,22,0,1.0,1.0,13.0,111.0,98.0,59.0,52.0,4.0,0.0,0.0,23.0,13.0,2.923076923076923,3.0,7.0,5.0,11.0,1.0,25.0,1.0,4.0,0.0,0.0,0.0,66.0,137.6,35,137.54
"mcts:reward=score,prior=0.25",ppo:runs/ppo/pass2/p2b_pool_s3.json,2,9001,23,0,0.0,0.0,-27.0,69.0,96.0,36.0,33.0,4.0,1.0,0.0,16.0,14.0,2.142857142857143,0.0,15.0,5.0,10.0,0.0,20.0,1.0,5.0,0.0,0.0,0.0,61.0,135.03,32,134.97
"mcts:reward=score,prior=0.25",racer,2,9001,22,0,1.0,1.0,43.0,139.0,96.0,68.0,61.0,4.0,0.0,1.0,32.0,13.0,3.076923076923077,3.0,5.0,5.0,8.0,1.0,30.0,2.0,4.0,0.0,0.0,0.0,70.0,134.84,38,134.82
"mcts:reward=score,prior=0.25",racer,2,9001,23,0,0.0,0.0,-7.0,80.0,87.0,49.0,21.0,2.0,0.0,1.0,16.0,12.0,2.6666666666666665,1.0,13.0,3.0,19.0,1.0,17.0,0.0,2.0,0.0,0.0,0.0,63.0,122.05,32,122.04
"mcts:reward=score,prior=0.25",greedy,2,9001,20,1,1.0,1.0,76.0,149.0,73.0,76.0,63.0,4.0,0.0,1.0,36.0,14.0,3.2142857142857144,3.0,0.0,6.0,23.0,3.0,25.0,1.0,4.0,0.0,0.0,1.0,83.0,161.8,44,161.79
"mcts:reward=score,prior=0.25",greedy,2,9001,21,0,1.0,1.0,60.0,168.0,108.0,68.0,90.0,8.0,0.0,1.0,30.0,17.0,2.588235294117647,2.0,1.0,6.0,15.0,3.0,25.0,3.0,8.0,0.0,0.0,0.0,86.0,169.49,47,169.48
"mcts:reward=score,prior=0.25",greedy,2,9001,22,0,1.0,1.0,22.0,130.0,108.0,79.0,41.0,3.0,0.0,1.0,29.0,13.0,3.4615384615384617,3.0,0.0,6.0,19.0,2.0,31.0,1.0,3.0,0.0,0.0,1.0,81.0,159.33,43,159.31
"mcts:reward=score,prior=0.25",greedy,2,9001,23,0,1.0,1.0,18.0,138.0,120.0,56.0,82.0,8.0,0.0,0.0,23.0,17.0,2.4705882352941178,1.0,3.0,4.0,21.0,2.0,19.0,3.0,8.0,0.0,0.0,0.0,85.0,166.44,46,166.42
"mcts:reward=score,prior=0.25",ppo:runs/ppo/pass2/p2b_pool_s3.json,2,9001,24,0,1.0,1.0,16.0,99.0,83.0,52.0,37.0,3.0,0.0,1.0,34.0,13.0,2.769230769230769,2.0,9.0,2.0,30.0,2.0,6.0,1.0,3.0,0.0,0.0,0.0,69.0,127.64,36,127.57
"mcts:reward=score,prior=0.25",ppo:runs/ppo/pass2/p2b_pool_s3.json,2,9001,25,0,1.0,1.0,10.0,90.0,80.0,59.0,31.0,2.0,0.0,0.0,23.0,11.0,3.1818181818181817,2.0,10.0,2.0,14.0,1.0,22.0,0.0,2.0,0.0,0.0,0.0,60.0,132.53,31,132.47
"mcts:reward=score,prior=0.25",racer,2,9001,24,0,1.0,1.0,12.0,101.0,89.0,54.0,37.0,3.0,0.0,1.0,24.0,13.0,2.8461538461538463,2.0,8.0,2.0,22.0,0.0,16.0,1.0,3.0,0.0,0.0,0.0,67.0,126.77,35,126.76
"mcts:reward=score,prior=0.25",racer,2,9001,25,0,1.0,1.0,26.0,117.0,91.0,58.0,49.0,4.0,0.0,1.0,25.0,12.0,3.0,2.0,9.0,4.0,14.0,3.0,20.0,1.0,4.0,0.0,0.0,0.0,66.0,132.14,35,132.13
"mcts:reward=score,prior=0.25",ppo:runs/ppo/pass2/p2b_pool_s3.json,2,9001,26,0,0.0,0.0,-42.0,51.0,93.0,39.0,12.0,2.0,1.0,0.0,18.0,11.0,2.6363636363636362,0.0,16.0,2.0,4.0,1.0,32.0,1.0,3.0,0.0,0.0,0.0,62.0,134.86,33,134.8
"mcts:reward=score,prior=0.25",ppo:runs/ppo/pass2/p2b_pool_s3.json,2,9001,27,1,0.0,0.0,-21.0,79.0,100.0,44.0,35.0,4.0,0.0,0.0,13.0,13.0,2.4615384615384617,1.0,13.0,6.0,10.0,1.0,24.0,1.0,4.0,0.0,0.0,0.0,65.0,132.15,34,132.09
"mcts:reward=score,prior=0.25",greedy,2,9001,24,0,1.0,1.0,29.0,131.0,102.0,56.0,65.0,5.0,0.0,1.0,32.0,17.0,2.411764705882353,2.0,4.0,5.0,17.0,2.0,19.0,2.0,5.0,0.0,0.0,0.0,79.0,146.44,42,146.43
"mcts:reward=score,prior=0.25",greedy,2,9001,25,0,1.0,1.0,75.0,175.0,100.0,73.0,92.0,6.0,0.0,1.0,34.0,15.0,3.0,3.0,0.0,6.0,23.0,3.0,25.0,2.0,6.0,0.0,0.0,1.0,87.0,161.91,47,161.89
"mcts:reward=score,prior=0.25",racer,2,9001,26,0,1.0,1.0,36.0,127.0,91.0,58.0,59.0,5.0,0.0,1.0,30.0,15.0,2.7333333333333334,1.0,4.0,4.0,11.0,1.0,31.0,3.0,5.0,0.0,0.0,0.0,80.0,146.46,44,146.45
"mcts:reward=score,prior=0.25",racer,2,9001,27,1,1.0,1.0,6.0,110.0,104.0,54.0,46.0,5.0,0.0,1.0,18.0,15.0,2.533333333333333,1.0,7.0,2.0,11.0,0.0,27.0,1.0,5.0,0.0,0.0,0.0,71.0,131.36,37,131.34
"mcts:reward=score,prior=0.25",ppo:runs/ppo/pass2/p2b_pool_s3.json,2,9001,28,0,0.0,0.0,-66.0,37.0,103.0,36.0,1.0,2.0,1.0,0.0,20.0,14.0,2.2142857142857144,0.0,14.0,4.0,12.0,1.0,18.0,0.0,3.0,0.0,0.0,0.0,61.0,135.73,31,135.67
"mcts:reward=score,prior=0.25",ppo:runs/ppo/pass2/p2b_pool_s3.json,2,9001,29,1,1.0,1.0,1.0,100.0,99.0,50.0,50.0,4.0,0.0,0.0,24.0,14.0,2.5714285714285716,1.0,9.0,4.0,13.0,0.0,23.0,1.0,4.0,0.0,0.0,0.0,66.0,138.35,35,138.28
"mcts:reward=score,prior=0.25",racer,2,9001,28,0,1.0,1.0,10.0,109.0,99.0,49.0,50.0,4.0,0.0,1.0,25.0,13.0,2.6923076923076925,1.0,10.0,4.0,21.0,3.0,15.0,1.0,4.0,0.0,0.0,0.0,71.0,139.87,37,139.86
"mcts:reward=score,prior=0.25",racer,2,9001,29,1,1.0,1.0,34.0,127.0,93.0,67.0,50.0,4.0,0.0,1.0,25.0,14.0,2.857142857142857,3.0,5.0,4.0,11.0,1.0,29.0,1.0,4.0,0.0,0.0,0.0,72.0,140.95,38,140.94
"mcts:reward=score,prior=0.25",ppo:runs/ppo/pass2/p2b_pool_s3.json,2,9001,30,0,0.0,0.0,-30.0,54.0,84.0,48.0,-4.0,1.0,1.0,1.0,23.0,12.0,2.75,1.0,12.0,1.0,31.0,0.0,5.0,0.0,2.0,0.0,0.0,0.0,61.0,132.56,31,132.5
"mcts:reward=score,prior=0.25",ppo:runs/ppo/pass2/p2b_pool_s3.json,2,9001,31,1,1.0,1.0,13.0,84.0,71.0,48.0,26.0,2.0,0.0,1.0,20.0,14.0,2.4285714285714284,1.0,11.0,3.0,23.0,1.0,11.0,0.0,2.0,0.0,0.0,0.0,65.0,137.3,33,137.23
"mcts:reward=score,prior=0.25",greedy,2,9001,26,0,1.0,1.0,7.0,127.0,120.0,69.0,48.0,4.0,0.0,1.0,28.0,15.0,3.0,1.0,0.0,5.0,15.0,2.0,31.0,2.0,4.0,0.0,0.0,0.0,84.0,166.66,45,166.65
"mcts:reward=score,prior=0.25",greedy,2,9001,27,1,0.0,0.0,-8.0,119.0,127.0,53.0,56.0,6.0,0.0,1.0,29.0,15.0,2.6,1.0,6.0,5.0,17.0,2.0,21.0,2.0,6.0,0.0,0.0,0.0,77.0,167.53,41,167.52
"mcts:reward=score,prior=0.25",racer,2,9001,30,0,1.0,1.0,1.0,98.0,97.0,52.0,36.0,3.0,0.0,1.0,21.0,15.0,2.533333333333333,0.0,7.0,3.0,20.0,1.0,18.0,1.0,3.0,0.0,0.0,0.0,73.0,134.18,38,134.17
"mcts:reward=score,prior=0.25",racer,2,9001,31,1,1.0,1.0,15.0,104.0,89.0,52.0,42.0,3.0,0.0,1.0,26.0,14.0,2.642857142857143,1.0,8.0,2.0,14.0,0.0,24.0,1.0,3.0,0.0,0.0,0.0,69.0,133.57,36,133.56
"mcts:reward=score,prior=0.25",greedy,2,9001,28,0,0.0,0.0,-77.0,105.0,182.0,51.0,54.0,4.0,0.0,0.0,28.0,19.0,2.263157894736842,0.0,2.0,5.0,24.0,2.0,18.0,2.0,4.0,0.0,0.0,0.0,89.0,188.63,47,188.62
"mcts:reward=score,prior=0.25",greedy,2,9001,29,1,1.0,1.0,87.0,164.0,77.0,78.0,76.0,6.0,0.0,1.0,26.0,14.0,3.2142857142857144,3.0,0.0,4.0,17.0,1.0,27.0,2.0,6.0,0.0,0.0,1.0,77.0,165.31,42,165.29
"mcts:reward=score,prior=0.25",racer,2,9001,32,1,0.0,0.0,-27.0,67.0,94.0,47.0,10.0,2.0,1.0,1.0,22.0,14.0,2.5,1.0,10.0,4.0,4.0,2.0,28.0,1.0,3.0,0.0,0.0,0.0,66.0,141.64,35,141.62
"mcts:reward=score,prior=0.25",racer,2,9001,33,1,1.0,1.0,4.0,88.0,84.0,54.0,24.0,2.0,0.0,1.0,27.0,16.0,2.5,1.0,5.0,3.0,18.0,1.0,24.0,0.0,2.0,0.0,0.0,0.0,77.0,133.92,39,133.9
"mcts:reward=score,prior=0.25",ppo:runs/ppo/pass2/p2b_pool_s3.json,2,9001,32,1,0.0,0.0,-13.0,89.0,102.0,44.0,45.0,5.0,0.0,0.0,14.0,12.0,2.5833333333333335,2.0,14.0,5.0,15.0,1.0,19.0,2.0,5.0,0.0,0.0,0.0,64.0,150.67,35,150.61
"mcts:reward=score,prior=0.25",ppo:runs/ppo/pass2/p2b_pool_s3.json,2,9001,33,1,0.0,0.0,-10.0,57.0,67.0,43.0,4.0,2.0,1.0,1.0,20.0,14.0,2.357142857142857,0.0,12.0,4.0,20.0,3.0,10.0,1.0,3.0,0.0,0.0,0.0,67.0,143.21,35,143.14
"mcts:reward=score,prior=0.25",greedy,2,9001,30,0,1.0,1.0,42.0,149.0,107.0,72.0,67.0,4.0,0.0,1.0,27.0,15.0,3.0,2.0,0.0,5.0,23.0,1.0,27.0,2.0,4.0,0.0,0.0,1.0,86.0,166.27,46,166.26
"mcts:reward=score,prior=0.25",greedy,2,9001,31,1,1.0,1.0,62.0,122.0,60.0,67.0,45.0,4.0,0.0,1.0,25.0,17.0,2.6470588235294117,2.0,0.0,4.0,18.0,1.0,24.0,2.0,4.0,0.0,0.0,1.0,82.0,163.82,44,163.8
"mcts:reward=score,prior=0.25",ppo:runs/ppo/pass2/p2b_pool_s3.json,2,9001,34,1,1.0,1.0,7.0,91.0,84.0,42.0,39.0,3.0,0.0,1.0,28.0,14.0,2.357142857142857,1.0,12.0,4.0,15.0,1.0,17.0,1.0,3.0,0.0,0.0,0.0,64.0,143.59,34,143.53
"mcts:reward=score,prior=0.25",ppo:runs/ppo/pass2/p2b_pool_s3.json,2,9001,35,0,0.0,0.0,-5.0,66.0,71.0,41.0,25.0,3.0,1.0,0.0,21.0,13.0,2.3846153846153846,1.0,14.0,5.0,5.0,0.0,29.0,1.0,4.0,0.0,0.0,0.0,63.0,129.53,33,129.47
"mcts:reward=score,prior=0.25",greedy,2,9001,32,1,1.0,1.0,39.0,147.0,108.0,73.0,64.0,5.0,0.0,1.0,29.0,15.0,3.0,3.0,0.0,7.0,11.0,1.0,37.0,2.0,5.0,0.0,0.0,1.0,83.0,162.99,45,162.98
"mcts:reward=score,prior=0.25",greedy,2,9001,33,1,1.0,1.0,2.0,114.0,112.0,69.0,35.0,3.0,0.0,1.0,21.0,15.0,3.0,3.0,0.0,5.0,18.0,2.0,34.0,1.0,3.0,0.0,0.0,1.0,88.0,151.02,46,151.01
"mcts:reward=score,prior=0.25",racer,2,9001,34,1,0.0,0.0,-6.0,89.0,95.0,40.0,39.0,3.0,0.0,1.0,26.0,15.0,2.2666666666666666,0.0,11.0,2.0,18.0,0.0,16.0,1.0,3.0,0.0,0.0,0.0,66.0,139.22,35,139.2
"mcts:reward=score,prior=0.25",racer,2,9001,35,0,1.0,1.0,40.0,113.0,73.0,54.0,49.0,5.0,0.0,1.0,29.0,16.0,2.5625,1.0,4.0,3.0,16.0,1.0,22.0,2.0,5.0,0.0,0.0,0.0,77.0,137.61,41,137.6
"mcts:reward=score,prior=0.25",ppo:runs/ppo/pass2/p2b_pool_s3.json,2,9001,36,1,0.0,0.0,-30.0,65.0,95.0,43.0,22.0,2.0,0.0,0.0,16.0,11.0,2.727272727272727,1.0,15.0,4.0,12.0,0.0,24.0,0.0,2.0,0.0,0.0,0.0,59.0,122.79,30,122.74
"mcts:reward=score,prior=0.25",ppo:runs/ppo/pass2/p2b_pool_s3.json,2,9001,37,1,0.0,0.0,-32.0,54.0,86.0,56.0,-12.0,1.0,1.0,1.0,21.0,10.0,3.4,2.0,11.0,4.0,9.0,0.0,31.0,0.0,2.0,0.0,0.0,0.0,60.0,123.37,31,123.31
"mcts:reward=score,prior=0.25",racer,2,9001,36,1,1.0,1.0,69.0,164.0,95.0,56.0,98.0,7.0,0.0,1.0,35.0,16.0,2.5625,1.0,4.0,6.0,16.0,1.0,24.0,3.0,7.0,0.0,0.0,0.0,81.0,133.95,44,133.94
"mcts:reward=score,prior=0.25",racer,2,9001,37,1,0.0,0.0,-44.0,51.0,95.0,53.0,-12.0,1.0,1.0,1.0,19.0,12.0,3.0,1.0,9.0,5.0,12.0,1.0,26.0,0.0,2.0,0.0,0.0,0.0,64.0,120.05,33,120.04
"mcts:reward=score,prior=0.25",greedy,2,9001,34,1,1.0,1.0,31.0,132.0,101.0,73.0,49.0,6.0,1.0,1.0,30.0,15.0,3.0,2.0,0.0,9.0,13.0,0.0,39.0,3.0,7.0,0.0,0.0,1.0,87.0,179.88,48,179.86
"mcts:reward=score,prior=0.25",greedy,2,9001,35,0,0.0,0.0,-30.0,110.0,140.0,72.0,38.0,4.0,1.0,0.0,29.0,15.0,2.933333333333333,3.0,1.0,6.0,26.0,3.0,16.0,2.0,5.0,0.0,0.0,0.0,83.0,142.59,44,142.57
"mcts:reward=score,prior=0.25",ppo:runs/ppo/pass2/p2b_pool_s3.json,2,9001,38,1,0.0,0.0,-16.0,75.0,91.0,42.0,33.0,2.0,0.0,0.0,22.0,13.0,2.5384615384615383,0.0,12.0,4.0,18.0,0.0,20.0,0.0,2.0,0.0,0.0,0.0,64.0,140.91,33,140.85
"mcts:reward=score,prior=0.25",ppo:runs/ppo/pass2/p2b_pool_s3.json,2,9001,39,0,1.0,1.0,6.0,88.0,82.0,52.0,36.0,4.0,1.0,0.0,23.0,12.0,3.0,0.0,9.0,2.0,24.0,2.0,12.0,2.0,5.0,0.0,0.0,0.0,68.0,145.98,37,145.91
"mcts:reward=score,prior=0.25",racer,2,9001,38,1,1.0,1.0,14.0,110.0,96.0,49.0,51.0,4.0,0.0,1.0,22.0,15.0,2.466666666666667,1.0,8.0,6.0,17.0,1.0,17.0,1.0,4.0,0.0,0.0,0.0,68.0,138.94,36,138.92
"mcts:reward=score,prior=0.25",racer,2,9001,39,0,1.0,1.0,7.0,86.0,79.0,53.0,23.0,3.0,1.0,1.0,27.0,12.0,2.9166666666666665,1.0,10.0,6.0,4.0,1.0,34.0,2.0,4.0,0.0,0.0,0.0,68.0,141.96,37,141.95
"mcts:reward=score,prior=0.25",greedy,2,9001,36,1,1.0,1.0,58.0,191.0,133.0,61.0,120.0,8.0,0.0,1.0,35.0,18.0,2.5,1.0,0.0,4.0,10.0,0.0,36.0,4.0,8.0,0.0,0.0,1.0,90.0,185.55,50,185.54
"mcts:reward=score,prior=0.25",greedy,2,9001,37,1,1.0,1.0,46.0,150.0,104.0,78.0,62.0,5.0,0.0,1.0,33.0,14.0,3.2142857142857144,3.0,0.0,7.0,8.0,1.0,48.0,3.0,5.0,0.0,0.0,1.0,91.0,179.49,50,179.47
"mcts:reward=score,prior=0.25",ppo:runs/ppo/pass2/p2b_pool_s3.json,2,9001,40,0,0.0,0.0,-51.0,42.0,93.0,56.0,-14.0,1.0,1.0,0.0,12.0,13.0,2.923076923076923,1.0,7.0,8.0,5.0,1.0,31.0,0.0,2.0,0.0,0.0,0.0,65.0,124.99,33,124.92
"mcts:reward=score,prior=0.25",ppo:runs/ppo/pass2/p2b_pool_s3.json,2,9001,41,0,0.0,0.0,-74.0,24.0,98.0,39.0,-15.0,1.0,2.0,0.0,11.0,11.0,2.6363636363636362,0.0,16.0,3.0,8.0,1.0,24.0,0.0,3.0,0.0,0.0,0.0,57.0,120.94,29,120.88
"mcts:reward=score,prior=0.25",racer,2,9001,40,0,1.0,1.0,0.0,96.0,96.0,60.0,26.0,2.0,0.0,1.0,22.0,14.0,2.857142857142857,2.0,5.0,5.0,15.0,1.0,23.0,0.0,2.0,0.0,0.0,0.0,69.0,117.31,35,117.3
"mcts:reward=score,prior=0.25",racer,2,9001,41,0,0.0,0.0,-31.0,74.0,105.0,45.0,29.0,3.0,0.0,0.0,11.0,11.0,2.8181818181818183,1.0,14.0,3.0,14.0,2.0,22.0,0.0,3.0,0.0,0.0,0.0,63.0,113.93,32,113.91
"mcts:reward=score,prior=0.25",greedy,2,9001,38,1,1.0,1.0,10.0,116.0,106.0,73.0,33.0,2.0,0.0,1.0,34.0,14.0,3.2142857142857144,2.0,0.0,7.0,16.0,0.0,36.0,0.0,2.0,0.0,0.0,0.0,80.0,160.65,41,160.64
"mcts:reward=score,prior=0.25",greedy,2,9001,39,0,1.0,1.0,105.0,174.0,69.0,69.0,95.0,7.0,0.0,1.0,29.0,15.0,3.0,2.0,0.0,7.0,15.0,1.0,31.0,3.0,7.0,0.0,0.0,1.0,83.0,155.44,46,155.43
"mcts:reward=score,prior=0.25",ppo:runs/ppo/pass2/p2b_pool_s3.json,2,9001,42,1,0.0,0.0,-20.0,74.0,94.0,40.0,34.0,3.0,0.0,0.0,17.0,14.0,2.2857142857142856,0.0,13.0,1.0,15.0,0.0,19.0,0.0,3.0,0.0,0.0,0.0,63.0,131.11,32,131.04
"mcts:reward=score,prior=0.25",ppo:runs/ppo/pass2/p2b_pool_s3.json,2,9001,43,1,1.0,1.0,20.0,100.0,80.0,56.0,34.0,2.0,0.0,1.0,32.0,13.0,2.8461538461538463,2.0,8.0,5.0,15.0,0.0,27.0,0.0,2.0,0.0,0.0,0.0,68.0,141.11,35,141.04
"mcts:reward=score,prior=0.25",racer,2,9001,42,1,0.0,0.0,-10.0,92.0,102.0,51.0,41.0,5.0,1.0,0.0,15.0,14.0,2.5714285714285716,2.0,9.0,6.0,16.0,0.0,20.0,2.0,6.0,0.0,0.0,0.0,69.0,132.57,37,132.55
"mcts:reward=score,prior=0.25",racer,2,9001,43,1,1.0,1.0,16.0,102.0,86.0,58.0,34.0,2.0,0.0,1.0,30.0,13.0,2.8461538461538463,2.0,8.0,3.0,23.0,1.0,11.0,0.0,2.0,0.0,0.0,0.0,62.0,131.76,32,131.75
"mcts:reward=score,prior=0.25",greedy,2,9001,40,0,1.0,1.0,53.0,121.0,68.0,78.0,33.0,3.0,0.0,1.0,44.0,14.0,3.2142857142857144,3.0,0.0,7.0,7.0,1.0,47.0,1.0,3.0,0.0,0.0,1.0,86.0,154.46,45,154.45
"mcts:reward=score,prior=0.25",greedy,2,9001,41,0,1.0,1.0,16.0,127.0,111.0,56.0,71.0,7.0,0.0,0.0,24.0,15.0,2.7333333333333334,1.0,4.0,9.0,10.0,0.0,38.0,4.0,7.0,0.0,0.0,0.0,87.0,174.78,48,174.77
"mcts:reward=score,prior=0.25",ppo:runs/ppo/pass2/p2b_pool_s3.json,2,9001,44,0,1.0,1.0,14.0,94.0,80.0,50.0,44.0,3.0,0.0,0.0,27.0,16.0,2.1875,2.0,10.0,3.0,15.0,0.0,21.0,1.0,3.0,0.0,0.0,0.0,70.0,139.09,37,139.02
"mcts:reward=score,prior=0.25",ppo:runs/ppo/pass2/p2b_pool_s3.json,2,9001,45,1,1.0,1.0,4.0,87.0,83.0,41.0,36.0,3.0,0.0,1.0,30.0,15.0,2.3333333333333335,0.0,10.0,6.0,9.0,1.0,23.0,1.0,3.0,0.0,0.0,0.0,66.0,146.33,35,146.27
"mcts:reward=score,prior=0.25",racer,2,9001,44,0,1.0,1.0,31.0,126.0,95.0,54.0,62.0,5.0,0.0,1.0,25.0,16.0,2.4375,1.0,6.0,2.0,16.0,0.0,22.0,1.0,5.0,0.0,0.0,0.0,72.0,132.67,38,132.66
"mcts:reward=score,prior=0.25",racer,2,9001,45,1,0.0,0.0,-5.0,83.0,88.0,64.0,9.0,1.0,1.0,1.0,26.0,12.0,3.1666666666666665,3.0,7.0,5.0,22.0,5.0,16.0,0.0,2.0,0.0,0.0,0.0,72.0,135.66,37,135.64
"mcts:reward=score,prior=0.25",greedy,2,9001,42,1,1.0,1.0,70.0,151.0,81.0,65.0,76.0,8.0,0.0,1.0,27.0,16.0,2.75,1.0,1.0,6.0,5.0,0.0,37.0,3.0,8.0,0.0,0.0,1.0,80.0,163.67,44,163.66
"mcts:reward=score,prior=0.25",greedy,2,9001,43,1,1.0,1.0,45.0,172.0,127.0,65.0,97.0,8.0,0.0,1.0,27.0,17.0,2.6470588235294117,2.0,0.0,3.0,29.0,1.0,15.0,3.0,8.0,0.0,0.0,1.0,85.0,175.58,47,175.57
"mcts:reward=score,prior=0.25",ppo:runs/ppo/pass2/p2b_pool_s3.json,2,9001,46,0,1.0,1.0,40.0,111.0,71.0,51.0,50.0,4.0,0.0,1.0,32.0,14.0,2.5714285714285716,1.0,9.0,3.0,12.0,0.0,22.0,1.0,4.0,0.0,0.0,0.0,64.0,137.33,34,137.27
"mcts:reward=score,prior=0.25",ppo:runs/ppo/pass2/p2b_pool_s3.json,2,9001,47,1,0.0,0.0,-20.0,71.0,91.0,51.0,10.0,3.0,1.0,1.0,26.0,10.0,3.1,2.0,14.0,5.0,11.0,2.0,25.0,1.0,4.0,0.0,0.0,0.0,63.0,139.3,33,139.24
"mcts:reward=score,prior=0.25",racer,2,9001,46,0,1.0,1.0,28.0,121.0,93.0,57.0,54.0,5.0,0.0,1.0,32.0,16.0,2.5625,1.0,4.0,1.0,13.0,0.0,29.0,2.0,5.0,0.0,0.0,0.0,78.0,138.83,42,138.81
"mcts:reward=score,prior=0.25",racer,2,9001,47,1,1.0,1.0,0.0,95.0,95.0,61.0,24.0,3.0,1.0,1.0,24.0,12.0,3.0833333333333335,2.0,8.0,7.0,5.0,2.0,29.0,2.0,4.0,0.0,0.0,0.0,67.0,136.2,36,136.19
"mcts:reward=score,prior=0.25",greedy,2,9001,44,0,1.0,1.0,23.0,141.0,118.0,69.0,62.0,5.0,0.0,1.0,40.0,16.0,2.8125,2.0,0.0,3.0,22.0,0.0,26.0,2.0,5.0,0.0,0.0,1.0,83.0,174.86,45,174.84
"mcts:reward=score,prior=0.25",greedy,2,9001,45,1,0.0,0.0,-6.0,116.0,122.0,73.0,43.0,4.0,0.0,0.0,31.0,15.0,3.0,3.0,0.0,8.0,28.0,2.0,18.0,2.0,4.0,0.0,0.0,1.0,83.0,163.35,45,163.34
"mcts:reward=score,prior=0.25",ppo:runs/ppo/pass2/p2b_pool_s3.json,2,9001,48,0,0.0,0.0,-24.0,54.0,78.0,39.0,5.0,2.0,1.0,1.0,25.0,13.0,2.3846153846153846,0.0,14.0,1.0,26.0,1.0,6.0,0.0,3.0,0.0,0.0,0.0,60.0,146.6,31,146.54
"mcts:reward=score,prior=0.25",ppo:runs/ppo/pass2/p2b_pool_s3.json,2,9001,49,0,0.0,0.0,-31.0,62.0,93.0,44.0,18.0,2.0,0.0,0.0,14.0,13.0,2.5384615384615383,1.0,12.0,5.0,5.0,1.0,29.0,0.0,2.0,0.0,0.0,0.0,63.0,132.58,32,132.51
"mcts:reward=score,prior=0.25",greedy,2,9001,46,0,1.0,1.0,25.0,127.0,102.0,64.0,53.0,5.0,1.0,1.0,32.0,16.0,2.8125,1.0,0.0,6.0,18.0,3.0,24.0,2.0,6.0,0.0,0.0,1.0,83.0,165.36,45,165.35
"mcts:reward=score,prior=0.25",greedy,2,9001,47,1,1.0,1.0,53.0,159.0,106.0,61.0,88.0,6.0,0.0,1.0,40.0,18.0,2.5,2.0,0.0,8.0,18.0,0.0,28.0,2.0,6.0,0.0,0.0,1.0,86.0,176.09,46,176.07
"mcts:reward=score,prior=0.25",racer,2,9001,48,0,1.0,1.0,18.0,102.0,84.0,53.0,39.0,3.0,0.0,1.0,28.0,16.0,2.4375,1.0,6.0,7.0,24.0,4.0,8.0,0.0,3.0,0.0,0.0,0.0,72.0,150.68,37,150.66
"mcts:reward=score,prior=0.25",racer,2,9001,49,0,1.0,1.0,39.0,128.0,89.0,64.0,54.0,6.0,0.0,1.0,21.0,15.0,2.8666666666666667,1.0,2.0,5.0,13.0,0.0,27.0,2.0,6.0,0.0,0.0,0.0,75.0,138.03,40,138.02
"mcts:reward=score,prior=0.25",ppo:runs/ppo/pass2/p2b_pool_s3.json,2,9001,50,1,0.0,0.0,-57.0,36.0,93.0,48.0,-12.0,1.0,1.0,0.0,12.0,13.0,2.6153846153846154,1.0,11.0,6.0,13.0,2.0,21.0,0.0,2.0,0.0,0.0,0.0,64.0,141.65,33,141.58
"mcts:reward=score,prior=0.25",ppo:runs/ppo/pass2/p2b_pool_s3.json,2,9001,51,1,0.0,0.0,-5.0,81.0,86.0,56.0,25.0,2.0,0.0,0.0,23.0,13.0,2.8461538461538463,1.0,8.0,6.0,6.0,0.0,30.0,0.0,2.0,0.0,0.0,0.0,63.0,130.59,32,130.53
"mcts:reward=score,prior=0.25",racer,2,9001,50,1,1.0,1.0,47.0,140.0,93.0,69.0,61.0,5.0,0.0,1.0,26.0,14.0,3.0,2.0,3.0,8.0,14.0,1.0,28.0,2.0,5.0,0.0,0.0,0.0,76.0,139.04,41,139.02
"mcts:reward=score,prior=0.25",racer,2,9001,51,1,1.0,1.0,37.0,125.0,88.0,62.0,53.0,4.0,0.0,1.0,30.0,16.0,2.6875,2.0,2.0,6.0,14.0,1.0,28.0,2.0,4.0,0.0,0.0,0.0,81.0,133.94,43,133.92
"mcts:reward=score,prior=0.25",ppo:runs/ppo/pass2/p2b_pool_s3.json,2,9001,52,0,1.0,1.0,21.0,94.0,73.0,50.0,34.0,3.0,0.0,1.0,33.0,13.0,2.6923076923076925,1.0,10.0,5.0,16.0,2.0,14.0,1.0,3.0,0.0,0.0,0.0,62.0,133.27,33,133.19
"mcts:reward=score,prior=0.25",ppo:runs/ppo/pass2/p2b_pool_s3.json,2,9001,53,1,0.0,0.0,-28.0,72.0,100.0,40.0,32.0,3.0,0.0,0.0,22.0,14.0,2.2857142857142856,1.0,13.0,5.0,11.0,2.0,17.0,1.0,3.0,0.0,0.0,0.0,63.0,131.5,33,131.44
"mcts:reward=score,prior=0.25",greedy,2,9001,48,0,1.0,1.0,43.0,145.0,102.0,67.0,68.0,5.0,0.0,1.0,37.0,17.0,2.6470588235294117,3.0,0.0,3.0,33.0,3.0,13.0,1.0,5.0,0.0,0.0,1.0,87.0,166.87,46,166.86
"mcts:reward=score,prior=0.25",greedy,2,9001,49,0,1.0,1.0,23.0,158.0,135.0,57.0,91.0,7.0,0.0,1.0,30.0,18.0,2.4444444444444446,1.0,1.0,6.0,10.0,1.0,32.0,4.0,7.0,0.0,0.0,0.0,89.0,173.69,49,173.68
"mcts:reward=score,prior=0.25",racer,2,9001,52,0,0.0,0.0,-8.0,83.0,91.0,49.0,24.0,3.0,0.0,1.0,19.0,13.0,2.6923076923076925,1.0,10.0,5.0,12.0,2.0,24.0,1.0,3.0,0.0,0.0,0.0,68.0,133.13,36,133.12
"mcts:reward=score,prior=0.25",racer,2,9001,53,1,1.0,1.0,22.0,104.0,82.0,45.0,49.0,5.0,0.0,1.0,22.0,16.0,2.25,1.0,9.0,6.0,17.0,2.0,13.0,2.0,5.0,0.0,0.0,0.0,71.0,131.87,38,131.86
"mcts:reward=score,prior=0.25",greedy,2,9001,50,1,1.0,1.0,39.0,141.0,102.0,80.0,51.0,4.0,0.0,1.0,32.0,14.0,3.2142857142857144,3.0,0.0,6.0,9.0,1.0,37.0,1.0,4.0,0.0,0.0,1.0,77.0,155.45,41,155.44
"mcts:reward=score,prior=0.25",greedy,2,9001,51,1,1.0,1.0,18.0,120.0,102.0,85.0,25.0,2.0,0.0,1.0,19.0,13.0,3.4615384615384617,4.0,0.0,5.0,12.0,0.0,32.0,0.0,2.0,0.0,0.0,1.0,70.0,139.35,36,139.34
"mcts:reward=score,prior=0.25",ppo:runs/ppo/pass2/p2b_pool_s3.json,2,9001,54,1,1.0,1.0,5.0,90.0,85.0,56.0,24.0,2.0,0.0,1.0,23.0,13.0,2.923076923076923,1.0,7.0,4.0,15.0,1.0,23.0,0.0,2.0,0.0,0.0,0.0,66.0,134.86,34,134.79
"mcts:reward=score,prior=0.25",ppo:runs/ppo/pass2/p2b_pool_s3.json,2,9001,55,1,1.0,1.0,29.0,95.0,66.0,41.0,44.0,3.0,0.0,1.0,28.0,13.0,2.3846153846153846,1.0,14.0,5.0,11.0,1.0,21.0,1.0,3.0,0.0,0.0,0.0,63.0,128.46,33,128.4
"mcts:reward=score,prior=0.25",racer,2,9001,54,1,1.0,1.0,14.0,107.0,93.0,57.0,40.0,3.0,0.0,1.0,34.0,14.0,2.857142857142857,1.0,5.0,8.0,10.0,1.0,28.0,1.0,3.0,0.0,0.0,0.0,70.0,135.72,37,135.71
"mcts:reward=score,prior=0.25",racer,2,9001,55,1,1.0,1.0,27.0,108.0,81.0,54.0,44.0,3.0,0.0,1.0,28.0,13.0,2.6923076923076925,2.0,10.0,6.0,15.0,2.0,21.0,1.0,3.0,0.0,0.0,0.0,69.0,127.27,36,127.25
"mcts:reward=score,prior=0.25",greedy,2,9001,52,0,1.0,1.0,37.0,159.0,122.0,78.0,71.0,6.0,0.0,1.0,43.0,15.0,3.0,3.0,0.0,4.0,18.0,2.0,32.0,3.0,6.0,0.0,0.0,1.0,89.0,169.25,49,169.24
"mcts:reward=score,prior=0.25",greedy,2,9001,53,1,0.0,0.0,-18.0,100.0,118.0,52.0,48.0,5.0,0.0,0.0,19.0,16.0,2.4375,1.0,6.0,5.0,10.0,2.0,26.0,3.0,5.0,0.0,0.0,0.0,79.0,163.59,43,163.58
"mcts:reward=score,prior=0.25",greedy,2,9001,54,1,1.0,1.0,98.0,159.0,61.0,65.0,84.0,6.0,0.0,1.0,38.0,16.0,2.8125,2.0,0.0,2.0,16.0,1.0,26.0,2.0,6.0,0.0,0.0,1.0,79.0,149.82,43,149.81
"mcts:reward=score,prior=0.25",greedy,2,9001,55,1,0.0,0.0,-38.0,103.0,141.0,45.0,58.0,5.0,0.0,0.0,26.0,12.0,2.6666666666666665,1.0,13.0,4.0,17.0,2.0,27.0,3.0,5.0,0.0,0.0,0.0,79.0,155.44,43,155.43
"mcts:reward=score,prior=0.25",ppo:runs/ppo/pass2/p2b_pool_s3.json,2,9001,56,0,0.0,0.0,-44.0,47.0,91.0,60.0,-13.0,1.0,1.0,0.0,19.0,12.0,3.0,1.0,9.0,4.0,12.0,0.0,26.0,0.0,2.0,0.0,0.0,0.0,63.0,125.48,32,125.42
"mcts:reward=score,prior=0.25",ppo:runs/ppo/pass2/p2b_pool_s3.json,2,9001,57,0,0.0,0.0,-1.0,81.0,82.0,41.0,30.0,3.0,1.0,1.0,26.0,15.0,2.2666666666666666,0.0,11.0,1.0,12.0,0.0,24.0,1.0,4.0,0.0,0.0,0.0,68.0,147.32,36,147.25
"mcts:reward=score,prior=0.25",racer,2,9001,56,0,0.0,0.0,-2.0,95.0,97.0,58.0,27.0,2.0,0.0,1.0,31.0,14.0,2.7857142857142856,1.0,6.0,1.0,24.0,0.0,16.0,0.0,2.0,0.0,0.0,0.0,69.0,117.71,35,117.7
"mcts:reward=score,prior=0.25",racer,2,9001,57,0,1.0,1.0,16.0,106.0,90.0,53.0,43.0,4.0,0.0,1.0,21.0,15.0,2.6666666666666665,1.0,5.0,3.0,9.0,1.0,29.0,2.0,4.0,0.0,0.0,0.0,74.0,152.62,40,152.61
"mcts:reward=score,prior=0.25",racer,2,9001,58,0,1.0,1.0,48.0,130.0,82.0,52.0,68.0,5.0,0.0,1.0,27.0,13.0,2.769230769230769,1.0,9.0,3.0,22.0,2.0,10.0,1.0,5.0,0.0,0.0,0.0,64.0,132.37,34,132.36
"mcts:reward=score,prior=0.25",racer,2,9001,59,1,1.0,1.0,14.0,94.0,80.0,51.0,33.0,3.0,0.0,1.0,27.0,14.0,2.642857142857143,0.0,8.0,4.0,15.0,1.0,21.0,1.0,3.0,0.0,0.0,0.0,69.0,135.1,36,135.08
"mcts:reward=score,prior=0.25",ppo:runs/ppo/pass2/p2b_pool_s3.json,2,9001,58,0,1.0,1.0,3.0,81.0,78.0,46.0,35.0,2.0,0.0,0.0,30.0,14.0,2.5,0.0,10.0,0.0,16.0,0.0,18.0,0.0,2.0,0.0,0.0,0.0,62.0,133.34,32,133.28
"mcts:reward=score,prior=0.25",ppo:runs/ppo/pass2/p2b_pool_s3.json,2,9001,59,1,0.0,0.0,-2.0,83.0,85.0,50.0,33.0,3.0,0.0,0.0,21.0,14.0,2.5714285714285716,0.0,9.0,1.0,28.0,1.0,6.0,1.0,3.0,0.0,0.0,0.0,67.0,136.55,35,136.48
"mcts:reward=score,prior=0.25",greedy,2,9001,56,0,1.0,1.0,61.0,137.0,76.0,89.0,38.0,3.0,0.0,1.0,34.0,13.0,3.4615384615384617,5.0,0.0,6.0,9.0,1.0,37.0,1.0,3.0,0.0,0.0,1.0,76.0,141.12,40,141.11
"mcts:reward=score,prior=0.25",greedy,2,9001,57,0,1.0,1.0,42.0,157.0,115.0,67.0,80.0,8.0,0.0,1.0,24.0,16.0,2.75,2.0,1.0,6.0,18.0,1.0,28.0,3.0,8.0,0.0,0.0,0.0,86.0,183.17,47,183.16
"mcts:reward=score,prior=0.25",ppo:runs/ppo/pass2/p2b_pool_s3.json,2,9001,60,1,0.0,0.0,-26.0,56.0,82.0,37.0,19.0,3.0,1.0,0.0,12.0,13.0,2.230769230769231,0.0,16.0,3.0,12.0,0.0,22.0,1.0,4.0,0.0,0.0,0.0,63.0,132.16,33,132.09
"mcts:reward=score,prior=0.25",ppo:runs/ppo/pass2/p2b_pool_s3.json,2,9001,61,1,0.0,0.0,-30.0,60.0,90.0,41.0,19.0,2.0,0.0,0.0,25.0,14.0,2.2857142857142856,0.0,13.0,4.0,11.0,0.0,23.0,0.0,2.0,0.0,0.0,0.0,63.0,135.87,32,135.8
"mcts:reward=score,prior=0.25",racer,2,9001,60,1,1.0,1.0,4.0,94.0,90.0,47.0,37.0,4.0,0.0,1.0,19.0,14.0,2.5,0.0,10.0,7.0,6.0,3.0,28.0,1.0,4.0,0.0,0.0,0.0,71.0,130.14,37,130.13
"mcts:reward=score,prior=0.25",racer,2,9001,61,1,1.0,1.0,3.0,98.0,95.0,39.0,49.0,5.0,0.0,1.0,25.0,16.0,2.125,0.0,11.0,6.0,10.0,2.0,20.0,1.0,5.0,0.0,0.0,0.0,69.0,139.19,36,139.17
"mcts:reward=score,prior=0.25",greedy,2,9001,58,0,0.0,0.0,-14.0,108.0,122.0,68.0,30.0,3.0,1.0,1.0,32.0,15.0,2.933333333333333,1.0,1.0,2.0,19.0,0.0,25.0,2.0,4.0,0.0,0.0,0.0,78.0,153.75,42,153.74
"mcts:reward=score,prior=0.25",greedy,2,9001,59,1,1.0,1.0,37.0,163.0,126.0,66.0,87.0,8.0,0.0,1.0,32.0,17.0,2.588235294117647,2.0,1.0,3.0,20.0,0.0,24.0,5.0,8.0,0.0,0.0,0.0,89.0,158.32,50,158.31
"mcts:reward=score,prior=0.25",ppo:runs/ppo/pass2/p2b_pool_s3.json,2,9001,62,1,1.0,1.0,4.0,83.0,79.0,45.0,38.0,5.0,1.0,0.0,28.0,14.0,2.2857142857142856,2.0,13.0,3.0,11.0,2.0,19.0,2.0,6.0,0.0,0.0,0.0,66.0,137.36,36,137.29
"mcts:reward=score,prior=0.25",ppo:runs/ppo/pass2/p2b_pool_s3.json,2,9001,63,1,0.0,0.0,-22.0,69.0,91.0,44.0,15.0,2.0,1.0,1.0,25.0,15.0,2.3333333333333335,1.0,10.0,5.0,21.0,3.0,11.0,1.0,3.0,0.0,0.0,0.0,71.0,134.7,37,134.63
"mcts:reward=score,prior=0.25",racer,2,9001,62,1,1.0,1.0,12.0,97.0,85.0,47.0,40.0,5.0,0.0,1.0,30.0,15.0,2.3333333333333335,1.0,10.0,4.0,10.0,1.0,22.0,1.0,5.0,0.0,0.0,0.0,66.0,130.88,35,130.87
"mcts:reward=score,prior=0.25",racer,2,9001,63,1,0.0,0.0,-4.0,87.0,91.0,46.0,31.0,3.0,0.0,1.0,24.0,17.0,2.1176470588235294,1.0,9.0,2.0,19.0,0.0,15.0,1.0,3.0,0.0,0.0,0.0,71.0,132.05,37,132.04
"mcts:reward=score,prior=0.25",greedy,2,9001,60,1,1.0,1.0,2.0,107.0,105.0,46.0,51.0,5.0,0.0,1.0,24.0,17.0,2.235294117647059,0.0,7.0,3.0,12.0,2.0,24.0,3.0,5.0,0.0,0.0,0.0,81.0,165.75,44,165.74
"mcts:reward=score,prior=0.25",greedy,2,9001,61,1,0.0,0.0,-5.0,115.0,120.0,54.0,51.0,6.0,1.0,1.0,29.0,16.0,2.625,0.0,3.0,6.0,14.0,2.0,28.0,3.0,7.0,0.0,0.0,0.0,85.0,173.9,46,173.88
"mcts:reward=score,prior=0.25",racer,2,9001,64,0,0.0,0.0,-45.0,45.0,90.0,38.0,-3.0,2.0,1.0,1.0,17.0,14.0,2.2142857142857144,0.0,14.0,0.0,21.0,0.0,15.0,0.0,3.0,0.0,0.0,0.0,65.0,121.73,33,121.71
"mcts:reward=score,prior=0.25",racer,2,9001,65,0,0.0,0.0,-12.0,87.0,99.0,55.0,22.0,2.0,0.0,1.0,12.0,11.0,3.090909090909091,2.0,11.0,2.0,14.0,1.0,26.0,0.0,2.0,0.0,0.0,0.0,64.0,126.56,33,126.55
"mcts:reward=score,prior=0.25",ppo:runs/ppo/pass2/p2b_pool_s3.json,2,9001,64,0,0.0,0.0,-62.0,33.0,95.0,36.0,-3.0,2.0,1.0,0.0,14.0,12.0,2.25,1.0,18.0,3.0,12.0,2.0,20.0,0.0,3.0,0.0,0.0,0.0,61.0,127.74,31,127.68
"mcts:reward=score,prior=0.25",ppo:runs/ppo/pass2/p2b_pool_s3.json,2,9001,65,0,1.0,1.0,22.0,106.0,84.0,57.0,39.0,3.0,0.0,1.0,30.0,15.0,2.7333333333333334,1.0,4.0,4.0,22.0,1.0,14.0,1.0,3.0,0.0,0.0,0.0,70.0,144.32,37,144.25
"mcts:reward=score,prior=0.25",greedy,2,9001,62,1,1.0,1.0,19.0,122.0,103.0,66.0,46.0,5.0,0.0,1.0,35.0,18.0,2.5,2.0,0.0,5.0,9.0,2.0,37.0,1.0,5.0,0.0,0.0,1.0,87.0,152.6,46,152.59
"mcts:reward=score,prior=0.25",greedy,2,9001,63,1,1.0,1.0,64.0,152.0,88.0,68.0,74.0,7.0,0.0,1.0,25.0,15.0,3.0,2.0,0.0,4.0,21.0,1.0,29.0,4.0,7.0,0.0,0.0,1.0,90.0,169.42,50,169.4
"mcts:reward=score,prior=0.25",ppo:runs/ppo/pass2/p2b_pool_s3.json,2,9001,66,0,0.0,0.0,-25.0,67.0,92.0,43.0,24.0,2.0,1.0,0.0,23.0,14.0,2.4285714285714284,0.0,11.0,2.0,21.0,0.0,15.0,1.0,3.0,0.0,0.0,0.0,66.0,143.38,35,143.32
"mcts:reward=score,prior=0.25",ppo:runs/ppo/pass2/p2b_pool_s3.json,2,9001,67,1,1.0,1.0,25.0,102.0,77.0,51.0,41.0,3.0,0.0,1.0,27.0,13.0,2.769230769230769,1.0,9.0,2.0,19.0,1.0,17.0,1.0,3.0,0.0,0.0,0.0,66.0,151.61,35,151.55
"mcts:reward=score,prior=0.25",ppo:runs/ppo/pass2/p2b_pool_s3.json,2,9001,68,1,1.0,1.0,13.0,94.0,81.0,57.0,37.0,4.0,0.0,0.0,27.0,12.0,3.0,2.0,9.0,8.0,11.0,2.0,27.0,1.0,4.0,0.0,0.0,0.0,68.0,145.18,36,145.1
"mcts:reward=score,prior=0.25",ppo:runs/ppo/pass2/p2b_pool_s3.json,2,9001,69,1,1.0,1.0,17.0,92.0,75.0,55.0,27.0,3.0,0.0,1.0,31.0,13.0,2.923076923076923,0.0,7.0,4.0,9.0,1.0,27.0,1.0,3.0,0.0,0.0,0.0,67.0,140.72,35,140.65
"mcts:reward=score,prior=0.25",racer,2,9001,66,0,1.0,1.0,24.0,116.0,92.0,50.0,56.0,4.0,0.0,1.0,34.0,15.0,2.466666666666667,1.0,8.0,1.0,22.0,0.0,18.0,2.0,4.0,0.0,0.0,0.0,74.0,149.84,40,149.83
"mcts:reward=score,prior=0.25",racer,2,9001,67,1,0.0,0.0,-2.0,95.0,97.0,45.0,50.0,4.0,0.0,0.0,25.0,16.0,2.3125,0.0,8.0,4.0,11.0,2.0,23.0,1.0,4.0,0.0,0.0,0.0,72.0,152.52,38,152.51
"mcts:reward=score,prior=0.25",greedy,2,9001,64,0,1.0,1.0,69.0,141.0,72.0,83.0,48.0,4.0,0.0,1.0,26.0,13.0,3.4615384615384617,4.0,0.0,7.0,22.0,4.0,24.0,1.0,4.0,0.0,0.0,1.0,82.0,152.41,43,152.4
"mcts:reward=score,prior=0.25",greedy,2,9001,65,0,1.0,1.0,39.0,149.0,110.0,65.0,74.0,7.0,0.0,1.0,35.0,16.0,2.75,2.0,1.0,4.0,16.0,1.0,32.0,4.0,7.0,1.0,0.0,1.0,89.0,176.25,50,176.24
"mcts:reward=score,prior=0.25",racer,2,9001,68,1,1.0,1.0,38.0,123.0,85.0,56.0,57.0,7.0,0.0,1.0,19.0,15.0,2.6666666666666665,0.0,5.0,7.0,12.0,0.0,26.0,3.0,7.0,0.0,0.0,0.0,74.0,144.23,41,144.22
"mcts:reward=score,prior=0.25",racer,2,9001,69,1,1.0,1.0,22.0,120.0,98.0,52.0,58.0,6.0,0.0,1.0,29.0,15.0,2.6,0.0,6.0,6.0,5.0,3.0,31.0,2.0,6.0,0.0,0.0,0.0,77.0,140.29,41,140.28
"mcts:reward=score,prior=0.25",greedy,2,9001,66,0,1.0,1.0,54.0,162.0,108.0,70.0,82.0,6.0,0.0,1.0,32.0,14.0,3.0,3.0,3.0,8.0,7.0,3.0,35.0,2.0,6.0,0.0,0.0,0.0,80.0,168.82,43,168.81
"mcts:reward=score,prior=0.25",greedy,2,9001,67,1,1.0,1.0,83.0,142.0,59.0,66.0,66.0,6.0,0.0,1.0,28.0,16.0,2.8125,3.0,0.0,4.0,4.0,1.0,42.0,2.0,6.0,0.0,0.0,1.0,83.0,156.96,45,156.95
"mcts:reward=score,prior=0.25",ppo:runs/ppo/pass2/p2b_pool_s3.json,2,9001,70,1,1.0,1.0,11.0,97.0,86.0,42.0,55.0,5.0,0.0,0.0,28.0,14.0,2.357142857142857,0.0,12.0,4.0,15.0,2.0,13.0,2.0,5.0,0.0,0.0,0.0,65.0,140.69,35,140.62
"mcts:reward=score,prior=0.25",ppo:runs/ppo/pass2/p2b_pool_s3.json,2,9001,71,1,0.0,0.0,-1.0,78.0,79.0,47.0,31.0,3.0,1.0,0.0,22.0,13.0,2.5384615384615383,1.0,12.0,3.0,23.0,1.0,11.0,1.0,4.0,0.0,0.0,0.0,64.0,144.85,34,144.79
"mcts:reward=score,prior=0.25",greedy,2,9001,68,1,1.0,1.0,0.0,114.0,114.0,55.0,49.0,6.0,0.0,1.0,32.0,14.0,2.7857142857142856,1.0,6.0,7.0,15.0,2.0,29.0,2.0,6.0,0.0,0.0,0.0,80.0,170.33,43,170.32
"mcts:reward=score,prior=0.25",greedy,2,9001,69,1,1.0,1.0,63.0,137.0,74.0,65.0,62.0,5.0,0.0,1.0,32.0,16.0,2.8125,1.0,0.0,9.0,14.0,3.0,30.0,2.0,5.0,0.0,0.0,1.0,86.0,170.81,46,170.8
"mcts:reward=score,prior=0.25",racer,2,9001,70,1,0.0,0.0,-29.0,56.0,85.0,49.0,-3.0,2.0,1.0,1.0,19.0,12.0,2.75,1.0,12.0,3.0,12.0,1.0,26.0,1.0,3.0,0.0,0.0,0.0,67.0,130.84,35,130.83
"mcts:reward=score,prior=0.25",racer,2,9001,71,1,1.0,1.0,46.0,136.0,90.0,64.0,62.0,5.0,0.0,1.0,34.0,15.0,2.8666666666666667,2.0,2.0,6.0,21.0,3.0,15.0,2.0,5.0,0.0,0.0,0.0,76.0,145.04,41,145.02
"mcts:reward=score,prior=0.25",ppo:runs/ppo/pass2/p2b_pool_s3.json,2,9001,72,1,0.0,0.0,-29.0,57.0,86.0,34.0,23.0,4.0,1.0,0.0,12.0,14.0,2.0714285714285716,0.0,16.0,3.0,7.0,0.0,21.0,2.0,5.0,0.0,0.0,0.0,61.0,130.59,33,130.53
"mcts:reward=score,prior=0.25",ppo:runs/ppo/pass2/p2b_pool_s3.json,2,9001,73,1,1.0,1.0,5.0,93.0,88.0,51.0,42.0,4.0,0.0,0.0,17.0,12.0,2.75,2.0,12.0,8.0,12.0,0.0,26.0,1.0,4.0,0.0,0.0,0.0,64.0,136.31,34,136.24
"mcts:reward=score,prior=0.25",greedy,2,9001,70,1,1.0,1.0,28.0,119.0,91.0,67.0,42.0,4.0,0.0,1.0,25.0,16.0,2.8125,2.0,0.0,4.0,16.0,1.0,26.0,1.0,4.0,0.0,0.0,1.0,78.0,150.33,41,150.32
"mcts:reward=score,prior=0.25",greedy,2,9001,71,1,1.0,1.0,58.0,176.0,118.0,67.0,99.0,7.0,0.0,1.0,35.0,17.0,2.6470588235294117,2.0,0.0,5.0,14.0,1.0,26.0,3.0,7.0,0.0,0.0,1.0,81.0,156.79,45,156.78
"mcts:reward=score,prior=0.25",racer,2,9001,72,1,0.0,0.0,-22.0,80.0,102.0,48.0,22.0,3.0,1.0,1.0,21.0,13.0,2.6923076923076925,0.0,10.0,4.0,8.0,1.0,28.0,2.0,4.0,0.0,0.0,0.0,69.0,133.34,37,133.33
"mcts:reward=score,prior=0.25",racer,2,9001,73,1,1.0,1.0,23.0,114.0,91.0,54.0,50.0,5.0,0.0,1.0,25.0,16.0,2.4375,1.0,6.0,7.0,14.0,2.0,22.0,2.0,5.0,0.0,0.0,0.0,76.0,139.41,41,139.4
"mcts:reward=score,prior=0.25",ppo:runs/ppo/pass2/p2b_pool_s3.json,2,9001,74,1,0.0,0.0,-43.0,51.0,94.0,44.0,7.0,3.0,1.0,0.0,19.0,13.0,2.5384615384615383,0.0,12.0,3.0,15.0,0.0,17.0,1.0,4.0,0.0,0.0,0.0,61.0,131.72,32,131.65
"mcts:reward=score,prior=0.25",ppo:runs/ppo/pass2/p2b_pool_s3.json,2,9001,75,0,0.0,0.0,-24.0,63.0,87.0,33.0,30.0,2.0,0.0,0.0,26.0,15.0,2.0,0.0,15.0,2.0,16.0,1.0,10.0,0.0,2.0,0.0,0.0,0.0,59.0,127.87,30,127.8
"mcts:reward=score,prior=0.25",racer,2,9001,74,1,0.0,0.0,-7.0,83.0,90.0,45.0,28.0,4.0,1.0,1.0,17.0,13.0,2.5384615384615383,0.0,12.0,6.0,17.0,0.0,17.0,2.0,5.0,0.0,0.0,0.0,65.0,136.83,35,136.81
"mcts:reward=score,prior=0.25",racer,2,9001,75,0,1.0,1.0,13.0,101.0,88.0,46.0,45.0,4.0,0.0,1.0,28.0,15.0,2.466666666666667,0.0,8.0,5.0,15.0,1.0,21.0,1.0,4.0,0.0,0.0,0.0,71.0,135.82,37,135.81
"mcts:reward=score,prior=0.25",ppo:runs/ppo/pass2/p2b_pool_s3.json,2,9001,76,0,1.0,1.0,2.0,81.0,79.0,47.0,24.0,2.0,0.0,1.0,18.0,11.0,3.0,0.0,12.0,6.0,16.0,2.0,18.0,0.0,2.0,0.0,0.0,0.0,60.0,134.55,31,134.49
"mcts:reward=score,prior=0.25",ppo:runs/ppo/pass2/p2b_pool_s3.json,2,9001,77,1,1.0,1.0,17.0,104.0,87.0,53.0,41.0,3.0,0.0,1.0,26.0,11.0,3.1818181818181817,2.0,10.0,3.0,11.0,1.0,23.0,1.0,3.0,0.0,0.0,0.0,61.0,124.6,32,124.54
"mcts:reward=score,prior=0.25",racer,2,9001,76,0,1.0,1.0,13.0,105.0,92.0,56.0,39.0,4.0,1.0,1.0,22.0,13.0,2.8461538461538463,1.0,8.0,7.0,14.0,2.0,24.0,2.0,5.0,0.0,0.0,0.0,72.0,143.26,39,143.25
"mcts:reward=score,prior=0.25",racer,2,9001,77,1,1.0,1.0,0.0,91.0,91.0,53.0,28.0,2.0,0.0,1.0,29.0,13.0,2.923076923076923,0.0,7.0,7.0,9.0,1.0,31.0,0.0,2.0,0.0,0.0,0.0,69.0,123.79,35,123.78
"mcts:reward=score,prior=0.25",greedy,2,9001,72,1,0.0,0.0,-19.0,109.0,128.0,57.0,42.0,4.0,0.0,1.0,32.0,18.0,2.5,0.0,0.0,3.0,12.0,1.0,32.0,2.0,4.0,0.0,0.0,0.0,87.0,163.15,46,163.13
"mcts:reward=score,prior=0.25",greedy,2,9001,73,1,0.0,0.0,-1.0,122.0,123.0,67.0,45.0,5.0,0.0,1.0,26.0,16.0,2.8125,1.0,0.0,4.0,10.0,0.0,34.0,3.0,5.0,0.0,0.0,1.0,81.0,166.14,45,166.13
"mcts:reward=score,prior=0.25",greedy,2,9001,74,1,0.0,0.0,-14.0,105.0,119.0,63.0,32.0,4.0,0.0,1.0,27.0,16.0,2.75,1.0,1.0,6.0,14.0,0.0,32.0,1.0,4.0,0.0,0.0,0.0,81.0,168.46,42,168.45
"mcts:reward=score,prior=0.25",greedy,2,9001,75,0,1.0,1.0,26.0,149.0,123.0,61.0,78.0,5.0,0.0,1.0,38.0,15.0,2.6666666666666665,2.0,5.0,2.0,21.0,1.0,19.0,3.0,5.0,0.0,0.0,0.0,79.0,157.27,43,157.26
"mcts:reward=score,prior=0.25",greedy,2,9001,76,0,1.0,1.0,30.0,139.0,109.0,75.0,54.0,5.0,0.0,1.0,33.0,14.0,3.2142857142857144,3.0,0.0,9.0,7.0,1.0,45.0,2.0,5.0,0.0,0.0,1.0,85.0,166.27,46,166.26
"mcts:reward=score,prior=0.25",greedy,2,9001,77,1,1.0,1.0,28.0,132.0,104.0,83.0,39.0,3.0,0.0,1.0,23.0,12.0,3.75,4.0,0.0,4.0,16.0,0.0,40.0,1.0,3.0,0.0,0.0,0.0,83.0,151.78,43,151.77
"mcts:reward=score,prior=0.25",racer,2,9001,78,0,1.0,1.0,37.0,132.0,95.0,49.0,73.0,5.0,0.0,1.0,27.0,15.0,2.533333333333333,0.0,7.0,4.0,12.0,1.0,24.0,2.0,5.0,0.0,0.0,0.0,72.0,146.14,39,146.13
"mcts:reward=score,prior=0.25",racer,2,9001,79,1,1.0,1.0,10.0,101.0,91.0,56.0,35.0,4.0,1.0,1.0,33.0,16.0,2.5625,1.0,4.0,3.0,12.0,0.0,28.0,2.0,5.0,0.0,0.0,0.0,76.0,150.15,41,150.13
"mcts:reward=score,prior=0.25",ppo:runs/ppo/pass2/p2b_pool_s3.json,2,9001,78,0,1.0,1.0,12.0,105.0,93.0,50.0,45.0,3.0,0.0,1.0,24.0,12.0,2.8333333333333335,2.0,11.0,5.0,9.0,2.0,25.0,1.0,3.0,0.0,0.0,0.0,64.0,144.36,34,144.29
"mcts:reward=score,prior=0.25",ppo:runs/ppo/pass2/p2b_pool_s3.json,2,9001,79,1,0.0,0.0,-41.0,50.0,91.0,38.0,2.0,3.0,1.0,1.0,22.0,15.0,2.2,0.0,12.0,4.0,11.0,2.0,19.0,1.0,4.0,0.0,0.0,0.0,66.0,152.85,35,152.78
"mcts:reward=score,prior=0.25",racer,2,9001,80,1,0.0,0.0,-8.0,78.0,86.0,39.0,29.0,2.0,0.0,1.0,24.0,12.0,2.5,0.0,15.0,7.0,15.0,2.0,19.0,0.0,2.0,0.0,0.0,0.0,63.0,128.65,32,128.64
"mcts:reward=score,prior=0.25",racer,2,9001,81,0,1.0,1.0,21.0,103.0,82.0,59.0,34.0,3.0,0.0,1.0,19.0,15.0,2.7333333333333334,2.0,4.0,6.0,22.0,2.0,20.0,0.0,3.0,0.0,0.0,0.0,77.0,132.49,39,132.47
"mcts:reward=score,prior=0.25",ppo:runs/ppo/pass2/p2b_pool_s3.json,2,9001,80,1,1.0,1.0,30.0,115.0,85.0,50.0,55.0,5.0,0.0,1.0,26.0,14.0,2.642857142857143,0.0,8.0,6.0,18.0,3.0,12.0,2.0,5.0,0.0,0.0,0.0,69.0,142.83,37,142.75
"mcts:reward=score,prior=0.25",ppo:runs/ppo/pass2/p2b_pool_s3.json,2,9001,81,0,0.0,0.0,-19.0,67.0,86.0,59.0,8.0,2.0,1.0,0.0,15.0,11.0,3.3636363636363638,2.0,8.0,3.0,10.0,0.0,30.0,0.0,3.0,0.0,0.0,0.0,63.0,136.54,32,136.48
"mcts:reward=score,prior=0.25",greedy,2,9001,78,0,1.0,1.0,41.0,130.0,89.0,84.0,36.0,2.0,0.0,1.0,26.0,13.0,3.4615384615384617,4.0,0.0,5.0,14.0,1.0,40.0,0.0,2.0,0.0,0.0,1.0,81.0,175.12,42,175.11
"mcts:reward=score,prior=0.25",greedy,2,9001,79,1,1.0,1.0,84.0,168.0,84.0,70.0,88.0,6.0,0.0,1.0,30.0,15.0,3.0,2.0,0.0,4.0,27.0,0.0,27.0,3.0,6.0,0.0,0.0,1.0,89.0,160.98,49,160.97
"mcts:reward=score,prior=0.25",ppo:runs/ppo/pass2/p2b_pool_s3.json,2,9001,82,1,1.0,1.0,16.0,92.0,76.0,51.0,31.0,2.0,0.0,1.0,32.0,10.0,3.2,2.0,13.0,4.0,26.0,1.0,14.0,0.0,2.0,0.0,0.0,0.0,62.0,135.83,32,135.77
"mcts:reward=score,prior=0.25",ppo:runs/ppo/pass2/p2b_pool_s3.json,2,9001,83,0,0.0,0.0,-28.0,66.0,94.0,41.0,25.0,2.0,0.0,0.0,15.0,9.0,3.0,2.0,18.0,3.0,14.0,1.0,24.0,0.0,2.0,0.0,0.0,0.0,59.0,134.38,30,134.32
"mcts:reward=score,prior=0.25",racer,2,9001,82,1,1.0,1.0,18.0,110.0,92.0,52.0,48.0,3.0,0.0,1.0,32.0,15.0,2.466666666666667,1.0,8.0,3.0,24.0,2.0,10.0,1.0,3.0,0.0,0.0,0.0,70.0,130.95,37,130.94
"mcts:reward=score,prior=0.25",racer,2,9001,83,0,1.0,1.0,46.0,131.0,85.0,51.0,70.0,7.0,0.0,1.0,28.0,14.0,2.642857142857143,1.0,8.0,4.0,13.0,1.0,23.0,2.0,7.0,0.0,0.0,0.0,71.0,134.55,38,134.53
"mcts:reward=score,prior=0.25",greedy,2,9001,80,1,1.0,1.0,41.0,127.0,86.0,62.0,55.0,5.0,0.0,1.0,28.0,17.0,2.6470588235294117,2.0,0.0,7.0,16.0,0.0,30.0,3.0,5.0,0.0,0.0,1.0,86.0,170.31,47,170.3
"mcts:reward=score,prior=0.25",greedy,2,9001,81,0,0.0,0.0,-16.0,108.0,124.0,74.0,34.0,3.0,0.0,0.0,18.0,13.0,3.4615384615384617,4.0,0.0,6.0,19.0,1.0,35.0,0.0,3.0,0.0,0.0,1.0,82.0,149.42,42,149.4
"mcts:reward=score,prior=0.25",ppo:runs/ppo/pass2/p2b_pool_s3.json,2,9001,84,0,1.0,1.0,32.0,109.0,77.0,48.0,51.0,4.0,0.0,1.0,31.0,14.0,2.5,1.0,10.0,4.0,17.0,1.0,15.0,1.0,4.0,0.0,0.0,0.0,65.0,134.98,34,134.92
"mcts:reward=score,prior=0.25",ppo:runs/ppo/pass2/p2b_pool_s3.json,2,9001,85,0,0.0,0.0,-79.0,4.0,83.0,37.0,-33.0,0.0,3.0,0.0,9.0,12.0,2.4166666666666665,0.0,16.0,1.0,30.0,0.0,6.0,0.0,3.0,0.0,0.0,0.0,61.0,131.98,31,131.92
"mcts:reward=score,prior=0.25",racer,2,9001,84,0,1.0,1.0,28.0,118.0,90.0,57.0,51.0,4.0,0.0,1.0,30.0,13.0,2.923076923076923,2.0,7.0,4.0,12.0,0.0,28.0,1.0,4.0,0.0,0.0,0.0,69.0,127.29,36,127.28
"mcts:reward=score,prior=0.25",racer,2,9001,85,0,1.0,1.0,6.0,93.0,87.0,50.0,33.0,3.0,0.0,1.0,34.0,13.0,2.6923076923076925,1.0,10.0,6.0,24.0,3.0,12.0,0.0,3.0,0.0,0.0,0.0,69.0,132.13,35,132.12
"mcts:reward=score,prior=0.25",greedy,2,9001,82,1,1.0,1.0,72.0,174.0,102.0,73.0,91.0,6.0,0.0,1.0,38.0,15.0,3.0,3.0,0.0,5.0,22.0,0.0,30.0,3.0,6.0,0.0,0.0,1.0,87.0,158.63,48,158.62
"mcts:reward=score,prior=0.25",greedy,2,9001,83,0,1.0,1.0,1.0,134.0,133.0,56.0,68.0,7.0,0.0,1.0,33.0,17.0,2.411764705882353,2.0,4.0,1.0,20.0,1.0,20.0,2.0,7.0,0.0,0.0,0.0,81.0,154.27,43,154.26
"mcts:reward=score,prior=0.25",racer,2,9001,86,1,1.0,1.0,42.0,120.0,78.0,62.0,48.0,5.0,0.0,1.0,27.0,18.0,2.5,1.0,0.0,9.0,13.0,2.0,31.0,1.0,5.0,0.0,0.0,1.0,85.0,148.57,45,148.56
"mcts:reward=score,prior=0.25",racer,2,9001,87,0,0.0,0.0,-27.0,72.0,99.0,45.0,27.0,3.0,0.0,0.0,20.0,15.0,2.2666666666666666,0.0,11.0,5.0,4.0,2.0,24.0,1.0,3.0,0.0,0.0,0.0,65.0,133.94,34,133.93
"mcts:reward=score,prior=0.25",ppo:runs/ppo/pass2/p2b_pool_s3.json,2,9001,86,1,0.0,0.0,-11.0,73.0,84.0,36.0,37.0,5.0,0.0,0.0,22.0,16.0,2.0,0.0,13.0,4.0,9.0,0.0,23.0,2.0,5.0,0.0,0.0,0.0,68.0,146.03,37,145.96
"mcts:reward=score,prior=0.25",ppo:runs/ppo/pass2/p2b_pool_s3.json,2,9001,87,0,0.0,0.0,-7.0,85.0,92.0,45.0,40.0,5.0,1.0,0.0,20.0,12.0,2.5833333333333335,0.0,14.0,4.0,13.0,1.0,17.0,3.0,6.0,0.0,0.0,0.0,63.0,148.57,35,148.5
"mcts:reward=score,prior=0.25",greedy,2,9001,84,0,1.0,1.0,25.0,139.0,114.0,49.0,80.0,7.0,1.0,1.0,30.0,15.0,2.466666666666667,1.0,8.0,5.0,13.0,3.0,17.0,5.0,8.0,0.0,0.0,0.0,77.0,163.57,44,163.56
"mcts:reward=score,prior=0.25",greedy,2,9001,85,0,1.0,1.0,50.0,151.0,101.0,64.0,77.0,6.0,1.0,1.0,34.0,16.0,2.6875,3.0,2.0,3.0,35.0,0.0,9.0,3.0,7.0,0.0,0.0,0.0,83.0,155.24,45,155.23
"mcts:reward=score,prior=0.25",ppo:runs/ppo/pass2/p2b_pool_s3.json,2,9001,88,0,1.0,1.0,2.0,79.0,77.0,47.0,22.0,3.0,1.0,1.0,28.0,14.0,2.5714285714285716,1.0,9.0,2.0,23.0,0.0,11.0,1.0,4.0,0.0,0.0,0.0,64.0,141.12,34,141.06
"mcts:reward=score,prior=0.25",ppo:runs/ppo/pass2/p2b_pool_s3.json,2,9001,89,0,0.0,0.0,-23.0,73.0,96.0,47.0,26.0,3.0,1.0,0.0,12.0,14.0,2.5714285714285716,0.0,9.0,3.0,10.0,0.0,24.0,1.0,4.0,0.0,0.0,0.0,65.0,145.5,34,145.43
"mcts:reward=score,prior=0.25",racer,2,9001,88,0,1.0,1.0,36.0,126.0,90.0,75.0,41.0,4.0,0.0,1.0,20.0,13.0,3.4615384615384617,2.0,0.0,3.0,21.0,0.0,23.0,1.0,4.0,0.0,0.0,1.0,71.0,136.85,38,136.84
"mcts:reward=score,prior=0.25",racer,2,9001,89,0,0.0,0.0,-20.0,80.0,100.0,47.0,33.0,3.0,0.0,0.0,13.0,15.0,2.4,1.0,9.0,4.0,17.0,2.0,19.0,0.0,3.0,0.0,0.0,0.0,71.0,137.29,36,137.28
"mcts:reward=score,prior=0.25",greedy,2,9001,86,1,1.0,1.0,81.0,152.0,71.0,59.0,83.0,8.0,0.0,1.0,32.0,19.0,2.3684210526315788,1.0,0.0,5.0,15.0,1.0,27.0,3.0,8.0,0.0,0.0,1.0,87.0,163.02,48,163.01
"mcts:reward=score,prior=0.25",greedy,2,9001,87,0,1.0,1.0,65.0,132.0,67.0,74.0,48.0,4.0,0.0,1.0,32.0,14.0,3.142857142857143,2.0,1.0,8.0,5.0,2.0,37.0,1.0,4.0,0.0,0.0,1.0,76.0,155.23,40,155.22
"mcts:reward=score,prior=0.25",ppo:runs/ppo/pass2/p2b_pool_s3.json,2,9001,90,0,0.0,0.0,-12.0,72.0,84.0,48.0,24.0,2.0,0.0,0.0,23.0,12.0,2.8333333333333335,0.0,11.0,4.0,14.0,1.0,24.0,0.0,2.0,0.0,0.0,0.0,65.0,139.48,33,139.41
"mcts:reward=score,prior=0.25",ppo:runs/ppo/pass2/p2b_pool_s3.json,2,9001,91,0,0.0,0.0,-14.0,85.0,99.0,49.0,36.0,4.0,0.0,0.0,20.0,14.0,2.5714285714285716,1.0,9.0,5.0,14.0,0.0,18.0,1.0,4.0,0.0,0.0,0.0,63.0,136.55,33,136.49
"mcts:reward=score,prior=0.25",racer,2,9001,90,0,1.0,1.0,30.0,126.0,96.0,52.0,64.0,5.0,1.0,1.0,28.0,15.0,2.4,1.0,9.0,4.0,17.0,1.0,17.0,2.0,6.0,0.0,0.0,0.0,71.0,138.07,38,138.06
"mcts:reward=score,prior=0.25",racer,2,9001,91,0,0.0,0.0,-30.0,75.0,105.0,39.0,36.0,4.0,0.0,0.0,14.0,12.0,2.5,1.0,15.0,5.0,13.0,3.0,17.0,1.0,4.0,0.0,0.0,0.0,63.0,131.04,33,131.03
"mcts:reward=score,prior=0.25",ppo:runs/ppo/pass2/p2b_pool_s3.json,2,9001,92,0,1.0,1.0,31.0,101.0,70.0,67.0,24.0,2.0,0.0,1.0,31.0,13.0,3.076923076923077,2.0,5.0,3.0,14.0,1.0,24.0,0.0,2.0,0.0,0.0,0.0,66.0,140.1,34,140.03
"mcts:reward=score,prior=0.25",ppo:runs/ppo/pass2/p2b_pool_s3.json,2,9001,93,0,0.0,0.0,-5.0,79.0,84.0,51.0,28.0,3.0,0.0,0.0,18.0,12.0,2.8333333333333335,1.0,11.0,3.0,15.0,2.0,17.0,0.0,3.0,0.0,0.0,0.0,61.0,130.81,31,130.75
"mcts:reward=score,prior=0.25",racer,2,9001,92,0,0.0,0.0,-9.0,80.0,89.0,46.0,24.0,2.0,0.0,1.0,24.0,15.0,2.3333333333333335,0.0,10.0,1.0,31.0,0.0,7.0,0.0,2.0,0.0,0.0,0.0,68.0,134.35,35,134.33
"mcts:reward=score,prior=0.25",racer,2,9001,93,0,0.0,0.0,-17.0,69.0,86.0,47.0,12.0,3.0,1.0,1.0,18.0,13.0,2.6153846153846154,1.0,11.0,3.0,19.0,0.0,13.0,1.0,4.0,0.0,0.0,0.0,61.0,128.27,32,128.25
"mcts:reward=score,prior=0.25",greedy,2,9001,88,0,1.0,1.0,75.0,162.0,87.0,74.0,78.0,6.0,0.0,1.0,31.0,14.0,3.2142857142857144,3.0,0.0,6.0,15.0,0.0,39.0,1.0,6.0,0.0,0.0,1.0,83.0,167.36,44,167.35
"mcts:reward=score,prior=0.25",greedy,2,9001,89,0,1.0,1.0,7.0,121.0,114.0,76.0,35.0,3.0,0.0,1.0,34.0,14.0,3.2142857142857144,3.0,0.0,6.0,10.0,0.0,40.0,1.0,3.0,0.0,0.0,1.0,80.0,172.18,42,172.17
"mcts:reward=score,prior=0.25",greedy,2,9001,90,0,1.0,1.0,71.0,161.0,90.0,64.0,87.0,6.0,0.0,1.0,34.0,17.0,2.588235294117647,1.0,1.0,5.0,18.0,2.0,24.0,3.0,6.0,0.0,0.0,1.0,86.0,170.27,47,170.26
"mcts:reward=score,prior=0.25",greedy,2,9001,91,0,1.0,1.0,37.0,135.0,98.0,75.0,50.0,6.0,0.0,1.0,25.0,14.0,3.2142857142857144,1.0,0.0,4.0,16.0,0.0,28.0,3.0,6.0,0.0,0.0,1.0,78.0,161.89,43,161.87
"mcts:reward=score,prior=0.25",ppo:runs/ppo/pass2/p2b_pool_s3.json,2,9001,94,1,1.0,1.0,4.0,90.0,86.0,36.0,54.0,5.0,0.0,0.0,27.0,14.0,2.2142857142857144,0.0,14.0,6.0,16.0,1.0,14.0,1.0,5.0,0.0,0.0,0.0,63.0,137.37,33,137.31
"mcts:reward=score,prior=0.25",ppo:runs/ppo/pass2/p2b_pool_s3.json,2,9001,95,0,0.0,0.0,-17.0,66.0,83.0,63.0,3.0,1.0,1.0,0.0,25.0,11.0,3.272727272727273,3.0,9.0,3.0,7.0,1.0,33.0,0.0,2.0,0.0,0.0,0.0,64.0,131.04,33,130.97
"mcts:reward=score,prior=0.25",racer,2,9001,94,1,1.0,1.0,29.0,116.0,87.0,45.0,61.0,6.0,0.0,1.0,28.0,16.0,2.25,0.0,9.0,7.0,13.0,3.0,19.0,2.0,6.0,0.0,0.0,0.0,75.0,139.7,40,139.69
"mcts:reward=score,prior=0.25",racer,2,9001,95,0,1.0,1.0,6.0,97.0,91.0,57.0,30.0,4.0,0.0,1.0,30.0,12.0,3.0,2.0,9.0,7.0,8.0,1.0,32.0,1.0,4.0,0.0,0.0,0.0,68.0,132.19,36,132.18
"mcts:reward=score,prior=0.25",ppo:runs/ppo/pass2/p2b_pool_s3.json,2,9001,96,1,0.0,0.0,-12.0,90.0,102.0,51.0,39.0,4.0,0.0,0.0,18.0,12.0,2.9166666666666665,1.0,10.0,4.0,6.0,1.0,32.0,1.0,4.0,0.0,0.0,0.0,67.0,134.28,35,134.21
"mcts:reward=score,prior=0.25",ppo:runs/ppo/pass2/p2b_pool_s3.json,2,9001,97,0,0.0,0.0,-20.0,68.0,88.0,42.0,26.0,4.0,1.0,0.0,23.0,14.0,2.4285714285714284,0.0,11.0,3.0,10.0,0.0,22.0,1.0,5.0,0.0,0.0,0.0,63.0,130.13,33,130.06
"mcts:reward=score,prior=0.25",greedy,2,9001,92,0,0.0,0.0,-17.0,130.0,147.0,77.0,53.0,6.0,0.0,0.0,26.0,14.0,3.2142857142857144,3.0,0.0,6.0,11.0,1.0,45.0,3.0,6.0,0.0,0.0,1.0,91.0,170.71,50,170.69
"mcts:reward=score,prior=0.25",greedy,2,9001,93,0,1.0,1.0,57.0,154.0,97.0,62.0,82.0,6.0,0.0,1.0,29.0,17.0,2.5294117647058822,1.0,2.0,5.0,12.0,1.0,30.0,2.0,6.0,0.0,0.0,0.0,83.0,146.38,44,146.37
"mcts:reward=score,prior=0.25",racer,2,9001,96,1,1.0,1.0,7.0,105.0,98.0,56.0,39.0,4.0,0.0,1.0,18.0,14.0,2.857142857142857,1.0,5.0,2.0,18.0,1.0,18.0,1.0,4.0,0.0,0.0,0.0,69.0,127.73,36,127.71
"mcts:reward=score,prior=0.25",racer,2,9001,97,0,1.0,1.0,8.0,103.0,95.0,51.0,42.0,5.0,0.0,1.0,20.0,16.0,2.3125,1.0,8.0,4.0,13.0,2.0,19.0,1.0,5.0,0.0,0.0,0.0,71.0,129.11,37,129.09
"mcts:reward=score,prior=0.25",greedy,2,9001,94,1,1.0,1.0,6.0,128.0,122.0,64.0,54.0,5.0,0.0,1.0,26.0,15.0,3.0,1.0,0.0,5.0,13.0,0.0,35.0,1.0,5.0,0.0,0.0,0.0,81.0,163.38,42,163.37
"mcts:reward=score,prior=0.25",greedy,2,9001,95,0,1.0,1.0,64.0,143.0,79.0,62.0,71.0,7.0,0.0,1.0,29.0,16.0,2.8125,0.0,0.0,4.0,8.0,0.0,36.0,3.0,7.0,0.0,0.0,1.0,81.0,147.54,45,147.53
"mcts:reward=score,prior=0.25",ppo:runs/ppo/pass2/p2b_pool_s3.json,2,9001,98,1,1.0,1.0,12.0,95.0,83.0,59.0,26.0,2.0,0.0,1.0,30.0,13.0,3.0,1.0,6.0,3.0,15.0,1.0,25.0,0.0,2.0,0.0,0.0,0.0,69.0,134.43,35,134.36
"mcts:reward=score,prior=0.25",ppo:runs/ppo/pass2/p2b_pool_s3.json,2,9001,99,1,0.0,0.0,-55.0,37.0,92.0,42.0,-5.0,1.0,1.0,0.0,15.0,11.0,2.6363636363636362,1.0,16.0,7.0,8.0,2.0,24.0,0.0,2.0,0.0,0.0,0.0,59.0,113.57,30,113.51
"mcts:reward=score,prior=0.25",racer,2,9001,98,1,1.0,1.0,14.0,112.0,98.0,59.0,43.0,3.0,0.0,1.0,27.0,12.0,3.0833333333333335,2.0,8.0,5.0,13.0,3.0,21.0,1.0,3.0,0.0,0.0,0.0,67.0,128.09,35,128.08
"mcts:reward=score,prior=0.25",racer,2,9001,99,1,0.0,0.0,-26.0,81.0,107.0,46.0,35.0,4.0,0.0,0.0,14.0,13.0,2.5384615384615383,1.0,12.0,6.0,8.0,2.0,20.0,1.0,4.0,0.0,0.0,0.0,61.0,108.55,32,108.54
"mcts:reward=score,prior=0.25",greedy,2,9001,96,1,1.0,1.0,84.0,164.0,80.0,61.0,93.0,8.0,0.0,1.0,29.0,17.0,2.588235294117647,0.0,1.0,3.0,15.0,0.0,27.0,4.0,8.0,0.0,0.0,1.0,84.0,163.94,47,163.93
"mcts:reward=score,prior=0.25",greedy,2,9001,97,0,1.0,1.0,47.0,147.0,100.0,62.0,75.0,7.0,0.0,1.0,26.0,16.0,2.8125,0.0,0.0,7.0,18.0,2.0,28.0,3.0,7.0,0.0,0.0,1.0,88.0,153.98,48,153.97
"mcts:reward=score,prior=0.25",greedy,2,9001,98,1,0.0,0.0,-17.0,103.0,120.0,77.0,26.0,2.0,0.0,0.0,23.0,11.0,3.6363636363636362,4.0,5.0,6.0,7.0,2.0,43.0,0.0,2.0,0.0,0.0,0.0,77.0,153.56,39,153.55
"mcts:reward=score,prior=0.25",greedy,2,9001,99,1,0.0,0.0,-11.0,121.0,132.0,59.0,62.0,6.0,0.0,0.0,19.0,15.0,2.7333333333333334,1.0,4.0,8.0,7.0,3.0,31.0,2.0,6.0,0.0,0.0,0.0,79.0,135.46,42,135.45
"mcts:reward=score,iterations=1600",racer,2,9001,3,0,1.0,1.0,4.0,97.0,93.0,48.0,39.0,4.0,0.0,1.0,17.0,14.0,2.5,1.0,10.0,6.0,10.0,1.0,24.0,1.0,4.0,0.0,0.0,0.0,67.0,518.2,35,518.19
"mcts:reward=score,iterations=1600",racer,2,9001,5,1,1.0,1.0,30.0,120.0,90.0,50.0,60.0,5.0,0.0,1.0,33.0,14.0,2.642857142857143,1.0,8.0,4.0,15.0,1.0,21.0,1.0,5.0,0.0,0.0,0.0,69.0,521.39,36,521.38
"mcts:reward=score,iterations=1600",racer,2,9001,4,0,1.0,1.0,24.0,111.0,87.0,60.0,41.0,3.0,0.0,1.0,34.0,13.0,2.923076923076923,2.0,7.0,4.0,6.0,0.0,30.0,1.0,3.0,0.0,0.0,0.0,64.0,539.7,34,539.69
"mcts:reward=score,iterations=1600",ppo:runs/ppo/pass2/p2b_pool_s3.json,2,9001,0,0,0.0,0.0,-18.0,78.0,96.0,45.0,33.0,2.0,0.0,0.0,22.0,9.0,3.2222222222222223,2.0,16.0,6.0,12.0,1.0,32.0,0.0,2.0,0.0,0.0,0.0,64.0,541.6,33,541.53
"mcts:reward=score,iterations=1600",racer,2,9001,1,0,1.0,1.0,45.0,126.0,81.0,55.0,61.0,6.0,0.0,1.0,18.0,14.0,2.642857142857143,2.0,8.0,5.0,8.0,0.0,28.0,2.0,6.0,0.0,0.0,0.0,69.0,548.76,37,548.75
"mcts:reward=score,iterations=1600",racer,2,9001,2,1,1.0,1.0,21.0,112.0,91.0,63.0,39.0,4.0,0.0,1.0,24.0,14.0,3.0,2.0,3.0,4.0,19.0,0.0,27.0,1.0,4.0,0.0,0.0,0.0,77.0,550.7,40,550.68
"mcts:reward=score,iterations=1600",ppo:runs/ppo/pass2/p2b_pool_s3.json,2,9001,3,0,0.0,0.0,-25.0,68.0,93.0,47.0,21.0,3.0,1.0,0.0,23.0,13.0,2.6153846153846154,1.0,11.0,4.0,4.0,2.0,28.0,1.0,4.0,0.0,0.0,0.0,65.0,558.8,34,558.74
"mcts:reward=score,iterations=1600",ppo:runs/ppo/pass2/p2b_pool_s3.json,2,9001,5,1,1.0,1.0,8.0,96.0,88.0,42.0,44.0,4.0,1.0,1.0,30.0,13.0,2.4615384615384617,1.0,13.0,3.0,20.0,0.0,12.0,1.0,5.0,0.0,0.0,0.0,61.0,561.71,32,561.63
"mcts:reward=score,iterations=1600",ppo:runs/ppo/pass2/p2b_pool_s3.json,2,9001,4,0,1.0,1.0,50.0,117.0,67.0,62.0,45.0,4.0,0.0,1.0,30.0,12.0,3.0833333333333335,2.0,8.0,5.0,10.0,0.0,24.0,2.0,4.0,0.0,0.0,0.0,62.0,565.97,34,565.91
"mcts:reward=score,iterations=1600",ppo:runs/ppo/pass2/p2b_pool_s3.json,2,9001,2,1,1.0,1.0,10.0,100.0,90.0,53.0,37.0,4.0,0.0,1.0,30.0,12.0,2.8333333333333335,1.0,11.0,6.0,8.0,2.0,24.0,2.0,4.0,0.0,0.0,0.0,65.0,566.61,35,566.54
"mcts:reward=score,iterations=1600",ppo:runs/ppo/pass2/p2b_pool_s3.json,2,9001,1,0,1.0,1.0,23.0,90.0,67.0,60.0,20.0,3.0,1.0,1.0,29.0,12.0,3.1666666666666665,3.0,7.0,4.0,6.0,0.0,32.0,1.0,4.0,0.0,0.0,0.0,65.0,568.6,34,568.52
"mcts:reward=score,iterations=1600",racer,2,9001,0,0,1.0,1.0,45.0,139.0,94.0,66.0,63.0,5.0,0.0,1.0,33.0,14.0,3.0714285714285716,2.0,2.0,6.0,18.0,1.0,26.0,2.0,5.0,0.0,0.0,0.0,78.0,580.21,42,580.2
"mcts:reward=score,iterations=1600",racer,2,9001,6,0,0.0,0.0,-10.0,82.0,92.0,44.0,28.0,3.0,0.0,1.0,22.0,13.0,2.5384615384615383,1.0,12.0,2.0,12.0,1.0,22.0,1.0,3.0,0.0,0.0,0.0,64.0,512.4,34,512.38
"mcts:reward=score,iterations=1600",ppo:runs/ppo/pass2/p2b_pool_s3.json,2,9001,6,0,0.0,0.0,-40.0,58.0,98.0,38.0,20.0,2.0,0.0,0.0,15.0,10.0,2.7,1.0,18.0,5.0,8.0,3.0,26.0,0.0,2.0,0.0,0.0,0.0,60.0,530.23,31,530.16
"mcts:reward=score,iterations=1600",ppo:runs/ppo/pass2/p2b_pool_s3.json,2,9001,8,0,0.0,0.0,-19.0,70.0,89.0,59.0,11.0,3.0,1.0,0.0,23.0,13.0,2.923076923076923,1.0,7.0,3.0,11.0,0.0,23.0,1.0,4.0,0.0,0.0,0.0,63.0,526.01,33,525.95
"mcts:reward=score,iterations=1600",racer,2,9001,8,0,1.0,1.0,12.0,108.0,96.0,53.0,45.0,5.0,1.0,1.0,26.0,14.0,2.7142857142857144,0.0,7.0,5.0,5.0,0.0,29.0,2.0,6.0,0.0,0.0,0.0,67.0,531.96,36,531.95
"mcts:reward=score,iterations=1600",racer,2,9001,10,1,1.0,1.0,52.0,148.0,96.0,64.0,74.0,6.0,0.0,1.0,30.0,14.0,2.857142857142857,3.0,5.0,3.0,25.0,1.0,11.0,4.0,6.0,0.0,0.0,0.0,75.0,515.24,42,515.23
"mcts:reward=score,iterations=1600",ppo:runs/ppo/pass2/p2b_pool_s3.json,2,9001,7,0,0.0,0.0,-21.0,60.0,81.0,42.0,8.0,1.0,1.0,1.0,32.0,12.0,2.6666666666666665,1.0,13.0,3.0,21.0,0.0,17.0,0.0,2.0,0.0,0.0,0.0,63.0,546.37,32,546.29
"mcts:reward=score,iterations=1600",racer,2,9001,11,1,1.0,1.0,15.0,102.0,87.0,49.0,43.0,4.0,0.0,1.0,33.0,12.0,2.9166666666666665,1.0,10.0,7.0,10.0,1.0,26.0,2.0,4.0,0.0,0.0,0.0,67.0,512.5,36,512.48
"mcts:reward=score,iterations=1600",ppo:runs/ppo/pass2/p2b_pool_s3.json,2,9001,10,1,0.0,0.0,-8.0,78.0,86.0,45.0,23.0,2.0,1.0,1.0,31.0,13.0,2.6153846153846154,1.0,11.0,5.0,11.0,2.0,23.0,1.0,3.0,0.0,0.0,0.0,67.0,523.9,35,523.83
"mcts:reward=score,iterations=1600",ppo:runs/ppo/pass2/p2b_pool_s3.json,2,9001,9,0,1.0,1.0,24.0,111.0,87.0,56.0,45.0,3.0,0.0,1.0,27.0,12.0,2.9166666666666665,1.0,10.0,6.0,7.0,1.0,27.0,1.0,3.0,0.0,0.0,0.0,62.0,534.17,33,534.1
"mcts:reward=score,iterations=1600",ppo:runs/ppo/pass2/p2b_pool_s3.json,2,9001,11,1,1.0,1.0,3.0,85.0,82.0,68.0,17.0,2.0,0.0,0.0,18.0,12.0,3.4166666666666665,2.0,4.0,7.0,10.0,1.0,28.0,0.0,2.0,0.0,0.0,0.0,65.0,530.63,33,530.57
"mcts:reward=score,iterations=1600",racer,2,9001,9,0,1.0,1.0,20.0,112.0,92.0,57.0,45.0,3.0,0.0,1.0,27.0,14.0,2.7857142857142856,1.0,6.0,7.0,13.0,1.0,27.0,1.0,3.0,0.0,0.0,0.0,72.0,543.32,38,543.3
"mcts:reward=score,iterations=1600",racer,2,9001,7,0,1.0,1.0,19.0,109.0,90.0,54.0,45.0,4.0,1.0,1.0,23.0,16.0,2.5625,1.0,4.0,4.0,5.0,0.0,37.0,2.0,5.0,0.0,0.0,0.0,79.0,580.46,42,580.44
"mcts:reward=score,iterations=1600",ppo:runs/ppo/pass2/p2b_pool_s3.json,2,9001,12,1,1.0,1.0,24.0,119.0,95.0,72.0,37.0,2.0,0.0,1.0,30.0,11.0,3.6363636363636362,3.0,5.0,5.0,11.0,1.0,27.0,0.0,2.0,0.0,0.0,0.0,63.0,542.66,32,542.59
"mcts:reward=score,iterations=1600",racer,2,9001,12,1,1.0,1.0,81.0,172.0,91.0,71.0,91.0,7.0,0.0,1.0,33.0,15.0,2.933333333333333,3.0,1.0,7.0,11.0,0.0,33.0,3.0,7.0,0.0,0.0,0.0,81.0,558.91,44,558.89
"mcts:reward=score,iterations=1600",ppo:runs/ppo/pass2/p2b_pool_s3.json,2,9001,15,1,1.0,1.0,9.0,89.0,80.0,58.0,21.0,2.0,1.0,1.0,31.0,11.0,3.090909090909091,2.0,11.0,2.0,16.0,0.0,18.0,1.0,3.0,0.0,0.0,0.0,59.0,517.71,31,517.64
"mcts:reward=score,iterations=1600",ppo:runs/ppo/pass2/p2b_pool_s3.json,2,9001,17,1,0.0,0.0,-5.0,83.0,88.0,44.0,29.0,2.0,0.0,1.0,26.0,12.0,2.6666666666666665,0.0,13.0,6.0,12.0,2.0,20.0,0.0,2.0,0.0,0.0,0.0,61.0,510.75,31,510.68
"mcts:reward=score,iterations=1600",ppo:runs/ppo/pass2/p2b_pool_s3.json,2,9001,16,0,0.0,0.0,-47.0,35.0,82.0,33.0,-8.0,2.0,1.0,1.0,17.0,12.0,2.25,0.0,18.0,3.0,8.0,1.0,22.0,1.0,3.0,0.0,0.0,0.0,59.0,523.72,31,523.66
"mcts:reward=score,iterations=1600",racer,2,9001,15,1,1.0,1.0,31.0,119.0,88.0,56.0,53.0,3.0,0.0,1.0,29.0,13.0,2.923076923076923,2.0,7.0,5.0,11.0,0.0,27.0,1.0,3.0,0.0,0.0,0.0,67.0,539.49,35,539.48
"mcts:reward=score,iterations=1600",racer,2,9001,13,1,1.0,1.0,4.0,96.0,92.0,44.0,42.0,5.0,1.0,1.0,18.0,14.0,2.4285714285714284,1.0,11.0,5.0,6.0,1.0,28.0,2.0,6.0,0.0,0.0,0.0,68.0,560.77,37,560.75
"mcts:reward=score,iterations=1600",racer,2,9001,17,1,0.0,0.0,-45.0,51.0,96.0,52.0,-11.0,1.0,1.0,1.0,26.0,10.0,3.1,2.0,14.0,2.0,22.0,2.0,20.0,0.0,2.0,0.0,0.0,0.0,67.0,517.07,34,517.06
"mcts:reward=score,iterations=1600",racer,2,9001,14,0,1.0,1.0,33.0,125.0,92.0,66.0,49.0,4.0,0.0,1.0,27.0,15.0,2.8666666666666667,3.0,2.0,5.0,9.0,0.0,31.0,1.0,4.0,0.0,0.0,0.0,73.0,553.43,38,553.41
"mcts:reward=score,iterations=1600",racer,2,9001,16,0,0.0,0.0,-34.0,58.0,92.0,30.0,18.0,4.0,1.0,1.0,20.0,13.0,2.076923076923077,0.0,18.0,1.0,11.0,0.0,23.0,3.0,5.0,0.0,0.0,0.0,67.0,550.22,37,550.21
"mcts:reward=score,iterations=1600",ppo:runs/ppo/pass2/p2b_pool_s3.json,2,9001,13,1,1.0,1.0,17.0,102.0,85.0,62.0,30.0,3.0,0.0,1.0,22.0,13.0,3.076923076923077,2.0,5.0,5.0,3.0,0.0,35.0,0.0,3.0,0.0,0.0,0.0,64.0,587.36,33,587.29
"mcts:reward=score,iterations=1600",ppo:runs/ppo/pass2/p2b_pool_s3.json,2,9001,14,0,1.0,1.0,38.0,135.0,97.0,60.0,75.0,6.0,0.0,0.0,26.0,14.0,2.7857142857142856,2.0,6.0,8.0,8.0,2.0,26.0,3.0,6.0,0.0,0.0,0.0,73.0,610.8,40,610.73
"mcts:reward=score,iterations=1600",ppo:runs/ppo/pass2/p2b_pool_s3.json,2,9001,19,0,0.0,0.0,-5.0,63.0,68.0,44.0,19.0,3.0,2.0,0.0,26.0,12.0,2.6666666666666665,0.0,13.0,2.0,12.0,1.0,18.0,1.0,5.0,0.0,0.0,0.0,59.0,515.03,31,514.97
"mcts:reward=score,iterations=1600",ppo:runs/ppo/pass2/p2b_pool_s3.json,2,9001,18,0,1.0,1.0,22.0,115.0,93.0,56.0,59.0,5.0,0.0,0.0,28.0,13.0,2.8461538461538463,2.0,8.0,5.0,8.0,0.0,28.0,2.0,5.0,0.0,0.0,0.0,66.0,556.25,36,556.18
"mcts:reward=score,iterations=1600",racer,2,9001,19,0,1.0,1.0,49.0,123.0,74.0,81.0,32.0,3.0,0.0,1.0,30.0,13.0,3.4615384615384617,3.0,0.0,6.0,13.0,1.0,33.0,0.0,3.0,0.0,0.0,1.0,74.0,542.51,38,542.49
"mcts:reward=score,iterations=1600",racer,2,9001,18,0,1.0,1.0,23.0,119.0,96.0,53.0,56.0,6.0,0.0,1.0,24.0,13.0,2.769230769230769,2.0,9.0,5.0,8.0,1.0,26.0,3.0,6.0,0.0,0.0,0.0,68.0,554.14,38,554.13
"mcts:reward=score,iterations=1600",racer,2,9001,20,1,1.0,1.0,50.0,137.0,87.0,64.0,63.0,4.0,0.0,1.0,36.0,13.0,3.1538461538461537,2.0,4.0,1.0,28.0,0.0,10.0,1.0,4.0,0.0,0.0,0.0,66.0,540.88,35,540.87
"mcts:reward=score,iterations=1600",ppo:runs/ppo/pass2/p2b_pool_s3.json,2,9001,20,1,1.0,1.0,34.0,111.0,77.0,49.0,52.0,4.0,1.0,1.0,33.0,14.0,2.5,1.0,10.0,2.0,26.0,1.0,4.0,1.0,5.0,0.0,0.0,0.0,62.0,555.86,33,555.78
"mcts:reward=score,iterations=1600",ppo:runs/ppo/pass2/p2b_pool_s3.json,2,9001,22,0,1.0,1.0,2.0,98.0,96.0,68.0,30.0,2.0,0.0,0.0,23.0,12.0,3.4166666666666665,3.0,4.0,5.0,15.0,3.0,21.0,0.0,2.0,0.0,0.0,0.0,66.0,542.07,34,542.0
"mcts:reward=score,iterations=1600",ppo:runs/ppo/pass2/p2b_pool_s3.json,2,9001,23,0,0.0,0.0,-34.0,58.0,92.0,48.0,10.0,2.0,1.0,0.0,13.0,11.0,2.909090909090909,2.0,13.0,4.0,10.0,1.0,24.0,0.0,3.0,0.0,0.0,0.0,59.0,527.64,30,527.58
"mcts:reward=score,iterations=1600",racer,2,9001,22,0,1.0,1.0,13.0,109.0,96.0,58.0,41.0,4.0,1.0,1.0,24.0,15.0,2.533333333333333,3.0,7.0,2.0,12.0,0.0,22.0,1.0,5.0,0.0,0.0,0.0,66.0,541.01,35,541.0
"mcts:reward=score,iterations=1600",racer,2,9001,23,0,1.0,1.0,27.0,114.0,87.0,52.0,52.0,5.0,0.0,1.0,20.0,15.0,2.533333333333333,1.0,7.0,4.0,16.0,0.0,22.0,1.0,5.0,0.0,0.0,0.0,71.0,508.66,37,508.64
"mcts:reward=score,iterations=1600",ppo:runs/ppo/pass2/p2b_pool_s3.json,2,9001,21,0,1.0,1.0,14.0,104.0,90.0,50.0,54.0,4.0,0.0,0.0,24.0,13.0,2.6153846153846154,1.0,11.0,4.0,11.0,1.0,21.0,1.0,4.0,0.0,0.0,0.0,62.0,568.18,33,568.11
"mcts:reward=score,iterations=1600",racer,2,9001,21,0,1.0,1.0,85.0,178.0,93.0,55.0,113.0,7.0,0.0,1.0,29.0,16.0,2.5625,0.0,4.0,6.0,15.0,0.0,25.0,3.0,7.0,0.0,0.0,0.0,78.0,592.41,43,592.39
"mcts:reward=score,iterations=1600",racer,2,9001,24,0,0.0,0.0,-2.0,86.0,88.0,48.0,28.0,2.0,0.0,1.0,24.0,11.0,3.0,1.0,12.0,2.0,29.0,1.0,9.0,0.0,2.0,0.0,0.0,0.0,63.0,568.84,32,568.83
"mcts:reward=score,iterations=1600",ppo:runs/ppo/pass2/p2b_pool_s3.json,2,9001,24,0,0.0,0.0,-14.0,81.0,95.0,53.0,28.0,2.0,0.0,0.0,24.0,13.0,2.8461538461538463,2.0,8.0,4.0,3.0,1.0,31.0,0.0,2.0,0.0,0.0,0.0,63.0,607.75,32,607.67
"mcts:reward=score,iterations=1600",racer,2,9001,27,1,1.0,1.0,5.0,99.0,94.0,54.0,35.0,4.0,0.0,1.0,33.0,14.0,2.7142857142857144,0.0,7.0,2.0,8.0,0.0,28.0,1.0,4.0,0.0,0.0,0.0,67.0,567.52,35,567.5
"mcts:reward=score,iterations=1600",racer,2,9001,28,0,1.0,1.0,4.0,103.0,99.0,44.0,49.0,3.0,0.0,1.0,27.0,14.0,2.4285714285714284,1.0,11.0,4.0,11.0,2.0,21.0,1.0,3.0,0.0,0.0,0.0,67.0,593.0,35,592.97
"mcts:reward=score,iterations=1600",racer,2,9001,25,0,1.0,1.0,21.0,112.0,91.0,58.0,44.0,5.0,0.0,1.0,21.0,15.0,2.6666666666666665,2.0,5.0,2.0,3.0,0.0,33.0,1.0,5.0,0.0,0.0,0.0,68.0,635.75,36,635.74
"mcts:reward=score,iterations=1600",ppo:runs/ppo/pass2/p2b_pool_s3.json,2,9001,27,1,1.0,1.0,19.0,109.0,90.0,53.0,46.0,5.0,0.0,1.0,23.0,13.0,2.769230769230769,1.0,9.0,6.0,10.0,0.0,28.0,1.0,5.0,0.0,0.0,0.0,67.0,617.31,35,617.23
"mcts:reward=score,iterations=1600",ppo:runs/ppo/pass2/p2b_pool_s3.json,2,9001,25,0,1.0,1.0,16.0,96.0,80.0,52.0,44.0,5.0,0.0,0.0,17.0,14.0,2.642857142857143,2.0,8.0,2.0,16.0,0.0,20.0,1.0,5.0,0.0,0.0,0.0,66.0,647.82,35,647.73
"mcts:reward=score,iterations=1600",racer,2,9001,26,0,0.0,0.0,-5.0,86.0,91.0,76.0,0.0,2.0,1.0,1.0,31.0,11.0,3.8181818181818183,3.0,3.0,3.0,6.0,1.0,36.0,1.0,3.0,0.0,0.0,0.0,68.0,638.57,36,638.56
"mcts:reward=score,iterations=1600",ppo:runs/ppo/pass2/p2b_pool_s3.json,2,9001,28,0,0.0,0.0,-6.0,87.0,93.0,44.0,33.0,2.0,0.0,1.0,25.0,15.0,2.3333333333333335,0.0,10.0,1.0,27.0,1.0,7.0,0.0,2.0,0.0,0.0,0.0,67.0,624.49,34,624.42
"mcts:reward=score,iterations=1600",ppo:runs/ppo/pass2/p2b_pool_s3.json,2,9001,29,1,1.0,1.0,5.0,98.0,93.0,48.0,50.0,4.0,0.0,0.0,26.0,15.0,2.4,0.0,9.0,2.0,15.0,0.0,17.0,1.0,4.0,0.0,0.0,0.0,64.0,607.63,34,607.55
"mcts:reward=score,iterations=1600",racer,2,9001,29,1,1.0,1.0,12.0,105.0,93.0,54.0,41.0,3.0,0.0,1.0,29.0,15.0,2.533333333333333,2.0,7.0,4.0,19.0,1.0,17.0,1.0,3.0,0.0,0.0,0.0,70.0,592.99,37,592.97
"mcts:reward=score,iterations=1600",ppo:runs/ppo/pass2/p2b_pool_s3.json,2,9001,26,0,1.0,1.0,41.0,119.0,78.0,67.0,42.0,3.0,0.0,1.0,33.0,12.0,3.4166666666666665,1.0,4.0,3.0,8.0,1.0,30.0,1.0,3.0,0.0,0.0,0.0,66.0,662.81,35,662.73
"mcts:reward=score,iterations=1600",ppo:runs/ppo/pass2/p2b_pool_s3.json,2,9001,30,0,1.0,1.0,10.0,89.0,79.0,49.0,30.0,2.0,0.0,1.0,32.0,13.0,2.6153846153846154,1.0,11.0,5.0,12.0,0.0,20.0,0.0,2.0,0.0,0.0,0.0,59.0,537.31,30,537.25
"mcts:reward=score,iterations=1600",racer,2,9001,30,0,1.0,1.0,32.0,119.0,87.0,56.0,53.0,4.0,0.0,1.0,37.0,15.0,2.533333333333333,2.0,7.0,1.0,24.0,0.0,10.0,1.0,4.0,0.0,0.0,0.0,67.0,555.41,35,555.39
"mcts:reward=score,iterations=1600",ppo:runs/ppo/pass2/p2b_pool_s3.json,2,9001,31,1,0.0,0.0,-46.0,32.0,78.0,40.0,-8.0,1.0,1.0,0.0,13.0,11.0,2.5454545454545454,1.0,17.0,1.0,17.0,0.0,21.0,0.0,2.0,0.0,0.0,0.0,61.0,545.32,31,545.25
"mcts:reward=score,iterations=1600",racer,2,9001,31,1,1.0,1.0,9.0,98.0,89.0,46.0,42.0,3.0,0.0,1.0,26.0,12.0,2.6666666666666665,1.0,13.0,3.0,14.0,0.0,22.0,1.0,3.0,0.0,0.0,0.0,63.0,542.41,33,542.4
"mcts:reward=score,iterations=1600",ppo:runs/ppo/pass2/p2b_pool_s3.json,2,9001,33,1,0.0,0.0,-31.0,48.0,79.0,44.0,4.0,2.0,1.0,0.0,22.0,13.0,2.5384615384615383,0.0,12.0,4.0,13.0,0.0,21.0,1.0,3.0,0.0,0.0,0.0,63.0,601.95,33,601.88
"mcts:reward=score,iterations=1600",racer,2,9001,35,0,1.0,1.0,32.0,105.0,73.0,50.0,45.0,4.0,0.0,1.0,23.0,15.0,2.466666666666667,1.0,8.0,7.0,13.0,2.0,19.0,1.0,4.0,0.0,0.0,0.0,69.0,578.0,36,577.98
"mcts:reward=score,iterations=1600",ppo:runs/ppo/pass2/p2b_pool_s3.json,2,9001,35,0,1.0,1.0,19.0,87.0,68.0,42.0,45.0,4.0,0.0,0.0,22.0,15.0,2.2666666666666666,0.0,11.0,7.0,8.0,2.0,22.0,1.0,4.0,0.0,0.0,0.0,67.0,586.82,35,586.74
"mcts:reward=score,iterations=1600",racer,2,9001,33,1,0.0,0.0,-21.0,63.0,84.0,49.0,4.0,2.0,1.0,1.0,30.0,14.0,2.5714285714285716,1.0,9.0,3.0,13.0,0.0,23.0,1.0,3.0,0.0,0.0,0.0,67.0,608.09,35,608.07
"mcts:reward=score,iterations=1600",racer,2,9001,34,1,0.0,0.0,-9.0,86.0,95.0,48.0,28.0,3.0,1.0,1.0,26.0,13.0,2.6153846153846154,2.0,11.0,3.0,26.0,2.0,8.0,1.0,4.0,0.0,0.0,0.0,66.0,606.26,35,606.25
"mcts:reward=score,iterations=1600",ppo:runs/ppo/pass2/p2b_pool_s3.json,2,9001,34,1,0.0,0.0,-14.0,79.0,93.0,42.0,37.0,4.0,1.0,0.0,28.0,14.0,2.357142857142857,1.0,12.0,2.0,13.0,0.0,19.0,2.0,5.0,0.0,0.0,0.0,64.0,627.77,35,627.7
"mcts:reward=score,iterations=1600",ppo:runs/ppo/pass2/p2b_pool_s3.json,2,9001,32,1,0.0,0.0,-7.0,88.0,95.0,51.0,37.0,4.0,0.0,0.0,25.0,12.0,2.8333333333333335,1.0,11.0,4.0,4.0,0.0,30.0,2.0,4.0,0.0,0.0,0.0,62.0,651.18,34,651.11
"mcts:reward=score,iterations=1600",racer,2,9001,32,1,1.0,1.0,34.0,128.0,94.0,62.0,56.0,6.0,0.0,1.0,25.0,14.0,2.9285714285714284,1.0,4.0,7.0,8.0,2.0,34.0,4.0,6.0,0.0,0.0,0.0,82.0,674.6,46,674.58
"mcts:reward=score,iterations=1600",ppo:runs/ppo/pass2/p2b_pool_s3.json,2,9001,36,1,0.0,0.0,-9.0,89.0,98.0,45.0,34.0,3.0,1.0,1.0,29.0,12.0,2.75,1.0,12.0,7.0,11.0,0.0,23.0,1.0,4.0,0.0,0.0,0.0,61.0,563.55,32,563.49
"mcts:reward=score,iterations=1600",racer,2,9001,36,1,1.0,1.0,44.0,139.0,95.0,64.0,65.0,5.0,0.0,1.0,32.0,15.0,2.8,2.0,3.0,5.0,17.0,1.0,25.0,2.0,5.0,0.0,0.0,0.0,79.0,568.92,42,568.91
"mcts:reward=score,iterations=1600",ppo:runs/ppo/pass2/p2b_pool_s3.json,2,9001,37,1,1.0,1.0,19.0,102.0,83.0,64.0,28.0,2.0,0.0,1.0,22.0,10.0,3.7,2.0,8.0,3.0,9.0,1.0,33.0,0.0,2.0,0.0,0.0,0.0,64.0,582.34,33,582.25
"mcts:reward=score,iterations=1600",racer,2,9001,37,1,1.0,1.0,26.0,121.0,95.0,64.0,47.0,4.0,0.0,1.0,30.0,14.0,3.0714285714285716,1.0,2.0,7.0,8.0,1.0,32.0,2.0,4.0,0.0,0.0,0.0,74.0,582.97,40,582.95
"mcts:reward=score,iterations=1600",ppo:runs/ppo/pass2/p2b_pool_s3.json,2,9001,40,0,0.0,0.0,-45.0,45.0,90.0,59.0,-14.0,1.0,1.0,0.0,19.0,11.0,3.272727272727273,2.0,9.0,6.0,3.0,2.0,33.0,0.0,2.0,0.0,0.0,0.0,63.0,566.32,32,566.25
"mcts:reward=score,iterations=1600",ppo:runs/ppo/pass2/p2b_pool_s3.json,2,9001,38,1,1.0,1.0,9.0,97.0,88.0,46.0,51.0,4.0,0.0,0.0,21.0,14.0,2.4285714285714284,1.0,11.0,5.0,20.0,1.0,10.0,1.0,4.0,0.0,0.0,0.0,62.0,590.78,33,590.71
"mcts:reward=score,iterations=1600",racer,2,9001,40,0,1.0,1.0,7.0,103.0,96.0,49.0,44.0,4.0,0.0,1.0,29.0,16.0,2.375,0.0,7.0,5.0,5.0,0.0,31.0,2.0,4.0,0.0,0.0,0.0,73.0,557.74,39,557.72
"mcts:reward=score,iterations=1600",racer,2,9001,38,1,1.0,1.0,24.0,120.0,96.0,48.0,62.0,5.0,0.0,1.0,22.0,16.0,2.375,0.0,7.0,2.0,16.0,0.0,22.0,1.0,5.0,0.0,0.0,0.0,72.0,597.3,38,597.28
"mcts:reward=score,iterations=1600",ppo:runs/ppo/pass2/p2b_pool_s3.json,2,9001,41,0,0.0,0.0,-4.0,91.0,95.0,56.0,35.0,3.0,0.0,0.0,26.0,12.0,3.0,1.0,9.0,4.0,9.0,0.0,27.0,1.0,3.0,0.0,0.0,0.0,63.0,562.59,33,562.53
"mcts:reward=score,iterations=1600",ppo:runs/ppo/pass2/p2b_pool_s3.json,2,9001,39,0,1.0,1.0,26.0,108.0,82.0,64.0,44.0,3.0,0.0,0.0,25.0,11.0,3.4545454545454546,3.0,7.0,2.0,24.0,1.0,16.0,1.0,3.0,0.0,0.0,0.0,66.0,620.18,35,620.11
"mcts:reward=score,iterations=1600",racer,2,9001,41,0,1.0,1.0,11.0,106.0,95.0,61.0,35.0,3.0,0.0,1.0,35.0,16.0,2.625,1.0,3.0,5.0,7.0,2.0,29.0,1.0,3.0,0.0,0.0,0.0,75.0,572.61,39,572.59
"mcts:reward=score,iterations=1600",racer,2,9001,39,0,1.0,1.0,51.0,130.0,79.0,76.0,44.0,3.0,0.0,1.0,29.0,13.0,3.4615384615384617,2.0,0.0,6.0,6.0,2.0,34.0,1.0,3.0,0.0,0.0,1.0,71.0,630.49,38,630.48
"mcts:reward=score,iterations=1600",ppo:runs/ppo/pass2/p2b_pool_s3.json,2,9001,42,1,1.0,1.0,7.0,96.0,89.0,55.0,41.0,5.0,1.0,0.0,25.0,13.0,2.769230769230769,2.0,9.0,5.0,10.0,0.0,24.0,2.0,6.0,0.0,0.0,0.0,65.0,588.66,35,588.59
"mcts:reward=score,iterations=1600",racer,2,9001,42,1,1.0,1.0,16.0,108.0,92.0,49.0,49.0,5.0,0.0,1.0,15.0,11.0,2.909090909090909,2.0,13.0,5.0,14.0,0.0,24.0,1.0,5.0,0.0,0.0,0.0,63.0,550.64,33,550.63
"mcts:reward=score,iterations=1600",ppo:runs/ppo/pass2/p2b_pool_s3.json,2,9001,43,1,1.0,1.0,5.0,88.0,83.0,49.0,39.0,3.0,1.0,0.0,22.0,10.0,3.1,2.0,14.0,4.0,20.0,1.0,16.0,1.0,4.0,0.0,0.0,0.0,60.0,608.06,32,608.0
"mcts:reward=score,iterations=1600",racer,2,9001,43,1,1.0,1.0,42.0,129.0,87.0,58.0,61.0,4.0,0.0,1.0,32.0,13.0,2.923076923076923,1.0,7.0,6.0,18.0,2.0,16.0,1.0,4.0,0.0,0.0,0.0,66.0,595.0,35,594.98
"mcts:reward=score,iterations=1600",racer,2,9001,44,0,1.0,1.0,12.0,107.0,95.0,69.0,28.0,2.0,0.0,1.0,29.0,14.0,3.0,2.0,3.0,3.0,22.0,0.0,18.0,0.0,2.0,0.0,0.0,0.0,68.0,590.87,35,590.85
"mcts:reward=score,iterations=1600",ppo:runs/ppo/pass2/p2b_pool_s3.json,2,9001,45,1,0.0,0.0,-11.0,74.0,85.0,43.0,31.0,3.0,1.0,0.0,20.0,14.0,2.357142857142857,0.0,12.0,3.0,13.0,1.0,17.0,1.0,4.0,0.0,0.0,0.0,62.0,619.38,33,619.3
"mcts:reward=score,iterations=1600",racer,2,9001,45,1,1.0,1.0,1.0,89.0,88.0,54.0,25.0,2.0,0.0,1.0,22.0,14.0,2.7142857142857144,1.0,7.0,3.0,11.0,0.0,27.0,0.0,2.0,0.0,0.0,0.0,66.0,614.44,34,614.43
"mcts:reward=score,iterations=1600",ppo:runs/ppo/pass2/p2b_pool_s3.json,2,9001,44,0,1.0,1.0,38.0,118.0,80.0,57.0,61.0,4.0,0.0,0.0,30.0,16.0,2.4375,1.0,6.0,1.0,18.0,0.0,18.0,1.0,4.0,0.0,0.0,0.0,70.0,632.73,37,632.65
"mcts:reward=score,iterations=1600",ppo:runs/ppo/pass2/p2b_pool_s3.json,2,9001,47,1,0.0,0.0,-13.0,84.0,97.0,54.0,30.0,3.0,0.0,0.0,16.0,12.0,2.9166666666666665,1.0,10.0,3.0,8.0,0.0,26.0,1.0,3.0,0.0,0.0,0.0,61.0,609.6,32,609.53
"mcts:reward=score,iterations=1600",racer,2,9001,47,1,0.0,0.0,-29.0,66.0,95.0,46.0,10.0,3.0,1.0,1.0,19.0,13.0,2.6153846153846154,0.0,11.0,6.0,3.0,1.0,29.0,1.0,4.0,0.0,0.0,0.0,63.0,608.51,33,608.5
"mcts:reward=score,iterations=1600",ppo:runs/ppo/pass2/p2b_pool_s3.json,2,9001,46,0,1.0,1.0,12.0,92.0,80.0,51.0,31.0,3.0,0.0,1.0,28.0,15.0,2.533333333333333,0.0,7.0,4.0,16.0,1.0,20.0,1.0,3.0,0.0,0.0,0.0,70.0,670.3,37,670.22
"mcts:reward=score,iterations=1600",racer,2,9001,46,0,1.0,1.0,23.0,116.0,93.0,61.0,45.0,5.0,0.0,1.0,23.0,15.0,2.6,2.0,6.0,4.0,15.0,2.0,19.0,2.0,5.0,0.0,0.0,0.0,72.0,668.59,39,668.58
"mcts:reward=score,iterations=1600",ppo:runs/ppo/pass2/p2b_pool_s3.json,2,9001,48,0,0.0,0.0,-91.0,-3.0,88.0,36.0,-39.0,0.0,3.0,0.0,20.0,13.0,2.3076923076923075,0.0,15.0,0.0,32.0,0.0,4.0,0.0,3.0,0.0,0.0,0.0,62.0,590.0,32,589.93
"mcts:reward=score,iterations=1600",racer,2,9001,48,0,1.0,1.0,39.0,123.0,84.0,55.0,58.0,5.0,0.0,1.0,30.0,16.0,2.5625,1.0,4.0,1.0,32.0,0.0,12.0,1.0,5.0,0.0,0.0,0.0,78.0,586.22,41,586.2
"mcts:reward=score,iterations=1600",ppo:runs/ppo/pass2/p2b_pool_s3.json,2,9001,49,0,1.0,1.0,0.0,88.0,88.0,59.0,29.0,3.0,0.0,0.0,22.0,11.0,3.1818181818181817,2.0,10.0,6.0,8.0,1.0,26.0,1.0,3.0,0.0,0.0,0.0,61.0,520.47,32,520.41
"mcts:reward=score,iterations=1600",racer,2,9001,49,0,1.0,1.0,15.0,104.0,89.0,56.0,38.0,4.0,0.0,1.0,19.0,13.0,2.8461538461538463,2.0,8.0,6.0,5.0,1.0,31.0,1.0,4.0,0.0,0.0,0.0,67.0,499.73,35,499.72
