agent,opponent,players,seed,game,seat,won,win_share,margin,score,opp_score,route_points,ticket_points,tickets_completed,tickets_failed,longest_bonus,longest_path,claims,mean_claim_length,long_claims,trains_left,locomotives_spent,draw_color,draw_locomotive,draw_blind,ticket_draws,tickets_kept,final_round_ticket_draws,passes,triggered_end,turns,seconds,searches,search_seconds
"mcts:reward=score,guide=ppo:runs/ppo/pass2/p2b_pool_s3.json,opponent=infer",ppo:runs/ppo/pass2/p2b_pool_s3.json,2,9001,2,1,1.0,1.0,2.0,86.0,84.0,79.0,7.0,1.0,1.0,0.0,18.0,9.0,4.333333333333333,4.0,6.0,3.0,18.0,1.0,22.0,0.0,2.0,0.0,0.0,0.0,61.0,116.29,31,116.23
"mcts:reward=score,guide=ppo:runs/ppo/pass2/p2b_pool_s3.json,opponent=infer",ppo:runs/ppo/pass2/p2b_pool_s3.json,2,9001,3,0,1.0,1.0,2.0,92.0,90.0,71.0,21.0,2.0,0.0,0.0,25.0,10.0,3.8,3.0,7.0,7.0,8.0,1.0,30.0,0.0,2.0,0.0,0.0,0.0,61.0,124.45,31,124.4
"mcts:reward=score,guide=ppo:runs/ppo/pass2/p2b_pool_s3.json,opponent=infer",linear:runs/linear/pass7/p7b_sarsa_lam98_random_s3.json@best,2,9001,2,1,1.0,1.0,6.0,88.0,82.0,85.0,-7.0,1.0,1.0,1.0,27.0,12.0,3.75,3.0,0.0,2.0,17.0,0.0,27.0,0.0,2.0,0.0,0.0,1.0,68.0,124.43,35,124.39
"mcts:reward=score,guide=ppo:runs/ppo/pass2/p2b_pool_s3.json,opponent=infer",linear:runs/linear/pass7/p7b_sarsa_lam98_random_s3.json@best,2,9001,3,0,1.0,1.0,4.0,95.0,91.0,73.0,12.0,2.0,1.0,1.0,25.0,11.0,3.5454545454545454,4.0,6.0,5.0,14.0,0.0,24.0,1.0,3.0,0.0,0.0,0.0,63.0,128.04,33,128.01
"mcts:reward=score,guide=ppo:runs/ppo/pass2/p2b_pool_s3.json,opponent=infer",ppo:runs/ppo/pass2/p2b_pool_s3.json,2,9001,0,0,0.0,0.0,-22.0,53.0,75.0,76.0,-33.0,0.0,2.0,1.0,22.0,9.0,4.222222222222222,4.0,7.0,5.0,19.0,0.0,27.0,0.0,2.0,0.0,0.0,0.0,64.0,129.02,33,128.97
"mcts:reward=score,guide=ppo:runs/ppo/pass2/p2b_pool_s3.json,opponent=infer",ppo:runs/ppo/pass2/p2b_pool_s3.json,2,9001,1,0,1.0,1.0,9.0,69.0,60.0,82.0,-23.0,0.0,2.0,1.0,27.0,10.0,4.1,5.0,4.0,5.0,18.0,0.0,24.0,0.0,2.0,0.0,0.0,0.0,63.0,126.81,32,126.75
"mcts:reward=score,guide=ppo:runs/ppo/pass2/p2b_pool_s3.json,opponent=infer",racer,2,9001,0,0,0.0,0.0,-6.0,88.0,94.0,77.0,1.0,1.0,1.0,1.0,22.0,14.0,3.2142857142857144,2.0,0.0,6.0,20.0,3.0,22.0,0.0,2.0,0.0,0.0,1.0,75.0,140.1,39,140.09
"mcts:reward=score,guide=ppo:runs/ppo/pass2/p2b_pool_s3.json,opponent=infer",racer,2,9001,1,0,1.0,1.0,22.0,103.0,81.0,70.0,23.0,2.0,0.0,1.0,24.0,12.0,3.4166666666666665,3.0,4.0,4.0,13.0,0.0,27.0,0.0,2.0,0.0,0.0,0.0,65.0,125.98,33,125.97
"mcts:reward=score,guide=ppo:runs/ppo/pass2/p2b_pool_s3.json,opponent=infer",linear:runs/linear/pass7/p7b_sarsa_lam98_random_s3.json@best,2,9001,0,0,1.0,1.0,32.0,117.0,85.0,74.0,33.0,2.0,0.0,1.0,26.0,13.0,3.3076923076923075,3.0,2.0,8.0,14.0,2.0,28.0,0.0,2.0,0.0,0.0,0.0,72.0,139.49,37,139.45
"mcts:reward=score,guide=ppo:runs/ppo/pass2/p2b_pool_s3.json,opponent=infer",linear:runs/linear/pass7/p7b_sarsa_lam98_random_s3.json@best,2,9001,1,0,1.0,1.0,20.0,89.0,69.0,82.0,-3.0,1.0,1.0,1.0,32.0,10.0,4.0,4.0,5.0,6.0,15.0,0.0,29.0,0.0,2.0,0.0,0.0,0.0,65.0,132.1,33,132.07
"mcts:reward=margin,guide=ppo:runs/ppo/pass2/p2b_pool_s3.json",ppo:runs/ppo/pass2/p2b_pool_s3.json,2,9001,2,1,1.0,1.0,4.0,92.0,88.0,77.0,15.0,2.0,0.0,0.0,29.0,10.0,4.0,4.0,5.0,3.0,15.0,0.0,25.0,0.0,2.0,0.0,0.0,0.0,61.0,134.44,31,134.38
"mcts:reward=margin,guide=ppo:runs/ppo/pass2/p2b_pool_s3.json",ppo:runs/ppo/pass2/p2b_pool_s3.json,2,9001,3,0,0.0,0.0,-16.0,64.0,80.0,75.0,-21.0,0.0,2.0,1.0,34.0,10.0,3.9,3.0,6.0,3.0,18.0,0.0,20.0,0.0,2.0,0.0,0.0,0.0,59.0,142.37,30,142.31
"mcts:reward=margin,guide=ppo:runs/ppo/pass2/p2b_pool_s3.json",linear:runs/linear/pass7/p7b_sarsa_lam98_random_s3.json@best,2,9001,2,1,1.0,1.0,12.0,93.0,81.0,76.0,7.0,1.0,1.0,1.0,24.0,11.0,3.909090909090909,2.0,2.0,3.0,20.0,1.0,24.0,0.0,2.0,0.0,0.0,0.0,69.0,145.31,35,145.28
"mcts:reward=margin,guide=ppo:runs/ppo/pass2/p2b_pool_s3.json",linear:runs/linear/pass7/p7b_sarsa_lam98_random_s3.json@best,2,9001,3,0,0.0,0.0,-25.0,56.0,81.0,67.0,-21.0,0.0,2.0,1.0,27.0,10.0,3.6,2.0,9.0,6.0,20.0,0.0,22.0,0.0,2.0,0.0,0.0,0.0,63.0,142.15,32,142.12
"mcts:reward=margin,guide=ppo:runs/ppo/pass2/p2b_pool_s3.json",racer,2,9001,0,0,1.0,1.0,24.0,111.0,87.0,91.0,10.0,1.0,1.0,1.0,36.0,12.0,3.6666666666666665,5.0,1.0,6.0,19.0,0.0,23.0,0.0,2.0,0.0,0.0,1.0,65.0,147.92,34,147.91
"mcts:reward=margin,guide=ppo:runs/ppo/pass2/p2b_pool_s3.json",racer,2,9001,1,0,1.0,1.0,38.0,100.0,62.0,79.0,11.0,1.0,1.0,1.0,25.0,13.0,3.3846153846153846,3.0,1.0,3.0,24.0,0.0,18.0,0.0,2.0,0.0,0.0,1.0,68.0,151.47,35,151.46
"mcts:reward=margin,guide=ppo:runs/ppo/pass2/p2b_pool_s3.json",linear:runs/linear/pass7/p7b_sarsa_lam98_random_s3.json@best,2,9001,0,0,1.0,1.0,20.0,85.0,65.0,99.0,-24.0,0.0,2.0,1.0,21.0,10.0,4.5,6.0,0.0,6.0,20.0,0.0,24.0,0.0,2.0,0.0,0.0,1.0,63.0,143.66,33,143.63
"mcts:reward=margin,guide=ppo:runs/ppo/pass2/p2b_pool_s3.json",linear:runs/linear/pass7/p7b_sarsa_lam98_random_s3.json@best,2,9001,1,0,1.0,1.0,0.0,74.0,74.0,75.0,-11.0,1.0,1.0,1.0,25.0,12.0,3.4166666666666665,4.0,4.0,3.0,23.0,1.0,17.0,0.0,2.0,0.0,0.0,0.0,67.0,157.61,34,157.58
"mcts:reward=margin,guide=ppo:runs/ppo/pass2/p2b_pool_s3.json",ppo:runs/ppo/pass2/p2b_pool_s3.json,2,9001,0,0,1.0,1.0,0.0,90.0,90.0,66.0,24.0,2.0,0.0,0.0,22.0,11.0,3.3636363636363638,2.0,8.0,3.0,19.0,0.0,23.0,0.0,2.0,0.0,0.0,0.0,64.0,146.86,33,146.8
"mcts:reward=margin,guide=ppo:runs/ppo/pass2/p2b_pool_s3.json",ppo:runs/ppo/pass2/p2b_pool_s3.json,2,9001,1,0,0.0,0.0,-29.0,37.0,66.0,68.0,-31.0,0.0,2.0,0.0,30.0,12.0,3.4166666666666665,2.0,4.0,2.0,17.0,0.0,23.0,0.0,2.0,0.0,0.0,0.0,65.0,157.23,33,157.17
"mcts:reward=margin,guide=ppo:runs/ppo/pass2/p2b_pool_s3.json",greedy,2,9001,0,0,1.0,1.0,56.0,114.0,58.0,80.0,24.0,2.0,0.0,1.0,25.0,13.0,3.4615384615384617,3.0,0.0,3.0,25.0,0.0,21.0,0.0,2.0,0.0,0.0,1.0,71.0,156.7,37,156.69
"mcts:reward=margin,guide=ppo:runs/ppo/pass2/p2b_pool_s3.json",greedy,2,9001,1,0,1.0,1.0,58.0,75.0,17.0,96.0,-31.0,0.0,2.0,1.0,20.0,11.0,4.090909090909091,6.0,0.0,7.0,8.0,1.0,34.0,0.0,2.0,0.0,0.0,1.0,66.0,151.3,34,151.29
"mcts:reward=score,guide=ppo:runs/ppo/pass2/p2b_pool_s3.json,opponent=infer",greedy,2,9001,0,0,0.0,0.0,-4.0,108.0,112.0,97.0,1.0,1.0,1.0,1.0,22.0,10.0,4.5,6.0,0.0,3.0,17.0,1.0,41.0,0.0,2.0,0.0,0.0,1.0,79.0,163.97,41,163.96
"mcts:reward=score,guide=ppo:runs/ppo/pass2/p2b_pool_s3.json,opponent=infer",greedy,2,9001,1,0,1.0,1.0,50.0,116.0,66.0,83.0,23.0,2.0,0.0,1.0,25.0,12.0,3.75,4.0,0.0,3.0,7.0,0.0,41.0,0.0,2.0,0.0,0.0,1.0,72.0,156.7,37,156.69
"mcts:reward=score,guide=ppo:runs/ppo/pass2/p2b_pool_s3.json,opponent=infer",racer,2,9001,2,1,1.0,1.0,32.0,104.0,72.0,87.0,7.0,1.0,1.0,1.0,21.0,11.0,4.0,4.0,1.0,4.0,14.0,1.0,26.0,0.0,2.0,0.0,0.0,1.0,64.0,119.74,33,119.73
"mcts:reward=score,guide=ppo:runs/ppo/pass2/p2b_pool_s3.json,opponent=infer",racer,2,9001,3,0,1.0,1.0,23.0,114.0,91.0,83.0,21.0,2.0,0.0,1.0,26.0,13.0,3.3846153846153846,4.0,1.0,4.0,7.0,0.0,35.0,0.0,2.0,0.0,0.0,1.0,68.0,116.36,35,116.35
"mcts:reward=margin,guide=ppo:runs/ppo/pass2/p2b_pool_s3.json",racer,2,9001,2,1,1.0,1.0,5.0,96.0,91.0,71.0,15.0,2.0,0.0,1.0,19.0,12.0,3.4166666666666665,3.0,4.0,5.0,10.0,0.0,32.0,0.0,2.0,0.0,0.0,0.0,67.0,140.98,34,140.97
"mcts:reward=margin,guide=ppo:runs/ppo/pass2/p2b_pool_s3.json",racer,2,9001,3,0,1.0,1.0,3.0,87.0,84.0,76.0,1.0,1.0,1.0,1.0,22.0,15.0,2.933333333333333,4.0,1.0,5.0,15.0,0.0,25.0,0.0,2.0,0.0,0.0,1.0,70.0,137.82,36,137.81
"mcts:reward=score,guide=ppo:runs/ppo/pass2/p2b_pool_s3.json,opponent=infer",ppo:runs/ppo/pass2/p2b_pool_s3.json,2,9001,4,0,1.0,1.0,10.0,80.0,70.0,75.0,-5.0,1.0,1.0,1.0,37.0,10.0,3.7,4.0,8.0,4.0,7.0,1.0,31.0,0.0,2.0,0.0,0.0,0.0,60.0,125.23,31,125.18
"mcts:reward=score,guide=ppo:runs/ppo/pass2/p2b_pool_s3.json,opponent=infer",ppo:runs/ppo/pass2/p2b_pool_s3.json,2,9001,5,1,0.0,0.0,-29.0,58.0,87.0,79.0,-21.0,0.0,2.0,0.0,17.0,10.0,4.0,5.0,5.0,5.0,9.0,0.0,33.0,0.0,2.0,0.0,0.0,0.0,63.0,119.97,32,119.91
"mcts:reward=score,guide=ppo:runs/ppo/pass2/p2b_pool_s3.json,opponent=infer",racer,2,9001,4,0,1.0,1.0,39.0,117.0,78.0,86.0,21.0,2.0,0.0,1.0,31.0,12.0,3.6666666666666665,5.0,1.0,4.0,10.0,0.0,30.0,0.0,2.0,0.0,0.0,1.0,63.0,120.34,33,120.33
"mcts:reward=score,guide=ppo:runs/ppo/pass2/p2b_pool_s3.json,opponent=infer",racer,2,9001,5,1,1.0,1.0,7.0,97.0,90.0,86.0,1.0,1.0,1.0,1.0,20.0,10.0,4.4,5.0,1.0,6.0,4.0,0.0,40.0,0.0,2.0,0.0,0.0,0.0,65.0,112.57,33,112.56
"mcts:reward=score,guide=ppo:runs/ppo/pass2/p2b_pool_s3.json,opponent=infer",linear:runs/linear/pass7/p7b_sarsa_lam98_random_s3.json@best,2,9001,4,0,0.0,0.0,-53.0,50.0,103.0,71.0,-21.0,0.0,2.0,0.0,16.0,9.0,3.888888888888889,4.0,10.0,4.0,8.0,0.0,34.0,0.0,2.0,0.0,0.0,0.0,60.0,120.37,31,120.35
"mcts:reward=score,guide=ppo:runs/ppo/pass2/p2b_pool_s3.json,opponent=infer",linear:runs/linear/pass7/p7b_sarsa_lam98_random_s3.json@best,2,9001,5,1,1.0,1.0,11.0,98.0,87.0,87.0,1.0,1.0,1.0,1.0,20.0,11.0,4.0,5.0,1.0,6.0,3.0,0.0,37.0,0.0,2.0,0.0,0.0,1.0,62.0,117.11,32,117.09
"mcts:reward=margin,guide=ppo:runs/ppo/pass2/p2b_pool_s3.json",ppo:runs/ppo/pass2/p2b_pool_s3.json,2,9001,4,0,1.0,1.0,28.0,89.0,61.0,74.0,5.0,1.0,1.0,1.0,29.0,11.0,3.4545454545454546,4.0,7.0,5.0,8.0,0.0,32.0,0.0,2.0,0.0,0.0,0.0,62.0,136.49,32,136.44
"mcts:reward=margin,guide=ppo:runs/ppo/pass2/p2b_pool_s3.json",ppo:runs/ppo/pass2/p2b_pool_s3.json,2,9001,5,1,1.0,1.0,11.0,98.0,87.0,66.0,32.0,2.0,0.0,0.0,31.0,12.0,3.25,2.0,6.0,6.0,21.0,1.0,17.0,0.0,2.0,0.0,0.0,0.0,65.0,135.23,33,135.18
"mcts:reward=margin,guide=ppo:runs/ppo/pass2/p2b_pool_s3.json",linear:runs/linear/pass7/p7b_sarsa_lam98_random_s3.json@best,2,9001,4,0,1.0,1.0,5.0,96.0,91.0,81.0,5.0,1.0,1.0,1.0,29.0,12.0,3.5,4.0,3.0,3.0,11.0,0.0,31.0,0.0,2.0,0.0,0.0,0.0,66.0,137.49,34,137.46
"mcts:reward=margin,guide=ppo:runs/ppo/pass2/p2b_pool_s3.json",linear:runs/linear/pass7/p7b_sarsa_lam98_random_s3.json@best,2,9001,5,1,0.0,0.0,-76.0,29.0,105.0,61.0,-32.0,0.0,2.0,0.0,12.0,10.0,3.5,3.0,10.0,6.0,23.0,0.0,19.0,0.0,2.0,0.0,0.0,0.0,63.0,134.09,32,134.07
"mcts:reward=margin,guide=ppo:runs/ppo/pass2/p2b_pool_s3.json",greedy,2,9001,2,1,1.0,1.0,22.0,105.0,83.0,80.0,15.0,2.0,0.0,1.0,26.0,13.0,3.4615384615384617,3.0,0.0,8.0,5.0,2.0,37.0,0.0,2.0,0.0,0.0,1.0,72.0,153.95,37,153.94
"mcts:reward=margin,guide=ppo:runs/ppo/pass2/p2b_pool_s3.json",greedy,2,9001,3,0,0.0,0.0,-2.0,111.0,113.0,80.0,21.0,2.0,0.0,1.0,34.0,13.0,3.4615384615384617,3.0,0.0,5.0,6.0,1.0,44.0,0.0,2.0,0.0,0.0,1.0,78.0,157.94,40,157.93
"mcts:reward=margin,guide=ppo:runs/ppo/pass2/p2b_pool_s3.json",racer,2,9001,4,0,1.0,1.0,21.0,108.0,87.0,77.0,21.0,2.0,0.0,1.0,35.0,11.0,3.727272727272727,3.0,4.0,5.0,16.0,1.0,22.0,0.0,2.0,0.0,0.0,0.0,62.0,134.49,32,134.48
"mcts:reward=margin,guide=ppo:runs/ppo/pass2/p2b_pool_s3.json",racer,2,9001,5,1,1.0,1.0,5.0,86.0,81.0,86.0,-10.0,1.0,1.0,1.0,25.0,11.0,4.090909090909091,5.0,0.0,7.0,16.0,0.0,26.0,0.0,2.0,0.0,0.0,1.0,64.0,132.23,33,132.22
"mcts:reward=score,guide=ppo:runs/ppo/pass2/p2b_pool_s3.json,opponent=infer",greedy,2,9001,2,1,1.0,1.0,21.0,117.0,96.0,90.0,17.0,3.0,1.0,1.0,30.0,12.0,3.75,4.0,0.0,7.0,13.0,0.0,37.0,2.0,4.0,0.0,0.0,1.0,78.0,162.91,42,162.9
"mcts:reward=score,guide=ppo:runs/ppo/pass2/p2b_pool_s3.json,opponent=infer",greedy,2,9001,3,0,1.0,1.0,35.0,122.0,87.0,91.0,21.0,2.0,0.0,1.0,28.0,11.0,4.090909090909091,5.0,0.0,6.0,5.0,0.0,51.0,0.0,2.0,0.0,0.0,1.0,78.0,161.21,40,161.2
"mcts:reward=margin,guide=ppo:runs/ppo/pass2/p2b_pool_s3.json",greedy,2,9001,4,0,0.0,0.0,-27.0,91.0,118.0,76.0,5.0,1.0,1.0,1.0,26.0,14.0,3.142857142857143,2.0,1.0,3.0,18.0,0.0,28.0,0.0,2.0,0.0,0.0,1.0,73.0,148.71,38,148.7
"mcts:reward=margin,guide=ppo:runs/ppo/pass2/p2b_pool_s3.json",greedy,2,9001,5,1,1.0,1.0,36.0,114.0,78.0,72.0,32.0,2.0,0.0,1.0,34.0,14.0,3.2142857142857144,2.0,0.0,5.0,31.0,1.0,17.0,0.0,2.0,0.0,0.0,1.0,78.0,157.48,40,157.47
"mcts:reward=score,guide=ppo:runs/ppo/pass2/p2b_pool_s3.json,opponent=infer",greedy,2,9001,4,0,0.0,0.0,0.0,123.0,123.0,92.0,21.0,2.0,0.0,1.0,33.0,11.0,4.090909090909091,5.0,0.0,4.0,21.0,1.0,29.0,0.0,2.0,0.0,0.0,1.0,73.0,145.45,38,145.44
"mcts:reward=score,guide=ppo:runs/ppo/pass2/p2b_pool_s3.json,opponent=infer",greedy,2,9001,5,1,0.0,0.0,-6.0,120.0,126.0,89.0,31.0,2.0,0.0,0.0,26.0,12.0,3.75,5.0,0.0,4.0,25.0,0.0,27.0,0.0,2.0,0.0,0.0,1.0,76.0,166.87,39,166.86
"mcts:reward=score,guide=ppo:runs/ppo/pass2/p2b_pool_s3.json,opponent=infer",ppo:runs/ppo/pass2/p2b_pool_s3.json,2,9001,6,0,0.0,0.0,-22.0,65.0,87.0,84.0,-19.0,0.0,2.0,0.0,27.0,11.0,3.909090909090909,4.0,2.0,6.0,13.0,0.0,31.0,0.0,2.0,0.0,0.0,0.0,66.0,123.52,34,123.47
"mcts:reward=score,guide=ppo:runs/ppo/pass2/p2b_pool_s3.json,opponent=infer",ppo:runs/ppo/pass2/p2b_pool_s3.json,2,9001,7,0,0.0,0.0,-16.0,60.0,76.0,68.0,-8.0,1.0,1.0,0.0,17.0,10.0,3.7,3.0,8.0,3.0,19.0,0.0,23.0,0.0,2.0,0.0,0.0,0.0,63.0,119.15,32,119.09
"mcts:reward=margin,guide=ppo:runs/ppo/pass2/p2b_pool_s3.json",ppo:runs/ppo/pass2/p2b_pool_s3.json,2,9001,6,0,0.0,0.0,-55.0,39.0,94.0,58.0,-19.0,0.0,2.0,0.0,23.0,11.0,3.0,2.0,12.0,4.0,9.0,0.0,29.0,0.0,2.0,0.0,0.0,0.0,60.0,139.4,31,139.35
"mcts:reward=margin,guide=ppo:runs/ppo/pass2/p2b_pool_s3.json",ppo:runs/ppo/pass2/p2b_pool_s3.json,2,9001,7,0,1.0,1.0,33.0,111.0,78.0,77.0,34.0,2.0,0.0,0.0,32.0,12.0,3.5,3.0,3.0,2.0,16.0,1.0,24.0,0.0,2.0,0.0,0.0,0.0,67.0,137.41,34,137.36
"mcts:reward=score,guide=ppo:runs/ppo/pass2/p2b_pool_s3.json,opponent=infer",linear:runs/linear/pass7/p7b_sarsa_lam98_random_s3.json@best,2,9001,6,0,1.0,1.0,11.0,86.0,75.0,95.0,-19.0,0.0,2.0,1.0,21.0,11.0,4.090909090909091,5.0,0.0,5.0,9.0,0.0,37.0,0.0,2.0,0.0,0.0,1.0,67.0,124.92,35,124.89
"mcts:reward=score,guide=ppo:runs/ppo/pass2/p2b_pool_s3.json,opponent=infer",linear:runs/linear/pass7/p7b_sarsa_lam98_random_s3.json@best,2,9001,7,0,0.0,0.0,-27.0,64.0,91.0,72.0,-18.0,0.0,2.0,1.0,21.0,11.0,3.5454545454545454,3.0,6.0,6.0,10.0,3.0,26.0,0.0,2.0,0.0,0.0,0.0,65.0,117.12,33,117.09
"mcts:reward=margin,guide=ppo:runs/ppo/pass2/p2b_pool_s3.json",linear:runs/linear/pass7/p7b_sarsa_lam98_random_s3.json@best,2,9001,6,0,0.0,0.0,-7.0,75.0,82.0,84.0,-19.0,0.0,2.0,1.0,30.0,10.0,4.2,4.0,3.0,5.0,11.0,1.0,27.0,0.0,2.0,0.0,0.0,0.0,60.0,137.63,31,137.61
"mcts:reward=margin,guide=ppo:runs/ppo/pass2/p2b_pool_s3.json",linear:runs/linear/pass7/p7b_sarsa_lam98_random_s3.json@best,2,9001,7,0,0.0,0.0,-39.0,46.0,85.0,70.0,-34.0,0.0,2.0,1.0,19.0,11.0,3.6363636363636362,3.0,5.0,4.0,25.0,0.0,17.0,0.0,2.0,0.0,0.0,0.0,65.0,134.01,33,133.98
"mcts:reward=score,guide=ppo:runs/ppo/pass2/p2b_pool_s3.json,opponent=infer",racer,2,9001,6,0,0.0,0.0,-1.0,87.0,88.0,80.0,-3.0,1.0,1.0,1.0,27.0,13.0,3.3846153846153846,4.0,1.0,5.0,9.0,0.0,35.0,0.0,2.0,0.0,0.0,1.0,69.0,127.88,36,127.87
"mcts:reward=score,guide=ppo:runs/ppo/pass2/p2b_pool_s3.json,opponent=infer",racer,2,9001,7,0,1.0,1.0,34.0,120.0,86.0,75.0,35.0,4.0,0.0,1.0,31.0,15.0,2.933333333333333,3.0,1.0,3.0,9.0,0.0,37.0,1.0,4.0,0.0,0.0,1.0,78.0,132.36,41,132.35
"mcts:reward=margin,guide=ppo:runs/ppo/pass2/p2b_pool_s3.json",racer,2,9001,6,0,0.0,0.0,-39.0,59.0,98.0,78.0,-19.0,0.0,2.0,0.0,15.0,10.0,4.0,4.0,5.0,4.0,9.0,0.0,35.0,0.0,2.0,0.0,0.0,0.0,64.0,137.22,33,137.21
"mcts:reward=margin,guide=ppo:runs/ppo/pass2/p2b_pool_s3.json",racer,2,9001,7,0,1.0,1.0,12.0,102.0,90.0,58.0,34.0,2.0,0.0,1.0,30.0,12.0,3.0833333333333335,1.0,8.0,1.0,25.0,0.0,17.0,0.0,2.0,0.0,0.0,0.0,67.0,140.86,34,140.85
"mcts:reward=score,guide=ppo:runs/ppo/pass2/p2b_pool_s3.json,opponent=infer",ppo:runs/ppo/pass2/p2b_pool_s3.json,2,9001,8,0,0.0,0.0,-19.0,63.0,82.0,81.0,-18.0,0.0,2.0,0.0,12.0,8.0,4.625,5.0,8.0,4.0,8.0,0.0,36.0,0.0,2.0,0.0,0.0,0.0,61.0,120.48,31,120.43
"mcts:reward=score,guide=ppo:runs/ppo/pass2/p2b_pool_s3.json,opponent=infer",ppo:runs/ppo/pass2/p2b_pool_s3.json,2,9001,9,0,1.0,1.0,33.0,109.0,76.0,87.0,12.0,1.0,1.0,1.0,31.0,9.0,4.555555555555555,6.0,4.0,6.0,18.0,0.0,28.0,0.0,2.0,0.0,0.0,0.0,64.0,125.15,33,125.09
"mcts:reward=margin,guide=ppo:runs/ppo/pass2/p2b_pool_s3.json",ppo:runs/ppo/pass2/p2b_pool_s3.json,2,9001,8,0,0.0,0.0,-6.0,68.0,74.0,74.0,-16.0,0.0,2.0,1.0,27.0,11.0,3.4545454545454546,4.0,7.0,5.0,14.0,1.0,24.0,0.0,2.0,0.0,0.0,0.0,63.0,137.07,32,137.02
"mcts:reward=margin,guide=ppo:runs/ppo/pass2/p2b_pool_s3.json",ppo:runs/ppo/pass2/p2b_pool_s3.json,2,9001,9,0,0.0,0.0,-6.0,87.0,93.0,75.0,12.0,1.0,1.0,0.0,29.0,12.0,3.4166666666666665,4.0,4.0,7.0,20.0,0.0,24.0,0.0,2.0,0.0,0.0,0.0,68.0,139.91,35,139.85
"mcts:reward=margin,guide=ppo:runs/ppo/pass2/p2b_pool_s3.json",linear:runs/linear/pass7/p7b_sarsa_lam98_random_s3.json@best,2,9001,8,0,1.0,1.0,15.0,101.0,86.0,75.0,16.0,2.0,0.0,1.0,29.0,10.0,3.9,4.0,6.0,3.0,9.0,0.0,35.0,0.0,2.0,0.0,0.0,0.0,65.0,129.22,33,129.2
"mcts:reward=margin,guide=ppo:runs/ppo/pass2/p2b_pool_s3.json",linear:runs/linear/pass7/p7b_sarsa_lam98_random_s3.json@best,2,9001,9,0,1.0,1.0,42.0,113.0,71.0,91.0,12.0,1.0,1.0,1.0,29.0,10.0,4.4,5.0,1.0,3.0,26.0,0.0,14.0,0.0,2.0,0.0,0.0,1.0,59.0,128.67,31,128.65
"mcts:reward=margin,guide=ppo:runs/ppo/pass2/p2b_pool_s3.json",greedy,2,9001,6,0,1.0,1.0,12.0,96.0,84.0,89.0,-3.0,1.0,1.0,1.0,27.0,12.0,3.75,5.0,0.0,6.0,11.0,0.0,39.0,0.0,2.0,0.0,0.0,1.0,73.0,154.37,38,154.36
"mcts:reward=margin,guide=ppo:runs/ppo/pass2/p2b_pool_s3.json",greedy,2,9001,7,0,0.0,0.0,-37.0,90.0,127.0,72.0,8.0,1.0,1.0,1.0,26.0,15.0,3.0,2.0,0.0,1.0,20.0,0.0,26.0,0.0,2.0,0.0,0.0,1.0,76.0,163.06,39,163.05
"mcts:reward=score,guide=ppo:runs/ppo/pass2/p2b_pool_s3.json,opponent=infer",linear:runs/linear/pass7/p7b_sarsa_lam98_random_s3.json@best,2,9001,8,0,1.0,1.0,7.0,96.0,89.0,90.0,-4.0,1.0,1.0,1.0,32.0,11.0,4.0,4.0,1.0,4.0,7.0,0.0,33.0,0.0,2.0,0.0,0.0,1.0,62.0,113.16,32,113.14
"mcts:reward=score,guide=ppo:runs/ppo/pass2/p2b_pool_s3.json,opponent=infer",linear:runs/linear/pass7/p7b_sarsa_lam98_random_s3.json@best,2,9001,9,0,0.0,0.0,-7.0,103.0,110.0,81.0,12.0,1.0,1.0,1.0,39.0,11.0,3.8181818181818183,3.0,3.0,5.0,20.0,0.0,28.0,0.0,2.0,0.0,0.0,0.0,70.0,130.46,36,130.43
"mcts:reward=score,guide=ppo:runs/ppo/pass2/p2b_pool_s3.json,opponent=infer",greedy,2,9001,6,0,1.0,1.0,39.0,90.0,51.0,99.0,-19.0,0.0,2.0,1.0,23.0,10.0,4.5,6.0,0.0,2.0,12.0,0.0,34.0,0.0,2.0,0.0,0.0,1.0,65.0,152.17,34,152.17
"mcts:reward=score,guide=ppo:runs/ppo/pass2/p2b_pool_s3.json,opponent=infer",greedy,2,9001,7,0,0.0,0.0,-21.0,80.0,101.0,88.0,-18.0,0.0,2.0,1.0,26.0,12.0,3.75,4.0,0.0,6.0,29.0,0.0,25.0,0.0,2.0,0.0,0.0,1.0,78.0,165.26,40,165.25
"mcts:reward=margin,guide=ppo:runs/ppo/pass2/p2b_pool_s3.json",racer,2,9001,8,0,1.0,1.0,16.0,103.0,87.0,91.0,2.0,1.0,1.0,1.0,20.0,10.0,4.4,6.0,1.0,4.0,7.0,1.0,33.0,0.0,2.0,0.0,0.0,1.0,62.0,119.59,32,119.58
"mcts:reward=margin,guide=ppo:runs/ppo/pass2/p2b_pool_s3.json",racer,2,9001,9,0,0.0,0.0,-26.0,64.0,90.0,82.0,-28.0,0.0,2.0,1.0,25.0,10.0,4.2,3.0,3.0,5.0,19.0,1.0,21.0,0.0,2.0,0.0,0.0,0.0,62.0,123.66,32,123.65
"mcts:reward=score,guide=ppo:runs/ppo/pass2/p2b_pool_s3.json,opponent=infer",racer,2,9001,8,0,0.0,0.0,-10.0,86.0,96.0,80.0,-4.0,1.0,1.0,1.0,23.0,11.0,3.909090909090909,4.0,2.0,3.0,5.0,0.0,37.0,0.0,2.0,0.0,0.0,0.0,65.0,115.06,33,115.05
"mcts:reward=score,guide=ppo:runs/ppo/pass2/p2b_pool_s3.json,opponent=infer",racer,2,9001,9,0,1.0,1.0,35.0,108.0,73.0,86.0,12.0,1.0,1.0,1.0,33.0,12.0,3.75,5.0,0.0,4.0,21.0,0.0,23.0,0.0,2.0,0.0,0.0,1.0,67.0,125.12,35,125.11
"mcts:reward=score,guide=ppo:runs/ppo/pass2/p2b_pool_s3.json,opponent=infer",ppo:runs/ppo/pass2/p2b_pool_s3.json,2,9001,10,1,0.0,0.0,-40.0,41.0,81.0,73.0,-32.0,0.0,2.0,0.0,19.0,10.0,3.9,4.0,6.0,3.0,7.0,0.0,33.0,0.0,2.0,0.0,0.0,0.0,61.0,121.29,31,121.25
"mcts:reward=score,guide=ppo:runs/ppo/pass2/p2b_pool_s3.json,opponent=infer",ppo:runs/ppo/pass2/p2b_pool_s3.json,2,9001,11,1,1.0,1.0,42.0,114.0,72.0,81.0,23.0,2.0,0.0,1.0,31.0,11.0,3.8181818181818183,5.0,3.0,5.0,13.0,0.0,29.0,0.0,2.0,0.0,0.0,0.0,65.0,112.71,33,112.66
"mcts:reward=margin,guide=ppo:runs/ppo/pass2/p2b_pool_s3.json",greedy,2,9001,8,0,0.0,0.0,-9.0,85.0,94.0,77.0,-2.0,1.0,1.0,1.0,37.0,13.0,3.4615384615384617,2.0,0.0,2.0,22.0,0.0,22.0,0.0,2.0,0.0,0.0,1.0,70.0,142.28,36,142.27
"mcts:reward=margin,guide=ppo:runs/ppo/pass2/p2b_pool_s3.json",greedy,2,9001,9,0,1.0,1.0,29.0,114.0,85.0,92.0,12.0,1.0,1.0,1.0,38.0,11.0,4.090909090909091,4.0,0.0,6.0,28.0,0.0,18.0,0.0,2.0,0.0,0.0,1.0,67.0,141.4,35,141.39
"mcts:reward=margin,guide=ppo:runs/ppo/pass2/p2b_pool_s3.json",ppo:runs/ppo/pass2/p2b_pool_s3.json,2,9001,10,1,0.0,0.0,-39.0,40.0,79.0,72.0,-32.0,0.0,2.0,0.0,23.0,8.0,4.25,4.0,11.0,2.0,22.0,0.0,22.0,0.0,2.0,0.0,0.0,0.0,61.0,136.88,31,136.83
"mcts:reward=margin,guide=ppo:runs/ppo/pass2/p2b_pool_s3.json",ppo:runs/ppo/pass2/p2b_pool_s3.json,2,9001,11,1,1.0,1.0,8.0,75.0,67.0,88.0,-23.0,0.0,2.0,1.0,30.0,10.0,4.3,5.0,2.0,5.0,15.0,0.0,27.0,0.0,2.0,0.0,0.0,0.0,63.0,134.09,32,134.04
"mcts:reward=score,guide=ppo:runs/ppo/pass2/p2b_pool_s3.json,opponent=infer",greedy,2,9001,8,0,1.0,1.0,16.0,97.0,81.0,89.0,-2.0,1.0,1.0,1.0,36.0,12.0,3.75,4.0,0.0,5.0,14.0,0.0,30.0,0.0,2.0,0.0,0.0,1.0,68.0,142.49,35,142.48
"mcts:reward=score,guide=ppo:runs/ppo/pass2/p2b_pool_s3.json,opponent=infer",greedy,2,9001,9,0,1.0,1.0,60.0,127.0,67.0,105.0,12.0,1.0,1.0,1.0,22.0,9.0,5.0,7.0,0.0,10.0,11.0,0.0,47.0,0.0,2.0,0.0,0.0,1.0,75.0,145.82,39,145.81
"mcts:reward=score,guide=ppo:runs/ppo/pass2/p2b_pool_s3.json,opponent=infer",linear:runs/linear/pass7/p7b_sarsa_lam98_random_s3.json@best,2,9001,10,1,0.0,0.0,-35.0,61.0,96.0,71.0,-10.0,1.0,1.0,0.0,16.0,10.0,3.7,3.0,8.0,6.0,13.0,0.0,33.0,0.0,2.0,0.0,0.0,0.0,67.0,125.57,34,125.54
"mcts:reward=score,guide=ppo:runs/ppo/pass2/p2b_pool_s3.json,opponent=infer",linear:runs/linear/pass7/p7b_sarsa_lam98_random_s3.json@best,2,9001,11,1,1.0,1.0,3.0,77.0,74.0,90.0,-23.0,0.0,2.0,1.0,31.0,10.0,4.1,5.0,4.0,10.0,16.0,1.0,24.0,0.0,2.0,0.0,0.0,0.0,63.0,116.35,32,116.32
"mcts:reward=margin,guide=ppo:runs/ppo/pass2/p2b_pool_s3.json",linear:runs/linear/pass7/p7b_sarsa_lam98_random_s3.json@best,2,9001,10,1,0.0,0.0,-27.0,63.0,90.0,85.0,-32.0,0.0,2.0,1.0,26.0,11.0,4.090909090909091,3.0,0.0,5.0,20.0,1.0,24.0,0.0,2.0,0.0,0.0,1.0,68.0,140.91,35,140.88
"mcts:reward=margin,guide=ppo:runs/ppo/pass2/p2b_pool_s3.json",linear:runs/linear/pass7/p7b_sarsa_lam98_random_s3.json@best,2,9001,11,1,1.0,1.0,1.0,87.0,86.0,76.0,1.0,1.0,1.0,1.0,26.0,12.0,3.5,2.0,3.0,5.0,19.0,0.0,23.0,0.0,2.0,0.0,0.0,0.0,67.0,130.35,34,130.32
"mcts:reward=score,guide=ppo:runs/ppo/pass2/p2b_pool_s3.json,opponent=infer",racer,2,9001,10,1,0.0,0.0,-27.0,65.0,92.0,87.0,-32.0,0.0,2.0,1.0,22.0,11.0,4.090909090909091,5.0,0.0,3.0,21.0,0.0,27.0,0.0,2.0,0.0,0.0,1.0,70.0,129.25,36,129.24
"mcts:reward=score,guide=ppo:runs/ppo/pass2/p2b_pool_s3.json,opponent=infer",racer,2,9001,11,1,1.0,1.0,20.0,98.0,78.0,89.0,-1.0,1.0,1.0,1.0,26.0,11.0,4.0,5.0,1.0,3.0,16.0,0.0,24.0,0.0,2.0,0.0,0.0,1.0,62.0,106.65,32,106.64
"mcts:reward=margin,guide=ppo:runs/ppo/pass2/p2b_pool_s3.json",racer,2,9001,10,1,1.0,1.0,26.0,113.0,87.0,71.0,32.0,2.0,0.0,1.0,32.0,16.0,2.75,3.0,1.0,5.0,26.0,0.0,16.0,0.0,2.0,0.0,0.0,1.0,74.0,132.55,38,132.54
"mcts:reward=margin,guide=ppo:runs/ppo/pass2/p2b_pool_s3.json",racer,2,9001,11,1,1.0,1.0,11.0,89.0,78.0,80.0,-1.0,1.0,1.0,1.0,21.0,12.0,3.6666666666666665,4.0,1.0,5.0,14.0,0.0,26.0,0.0,2.0,0.0,0.0,1.0,64.0,126.2,33,126.18
"mcts:reward=margin,guide=ppo:runs/ppo/pass2/p2b_pool_s3.json",greedy,2,9001,10,1,1.0,1.0,36.0,69.0,33.0,91.0,-32.0,0.0,2.0,1.0,28.0,11.0,4.090909090909091,5.0,0.0,5.0,7.0,0.0,35.0,0.0,2.0,0.0,0.0,1.0,64.0,144.16,33,144.15
"mcts:reward=margin,guide=ppo:runs/ppo/pass2/p2b_pool_s3.json",greedy,2,9001,11,1,1.0,1.0,26.0,117.0,91.0,84.0,23.0,2.0,0.0,1.0,30.0,13.0,3.4615384615384617,4.0,0.0,5.0,23.0,2.0,21.0,0.0,2.0,0.0,0.0,1.0,74.0,142.46,38,142.45
"mcts:reward=score,guide=ppo:runs/ppo/pass2/p2b_pool_s3.json,opponent=infer",greedy,2,9001,10,1,0.0,0.0,-25.0,77.0,102.0,99.0,-32.0,0.0,2.0,1.0,19.0,10.0,4.4,6.0,1.0,4.0,5.0,1.0,51.0,0.0,2.0,0.0,0.0,1.0,78.0,169.1,40,169.09
"mcts:reward=score,guide=ppo:runs/ppo/pass2/p2b_pool_s3.json,opponent=infer",greedy,2,9001,11,1,1.0,1.0,10.0,98.0,88.0,99.0,-1.0,1.0,1.0,0.0,18.0,10.0,4.5,6.0,0.0,6.0,21.0,0.0,29.0,0.0,2.0,0.0,0.0,1.0,70.0,148.13,36,148.12
"mcts:reward=score,guide=ppo:runs/ppo/pass2/p2b_pool_s3.json,opponent=infer",ppo:runs/ppo/pass2/p2b_pool_s3.json,2,9001,12,1,0.0,0.0,-65.0,27.0,92.0,64.0,-37.0,0.0,2.0,0.0,16.0,10.0,3.6,2.0,9.0,1.0,18.0,0.0,24.0,0.0,2.0,0.0,0.0,0.0,63.0,122.13,32,122.07
"mcts:reward=score,guide=ppo:runs/ppo/pass2/p2b_pool_s3.json,opponent=infer",ppo:runs/ppo/pass2/p2b_pool_s3.json,2,9001,13,1,1.0,1.0,17.0,93.0,76.0,85.0,8.0,2.0,1.0,0.0,30.0,11.0,3.8181818181818183,4.0,3.0,5.0,19.0,1.0,19.0,0.0,3.0,0.0,0.0,0.0,62.0,128.3,32,128.25
"mcts:reward=margin,guide=ppo:runs/ppo/pass2/p2b_pool_s3.json",ppo:runs/ppo/pass2/p2b_pool_s3.json,2,9001,12,1,0.0,0.0,-64.0,40.0,104.0,77.0,-37.0,0.0,2.0,0.0,14.0,11.0,3.8181818181818183,3.0,3.0,3.0,24.0,0.0,18.0,0.0,2.0,0.0,0.0,0.0,65.0,135.65,33,135.6
"mcts:reward=margin,guide=ppo:runs/ppo/pass2/p2b_pool_s3.json",ppo:runs/ppo/pass2/p2b_pool_s3.json,2,9001,13,1,1.0,1.0,25.0,102.0,77.0,81.0,21.0,2.0,0.0,0.0,30.0,11.0,3.8181818181818183,4.0,3.0,7.0,17.0,0.0,25.0,0.0,2.0,0.0,0.0,0.0,64.0,136.34,33,136.28
"mcts:reward=margin,guide=ppo:runs/ppo/pass2/p2b_pool_s3.json",linear:runs/linear/pass7/p7b_sarsa_lam98_random_s3.json@best,2,9001,12,1,0.0,0.0,-18.0,78.0,96.0,71.0,-3.0,1.0,1.0,1.0,22.0,14.0,3.0,2.0,3.0,3.0,22.0,1.0,16.0,0.0,2.0,0.0,0.0,0.0,69.0,132.04,35,132.01
"mcts:reward=margin,guide=ppo:runs/ppo/pass2/p2b_pool_s3.json",linear:runs/linear/pass7/p7b_sarsa_lam98_random_s3.json@best,2,9001,13,1,1.0,1.0,26.0,93.0,67.0,82.0,1.0,1.0,1.0,1.0,30.0,13.0,3.3846153846153846,3.0,1.0,3.0,24.0,1.0,16.0,0.0,2.0,0.0,0.0,1.0,67.0,136.02,35,136.0
"mcts:reward=score,guide=ppo:runs/ppo/pass2/p2b_pool_s3.json,opponent=infer",linear:runs/linear/pass7/p7b_sarsa_lam98_random_s3.json@best,2,9001,12,1,1.0,1.0,59.0,138.0,79.0,91.0,37.0,2.0,0.0,1.0,31.0,11.0,4.090909090909091,6.0,0.0,2.0,28.0,0.0,20.0,0.0,2.0,0.0,0.0,1.0,70.0,124.34,36,124.31
"mcts:reward=score,guide=ppo:runs/ppo/pass2/p2b_pool_s3.json,opponent=infer",linear:runs/linear/pass7/p7b_sarsa_lam98_random_s3.json@best,2,9001,13,1,0.0,0.0,-1.0,68.0,69.0,68.0,-10.0,1.0,2.0,1.0,34.0,9.0,3.7777777777777777,4.0,11.0,5.0,19.0,0.0,31.0,0.0,3.0,0.0,0.0,0.0,68.0,131.44,35,131.41
"mcts:reward=score,guide=ppo:runs/ppo/pass2/p2b_pool_s3.json,opponent=infer",racer,2,9001,12,1,0.0,0.0,-9.0,58.0,67.0,85.0,-37.0,0.0,2.0,1.0,20.0,11.0,4.090909090909091,4.0,0.0,7.0,24.0,1.0,24.0,0.0,2.0,0.0,0.0,1.0,72.0,131.17,37,131.16
"mcts:reward=score,guide=ppo:runs/ppo/pass2/p2b_pool_s3.json,opponent=infer",racer,2,9001,13,1,0.0,0.0,-17.0,69.0,86.0,99.0,-30.0,0.0,3.0,0.0,11.0,9.0,5.0,7.0,0.0,5.0,21.0,1.0,27.0,0.0,3.0,0.0,0.0,0.0,68.0,133.35,35,133.33
"mcts:reward=margin,guide=ppo:runs/ppo/pass2/p2b_pool_s3.json",racer,2,9001,12,1,1.0,1.0,30.0,121.0,91.0,74.0,37.0,2.0,0.0,1.0,27.0,11.0,3.8181818181818183,3.0,3.0,5.0,17.0,0.0,29.0,0.0,2.0,0.0,0.0,0.0,69.0,138.89,35,138.88
"mcts:reward=margin,guide=ppo:runs/ppo/pass2/p2b_pool_s3.json",racer,2,9001,13,1,1.0,1.0,39.0,104.0,65.0,93.0,1.0,1.0,1.0,1.0,25.0,11.0,4.090909090909091,4.0,0.0,5.0,17.0,1.0,25.0,0.0,2.0,0.0,0.0,1.0,65.0,135.31,34,135.3
"mcts:reward=score,guide=ppo:runs/ppo/pass2/p2b_pool_s3.json,opponent=infer",ppo:runs/ppo/pass2/p2b_pool_s3.json,2,9001,14,0,0.0,0.0,-9.0,69.0,78.0,78.0,-19.0,0.0,2.0,1.0,26.0,8.0,4.625,4.0,8.0,9.0,2.0,0.0,46.0,0.0,2.0,0.0,0.0,0.0,65.0,118.58,33,118.53
"mcts:reward=score,guide=ppo:runs/ppo/pass2/p2b_pool_s3.json,opponent=infer",ppo:runs/ppo/pass2/p2b_pool_s3.json,2,9001,15,1,0.0,0.0,-21.0,64.0,85.0,67.0,-3.0,1.0,1.0,0.0,23.0,12.0,3.25,2.0,6.0,4.0,18.0,0.0,24.0,0.0,2.0,0.0,0.0,0.0,67.0,118.78,34,118.73
"mcts:reward=margin,guide=ppo:runs/ppo/pass2/p2b_pool_s3.json",ppo:runs/ppo/pass2/p2b_pool_s3.json,2,9001,14,0,0.0,0.0,-2.0,75.0,77.0,84.0,-19.0,0.0,2.0,1.0,32.0,11.0,3.8181818181818183,4.0,3.0,7.0,6.0,0.0,36.0,0.0,2.0,0.0,0.0,0.0,65.0,137.89,33,137.83
"mcts:reward=margin,guide=ppo:runs/ppo/pass2/p2b_pool_s3.json",ppo:runs/ppo/pass2/p2b_pool_s3.json,2,9001,15,1,0.0,0.0,-63.0,27.0,90.0,64.0,-37.0,0.0,2.0,0.0,11.0,7.0,4.428571428571429,5.0,14.0,3.0,23.0,1.0,21.0,0.0,2.0,0.0,0.0,0.0,61.0,134.43,31,134.38
"mcts:reward=margin,guide=ppo:runs/ppo/pass2/p2b_pool_s3.json",greedy,2,9001,12,1,0.0,0.0,-27.0,84.0,111.0,77.0,-3.0,1.0,1.0,1.0,29.0,14.0,3.2142857142857144,3.0,0.0,1.0,34.0,0.0,14.0,0.0,2.0,0.0,0.0,1.0,76.0,147.42,39,147.41
"mcts:reward=margin,guide=ppo:runs/ppo/pass2/p2b_pool_s3.json",greedy,2,9001,13,1,0.0,0.0,-4.0,105.0,109.0,74.0,21.0,2.0,0.0,1.0,26.0,15.0,3.0,2.0,0.0,6.0,8.0,1.0,40.0,0.0,2.0,0.0,0.0,1.0,79.0,157.45,41,157.44
"mcts:reward=score,guide=ppo:runs/ppo/pass2/p2b_pool_s3.json,opponent=infer",greedy,2,9001,12,1,0.0,0.0,-19.0,93.0,112.0,86.0,-3.0,1.0,1.0,1.0,24.0,14.0,3.2142857142857144,4.0,0.0,5.0,15.0,2.0,25.0,0.0,2.0,0.0,0.0,1.0,72.0,146.34,37,146.33
"mcts:reward=score,guide=ppo:runs/ppo/pass2/p2b_pool_s3.json,opponent=infer",greedy,2,9001,13,1,0.0,0.0,-23.0,78.0,101.0,98.0,-30.0,0.0,3.0,1.0,27.0,9.0,5.0,6.0,0.0,2.0,24.0,0.0,28.0,0.0,3.0,0.0,0.0,1.0,69.0,152.58,36,152.57
"mcts:reward=margin,guide=ppo:runs/ppo/pass2/p2b_pool_s3.json",linear:runs/linear/pass7/p7b_sarsa_lam98_random_s3.json@best,2,9001,14,0,1.0,1.0,17.0,95.0,78.0,88.0,-3.0,1.0,1.0,1.0,28.0,11.0,4.090909090909091,6.0,0.0,9.0,7.0,2.0,33.0,0.0,2.0,0.0,0.0,1.0,66.0,136.85,34,136.82
"mcts:reward=margin,guide=ppo:runs/ppo/pass2/p2b_pool_s3.json",linear:runs/linear/pass7/p7b_sarsa_lam98_random_s3.json@best,2,9001,15,1,1.0,1.0,40.0,120.0,80.0,73.0,37.0,2.0,0.0,1.0,26.0,12.0,3.5,3.0,3.0,2.0,24.0,0.0,20.0,0.0,2.0,0.0,0.0,0.0,69.0,133.02,35,132.99
"mcts:reward=score,guide=ppo:runs/ppo/pass2/p2b_pool_s3.json,opponent=infer",linear:runs/linear/pass7/p7b_sarsa_lam98_random_s3.json@best,2,9001,14,0,1.0,1.0,1.0,83.0,82.0,92.0,-19.0,0.0,2.0,1.0,33.0,10.0,4.5,5.0,0.0,7.0,3.0,0.0,47.0,0.0,2.0,0.0,0.0,1.0,70.0,125.76,36,125.74
"mcts:reward=score,guide=ppo:runs/ppo/pass2/p2b_pool_s3.json,opponent=infer",linear:runs/linear/pass7/p7b_sarsa_lam98_random_s3.json@best,2,9001,15,1,0.0,0.0,-44.0,42.0,86.0,79.0,-37.0,0.0,2.0,0.0,12.0,7.0,5.0,5.0,10.0,4.0,24.0,0.0,24.0,0.0,2.0,0.0,0.0,0.0,63.0,124.5,32,124.47
"mcts:reward=score,guide=ppo:runs/ppo/pass2/p2b_pool_s3.json,opponent=infer",racer,2,9001,14,0,1.0,1.0,12.0,90.0,78.0,99.0,-19.0,0.0,2.0,1.0,16.0,9.0,5.0,7.0,0.0,8.0,3.0,0.0,49.0,0.0,2.0,0.0,0.0,1.0,70.0,123.6,36,123.59
"mcts:reward=score,guide=ppo:runs/ppo/pass2/p2b_pool_s3.json,opponent=infer",racer,2,9001,15,1,1.0,1.0,42.0,126.0,84.0,79.0,37.0,2.0,0.0,1.0,25.0,14.0,3.2142857142857144,3.0,0.0,4.0,28.0,1.0,14.0,0.0,2.0,0.0,0.0,1.0,72.0,119.39,37,119.38
"mcts:reward=margin,guide=ppo:runs/ppo/pass2/p2b_pool_s3.json",racer,2,9001,14,0,1.0,1.0,4.0,87.0,83.0,80.0,-3.0,1.0,1.0,1.0,37.0,12.0,3.6666666666666665,3.0,1.0,7.0,3.0,0.0,39.0,0.0,2.0,0.0,0.0,1.0,66.0,141.01,34,141.0
"mcts:reward=margin,guide=ppo:runs/ppo/pass2/p2b_pool_s3.json",racer,2,9001,15,1,1.0,1.0,45.0,124.0,79.0,77.0,37.0,2.0,0.0,1.0,31.0,14.0,3.142857142857143,4.0,1.0,6.0,26.0,1.0,16.0,0.0,2.0,0.0,0.0,1.0,72.0,145.0,37,144.99
"mcts:reward=score,guide=ppo:runs/ppo/pass2/p2b_pool_s3.json,opponent=infer",ppo:runs/ppo/pass2/p2b_pool_s3.json,2,9001,16,0,0.0,0.0,-18.0,70.0,88.0,84.0,-14.0,0.0,2.0,0.0,16.0,11.0,4.0,4.0,1.0,3.0,1.0,0.0,43.0,0.0,2.0,0.0,0.0,0.0,67.0,128.9,34,128.84
"mcts:reward=score,guide=ppo:runs/ppo/pass2/p2b_pool_s3.json,opponent=infer",ppo:runs/ppo/pass2/p2b_pool_s3.json,2,9001,17,1,0.0,0.0,-31.0,50.0,81.0,79.0,-29.0,0.0,2.0,0.0,14.0,7.0,5.142857142857143,6.0,9.0,5.0,10.0,0.0,38.0,0.0,2.0,0.0,0.0,0.0,63.0,124.23,32,124.18
"mcts:reward=score,guide=ppo:runs/ppo/pass2/p2b_pool_s3.json,opponent=infer",linear:runs/linear/pass7/p7b_sarsa_lam98_random_s3.json@best,2,9001,16,0,1.0,1.0,22.0,93.0,71.0,97.0,-14.0,0.0,2.0,1.0,29.0,10.0,4.5,5.0,0.0,7.0,2.0,1.0,42.0,0.0,2.0,0.0,0.0,1.0,66.0,122.09,34,122.06
"mcts:reward=score,guide=ppo:runs/ppo/pass2/p2b_pool_s3.json,opponent=infer",linear:runs/linear/pass7/p7b_sarsa_lam98_random_s3.json@best,2,9001,17,1,0.0,0.0,-33.0,71.0,104.0,90.0,-29.0,0.0,2.0,1.0,16.0,10.0,4.4,5.0,1.0,3.0,27.0,0.0,15.0,0.0,2.0,0.0,0.0,0.0,63.0,113.52,32,113.49
"mcts:reward=margin,guide=ppo:runs/ppo/pass2/p2b_pool_s3.json",greedy,2,9001,14,0,1.0,1.0,33.0,106.0,73.0,77.0,19.0,2.0,0.0,1.0,33.0,14.0,3.2142857142857144,3.0,0.0,8.0,13.0,2.0,35.0,0.0,2.0,0.0,0.0,1.0,80.0,162.33,41,162.32
"mcts:reward=margin,guide=ppo:runs/ppo/pass2/p2b_pool_s3.json",greedy,2,9001,15,1,1.0,1.0,1.0,82.0,81.0,75.0,-3.0,1.0,1.0,1.0,27.0,15.0,3.0,3.0,0.0,2.0,32.0,1.0,14.0,0.0,2.0,0.0,0.0,1.0,78.0,151.95,40,151.94
"mcts:reward=margin,guide=ppo:runs/ppo/pass2/p2b_pool_s3.json",linear:runs/linear/pass7/p7b_sarsa_lam98_random_s3.json@best,2,9001,16,0,1.0,1.0,7.0,88.0,81.0,72.0,6.0,1.0,2.0,1.0,25.0,13.0,3.076923076923077,4.0,5.0,4.0,4.0,0.0,36.0,1.0,3.0,0.0,0.0,0.0,69.0,139.82,36,139.79
"mcts:reward=margin,guide=ppo:runs/ppo/pass2/p2b_pool_s3.json",linear:runs/linear/pass7/p7b_sarsa_lam98_random_s3.json@best,2,9001,17,1,0.0,0.0,-23.0,76.0,99.0,55.0,11.0,1.0,1.0,1.0,20.0,13.0,2.6153846153846154,2.0,11.0,4.0,20.0,0.0,16.0,0.0,2.0,0.0,0.0,0.0,63.0,125.81,32,125.78
"mcts:reward=score,guide=ppo:runs/ppo/pass2/p2b_pool_s3.json,opponent=infer",greedy,2,9001,14,0,0.0,0.0,-18.0,78.0,96.0,87.0,-19.0,0.0,2.0,1.0,32.0,12.0,3.6666666666666665,5.0,1.0,7.0,9.0,0.0,45.0,0.0,2.0,0.0,0.0,1.0,78.0,159.81,40,159.8
"mcts:reward=score,guide=ppo:runs/ppo/pass2/p2b_pool_s3.json,opponent=infer",greedy,2,9001,15,1,0.0,0.0,-45.0,62.0,107.0,99.0,-37.0,0.0,2.0,0.0,15.0,10.0,4.5,6.0,0.0,6.0,8.0,2.0,42.0,0.0,2.0,0.0,0.0,1.0,74.0,157.03,38,157.02
"mcts:reward=margin,guide=ppo:runs/ppo/pass2/p2b_pool_s3.json",ppo:runs/ppo/pass2/p2b_pool_s3.json,2,9001,16,0,0.0,0.0,-36.0,46.0,82.0,49.0,-13.0,1.0,3.0,1.0,16.0,10.0,3.0,2.0,15.0,7.0,3.0,0.0,37.0,1.0,4.0,0.0,0.0,0.0,63.0,155.76,33,155.71
"mcts:reward=margin,guide=ppo:runs/ppo/pass2/p2b_pool_s3.json",ppo:runs/ppo/pass2/p2b_pool_s3.json,2,9001,17,1,1.0,1.0,16.0,97.0,81.0,86.0,11.0,1.0,1.0,0.0,20.0,11.0,3.909090909090909,4.0,2.0,5.0,14.0,1.0,26.0,0.0,2.0,0.0,0.0,0.0,65.0,133.57,33,133.51
"mcts:reward=score,guide=ppo:runs/ppo/pass2/p2b_pool_s3.json,opponent=infer",racer,2,9001,16,0,1.0,1.0,4.0,94.0,90.0,86.0,-2.0,1.0,1.0,1.0,20.0,12.0,3.75,4.0,0.0,8.0,5.0,0.0,43.0,0.0,2.0,0.0,0.0,1.0,72.0,128.02,37,128.01
"mcts:reward=score,guide=ppo:runs/ppo/pass2/p2b_pool_s3.json,opponent=infer",racer,2,9001,17,1,0.0,0.0,-14.0,80.0,94.0,81.0,-11.0,1.0,1.0,1.0,36.0,13.0,3.3846153846153846,4.0,1.0,6.0,14.0,0.0,30.0,0.0,2.0,0.0,0.0,1.0,70.0,120.57,36,120.56
"mcts:reward=margin,guide=ppo:runs/ppo/pass2/p2b_pool_s3.json",racer,2,9001,16,0,1.0,1.0,14.0,82.0,68.0,86.0,-14.0,0.0,2.0,1.0,25.0,12.0,3.6666666666666665,4.0,1.0,9.0,11.0,1.0,33.0,0.0,2.0,0.0,0.0,1.0,70.0,137.94,36,137.92
"mcts:reward=margin,guide=ppo:runs/ppo/pass2/p2b_pool_s3.json",racer,2,9001,17,1,0.0,0.0,-3.0,69.0,72.0,88.0,-29.0,0.0,2.0,1.0,24.0,11.0,4.090909090909091,4.0,0.0,5.0,20.0,0.0,22.0,0.0,2.0,0.0,0.0,1.0,64.0,130.56,33,130.55
"mcts:reward=margin,guide=ppo:runs/ppo/pass2/p2b_pool_s3.json",greedy,2,9001,16,0,1.0,1.0,31.0,117.0,86.0,73.0,34.0,3.0,0.0,1.0,38.0,15.0,3.0,2.0,0.0,5.0,20.0,0.0,22.0,1.0,3.0,0.0,0.0,1.0,74.0,161.55,39,161.54
"mcts:reward=margin,guide=ppo:runs/ppo/pass2/p2b_pool_s3.json",greedy,2,9001,17,1,1.0,1.0,1.0,103.0,102.0,92.0,11.0,1.0,1.0,0.0,24.0,12.0,3.75,5.0,0.0,5.0,12.0,1.0,32.0,0.0,2.0,0.0,0.0,1.0,70.0,144.14,36,144.13
"mcts:reward=score,guide=ppo:runs/ppo/pass2/p2b_pool_s3.json,opponent=infer",greedy,2,9001,16,0,1.0,1.0,23.0,92.0,69.0,96.0,-14.0,0.0,2.0,1.0,28.0,11.0,4.090909090909091,5.0,0.0,4.0,9.0,0.0,37.0,0.0,2.0,0.0,0.0,1.0,68.0,150.59,35,150.58
"mcts:reward=score,guide=ppo:runs/ppo/pass2/p2b_pool_s3.json,opponent=infer",greedy,2,9001,17,1,0.0,0.0,-9.0,118.0,127.0,76.0,32.0,2.0,0.0,1.0,29.0,14.0,3.2142857142857144,2.0,0.0,6.0,13.0,2.0,41.0,0.0,2.0,0.0,0.0,1.0,86.0,166.99,44,166.98
"mcts:reward=score,guide=ppo:runs/ppo/pass2/p2b_pool_s3.json,opponent=infer",ppo:runs/ppo/pass2/p2b_pool_s3.json,2,9001,18,0,0.0,0.0,-53.0,38.0,91.0,63.0,-25.0,0.0,2.0,0.0,16.0,8.0,4.0,4.0,13.0,4.0,15.0,0.0,31.0,0.0,2.0,0.0,0.0,0.0,62.0,119.28,32,119.23
"mcts:reward=score,guide=ppo:runs/ppo/pass2/p2b_pool_s3.json,opponent=infer",ppo:runs/ppo/pass2/p2b_pool_s3.json,2,9001,19,0,1.0,1.0,15.0,68.0,53.0,80.0,-22.0,0.0,2.0,1.0,25.0,9.0,4.333333333333333,4.0,6.0,3.0,4.0,0.0,36.0,0.0,2.0,0.0,0.0,0.0,59.0,121.06,30,121.01
"mcts:reward=margin,guide=ppo:runs/ppo/pass2/p2b_pool_s3.json",ppo:runs/ppo/pass2/p2b_pool_s3.json,2,9001,18,0,1.0,1.0,25.0,106.0,81.0,71.0,25.0,2.0,0.0,1.0,31.0,12.0,3.25,4.0,6.0,6.0,22.0,0.0,22.0,0.0,2.0,0.0,0.0,0.0,68.0,134.24,35,134.19
"mcts:reward=margin,guide=ppo:runs/ppo/pass2/p2b_pool_s3.json",ppo:runs/ppo/pass2/p2b_pool_s3.json,2,9001,19,0,1.0,1.0,7.0,65.0,58.0,49.0,6.0,2.0,1.0,1.0,24.0,12.0,2.6666666666666665,1.0,13.0,1.0,19.0,0.0,17.0,0.0,3.0,0.0,0.0,0.0,61.0,131.5,31,131.45
"mcts:reward=score,guide=ppo:runs/ppo/pass2/p2b_pool_s3.json,opponent=infer",linear:runs/linear/pass7/p7b_sarsa_lam98_random_s3.json@best,2,9001,18,0,0.0,0.0,-12.0,81.0,93.0,72.0,-1.0,1.0,1.0,1.0,20.0,13.0,3.230769230769231,3.0,3.0,5.0,18.0,1.0,22.0,0.0,2.0,0.0,0.0,0.0,68.0,122.03,35,122.01
"mcts:reward=score,guide=ppo:runs/ppo/pass2/p2b_pool_s3.json,opponent=infer",linear:runs/linear/pass7/p7b_sarsa_lam98_random_s3.json@best,2,9001,19,0,1.0,1.0,7.0,82.0,75.0,94.0,-22.0,0.0,2.0,1.0,15.0,8.0,5.125,6.0,4.0,5.0,22.0,1.0,26.0,0.0,2.0,0.0,0.0,0.0,67.0,123.13,34,123.1
"mcts:reward=margin,guide=ppo:runs/ppo/pass2/p2b_pool_s3.json",linear:runs/linear/pass7/p7b_sarsa_lam98_random_s3.json@best,2,9001,18,0,1.0,1.0,16.0,112.0,96.0,77.0,25.0,2.0,0.0,1.0,18.0,14.0,3.2142857142857144,5.0,0.0,5.0,17.0,1.0,23.0,0.0,2.0,0.0,0.0,1.0,69.0,138.28,36,138.25
"mcts:reward=margin,guide=ppo:runs/ppo/pass2/p2b_pool_s3.json",linear:runs/linear/pass7/p7b_sarsa_lam98_random_s3.json@best,2,9001,19,0,1.0,1.0,24.0,108.0,84.0,66.0,32.0,3.0,0.0,1.0,29.0,13.0,3.076923076923077,1.0,5.0,2.0,25.0,0.0,15.0,0.0,3.0,0.0,0.0,0.0,67.0,131.97,34,131.94
"mcts:reward=score,guide=ppo:runs/ppo/pass2/p2b_pool_s3.json,opponent=infer",racer,2,9001,18,0,1.0,1.0,46.0,118.0,72.0,83.0,25.0,2.0,0.0,1.0,26.0,13.0,3.4615384615384617,3.0,0.0,6.0,15.0,0.0,31.0,0.0,2.0,0.0,0.0,1.0,71.0,116.91,37,116.9
"mcts:reward=score,guide=ppo:runs/ppo/pass2/p2b_pool_s3.json,opponent=infer",racer,2,9001,19,0,1.0,1.0,36.0,110.0,74.0,78.0,22.0,2.0,0.0,1.0,23.0,15.0,3.0,3.0,0.0,6.0,18.0,2.0,22.0,0.0,2.0,0.0,0.0,1.0,74.0,123.63,38,123.62
"mcts:reward=margin,guide=ppo:runs/ppo/pass2/p2b_pool_s3.json",racer,2,9001,18,0,1.0,1.0,20.0,107.0,87.0,72.0,25.0,2.0,0.0,1.0,26.0,15.0,2.8666666666666667,3.0,2.0,5.0,14.0,2.0,24.0,0.0,2.0,0.0,0.0,1.0,71.0,134.44,37,134.43
"mcts:reward=margin,guide=ppo:runs/ppo/pass2/p2b_pool_s3.json",racer,2,9001,19,0,1.0,1.0,39.0,113.0,74.0,71.0,32.0,3.0,0.0,1.0,31.0,17.0,2.588235294117647,2.0,1.0,2.0,22.0,0.0,22.0,0.0,3.0,0.0,0.0,1.0,78.0,140.19,40,140.18
"mcts:reward=score,guide=ppo:runs/ppo/pass2/p2b_pool_s3.json,opponent=infer",ppo:runs/ppo/pass2/p2b_pool_s3.json,2,9001,20,1,1.0,1.0,41.0,115.0,74.0,72.0,33.0,2.0,0.0,1.0,26.0,10.0,3.9,3.0,6.0,4.0,15.0,0.0,31.0,0.0,2.0,0.0,0.0,0.0,66.0,124.06,34,124.01
"mcts:reward=score,guide=ppo:runs/ppo/pass2/p2b_pool_s3.json,opponent=infer",ppo:runs/ppo/pass2/p2b_pool_s3.json,2,9001,21,0,1.0,1.0,29.0,103.0,74.0,71.0,22.0,2.0,0.0,1.0,27.0,9.0,4.0,4.0,9.0,7.0,7.0,1.0,33.0,0.0,2.0,0.0,0.0,0.0,60.0,126.22,31,126.16
"mcts:reward=margin,guide=ppo:runs/ppo/pass2/p2b_pool_s3.json",ppo:runs/ppo/pass2/p2b_pool_s3.json,2,9001,20,1,0.0,0.0,-32.0,56.0,88.0,67.0,-11.0,1.0,1.0,0.0,26.0,10.0,3.7,3.0,8.0,5.0,21.0,4.0,13.0,0.0,2.0,0.0,0.0,0.0,62.0,138.69,32,138.64
"mcts:reward=margin,guide=ppo:runs/ppo/pass2/p2b_pool_s3.json",ppo:runs/ppo/pass2/p2b_pool_s3.json,2,9001,21,0,0.0,0.0,-8.0,80.0,88.0,76.0,4.0,1.0,1.0,0.0,28.0,11.0,3.5454545454545454,4.0,6.0,4.0,13.0,0.0,29.0,0.0,2.0,0.0,0.0,0.0,64.0,141.61,33,141.56
"mcts:reward=margin,guide=ppo:runs/ppo/pass2/p2b_pool_s3.json",greedy,2,9001,18,0,1.0,1.0,4.0,81.0,77.0,82.0,-1.0,1.0,1.0,0.0,25.0,14.0,3.2142857142857144,4.0,0.0,5.0,18.0,0.0,24.0,0.0,2.0,0.0,0.0,1.0,69.0,148.75,36,148.74
"mcts:reward=margin,guide=ppo:runs/ppo/pass2/p2b_pool_s3.json",greedy,2,9001,19,0,1.0,1.0,41.0,126.0,85.0,84.0,32.0,3.0,0.0,1.0,37.0,14.0,3.2142857142857144,4.0,0.0,8.0,8.0,1.0,34.0,0.0,3.0,0.0,0.0,1.0,72.0,154.42,37,154.41
"mcts:reward=score,guide=ppo:runs/ppo/pass2/p2b_pool_s3.json,opponent=infer",greedy,2,9001,18,0,1.0,1.0,18.0,124.0,106.0,89.0,25.0,2.0,0.0,1.0,20.0,12.0,3.75,5.0,0.0,2.0,27.0,1.0,23.0,0.0,2.0,0.0,0.0,1.0,75.0,156.19,39,156.18
"mcts:reward=score,guide=ppo:runs/ppo/pass2/p2b_pool_s3.json,opponent=infer",greedy,2,9001,19,0,0.0,0.0,-46.0,69.0,115.0,91.0,-22.0,0.0,2.0,0.0,28.0,11.0,4.090909090909091,5.0,0.0,4.0,12.0,0.0,36.0,0.0,2.0,0.0,0.0,1.0,70.0,149.67,36,149.66
"mcts:reward=margin,guide=ppo:runs/ppo/pass2/p2b_pool_s3.json",linear:runs/linear/pass7/p7b_sarsa_lam98_random_s3.json@best,2,9001,20,1,1.0,1.0,29.0,108.0,79.0,87.0,11.0,1.0,1.0,1.0,37.0,11.0,4.0,4.0,1.0,5.0,23.0,3.0,17.0,0.0,2.0,0.0,0.0,1.0,67.0,135.97,35,135.94
"mcts:reward=margin,guide=ppo:runs/ppo/pass2/p2b_pool_s3.json",linear:runs/linear/pass7/p7b_sarsa_lam98_random_s3.json@best,2,9001,21,0,1.0,1.0,5.0,104.0,99.0,72.0,22.0,2.0,0.0,1.0,27.0,12.0,3.4166666666666665,2.0,4.0,5.0,11.0,0.0,31.0,0.0,2.0,0.0,0.0,0.0,66.0,139.85,34,139.82
"mcts:reward=score,guide=ppo:runs/ppo/pass2/p2b_pool_s3.json,opponent=infer",linear:runs/linear/pass7/p7b_sarsa_lam98_random_s3.json@best,2,9001,20,1,1.0,1.0,21.0,97.0,76.0,76.0,11.0,1.0,1.0,1.0,24.0,11.0,3.8181818181818183,3.0,3.0,1.0,24.0,1.0,18.0,0.0,2.0,0.0,0.0,0.0,66.0,119.57,34,119.54
"mcts:reward=score,guide=ppo:runs/ppo/pass2/p2b_pool_s3.json,opponent=infer",linear:runs/linear/pass7/p7b_sarsa_lam98_random_s3.json@best,2,9001,21,0,0.0,0.0,-14.0,93.0,107.0,71.0,22.0,2.0,0.0,0.0,21.0,13.0,3.1538461538461537,2.0,4.0,4.0,7.0,1.0,35.0,0.0,2.0,0.0,0.0,0.0,70.0,125.08,36,125.05
"mcts:reward=score,guide=ppo:runs/ppo/pass2/p2b_pool_s3.json,opponent=infer",racer,2,9001,20,1,1.0,1.0,61.0,124.0,63.0,81.0,33.0,2.0,0.0,1.0,32.0,12.0,3.75,4.0,0.0,4.0,22.0,0.0,26.0,0.0,2.0,0.0,0.0,1.0,71.0,120.21,37,120.2
"mcts:reward=score,guide=ppo:runs/ppo/pass2/p2b_pool_s3.json,opponent=infer",racer,2,9001,21,0,1.0,1.0,17.0,110.0,93.0,78.0,22.0,2.0,0.0,1.0,33.0,14.0,3.142857142857143,3.0,1.0,3.0,21.0,1.0,21.0,0.0,2.0,0.0,0.0,0.0,72.0,120.97,37,120.96
"mcts:reward=margin,guide=ppo:runs/ppo/pass2/p2b_pool_s3.json",racer,2,9001,20,1,1.0,1.0,38.0,106.0,68.0,85.0,11.0,1.0,1.0,1.0,31.0,11.0,4.090909090909091,4.0,0.0,4.0,26.0,2.0,22.0,0.0,2.0,0.0,0.0,1.0,73.0,136.86,38,136.85
"mcts:reward=margin,guide=ppo:runs/ppo/pass2/p2b_pool_s3.json",racer,2,9001,21,0,1.0,1.0,10.0,103.0,93.0,71.0,22.0,2.0,0.0,1.0,20.0,12.0,3.3333333333333335,3.0,5.0,4.0,17.0,2.0,21.0,0.0,2.0,0.0,0.0,0.0,66.0,133.6,34,133.59
"mcts:reward=margin,guide=ppo:runs/ppo/pass2/p2b_pool_s3.json",ppo:runs/ppo/pass2/p2b_pool_s3.json,2,9001,22,0,0.0,0.0,-37.0,56.0,93.0,66.0,-10.0,1.0,1.0,0.0,18.0,12.0,3.1666666666666665,3.0,7.0,2.0,22.0,0.0,16.0,0.0,2.0,0.0,0.0,0.0,62.0,127.44,32,127.39
"mcts:reward=margin,guide=ppo:runs/ppo/pass2/p2b_pool_s3.json",ppo:runs/ppo/pass2/p2b_pool_s3.json,2,9001,23,0,1.0,1.0,3.0,86.0,83.0,62.0,24.0,2.0,0.0,0.0,14.0,10.0,3.6,3.0,9.0,4.0,12.0,0.0,28.0,0.0,2.0,0.0,0.0,0.0,61.0,123.97,31,123.92
"mcts:reward=score,guide=ppo:runs/ppo/pass2/p2b_pool_s3.json,opponent=infer",ppo:runs/ppo/pass2/p2b_pool_s3.json,2,9001,22,0,1.0,1.0,35.0,115.0,80.0,75.0,30.0,2.0,0.0,1.0,22.0,11.0,3.6363636363636362,3.0,5.0,4.0,10.0,2.0,28.0,0.0,2.0,0.0,0.0,0.0,64.0,117.9,33,117.84
"mcts:reward=score,guide=ppo:runs/ppo/pass2/p2b_pool_s3.json,opponent=infer",ppo:runs/ppo/pass2/p2b_pool_s3.json,2,9001,23,0,1.0,1.0,3.0,79.0,76.0,71.0,-2.0,1.0,1.0,1.0,31.0,11.0,3.4545454545454546,3.0,7.0,4.0,8.0,1.0,30.0,0.0,2.0,0.0,0.0,0.0,63.0,113.47,32,113.42
"mcts:reward=score,guide=ppo:runs/ppo/pass2/p2b_pool_s3.json,opponent=infer",greedy,2,9001,20,1,1.0,1.0,69.0,132.0,63.0,89.0,33.0,2.0,0.0,1.0,24.0,12.0,3.75,5.0,0.0,3.0,22.0,0.0,24.0,0.0,2.0,0.0,0.0,1.0,69.0,129.42,36,129.41
"mcts:reward=score,guide=ppo:runs/ppo/pass2/p2b_pool_s3.json,opponent=infer",greedy,2,9001,21,0,1.0,1.0,15.0,116.0,101.0,84.0,22.0,2.0,0.0,1.0,26.0,13.0,3.4615384615384617,3.0,0.0,3.0,21.0,1.0,29.0,0.0,2.0,0.0,0.0,1.0,77.0,154.36,40,154.35
"mcts:reward=margin,guide=ppo:runs/ppo/pass2/p2b_pool_s3.json",greedy,2,9001,20,1,0.0,0.0,-7.0,86.0,93.0,87.0,-11.0,1.0,1.0,1.0,30.0,12.0,3.75,5.0,0.0,2.0,35.0,1.0,13.0,0.0,2.0,0.0,0.0,1.0,73.0,145.93,38,145.92
"mcts:reward=margin,guide=ppo:runs/ppo/pass2/p2b_pool_s3.json",greedy,2,9001,21,0,0.0,0.0,-19.0,81.0,100.0,93.0,-22.0,0.0,2.0,1.0,20.0,11.0,4.090909090909091,4.0,0.0,6.0,20.0,0.0,30.0,0.0,2.0,0.0,0.0,1.0,71.0,150.1,37,150.09
"mcts:reward=margin,guide=ppo:runs/ppo/pass2/p2b_pool_s3.json",linear:runs/linear/pass7/p7b_sarsa_lam98_random_s3.json@best,2,9001,22,0,1.0,1.0,29.0,118.0,89.0,78.0,30.0,2.0,0.0,1.0,34.0,14.0,3.142857142857143,3.0,1.0,6.0,21.0,1.0,19.0,0.0,2.0,0.0,0.0,1.0,69.0,135.26,36,135.23
"mcts:reward=margin,guide=ppo:runs/ppo/pass2/p2b_pool_s3.json",linear:runs/linear/pass7/p7b_sarsa_lam98_random_s3.json@best,2,9001,23,0,0.0,0.0,-12.0,68.0,80.0,82.0,-24.0,0.0,2.0,1.0,20.0,9.0,4.555555555555555,5.0,4.0,1.0,17.0,0.0,27.0,0.0,2.0,0.0,0.0,0.0,63.0,127.92,32,127.89
"mcts:reward=score,guide=ppo:runs/ppo/pass2/p2b_pool_s3.json,opponent=infer",linear:runs/linear/pass7/p7b_sarsa_lam98_random_s3.json@best,2,9001,22,0,1.0,1.0,30.0,111.0,81.0,91.0,10.0,1.0,1.0,1.0,28.0,12.0,3.6666666666666665,6.0,1.0,3.0,15.0,0.0,29.0,0.0,2.0,0.0,0.0,1.0,67.0,127.42,35,127.39
"mcts:reward=score,guide=ppo:runs/ppo/pass2/p2b_pool_s3.json,opponent=infer",linear:runs/linear/pass7/p7b_sarsa_lam98_random_s3.json@best,2,9001,23,0,1.0,1.0,0.0,77.0,77.0,65.0,2.0,1.0,1.0,1.0,20.0,9.0,3.7777777777777777,3.0,11.0,3.0,27.0,1.0,17.0,0.0,2.0,0.0,0.0,0.0,65.0,111.96,33,111.93
"mcts:reward=score,guide=ppo:runs/ppo/pass2/p2b_pool_s3.json,opponent=infer",racer,2,9001,22,0,1.0,1.0,11.0,103.0,92.0,83.0,10.0,1.0,1.0,1.0,30.0,11.0,4.090909090909091,4.0,0.0,4.0,21.0,1.0,23.0,0.0,2.0,0.0,0.0,1.0,67.0,125.34,35,125.32
"mcts:reward=score,guide=ppo:runs/ppo/pass2/p2b_pool_s3.json,opponent=infer",racer,2,9001,23,0,0.0,0.0,-6.0,72.0,78.0,86.0,-24.0,0.0,2.0,1.0,18.0,11.0,4.090909090909091,4.0,0.0,6.0,12.0,0.0,34.0,0.0,2.0,0.0,0.0,1.0,68.0,118.15,35,118.14
"mcts:reward=margin,guide=ppo:runs/ppo/pass2/p2b_pool_s3.json",racer,2,9001,22,0,0.0,0.0,-19.0,77.0,96.0,57.0,10.0,1.0,1.0,1.0,28.0,10.0,3.3,3.0,12.0,6.0,21.0,2.0,17.0,0.0,2.0,0.0,0.0,0.0,62.0,128.57,32,128.57
"mcts:reward=margin,guide=ppo:runs/ppo/pass2/p2b_pool_s3.json",racer,2,9001,23,0,0.0,0.0,-8.0,79.0,87.0,71.0,-2.0,1.0,1.0,1.0,26.0,12.0,3.25,4.0,6.0,4.0,23.0,0.0,21.0,0.0,2.0,0.0,0.0,0.0,69.0,127.83,35,127.82
"mcts:reward=margin,guide=ppo:runs/ppo/pass2/p2b_pool_s3.json",greedy,2,9001,22,0,1.0,1.0,44.0,114.0,70.0,94.0,10.0,1.0,1.0,1.0,27.0,10.0,4.5,5.0,0.0,5.0,14.0,0.0,34.0,0.0,2.0,0.0,0.0,1.0,67.0,141.2,35,141.19
"mcts:reward=margin,guide=ppo:runs/ppo/pass2/p2b_pool_s3.json",greedy,2,9001,23,0,1.0,1.0,32.0,104.0,72.0,96.0,-2.0,1.0,1.0,1.0,40.0,10.0,4.5,6.0,0.0,3.0,10.0,0.0,34.0,0.0,2.0,0.0,0.0,1.0,64.0,125.27,33,125.26
"mcts:reward=margin,guide=ppo:runs/ppo/pass2/p2b_pool_s3.json",ppo:runs/ppo/pass2/p2b_pool_s3.json,2,9001,24,0,0.0,0.0,-18.0,68.0,86.0,86.0,-28.0,0.0,2.0,1.0,25.0,10.0,4.2,5.0,3.0,4.0,13.0,0.0,27.0,0.0,2.0,0.0,0.0,0.0,61.0,124.88,31,124.83
"mcts:reward=margin,guide=ppo:runs/ppo/pass2/p2b_pool_s3.json",ppo:runs/ppo/pass2/p2b_pool_s3.json,2,9001,25,0,0.0,0.0,-32.0,46.0,78.0,74.0,-28.0,0.0,2.0,0.0,10.0,9.0,4.333333333333333,4.0,6.0,3.0,13.0,0.0,29.0,0.0,2.0,0.0,0.0,0.0,60.0,134.55,31,134.51
"mcts:reward=score,guide=ppo:runs/ppo/pass2/p2b_pool_s3.json,opponent=infer",ppo:runs/ppo/pass2/p2b_pool_s3.json,2,9001,24,0,0.0,0.0,-23.0,65.0,88.0,71.0,-6.0,1.0,1.0,0.0,11.0,9.0,4.0,5.0,9.0,3.0,19.0,0.0,23.0,0.0,2.0,0.0,0.0,0.0,61.0,116.58,31,116.53
"mcts:reward=score,guide=ppo:runs/ppo/pass2/p2b_pool_s3.json,opponent=infer",ppo:runs/ppo/pass2/p2b_pool_s3.json,2,9001,25,0,1.0,1.0,2.0,75.0,73.0,66.0,9.0,1.0,1.0,0.0,29.0,12.0,3.25,3.0,6.0,2.0,11.0,0.0,27.0,0.0,2.0,0.0,0.0,0.0,62.0,124.41,32,124.35
"mcts:reward=score,guide=ppo:runs/ppo/pass2/p2b_pool_s3.json,opponent=infer",greedy,2,9001,22,0,1.0,1.0,10.0,116.0,106.0,87.0,19.0,2.0,1.0,1.0,27.0,12.0,3.75,4.0,0.0,4.0,25.0,0.0,31.0,1.0,3.0,0.0,0.0,1.0,81.0,163.31,43,163.3
"mcts:reward=score,guide=ppo:runs/ppo/pass2/p2b_pool_s3.json,opponent=infer",greedy,2,9001,23,0,1.0,1.0,10.0,87.0,77.0,101.0,-24.0,0.0,2.0,1.0,32.0,10.0,4.5,6.0,0.0,6.0,11.0,0.0,39.0,0.0,2.0,0.0,0.0,1.0,70.0,141.76,36,141.76
"mcts:reward=score,guide=ppo:runs/ppo/pass2/p2b_pool_s3.json,opponent=infer",linear:runs/linear/pass7/p7b_sarsa_lam98_random_s3.json@best,2,9001,24,0,0.0,0.0,-13.0,91.0,104.0,53.0,28.0,2.0,0.0,1.0,27.0,11.0,3.090909090909091,2.0,11.0,6.0,19.0,1.0,25.0,0.0,2.0,0.0,0.0,0.0,69.0,115.44,35,115.41
"mcts:reward=score,guide=ppo:runs/ppo/pass2/p2b_pool_s3.json,opponent=infer",linear:runs/linear/pass7/p7b_sarsa_lam98_random_s3.json@best,2,9001,25,0,0.0,0.0,-17.0,64.0,81.0,85.0,-31.0,0.0,2.0,1.0,19.0,11.0,4.0,4.0,1.0,5.0,11.0,0.0,33.0,0.0,2.0,0.0,0.0,0.0,66.0,123.47,34,123.44
"mcts:reward=margin,guide=ppo:runs/ppo/pass2/p2b_pool_s3.json",linear:runs/linear/pass7/p7b_sarsa_lam98_random_s3.json@best,2,9001,24,0,1.0,1.0,28.0,94.0,66.0,90.0,-6.0,1.0,1.0,1.0,31.0,11.0,4.0,5.0,1.0,3.0,29.0,0.0,13.0,0.0,2.0,0.0,0.0,1.0,64.0,124.67,33,124.65
"mcts:reward=margin,guide=ppo:runs/ppo/pass2/p2b_pool_s3.json",linear:runs/linear/pass7/p7b_sarsa_lam98_random_s3.json@best,2,9001,25,0,0.0,0.0,-19.0,72.0,91.0,84.0,-12.0,1.0,1.0,0.0,21.0,9.0,4.333333333333333,5.0,6.0,4.0,16.0,1.0,30.0,0.0,2.0,0.0,0.0,0.0,66.0,132.15,34,132.12
"mcts:reward=score,guide=ppo:runs/ppo/pass2/p2b_pool_s3.json,opponent=infer",racer,2,9001,24,0,0.0,0.0,-22.0,77.0,99.0,73.0,-6.0,1.0,1.0,1.0,18.0,9.0,4.222222222222222,4.0,7.0,3.0,24.0,0.0,22.0,0.0,2.0,0.0,0.0,0.0,65.0,115.62,33,115.6
"mcts:reward=score,guide=ppo:runs/ppo/pass2/p2b_pool_s3.json,opponent=infer",racer,2,9001,25,0,1.0,1.0,24.0,106.0,82.0,87.0,9.0,1.0,1.0,1.0,29.0,12.0,3.75,4.0,0.0,4.0,23.0,0.0,21.0,0.0,2.0,0.0,0.0,1.0,67.0,124.82,35,124.81
"mcts:reward=margin,guide=ppo:runs/ppo/pass2/p2b_pool_s3.json",racer,2,9001,24,0,1.0,1.0,41.0,121.0,80.0,83.0,28.0,2.0,0.0,1.0,42.0,13.0,3.4615384615384617,4.0,0.0,5.0,8.0,1.0,34.0,0.0,2.0,0.0,0.0,1.0,70.0,132.29,36,132.28
"mcts:reward=margin,guide=ppo:runs/ppo/pass2/p2b_pool_s3.json",racer,2,9001,25,0,1.0,1.0,8.0,92.0,84.0,94.0,-12.0,1.0,1.0,1.0,31.0,10.0,4.5,5.0,0.0,5.0,14.0,1.0,30.0,0.0,2.0,0.0,0.0,1.0,65.0,134.67,34,134.66
"mcts:reward=score,guide=ppo:runs/ppo/pass2/p2b_pool_s3.json,opponent=infer",ppo:runs/ppo/pass2/p2b_pool_s3.json,2,9001,26,0,1.0,1.0,7.0,83.0,76.0,78.0,-5.0,1.0,1.0,1.0,31.0,9.0,4.111111111111111,5.0,8.0,2.0,3.0,0.0,45.0,0.0,2.0,0.0,0.0,0.0,66.0,124.09,34,124.04
"mcts:reward=score,guide=ppo:runs/ppo/pass2/p2b_pool_s3.json,opponent=infer",ppo:runs/ppo/pass2/p2b_pool_s3.json,2,9001,27,1,0.0,0.0,-11.0,82.0,93.0,74.0,8.0,1.0,1.0,0.0,21.0,9.0,4.111111111111111,3.0,8.0,6.0,5.0,0.0,33.0,0.0,2.0,0.0,0.0,0.0,57.0,110.03,29,109.98
"mcts:reward=margin,guide=ppo:runs/ppo/pass2/p2b_pool_s3.json",greedy,2,9001,24,0,1.0,1.0,60.0,109.0,49.0,93.0,6.0,1.0,1.0,1.0,27.0,11.0,4.0,5.0,1.0,5.0,20.0,0.0,22.0,0.0,2.0,0.0,0.0,1.0,64.0,129.93,33,129.93
"mcts:reward=margin,guide=ppo:runs/ppo/pass2/p2b_pool_s3.json",greedy,2,9001,25,0,1.0,1.0,32.0,111.0,79.0,89.0,12.0,1.0,1.0,1.0,23.0,11.0,4.090909090909091,5.0,0.0,4.0,31.0,0.0,19.0,0.0,2.0,0.0,0.0,1.0,71.0,132.53,37,132.52
"mcts:reward=margin,guide=ppo:runs/ppo/pass2/p2b_pool_s3.json",ppo:runs/ppo/pass2/p2b_pool_s3.json,2,9001,26,0,1.0,1.0,25.0,107.0,82.0,76.0,21.0,2.0,0.0,1.0,35.0,9.0,4.333333333333333,3.0,6.0,6.0,2.0,0.0,42.0,0.0,2.0,0.0,0.0,0.0,62.0,135.43,32,135.38
"mcts:reward=margin,guide=ppo:runs/ppo/pass2/p2b_pool_s3.json",ppo:runs/ppo/pass2/p2b_pool_s3.json,2,9001,27,1,0.0,0.0,-17.0,72.0,89.0,80.0,-8.0,1.0,1.0,0.0,20.0,9.0,4.333333333333333,4.0,6.0,8.0,4.0,0.0,36.0,0.0,2.0,0.0,0.0,0.0,59.0,133.48,30,133.43
"mcts:reward=score,guide=ppo:runs/ppo/pass2/p2b_pool_s3.json,opponent=infer",greedy,2,9001,24,0,0.0,0.0,-19.0,79.0,98.0,97.0,-28.0,0.0,2.0,1.0,19.0,10.0,4.5,7.0,0.0,4.0,21.0,0.0,33.0,0.0,2.0,0.0,0.0,1.0,74.0,143.7,38,143.69
"mcts:reward=score,guide=ppo:runs/ppo/pass2/p2b_pool_s3.json,opponent=infer",greedy,2,9001,25,0,1.0,1.0,53.0,118.0,65.0,99.0,9.0,1.0,1.0,1.0,20.0,11.0,4.090909090909091,6.0,0.0,7.0,7.0,1.0,45.0,0.0,2.0,0.0,0.0,1.0,75.0,143.34,39,143.33
"mcts:reward=score,guide=ppo:runs/ppo/pass2/p2b_pool_s3.json,opponent=infer",linear:runs/linear/pass7/p7b_sarsa_lam98_random_s3.json@best,2,9001,26,0,1.0,1.0,45.0,116.0,71.0,85.0,21.0,2.0,0.0,1.0,26.0,11.0,4.0,5.0,1.0,3.0,10.0,0.0,34.0,0.0,2.0,0.0,0.0,1.0,65.0,120.47,34,120.44
"mcts:reward=score,guide=ppo:runs/ppo/pass2/p2b_pool_s3.json,opponent=infer",linear:runs/linear/pass7/p7b_sarsa_lam98_random_s3.json@best,2,9001,27,1,0.0,0.0,-5.0,76.0,81.0,84.0,-18.0,0.0,2.0,1.0,28.0,9.0,4.444444444444445,4.0,5.0,5.0,4.0,1.0,40.0,0.0,2.0,0.0,0.0,0.0,65.0,110.45,33,110.43
"mcts:reward=margin,guide=ppo:runs/ppo/pass2/p2b_pool_s3.json",linear:runs/linear/pass7/p7b_sarsa_lam98_random_s3.json@best,2,9001,26,0,1.0,1.0,31.0,109.0,78.0,94.0,5.0,1.0,1.0,1.0,21.0,10.0,4.5,6.0,0.0,4.0,8.0,0.0,40.0,0.0,2.0,0.0,0.0,1.0,67.0,136.63,35,136.6
"mcts:reward=margin,guide=ppo:runs/ppo/pass2/p2b_pool_s3.json",linear:runs/linear/pass7/p7b_sarsa_lam98_random_s3.json@best,2,9001,27,1,1.0,1.0,39.0,109.0,70.0,91.0,8.0,1.0,1.0,1.0,27.0,9.0,4.777777777777778,6.0,2.0,5.0,11.0,1.0,29.0,0.0,2.0,0.0,0.0,1.0,60.0,124.94,31,124.91
"mcts:reward=margin,guide=ppo:runs/ppo/pass2/p2b_pool_s3.json",racer,2,9001,26,0,0.0,0.0,-13.0,76.0,89.0,87.0,-21.0,0.0,2.0,1.0,33.0,11.0,4.090909090909091,4.0,0.0,5.0,13.0,0.0,35.0,0.0,2.0,0.0,0.0,1.0,69.0,138.92,36,138.91
"mcts:reward=margin,guide=ppo:runs/ppo/pass2/p2b_pool_s3.json",racer,2,9001,27,1,1.0,1.0,41.0,111.0,70.0,83.0,18.0,2.0,0.0,1.0,27.0,13.0,3.3846153846153846,4.0,1.0,6.0,6.0,1.0,34.0,0.0,2.0,0.0,0.0,1.0,68.0,134.62,35,134.6
"mcts:reward=score,guide=ppo:runs/ppo/pass2/p2b_pool_s3.json,opponent=infer",racer,2,9001,26,0,1.0,1.0,57.0,139.0,82.0,78.0,51.0,4.0,0.0,1.0,37.0,14.0,3.2142857142857144,3.0,0.0,2.0,16.0,1.0,28.0,1.0,4.0,0.0,0.0,1.0,75.0,129.89,40,129.87
"mcts:reward=score,guide=ppo:runs/ppo/pass2/p2b_pool_s3.json,opponent=infer",racer,2,9001,27,1,1.0,1.0,33.0,108.0,75.0,90.0,8.0,1.0,1.0,1.0,23.0,11.0,4.090909090909091,5.0,0.0,7.0,5.0,0.0,41.0,0.0,2.0,0.0,0.0,1.0,68.0,117.91,35,117.9
"mcts:reward=score,guide=ppo:runs/ppo/pass2/p2b_pool_s3.json,opponent=infer",ppo:runs/ppo/pass2/p2b_pool_s3.json,2,9001,28,0,0.0,0.0,-45.0,56.0,101.0,78.0,-22.0,0.0,2.0,0.0,10.0,9.0,4.333333333333333,5.0,6.0,3.0,7.0,0.0,41.0,0.0,2.0,0.0,0.0,0.0,67.0,123.06,34,123.0
"mcts:reward=score,guide=ppo:runs/ppo/pass2/p2b_pool_s3.json,opponent=infer",ppo:runs/ppo/pass2/p2b_pool_s3.json,2,9001,29,1,0.0,0.0,-46.0,47.0,93.0,80.0,-33.0,0.0,2.0,0.0,14.0,8.0,4.75,4.0,7.0,4.0,13.0,1.0,31.0,0.0,2.0,0.0,0.0,0.0,62.0,114.72,32,114.67
"mcts:reward=score,guide=ppo:runs/ppo/pass2/p2b_pool_s3.json,opponent=infer",linear:runs/linear/pass7/p7b_sarsa_lam98_random_s3.json@best,2,9001,28,0,1.0,1.0,23.0,109.0,86.0,77.0,22.0,2.0,0.0,1.0,20.0,13.0,3.3076923076923075,3.0,2.0,3.0,13.0,0.0,31.0,0.0,2.0,0.0,0.0,0.0,71.0,122.51,36,122.47
"mcts:reward=score,guide=ppo:runs/ppo/pass2/p2b_pool_s3.json,opponent=infer",linear:runs/linear/pass7/p7b_sarsa_lam98_random_s3.json@best,2,9001,29,1,0.0,0.0,-7.0,75.0,82.0,98.0,-33.0,0.0,2.0,1.0,24.0,9.0,5.0,5.0,0.0,3.0,22.0,1.0,28.0,0.0,2.0,0.0,0.0,0.0,70.0,120.26,36,120.23
"mcts:reward=score,guide=ppo:runs/ppo/pass2/p2b_pool_s3.json,opponent=infer",greedy,2,9001,26,0,1.0,1.0,39.0,127.0,88.0,96.0,21.0,2.0,0.0,1.0,39.0,10.0,4.5,5.0,0.0,7.0,15.0,2.0,37.0,0.0,2.0,0.0,0.0,1.0,75.0,148.79,39,148.78
"mcts:reward=score,guide=ppo:runs/ppo/pass2/p2b_pool_s3.json,opponent=infer",greedy,2,9001,27,1,0.0,0.0,-27.0,91.0,118.0,99.0,-18.0,0.0,2.0,1.0,28.0,9.0,5.0,7.0,0.0,4.0,23.0,1.0,31.0,0.0,2.0,0.0,0.0,1.0,74.0,149.74,38,149.73
"mcts:reward=margin,guide=ppo:runs/ppo/pass2/p2b_pool_s3.json",ppo:runs/ppo/pass2/p2b_pool_s3.json,2,9001,28,0,0.0,0.0,-81.0,19.0,100.0,62.0,-43.0,0.0,3.0,0.0,13.0,11.0,3.3636363636363638,3.0,8.0,1.0,22.0,0.0,18.0,0.0,3.0,0.0,0.0,0.0,63.0,146.53,32,146.47
"mcts:reward=margin,guide=ppo:runs/ppo/pass2/p2b_pool_s3.json",ppo:runs/ppo/pass2/p2b_pool_s3.json,2,9001,29,1,1.0,1.0,8.0,82.0,74.0,79.0,-7.0,1.0,1.0,1.0,34.0,11.0,3.727272727272727,3.0,4.0,6.0,13.0,1.0,31.0,0.0,2.0,0.0,0.0,0.0,68.0,140.46,35,140.41
"mcts:reward=margin,guide=ppo:runs/ppo/pass2/p2b_pool_s3.json",greedy,2,9001,26,0,1.0,1.0,27.0,72.0,45.0,83.0,-21.0,0.0,2.0,1.0,22.0,14.0,3.2142857142857144,3.0,0.0,4.0,11.0,0.0,33.0,0.0,2.0,0.0,0.0,1.0,71.0,148.39,37,148.38
"mcts:reward=margin,guide=ppo:runs/ppo/pass2/p2b_pool_s3.json",greedy,2,9001,27,1,0.0,0.0,-36.0,95.0,131.0,85.0,0.0,2.0,1.0,1.0,41.0,13.0,3.4615384615384617,3.0,0.0,4.0,20.0,2.0,26.0,0.0,3.0,0.0,0.0,1.0,76.0,168.49,39,168.48
"mcts:reward=score,guide=ppo:runs/ppo/pass2/p2b_pool_s3.json,opponent=infer",racer,2,9001,28,0,0.0,0.0,-34.0,65.0,99.0,77.0,-22.0,0.0,2.0,1.0,27.0,11.0,3.8181818181818183,2.0,3.0,5.0,15.0,0.0,33.0,0.0,2.0,0.0,0.0,0.0,71.0,119.67,36,119.66
"mcts:reward=score,guide=ppo:runs/ppo/pass2/p2b_pool_s3.json,opponent=infer",racer,2,9001,29,1,1.0,1.0,44.0,128.0,84.0,85.0,33.0,2.0,0.0,1.0,23.0,12.0,3.75,5.0,0.0,2.0,21.0,0.0,23.0,0.0,2.0,0.0,0.0,1.0,67.0,114.61,35,114.6
"mcts:reward=margin,guide=ppo:runs/ppo/pass2/p2b_pool_s3.json",linear:runs/linear/pass7/p7b_sarsa_lam98_random_s3.json@best,2,9001,28,0,0.0,0.0,-66.0,23.0,89.0,56.0,-43.0,0.0,3.0,1.0,19.0,12.0,3.0833333333333335,2.0,8.0,2.0,17.0,0.0,23.0,0.0,3.0,0.0,0.0,0.0,65.0,148.74,33,148.71
"mcts:reward=margin,guide=ppo:runs/ppo/pass2/p2b_pool_s3.json",linear:runs/linear/pass7/p7b_sarsa_lam98_random_s3.json@best,2,9001,29,1,1.0,1.0,37.0,123.0,86.0,80.0,33.0,2.0,0.0,1.0,25.0,12.0,3.6666666666666665,2.0,1.0,4.0,15.0,1.0,27.0,0.0,2.0,0.0,0.0,1.0,67.0,132.11,35,132.08
"mcts:reward=margin,guide=ppo:runs/ppo/pass2/p2b_pool_s3.json",racer,2,9001,28,0,0.0,0.0,-67.0,32.0,99.0,65.0,-43.0,0.0,3.0,1.0,30.0,15.0,2.8666666666666667,2.0,2.0,2.0,21.0,0.0,19.0,0.0,3.0,0.0,0.0,0.0,71.0,155.6,36,155.59
"mcts:reward=margin,guide=ppo:runs/ppo/pass2/p2b_pool_s3.json",racer,2,9001,29,1,1.0,1.0,18.0,111.0,93.0,68.0,33.0,2.0,0.0,1.0,22.0,14.0,3.0714285714285716,2.0,2.0,0.0,24.0,0.0,18.0,0.0,2.0,0.0,0.0,0.0,70.0,134.27,36,134.26
"mcts:reward=score,guide=ppo:runs/ppo/pass2/p2b_pool_s3.json,opponent=infer",ppo:runs/ppo/pass2/p2b_pool_s3.json,2,9001,30,0,1.0,1.0,3.0,81.0,78.0,75.0,-4.0,1.0,1.0,1.0,22.0,8.0,4.625,4.0,8.0,2.0,17.0,0.0,25.0,0.0,2.0,0.0,0.0,0.0,59.0,110.02,30,109.97
"mcts:reward=score,guide=ppo:runs/ppo/pass2/p2b_pool_s3.json,opponent=infer",ppo:runs/ppo/pass2/p2b_pool_s3.json,2,9001,31,1,0.0,0.0,-1.0,61.0,62.0,77.0,-26.0,0.0,2.0,1.0,18.0,9.0,4.333333333333333,4.0,6.0,3.0,9.0,0.0,33.0,0.0,2.0,0.0,0.0,0.0,61.0,112.55,31,112.5
"mcts:reward=margin,guide=ppo:runs/ppo/pass2/p2b_pool_s3.json",greedy,2,9001,28,0,0.0,0.0,-33.0,62.0,95.0,83.0,-31.0,0.0,2.0,1.0,28.0,14.0,3.2142857142857144,4.0,0.0,3.0,32.0,1.0,12.0,0.0,2.0,0.0,0.0,1.0,74.0,151.76,38,151.75
"mcts:reward=margin,guide=ppo:runs/ppo/pass2/p2b_pool_s3.json",greedy,2,9001,29,1,1.0,1.0,38.0,109.0,71.0,92.0,7.0,1.0,1.0,1.0,41.0,11.0,4.090909090909091,5.0,0.0,4.0,16.0,0.0,30.0,0.0,2.0,0.0,0.0,1.0,67.0,132.4,35,132.39
"mcts:reward=margin,guide=ppo:runs/ppo/pass2/p2b_pool_s3.json",ppo:runs/ppo/pass2/p2b_pool_s3.json,2,9001,30,0,0.0,0.0,-38.0,43.0,81.0,73.0,-30.0,0.0,2.0,0.0,18.0,9.0,4.222222222222222,4.0,7.0,5.0,13.0,1.0,27.0,0.0,2.0,0.0,0.0,0.0,61.0,129.02,31,128.97
"mcts:reward=margin,guide=ppo:runs/ppo/pass2/p2b_pool_s3.json",ppo:runs/ppo/pass2/p2b_pool_s3.json,2,9001,31,1,1.0,1.0,25.0,96.0,71.0,60.0,26.0,2.0,0.0,1.0,28.0,14.0,2.857142857142857,0.0,5.0,3.0,17.0,0.0,21.0,0.0,2.0,0.0,0.0,0.0,67.0,135.42,34,135.36
"mcts:reward=score,guide=ppo:runs/ppo/pass2/p2b_pool_s3.json,opponent=infer",greedy,2,9001,28,0,0.0,0.0,-62.0,53.0,115.0,96.0,-43.0,0.0,3.0,0.0,20.0,11.0,4.090909090909091,6.0,0.0,5.0,29.0,1.0,21.0,0.0,3.0,0.0,0.0,1.0,74.0,177.34,38,177.33
"mcts:reward=score,guide=ppo:runs/ppo/pass2/p2b_pool_s3.json,opponent=infer",greedy,2,9001,29,1,1.0,1.0,37.0,136.0,99.0,93.0,33.0,2.0,0.0,1.0,22.0,11.0,4.090909090909091,5.0,0.0,5.0,24.0,0.0,30.0,0.0,2.0,0.0,0.0,1.0,75.0,139.4,39,139.39
"mcts:reward=score,guide=ppo:runs/ppo/pass2/p2b_pool_s3.json,opponent=infer",linear:runs/linear/pass7/p7b_sarsa_lam98_random_s3.json@best,2,9001,30,0,1.0,1.0,1.0,94.0,93.0,88.0,-4.0,1.0,1.0,1.0,29.0,9.0,4.666666666666667,5.0,3.0,6.0,12.0,0.0,32.0,0.0,2.0,0.0,0.0,0.0,63.0,113.35,32,113.32
"mcts:reward=score,guide=ppo:runs/ppo/pass2/p2b_pool_s3.json,opponent=infer",linear:runs/linear/pass7/p7b_sarsa_lam98_random_s3.json@best,2,9001,31,1,1.0,1.0,31.0,112.0,81.0,76.0,26.0,2.0,0.0,1.0,20.0,13.0,3.230769230769231,3.0,3.0,2.0,18.0,0.0,22.0,0.0,2.0,0.0,0.0,0.0,67.0,115.22,34,115.19
"mcts:reward=margin,guide=ppo:runs/ppo/pass2/p2b_pool_s3.json",linear:runs/linear/pass7/p7b_sarsa_lam98_random_s3.json@best,2,9001,30,0,1.0,1.0,19.0,94.0,75.0,88.0,-4.0,1.0,1.0,1.0,35.0,11.0,4.0,5.0,1.0,4.0,19.0,0.0,23.0,0.0,2.0,0.0,0.0,1.0,64.0,130.07,33,130.05
"mcts:reward=margin,guide=ppo:runs/ppo/pass2/p2b_pool_s3.json",linear:runs/linear/pass7/p7b_sarsa_lam98_random_s3.json@best,2,9001,31,1,1.0,1.0,9.0,91.0,82.0,73.0,8.0,1.0,1.0,1.0,27.0,13.0,3.3076923076923075,2.0,2.0,3.0,18.0,0.0,24.0,0.0,2.0,0.0,0.0,0.0,69.0,130.8,35,130.77
"mcts:reward=score,guide=ppo:runs/ppo/pass2/p2b_pool_s3.json,opponent=infer",racer,2,9001,30,0,1.0,1.0,11.0,94.0,83.0,80.0,4.0,1.0,1.0,1.0,37.0,13.0,3.4615384615384617,3.0,0.0,2.0,31.0,0.0,13.0,0.0,2.0,0.0,0.0,1.0,70.0,121.4,36,121.38
"mcts:reward=score,guide=ppo:runs/ppo/pass2/p2b_pool_s3.json,opponent=infer",racer,2,9001,31,1,1.0,1.0,26.0,115.0,89.0,79.0,26.0,2.0,0.0,1.0,34.0,14.0,3.142857142857143,3.0,1.0,4.0,19.0,2.0,19.0,0.0,2.0,0.0,0.0,1.0,70.0,123.26,36,123.25
"mcts:reward=margin,guide=ppo:runs/ppo/pass2/p2b_pool_s3.json",racer,2,9001,30,0,1.0,1.0,16.0,94.0,78.0,88.0,-4.0,1.0,1.0,1.0,25.0,11.0,4.0,5.0,1.0,5.0,22.0,0.0,20.0,0.0,2.0,0.0,0.0,1.0,64.0,127.88,33,127.87
"mcts:reward=margin,guide=ppo:runs/ppo/pass2/p2b_pool_s3.json",racer,2,9001,31,1,0.0,0.0,-18.0,62.0,80.0,78.0,-26.0,0.0,2.0,1.0,27.0,13.0,3.3076923076923075,3.0,2.0,2.0,19.0,1.0,21.0,0.0,2.0,0.0,0.0,1.0,68.0,125.97,35,125.96
"mcts:reward=score,guide=ppo:runs/ppo/pass2/p2b_pool_s3.json,opponent=infer",greedy,2,9001,30,0,1.0,1.0,30.0,112.0,82.0,98.0,4.0,1.0,1.0,1.0,27.0,11.0,4.090909090909091,6.0,0.0,6.0,9.0,2.0,33.0,0.0,2.0,0.0,0.0,1.0,68.0,133.19,35,133.18
"mcts:reward=score,guide=ppo:runs/ppo/pass2/p2b_pool_s3.json,opponent=infer",greedy,2,9001,31,1,1.0,1.0,60.0,130.0,70.0,94.0,26.0,2.0,0.0,1.0,26.0,12.0,3.75,5.0,0.0,3.0,24.0,0.0,22.0,0.0,2.0,0.0,0.0,1.0,70.0,142.21,36,142.2
"mcts:reward=margin,guide=ppo:runs/ppo/pass2/p2b_pool_s3.json",ppo:runs/ppo/pass2/p2b_pool_s3.json,2,9001,32,1,0.0,0.0,-3.0,72.0,75.0,81.0,-19.0,0.0,2.0,1.0,29.0,12.0,3.6666666666666665,3.0,1.0,6.0,16.0,0.0,24.0,0.0,2.0,0.0,0.0,1.0,63.0,135.23,33,135.18
"mcts:reward=margin,guide=ppo:runs/ppo/pass2/p2b_pool_s3.json",ppo:runs/ppo/pass2/p2b_pool_s3.json,2,9001,33,1,1.0,1.0,32.0,97.0,65.0,66.0,21.0,2.0,0.0,1.0,26.0,9.0,3.888888888888889,3.0,10.0,5.0,20.0,0.0,24.0,0.0,2.0,0.0,0.0,0.0,63.0,133.19,32,133.13
"mcts:reward=score,guide=ppo:runs/ppo/pass2/p2b_pool_s3.json,opponent=infer",ppo:runs/ppo/pass2/p2b_pool_s3.json,2,9001,32,1,0.0,0.0,-25.0,66.0,91.0,85.0,-19.0,0.0,2.0,0.0,11.0,9.0,4.555555555555555,5.0,4.0,7.0,5.0,0.0,39.0,0.0,2.0,0.0,0.0,0.0,62.0,125.03,32,124.98
"mcts:reward=score,guide=ppo:runs/ppo/pass2/p2b_pool_s3.json,opponent=infer",ppo:runs/ppo/pass2/p2b_pool_s3.json,2,9001,33,1,0.0,0.0,-12.0,57.0,69.0,78.0,-21.0,0.0,2.0,0.0,16.0,10.0,3.9,4.0,6.0,6.0,12.0,0.0,30.0,0.0,2.0,0.0,0.0,0.0,63.0,117.07,32,117.02
"mcts:reward=margin,guide=ppo:runs/ppo/pass2/p2b_pool_s3.json",greedy,2,9001,30,0,1.0,1.0,22.0,100.0,78.0,86.0,4.0,1.0,1.0,1.0,36.0,12.0,3.75,3.0,0.0,5.0,21.0,1.0,23.0,0.0,2.0,0.0,0.0,1.0,70.0,141.85,36,141.84
"mcts:reward=margin,guide=ppo:runs/ppo/pass2/p2b_pool_s3.json",greedy,2,9001,31,1,1.0,1.0,16.0,113.0,97.0,77.0,26.0,2.0,0.0,1.0,38.0,15.0,3.0,4.0,0.0,5.0,24.0,1.0,20.0,0.0,2.0,0.0,0.0,1.0,76.0,151.85,39,151.84
"mcts:reward=score,guide=ppo:runs/ppo/pass2/p2b_pool_s3.json,opponent=infer",linear:runs/linear/pass7/p7b_sarsa_lam98_random_s3.json@best,2,9001,32,1,1.0,1.0,4.0,91.0,87.0,82.0,-1.0,1.0,1.0,1.0,20.0,12.0,3.6666666666666665,3.0,1.0,5.0,15.0,0.0,29.0,0.0,2.0,0.0,0.0,0.0,68.0,121.75,35,121.72
"mcts:reward=score,guide=ppo:runs/ppo/pass2/p2b_pool_s3.json,opponent=infer",linear:runs/linear/pass7/p7b_sarsa_lam98_random_s3.json@best,2,9001,33,1,0.0,0.0,-1.0,71.0,72.0,62.0,-1.0,1.0,1.0,1.0,21.0,10.0,3.6,2.0,9.0,3.0,22.0,2.0,14.0,0.0,2.0,0.0,0.0,0.0,61.0,109.42,31,109.4
"mcts:reward=margin,guide=ppo:runs/ppo/pass2/p2b_pool_s3.json",linear:runs/linear/pass7/p7b_sarsa_lam98_random_s3.json@best,2,9001,32,1,0.0,0.0,-11.0,78.0,89.0,87.0,-19.0,0.0,2.0,1.0,22.0,11.0,4.090909090909091,4.0,0.0,4.0,17.0,0.0,27.0,0.0,2.0,0.0,0.0,1.0,65.0,142.36,34,142.33
"mcts:reward=margin,guide=ppo:runs/ppo/pass2/p2b_pool_s3.json",linear:runs/linear/pass7/p7b_sarsa_lam98_random_s3.json@best,2,9001,33,1,1.0,1.0,32.0,103.0,71.0,92.0,1.0,1.0,1.0,1.0,20.0,12.0,3.75,5.0,0.0,2.0,20.0,1.0,20.0,0.0,2.0,0.0,0.0,1.0,66.0,131.84,34,131.81
"mcts:reward=score,guide=ppo:runs/ppo/pass2/p2b_pool_s3.json,opponent=infer",racer,2,9001,32,1,1.0,1.0,54.0,114.0,60.0,85.0,19.0,2.0,0.0,1.0,28.0,12.0,3.75,4.0,0.0,6.0,12.0,0.0,32.0,0.0,2.0,0.0,0.0,1.0,67.0,123.88,35,123.87
"mcts:reward=score,guide=ppo:runs/ppo/pass2/p2b_pool_s3.json,opponent=infer",racer,2,9001,33,1,1.0,1.0,36.0,111.0,75.0,80.0,21.0,2.0,0.0,1.0,25.0,14.0,3.2142857142857144,4.0,0.0,5.0,18.0,1.0,24.0,0.0,2.0,0.0,0.0,1.0,72.0,117.94,37,117.93
"mcts:reward=margin,guide=ppo:runs/ppo/pass2/p2b_pool_s3.json",racer,2,9001,32,1,1.0,1.0,5.0,75.0,70.0,84.0,-19.0,0.0,2.0,1.0,23.0,12.0,3.6666666666666665,4.0,1.0,4.0,15.0,0.0,31.0,0.0,2.0,0.0,0.0,1.0,69.0,143.21,36,143.2
"mcts:reward=margin,guide=ppo:runs/ppo/pass2/p2b_pool_s3.json",racer,2,9001,33,1,1.0,1.0,26.0,108.0,82.0,77.0,21.0,2.0,0.0,1.0,31.0,12.0,3.5,3.0,3.0,4.0,19.0,0.0,23.0,0.0,2.0,0.0,0.0,0.0,67.0,137.26,34,137.25
"mcts:reward=score,guide=ppo:runs/ppo/pass2/p2b_pool_s3.json,opponent=infer",ppo:runs/ppo/pass2/p2b_pool_s3.json,2,9001,34,1,0.0,0.0,-15.0,71.0,86.0,82.0,-11.0,1.0,1.0,0.0,22.0,10.0,4.0,6.0,5.0,5.0,14.0,1.0,26.0,0.0,2.0,0.0,0.0,0.0,62.0,119.67,32,119.62
"mcts:reward=score,guide=ppo:runs/ppo/pass2/p2b_pool_s3.json,opponent=infer",ppo:runs/ppo/pass2/p2b_pool_s3.json,2,9001,35,0,1.0,1.0,38.0,106.0,68.0,72.0,34.0,3.0,0.0,0.0,27.0,13.0,3.076923076923077,4.0,5.0,5.0,12.0,0.0,26.0,0.0,3.0,0.0,0.0,0.0,65.0,120.43,33,120.38
"mcts:reward=margin,guide=ppo:runs/ppo/pass2/p2b_pool_s3.json",greedy,2,9001,32,1,1.0,1.0,3.0,77.0,74.0,57.0,10.0,2.0,1.0,1.0,27.0,17.0,2.5294117647058822,1.0,2.0,5.0,16.0,0.0,24.0,1.0,3.0,1.0,0.0,1.0,75.0,148.01,40,148.0
"mcts:reward=margin,guide=ppo:runs/ppo/pass2/p2b_pool_s3.json",greedy,2,9001,33,1,0.0,0.0,-6.0,111.0,117.0,80.0,21.0,2.0,0.0,1.0,31.0,12.0,3.75,3.0,0.0,4.0,25.0,0.0,27.0,0.0,2.0,0.0,0.0,1.0,76.0,142.88,39,142.87
"mcts:reward=score,guide=ppo:runs/ppo/pass2/p2b_pool_s3.json,opponent=infer",greedy,2,9001,32,1,1.0,1.0,37.0,97.0,60.0,88.0,-1.0,1.0,1.0,1.0,26.0,12.0,3.75,4.0,0.0,3.0,16.0,0.0,34.0,0.0,2.0,0.0,0.0,1.0,73.0,148.37,38,148.36
"mcts:reward=score,guide=ppo:runs/ppo/pass2/p2b_pool_s3.json,opponent=infer",greedy,2,9001,33,1,0.0,0.0,-17.0,82.0,99.0,93.0,-21.0,0.0,2.0,1.0,32.0,11.0,4.090909090909091,5.0,0.0,3.0,23.0,0.0,23.0,0.0,2.0,0.0,0.0,1.0,68.0,137.2,35,137.19
"mcts:reward=margin,guide=ppo:runs/ppo/pass2/p2b_pool_s3.json",ppo:runs/ppo/pass2/p2b_pool_s3.json,2,9001,34,1,1.0,1.0,0.0,87.0,87.0,66.0,11.0,1.0,1.0,1.0,28.0,10.0,3.7,3.0,8.0,3.0,18.0,0.0,22.0,0.0,2.0,0.0,0.0,0.0,60.0,134.54,31,134.49
"mcts:reward=margin,guide=ppo:runs/ppo/pass2/p2b_pool_s3.json",ppo:runs/ppo/pass2/p2b_pool_s3.json,2,9001,35,0,0.0,0.0,-15.0,51.0,66.0,67.0,-16.0,1.0,1.0,0.0,12.0,13.0,3.076923076923077,3.0,5.0,9.0,10.0,1.0,28.0,0.0,2.0,0.0,0.0,0.0,67.0,139.99,34,139.94
"mcts:reward=score,guide=ppo:runs/ppo/pass2/p2b_pool_s3.json,opponent=infer",linear:runs/linear/pass7/p7b_sarsa_lam98_random_s3.json@best,2,9001,34,1,1.0,1.0,14.0,112.0,98.0,81.0,31.0,2.0,0.0,0.0,26.0,11.0,3.727272727272727,5.0,4.0,3.0,16.0,0.0,26.0,0.0,2.0,0.0,0.0,0.0,64.0,118.17,33,118.14
"mcts:reward=score,guide=ppo:runs/ppo/pass2/p2b_pool_s3.json,opponent=infer",linear:runs/linear/pass7/p7b_sarsa_lam98_random_s3.json@best,2,9001,35,0,1.0,1.0,57.0,122.0,65.0,78.0,34.0,3.0,0.0,1.0,23.0,13.0,3.3076923076923075,3.0,2.0,3.0,14.0,0.0,30.0,0.0,3.0,0.0,0.0,0.0,71.0,129.05,36,129.02
"mcts:reward=margin,guide=ppo:runs/ppo/pass2/p2b_pool_s3.json",linear:runs/linear/pass7/p7b_sarsa_lam98_random_s3.json@best,2,9001,34,1,0.0,0.0,-41.0,64.0,105.0,65.0,-11.0,1.0,1.0,1.0,25.0,12.0,3.25,2.0,6.0,2.0,24.0,0.0,20.0,0.0,2.0,0.0,0.0,0.0,68.0,134.2,35,134.18
"mcts:reward=margin,guide=ppo:runs/ppo/pass2/p2b_pool_s3.json",linear:runs/linear/pass7/p7b_sarsa_lam98_random_s3.json@best,2,9001,35,0,1.0,1.0,33.0,95.0,62.0,69.0,16.0,1.0,1.0,1.0,23.0,13.0,3.0,3.0,6.0,7.0,7.0,0.0,31.0,0.0,2.0,0.0,0.0,0.0,65.0,128.28,33,128.25
"mcts:reward=score,guide=ppo:runs/ppo/pass2/p2b_pool_s3.json,opponent=infer",racer,2,9001,34,1,1.0,1.0,21.0,116.0,95.0,75.0,31.0,2.0,0.0,1.0,28.0,13.0,3.230769230769231,4.0,3.0,6.0,12.0,1.0,28.0,0.0,2.0,0.0,0.0,0.0,68.0,122.34,35,122.33
"mcts:reward=score,guide=ppo:runs/ppo/pass2/p2b_pool_s3.json,opponent=infer",racer,2,9001,35,0,1.0,1.0,60.0,124.0,64.0,80.0,34.0,3.0,0.0,1.0,37.0,13.0,3.4615384615384617,4.0,0.0,4.0,11.0,0.0,31.0,0.0,3.0,0.0,0.0,1.0,68.0,125.55,35,125.54
"mcts:reward=margin,guide=ppo:runs/ppo/pass2/p2b_pool_s3.json",racer,2,9001,34,1,0.0,0.0,-26.0,67.0,93.0,68.0,-11.0,1.0,1.0,1.0,17.0,10.0,3.5,3.0,10.0,5.0,20.0,1.0,20.0,0.0,2.0,0.0,0.0,0.0,62.0,137.63,32,137.62
"mcts:reward=margin,guide=ppo:runs/ppo/pass2/p2b_pool_s3.json",racer,2,9001,35,0,1.0,1.0,16.0,89.0,73.0,63.0,16.0,1.0,1.0,1.0,33.0,15.0,2.8,1.0,3.0,4.0,23.0,0.0,19.0,0.0,2.0,0.0,0.0,0.0,73.0,136.72,37,136.71
"mcts:reward=margin,guide=ppo:runs/ppo/pass2/p2b_pool_s3.json",greedy,2,9001,34,1,1.0,1.0,50.0,119.0,69.0,78.0,31.0,2.0,0.0,1.0,32.0,14.0,3.2142857142857144,3.0,0.0,4.0,20.0,1.0,26.0,0.0,2.0,0.0,0.0,1.0,75.0,153.86,39,153.85
"mcts:reward=margin,guide=ppo:runs/ppo/pass2/p2b_pool_s3.json",greedy,2,9001,35,0,1.0,1.0,10.0,113.0,103.0,87.0,16.0,1.0,1.0,1.0,24.0,13.0,3.4615384615384617,4.0,0.0,7.0,16.0,1.0,32.0,0.0,2.0,0.0,0.0,1.0,76.0,141.85,39,141.84
"mcts:reward=score,guide=ppo:runs/ppo/pass2/p2b_pool_s3.json,opponent=infer",ppo:runs/ppo/pass2/p2b_pool_s3.json,2,9001,36,1,1.0,1.0,16.0,106.0,90.0,83.0,23.0,2.0,0.0,0.0,31.0,10.0,4.1,5.0,4.0,7.0,13.0,0.0,31.0,0.0,2.0,0.0,0.0,0.0,65.0,121.29,33,121.23
"mcts:reward=score,guide=ppo:runs/ppo/pass2/p2b_pool_s3.json,opponent=infer",ppo:runs/ppo/pass2/p2b_pool_s3.json,2,9001,37,1,0.0,0.0,-26.0,58.0,84.0,86.0,-28.0,0.0,2.0,0.0,12.0,8.0,4.875,7.0,6.0,6.0,20.0,1.0,28.0,0.0,2.0,0.0,0.0,0.0,66.0,122.24,34,122.19
"mcts:reward=margin,guide=ppo:runs/ppo/pass2/p2b_pool_s3.json",ppo:runs/ppo/pass2/p2b_pool_s3.json,2,9001,36,1,0.0,0.0,-48.0,48.0,96.0,70.0,-22.0,0.0,2.0,0.0,15.0,8.0,4.375,4.0,10.0,4.0,9.0,0.0,33.0,0.0,2.0,0.0,0.0,0.0,59.0,127.83,30,127.78
"mcts:reward=margin,guide=ppo:runs/ppo/pass2/p2b_pool_s3.json",ppo:runs/ppo/pass2/p2b_pool_s3.json,2,9001,37,1,1.0,1.0,7.0,96.0,89.0,84.0,12.0,1.0,1.0,0.0,22.0,9.0,4.555555555555555,5.0,4.0,4.0,20.0,1.0,22.0,0.0,2.0,0.0,0.0,0.0,62.0,131.2,32,131.16
"mcts:reward=score,guide=ppo:runs/ppo/pass2/p2b_pool_s3.json,opponent=infer",greedy,2,9001,34,1,1.0,1.0,35.0,126.0,91.0,85.0,31.0,2.0,0.0,1.0,29.0,12.0,3.75,4.0,0.0,6.0,18.0,1.0,36.0,0.0,2.0,0.0,0.0,1.0,79.0,161.04,41,161.03
"mcts:reward=score,guide=ppo:runs/ppo/pass2/p2b_pool_s3.json,opponent=infer",greedy,2,9001,35,0,1.0,1.0,3.0,104.0,101.0,86.0,8.0,1.0,2.0,1.0,28.0,13.0,3.4615384615384617,4.0,0.0,6.0,25.0,0.0,33.0,0.0,3.0,0.0,0.0,1.0,84.0,166.62,43,166.61
"mcts:reward=margin,guide=ppo:runs/ppo/pass2/p2b_pool_s3.json",linear:runs/linear/pass7/p7b_sarsa_lam98_random_s3.json@best,2,9001,36,1,0.0,0.0,-18.0,64.0,82.0,76.0,-22.0,0.0,2.0,1.0,20.0,10.0,3.8,4.0,7.0,4.0,12.0,0.0,32.0,0.0,2.0,0.0,0.0,0.0,65.0,124.17,33,124.14
"mcts:reward=margin,guide=ppo:runs/ppo/pass2/p2b_pool_s3.json",linear:runs/linear/pass7/p7b_sarsa_lam98_random_s3.json@best,2,9001,37,1,1.0,1.0,18.0,101.0,83.0,79.0,12.0,1.0,1.0,1.0,24.0,11.0,3.8181818181818183,3.0,3.0,2.0,22.0,0.0,20.0,0.0,2.0,0.0,0.0,0.0,64.0,121.06,33,121.04
"mcts:reward=score,guide=ppo:runs/ppo/pass2/p2b_pool_s3.json,opponent=infer",linear:runs/linear/pass7/p7b_sarsa_lam98_random_s3.json@best,2,9001,36,1,1.0,1.0,33.0,120.0,87.0,87.0,23.0,2.0,0.0,1.0,34.0,11.0,3.909090909090909,4.0,2.0,5.0,16.0,0.0,30.0,0.0,2.0,0.0,0.0,0.0,69.0,109.5,35,109.47
"mcts:reward=score,guide=ppo:runs/ppo/pass2/p2b_pool_s3.json,opponent=infer",linear:runs/linear/pass7/p7b_sarsa_lam98_random_s3.json@best,2,9001,37,1,1.0,1.0,27.0,115.0,88.0,93.0,12.0,1.0,1.0,1.0,27.0,9.0,4.888888888888889,6.0,1.0,4.0,24.0,0.0,22.0,0.0,2.0,0.0,0.0,0.0,64.0,113.29,33,113.26
"mcts:reward=score,guide=ppo:runs/ppo/pass2/p2b_pool_s3.json,opponent=infer",racer,2,9001,36,1,1.0,1.0,1.0,106.0,105.0,73.0,23.0,2.0,0.0,1.0,21.0,15.0,2.933333333333333,3.0,1.0,6.0,21.0,0.0,23.0,0.0,2.0,0.0,0.0,0.0,75.0,112.78,38,112.77
"mcts:reward=score,guide=ppo:runs/ppo/pass2/p2b_pool_s3.json,opponent=infer",racer,2,9001,37,1,1.0,1.0,39.0,125.0,86.0,87.0,28.0,2.0,0.0,1.0,34.0,11.0,4.090909090909091,5.0,0.0,2.0,27.0,0.0,23.0,0.0,2.0,0.0,0.0,1.0,71.0,127.91,37,127.9
"mcts:reward=margin,guide=ppo:runs/ppo/pass2/p2b_pool_s3.json",racer,2,9001,36,1,0.0,0.0,-17.0,69.0,86.0,81.0,-22.0,0.0,2.0,1.0,24.0,12.0,3.6666666666666665,4.0,1.0,3.0,20.0,1.0,20.0,0.0,2.0,0.0,0.0,1.0,66.0,126.22,34,126.21
"mcts:reward=margin,guide=ppo:runs/ppo/pass2/p2b_pool_s3.json",racer,2,9001,37,1,1.0,1.0,36.0,107.0,71.0,85.0,12.0,1.0,1.0,1.0,29.0,13.0,3.4615384615384617,4.0,0.0,3.0,21.0,0.0,21.0,0.0,2.0,0.0,0.0,1.0,67.0,125.74,35,125.73
"mcts:reward=score,guide=ppo:runs/ppo/pass2/p2b_pool_s3.json,opponent=infer",ppo:runs/ppo/pass2/p2b_pool_s3.json,2,9001,38,1,0.0,0.0,-20.0,50.0,70.0,73.0,-33.0,0.0,2.0,1.0,20.0,9.0,4.222222222222222,4.0,7.0,6.0,20.0,0.0,26.0,0.0,2.0,0.0,0.0,0.0,64.0,127.35,33,127.3
"mcts:reward=score,guide=ppo:runs/ppo/pass2/p2b_pool_s3.json,opponent=infer",ppo:runs/ppo/pass2/p2b_pool_s3.json,2,9001,39,0,1.0,1.0,19.0,87.0,68.0,82.0,-5.0,1.0,1.0,1.0,27.0,10.0,4.1,5.0,4.0,5.0,22.0,0.0,24.0,0.0,2.0,0.0,0.0,0.0,66.0,125.88,34,125.82
"mcts:reward=margin,guide=ppo:runs/ppo/pass2/p2b_pool_s3.json",greedy,2,9001,36,1,0.0,0.0,-9.0,111.0,120.0,78.0,23.0,2.0,0.0,1.0,31.0,14.0,3.2142857142857144,3.0,0.0,5.0,27.0,0.0,23.0,0.0,2.0,0.0,0.0,1.0,78.0,150.58,40,150.57
"mcts:reward=margin,guide=ppo:runs/ppo/pass2/p2b_pool_s3.json",greedy,2,9001,37,1,1.0,1.0,40.0,107.0,67.0,85.0,12.0,1.0,1.0,1.0,39.0,13.0,3.4615384615384617,4.0,0.0,5.0,24.0,2.0,22.0,0.0,2.0,0.0,0.0,1.0,75.0,142.0,39,141.99
"mcts:reward=margin,guide=ppo:runs/ppo/pass2/p2b_pool_s3.json",ppo:runs/ppo/pass2/p2b_pool_s3.json,2,9001,38,1,0.0,0.0,-56.0,28.0,84.0,61.0,-33.0,0.0,2.0,0.0,20.0,9.0,3.6666666666666665,3.0,12.0,7.0,19.0,2.0,21.0,0.0,2.0,0.0,0.0,0.0,62.0,139.26,32,139.2
"mcts:reward=margin,guide=ppo:runs/ppo/pass2/p2b_pool_s3.json",ppo:runs/ppo/pass2/p2b_pool_s3.json,2,9001,39,0,1.0,1.0,20.0,93.0,73.0,65.0,18.0,2.0,1.0,1.0,29.0,12.0,3.0833333333333335,2.0,8.0,2.0,18.0,0.0,20.0,0.0,3.0,0.0,0.0,0.0,62.0,144.19,32,144.14
"mcts:reward=score,guide=ppo:runs/ppo/pass2/p2b_pool_s3.json,opponent=infer",greedy,2,9001,36,1,1.0,1.0,7.0,127.0,120.0,94.0,23.0,2.0,0.0,1.0,36.0,11.0,4.090909090909091,5.0,0.0,2.0,24.0,1.0,30.0,0.0,2.0,0.0,0.0,1.0,78.0,158.34,40,158.33
"mcts:reward=score,guide=ppo:runs/ppo/pass2/p2b_pool_s3.json,opponent=infer",greedy,2,9001,37,1,1.0,1.0,73.0,122.0,49.0,100.0,12.0,1.0,1.0,1.0,37.0,9.0,5.0,6.0,0.0,10.0,13.0,2.0,39.0,0.0,2.0,0.0,0.0,1.0,73.0,129.91,38,129.91
"mcts:reward=score,guide=ppo:runs/ppo/pass2/p2b_pool_s3.json,opponent=infer",linear:runs/linear/pass7/p7b_sarsa_lam98_random_s3.json@best,2,9001,38,1,1.0,1.0,38.0,124.0,86.0,81.0,33.0,2.0,0.0,1.0,26.0,14.0,3.142857142857143,4.0,1.0,5.0,25.0,0.0,15.0,0.0,2.0,0.0,0.0,1.0,67.0,119.62,35,119.59
"mcts:reward=score,guide=ppo:runs/ppo/pass2/p2b_pool_s3.json,opponent=infer",linear:runs/linear/pass7/p7b_sarsa_lam98_random_s3.json@best,2,9001,39,0,0.0,0.0,-34.0,83.0,117.0,78.0,-5.0,1.0,1.0,1.0,28.0,11.0,3.8181818181818183,4.0,3.0,0.0,16.0,0.0,28.0,0.0,2.0,0.0,0.0,0.0,66.0,124.95,34,124.92
"mcts:reward=margin,guide=ppo:runs/ppo/pass2/p2b_pool_s3.json",linear:runs/linear/pass7/p7b_sarsa_lam98_random_s3.json@best,2,9001,38,1,1.0,1.0,41.0,123.0,82.0,80.0,33.0,2.0,0.0,1.0,37.0,12.0,3.6666666666666665,3.0,1.0,3.0,26.0,2.0,14.0,0.0,2.0,0.0,0.0,1.0,67.0,136.2,35,136.17
"mcts:reward=margin,guide=ppo:runs/ppo/pass2/p2b_pool_s3.json",linear:runs/linear/pass7/p7b_sarsa_lam98_random_s3.json@best,2,9001,39,0,1.0,1.0,52.0,119.0,67.0,69.0,40.0,3.0,0.0,1.0,28.0,11.0,3.5454545454545454,2.0,6.0,4.0,22.0,1.0,24.0,0.0,3.0,0.0,0.0,0.0,70.0,146.45,36,146.43
"mcts:reward=score,guide=ppo:runs/ppo/pass2/p2b_pool_s3.json,opponent=infer",racer,2,9001,38,1,1.0,1.0,4.0,91.0,87.0,82.0,-1.0,1.0,1.0,1.0,36.0,13.0,3.4615384615384617,4.0,0.0,7.0,32.0,0.0,16.0,0.0,2.0,0.0,0.0,1.0,73.0,121.71,38,121.7
"mcts:reward=score,guide=ppo:runs/ppo/pass2/p2b_pool_s3.json,opponent=infer",racer,2,9001,39,0,1.0,1.0,46.0,113.0,67.0,76.0,27.0,2.0,0.0,1.0,35.0,14.0,3.2142857142857144,3.0,0.0,0.0,22.0,0.0,22.0,0.0,2.0,0.0,0.0,1.0,71.0,117.68,37,117.67
"mcts:reward=margin,guide=ppo:runs/ppo/pass2/p2b_pool_s3.json",racer,2,9001,38,1,0.0,0.0,-20.0,67.0,87.0,90.0,-33.0,0.0,2.0,1.0,27.0,11.0,4.090909090909091,5.0,0.0,4.0,25.0,0.0,17.0,0.0,2.0,0.0,0.0,1.0,63.0,131.48,33,131.48
"mcts:reward=margin,guide=ppo:runs/ppo/pass2/p2b_pool_s3.json",racer,2,9001,39,0,1.0,1.0,70.0,130.0,60.0,80.0,40.0,3.0,0.0,1.0,39.0,12.0,3.75,2.0,0.0,6.0,29.0,1.0,19.0,0.0,3.0,0.0,0.0,1.0,73.0,148.46,38,148.45
"mcts:reward=score,guide=ppo:runs/ppo/pass2/p2b_pool_s3.json,opponent=infer",ppo:runs/ppo/pass2/p2b_pool_s3.json,2,9001,40,0,1.0,1.0,3.0,89.0,86.0,66.0,13.0,2.0,2.0,1.0,25.0,9.0,3.7777777777777777,4.0,11.0,5.0,8.0,0.0,30.0,1.0,4.0,0.0,0.0,0.0,59.0,120.63,31,120.58
"mcts:reward=score,guide=ppo:runs/ppo/pass2/p2b_pool_s3.json,opponent=infer",ppo:runs/ppo/pass2/p2b_pool_s3.json,2,9001,41,0,0.0,0.0,-11.0,78.0,89.0,82.0,-4.0,1.0,1.0,0.0,23.0,9.0,4.444444444444445,5.0,5.0,6.0,8.0,0.0,34.0,0.0,2.0,0.0,0.0,0.0,61.0,111.71,31,111.67
"mcts:reward=margin,guide=ppo:runs/ppo/pass2/p2b_pool_s3.json",ppo:runs/ppo/pass2/p2b_pool_s3.json,2,9001,40,0,1.0,1.0,26.0,106.0,80.0,82.0,14.0,1.0,1.0,1.0,30.0,10.0,4.1,5.0,4.0,4.0,9.0,0.0,33.0,0.0,2.0,0.0,0.0,0.0,63.0,127.69,32,127.64
"mcts:reward=margin,guide=ppo:runs/ppo/pass2/p2b_pool_s3.json",ppo:runs/ppo/pass2/p2b_pool_s3.json,2,9001,41,0,1.0,1.0,5.0,92.0,87.0,96.0,-4.0,1.0,1.0,0.0,15.0,10.0,4.4,5.0,1.0,7.0,9.0,0.0,33.0,0.0,2.0,0.0,0.0,1.0,62.0,129.38,32,129.32
"mcts:reward=margin,guide=ppo:runs/ppo/pass2/p2b_pool_s3.json",greedy,2,9001,38,1,1.0,1.0,31.0,128.0,97.0,85.0,33.0,2.0,0.0,1.0,29.0,12.0,3.75,4.0,0.0,3.0,31.0,1.0,19.0,0.0,2.0,0.0,0.0,1.0,75.0,149.23,39,149.22
"mcts:reward=margin,guide=ppo:runs/ppo/pass2/p2b_pool_s3.json",greedy,2,9001,39,0,1.0,1.0,53.0,135.0,82.0,85.0,40.0,3.0,0.0,1.0,35.0,11.0,4.090909090909091,3.0,0.0,2.0,27.0,0.0,23.0,0.0,3.0,0.0,0.0,1.0,71.0,141.52,37,141.52
"mcts:reward=score,guide=ppo:runs/ppo/pass2/p2b_pool_s3.json,opponent=infer",greedy,2,9001,38,1,1.0,1.0,15.0,119.0,104.0,76.0,33.0,2.0,0.0,1.0,34.0,11.0,3.727272727272727,4.0,4.0,3.0,33.0,0.0,23.0,0.0,2.0,0.0,0.0,0.0,78.0,155.41,40,155.39
"mcts:reward=score,guide=ppo:runs/ppo/pass2/p2b_pool_s3.json,opponent=infer",greedy,2,9001,39,0,1.0,1.0,52.0,127.0,75.0,90.0,27.0,2.0,0.0,1.0,33.0,11.0,4.090909090909091,4.0,0.0,1.0,22.0,2.0,36.0,0.0,2.0,0.0,0.0,1.0,83.0,149.02,43,149.01
"mcts:reward=score,guide=ppo:runs/ppo/pass2/p2b_pool_s3.json,opponent=infer",linear:runs/linear/pass7/p7b_sarsa_lam98_random_s3.json@best,2,9001,40,0,1.0,1.0,13.0,106.0,93.0,85.0,11.0,1.0,1.0,1.0,36.0,11.0,4.0,3.0,1.0,7.0,10.0,0.0,34.0,0.0,2.0,0.0,0.0,0.0,67.0,123.89,34,123.86
"mcts:reward=score,guide=ppo:runs/ppo/pass2/p2b_pool_s3.json,opponent=infer",linear:runs/linear/pass7/p7b_sarsa_lam98_random_s3.json@best,2,9001,41,0,1.0,1.0,5.0,90.0,85.0,84.0,-4.0,1.0,1.0,1.0,27.0,11.0,4.0,3.0,1.0,6.0,10.0,1.0,34.0,0.0,2.0,0.0,0.0,0.0,69.0,113.26,35,113.23
"mcts:reward=score,guide=ppo:runs/ppo/pass2/p2b_pool_s3.json,opponent=infer",racer,2,9001,40,0,1.0,1.0,32.0,119.0,87.0,80.0,29.0,2.0,0.0,1.0,27.0,13.0,3.3846153846153846,4.0,1.0,4.0,14.0,1.0,30.0,0.0,2.0,0.0,0.0,1.0,72.0,121.32,37,121.31
"mcts:reward=score,guide=ppo:runs/ppo/pass2/p2b_pool_s3.json,opponent=infer",racer,2,9001,41,0,1.0,1.0,4.0,97.0,93.0,91.0,-4.0,1.0,1.0,1.0,25.0,10.0,4.5,5.0,0.0,5.0,12.0,1.0,40.0,0.0,2.0,0.0,0.0,1.0,74.0,116.28,38,116.27
"mcts:reward=margin,guide=ppo:runs/ppo/pass2/p2b_pool_s3.json",racer,2,9001,40,0,1.0,1.0,16.0,110.0,94.0,86.0,14.0,1.0,1.0,1.0,28.0,12.0,3.6666666666666665,5.0,1.0,6.0,7.0,0.0,35.0,0.0,2.0,0.0,0.0,1.0,66.0,129.02,34,129.01
"mcts:reward=margin,guide=ppo:runs/ppo/pass2/p2b_pool_s3.json",racer,2,9001,41,0,1.0,1.0,20.0,96.0,76.0,90.0,-4.0,1.0,1.0,1.0,36.0,11.0,4.090909090909091,5.0,0.0,2.0,8.0,0.0,34.0,0.0,2.0,0.0,0.0,1.0,64.0,120.14,33,120.13
"mcts:reward=margin,guide=ppo:runs/ppo/pass2/p2b_pool_s3.json",linear:runs/linear/pass7/p7b_sarsa_lam98_random_s3.json@best,2,9001,40,0,1.0,1.0,14.0,105.0,91.0,81.0,14.0,1.0,1.0,1.0,25.0,11.0,3.909090909090909,5.0,2.0,4.0,9.0,1.0,31.0,0.0,2.0,0.0,0.0,0.0,65.0,134.8,33,134.77
"mcts:reward=margin,guide=ppo:runs/ppo/pass2/p2b_pool_s3.json",linear:runs/linear/pass7/p7b_sarsa_lam98_random_s3.json@best,2,9001,41,0,0.0,0.0,-4.0,84.0,88.0,78.0,-4.0,1.0,1.0,1.0,33.0,10.0,4.0,5.0,5.0,3.0,14.0,0.0,30.0,0.0,2.0,0.0,0.0,0.0,65.0,128.96,33,128.93
"mcts:reward=score,guide=ppo:runs/ppo/pass2/p2b_pool_s3.json,opponent=infer",greedy,2,9001,40,0,1.0,1.0,81.0,127.0,46.0,103.0,14.0,1.0,1.0,1.0,28.0,9.0,5.0,7.0,0.0,4.0,9.0,1.0,37.0,0.0,2.0,0.0,0.0,1.0,66.0,129.92,34,129.92
"mcts:reward=score,guide=ppo:runs/ppo/pass2/p2b_pool_s3.json,opponent=infer",greedy,2,9001,41,0,1.0,1.0,67.0,111.0,44.0,105.0,-4.0,1.0,1.0,1.0,34.0,9.0,5.0,7.0,0.0,7.0,3.0,0.0,45.0,0.0,2.0,0.0,0.0,1.0,66.0,126.25,34,126.24
"mcts:reward=score,guide=ppo:runs/ppo/pass2/p2b_pool_s3.json,opponent=infer",ppo:runs/ppo/pass2/p2b_pool_s3.json,2,9001,42,1,0.0,0.0,-46.0,43.0,89.0,67.0,-34.0,0.0,3.0,1.0,23.0,9.0,3.888888888888889,3.0,10.0,3.0,9.0,0.0,35.0,0.0,3.0,0.0,0.0,0.0,63.0,117.21,32,117.16
"mcts:reward=score,guide=ppo:runs/ppo/pass2/p2b_pool_s3.json,opponent=infer",ppo:runs/ppo/pass2/p2b_pool_s3.json,2,9001,43,1,0.0,0.0,-28.0,44.0,72.0,68.0,-34.0,0.0,2.0,1.0,25.0,7.0,4.714285714285714,5.0,12.0,3.0,23.0,0.0,23.0,0.0,2.0,0.0,0.0,0.0,60.0,119.15,31,119.1
"mcts:reward=margin,guide=ppo:runs/ppo/pass2/p2b_pool_s3.json",greedy,2,9001,40,0,1.0,1.0,56.0,114.0,58.0,90.0,14.0,1.0,1.0,1.0,25.0,12.0,3.75,4.0,0.0,7.0,8.0,0.0,40.0,0.0,2.0,0.0,0.0,1.0,72.0,142.58,37,142.57
"mcts:reward=margin,guide=ppo:runs/ppo/pass2/p2b_pool_s3.json",greedy,2,9001,41,0,1.0,1.0,42.0,88.0,46.0,74.0,4.0,1.0,1.0,1.0,20.0,14.0,3.142857142857143,3.0,1.0,3.0,15.0,0.0,27.0,0.0,2.0,0.0,0.0,1.0,70.0,140.59,36,140.59
"mcts:reward=margin,guide=ppo:runs/ppo/pass2/p2b_pool_s3.json",ppo:runs/ppo/pass2/p2b_pool_s3.json,2,9001,42,1,1.0,1.0,21.0,109.0,88.0,75.0,34.0,3.0,0.0,0.0,23.0,13.0,3.230769230769231,4.0,3.0,4.0,14.0,0.0,26.0,0.0,3.0,0.0,0.0,0.0,67.0,130.71,34,130.66
"mcts:reward=margin,guide=ppo:runs/ppo/pass2/p2b_pool_s3.json",ppo:runs/ppo/pass2/p2b_pool_s3.json,2,9001,43,1,0.0,0.0,-23.0,52.0,75.0,76.0,-34.0,0.0,2.0,1.0,24.0,9.0,4.222222222222222,4.0,7.0,5.0,25.0,2.0,17.0,0.0,2.0,0.0,0.0,0.0,64.0,136.32,33,136.27
"mcts:reward=score,guide=ppo:runs/ppo/pass2/p2b_pool_s3.json,opponent=infer",linear:runs/linear/pass7/p7b_sarsa_lam98_random_s3.json@best,2,9001,42,1,0.0,0.0,-63.0,32.0,95.0,66.0,-34.0,0.0,3.0,0.0,21.0,10.0,3.7,3.0,8.0,4.0,15.0,0.0,27.0,0.0,3.0,0.0,0.0,0.0,63.0,113.24,32,113.22
"mcts:reward=score,guide=ppo:runs/ppo/pass2/p2b_pool_s3.json,opponent=infer",linear:runs/linear/pass7/p7b_sarsa_lam98_random_s3.json@best,2,9001,43,1,1.0,1.0,15.0,89.0,74.0,79.0,0.0,1.0,1.0,1.0,26.0,10.0,4.0,3.0,5.0,4.0,28.0,0.0,20.0,0.0,2.0,0.0,0.0,0.0,68.0,123.64,35,123.62
"mcts:reward=margin,guide=ppo:runs/ppo/pass2/p2b_pool_s3.json",linear:runs/linear/pass7/p7b_sarsa_lam98_random_s3.json@best,2,9001,42,1,0.0,0.0,-15.0,63.0,78.0,87.0,-34.0,0.0,3.0,1.0,26.0,11.0,4.0,4.0,1.0,4.0,23.0,0.0,19.0,0.0,3.0,0.0,0.0,1.0,64.0,131.95,33,131.93
"mcts:reward=margin,guide=ppo:runs/ppo/pass2/p2b_pool_s3.json",linear:runs/linear/pass7/p7b_sarsa_lam98_random_s3.json@best,2,9001,43,1,0.0,0.0,-21.0,64.0,85.0,88.0,-34.0,0.0,2.0,1.0,23.0,11.0,4.090909090909091,6.0,0.0,3.0,25.0,0.0,19.0,0.0,2.0,0.0,0.0,1.0,65.0,133.42,34,133.39
"mcts:reward=score,guide=ppo:runs/ppo/pass2/p2b_pool_s3.json,opponent=infer",racer,2,9001,42,1,0.0,0.0,-35.0,57.0,92.0,81.0,-34.0,0.0,3.0,1.0,19.0,12.0,3.75,3.0,0.0,5.0,23.0,3.0,21.0,0.0,3.0,0.0,0.0,1.0,74.0,117.99,38,117.98
"mcts:reward=score,guide=ppo:runs/ppo/pass2/p2b_pool_s3.json,opponent=infer",racer,2,9001,43,1,1.0,1.0,47.0,125.0,78.0,81.0,34.0,2.0,0.0,1.0,26.0,13.0,3.4615384615384617,3.0,0.0,1.0,33.0,0.0,15.0,0.0,2.0,0.0,0.0,1.0,73.0,122.95,38,122.94
"mcts:reward=margin,guide=ppo:runs/ppo/pass2/p2b_pool_s3.json",racer,2,9001,42,1,1.0,1.0,37.0,120.0,83.0,76.0,34.0,3.0,0.0,1.0,16.0,14.0,3.142857142857143,3.0,1.0,2.0,16.0,2.0,22.0,0.0,3.0,0.0,0.0,1.0,70.0,130.77,36,130.76
"mcts:reward=margin,guide=ppo:runs/ppo/pass2/p2b_pool_s3.json",racer,2,9001,43,1,0.0,0.0,-4.0,69.0,73.0,93.0,-34.0,0.0,2.0,1.0,39.0,11.0,4.090909090909091,5.0,0.0,3.0,27.0,0.0,17.0,0.0,2.0,0.0,0.0,1.0,65.0,128.96,34,128.95
"mcts:reward=score,guide=ppo:runs/ppo/pass2/p2b_pool_s3.json,opponent=infer",ppo:runs/ppo/pass2/p2b_pool_s3.json,2,9001,44,0,0.0,0.0,-15.0,63.0,78.0,69.0,-6.0,1.0,1.0,0.0,24.0,11.0,3.4545454545454546,2.0,7.0,5.0,14.0,0.0,30.0,0.0,2.0,0.0,0.0,0.0,66.0,121.92,34,121.87
"mcts:reward=score,guide=ppo:runs/ppo/pass2/p2b_pool_s3.json,opponent=infer",ppo:runs/ppo/pass2/p2b_pool_s3.json,2,9001,45,1,1.0,1.0,6.0,93.0,87.0,64.0,29.0,2.0,0.0,0.0,30.0,12.0,3.25,2.0,6.0,0.0,29.0,0.0,11.0,0.0,2.0,0.0,0.0,0.0,64.0,119.12,33,119.07
"mcts:reward=margin,guide=ppo:runs/ppo/pass2/p2b_pool_s3.json",ppo:runs/ppo/pass2/p2b_pool_s3.json,2,9001,44,0,1.0,1.0,48.0,113.0,65.0,91.0,12.0,1.0,1.0,1.0,27.0,11.0,4.0,7.0,1.0,4.0,11.0,2.0,27.0,0.0,2.0,0.0,0.0,1.0,63.0,131.16,33,131.1
"mcts:reward=margin,guide=ppo:runs/ppo/pass2/p2b_pool_s3.json",ppo:runs/ppo/pass2/p2b_pool_s3.json,2,9001,45,1,0.0,0.0,-50.0,35.0,85.0,64.0,-29.0,0.0,2.0,0.0,17.0,11.0,3.4545454545454546,3.0,7.0,3.0,24.0,2.0,12.0,0.0,2.0,0.0,0.0,0.0,62.0,134.9,32,134.84
"mcts:reward=margin,guide=ppo:runs/ppo/pass2/p2b_pool_s3.json",greedy,2,9001,42,1,0.0,0.0,-43.0,60.0,103.0,84.0,-34.0,0.0,3.0,1.0,32.0,12.0,3.75,3.0,0.0,4.0,12.0,0.0,34.0,0.0,3.0,0.0,0.0,1.0,70.0,149.03,36,149.02
"mcts:reward=margin,guide=ppo:runs/ppo/pass2/p2b_pool_s3.json",greedy,2,9001,43,1,1.0,1.0,6.0,124.0,118.0,80.0,34.0,2.0,0.0,1.0,34.0,14.0,3.2142857142857144,3.0,0.0,4.0,36.0,0.0,16.0,0.0,2.0,0.0,0.0,1.0,79.0,148.16,41,148.15
"mcts:reward=score,guide=ppo:runs/ppo/pass2/p2b_pool_s3.json,opponent=infer",greedy,2,9001,42,1,1.0,1.0,4.0,74.0,70.0,98.0,-34.0,0.0,3.0,1.0,26.0,10.0,4.5,6.0,0.0,5.0,7.0,0.0,41.0,0.0,3.0,0.0,0.0,1.0,68.0,141.62,35,141.61
"mcts:reward=score,guide=ppo:runs/ppo/pass2/p2b_pool_s3.json,opponent=infer",greedy,2,9001,43,1,0.0,0.0,-53.0,72.0,125.0,104.0,-42.0,0.0,3.0,1.0,25.0,10.0,4.5,7.0,0.0,2.0,28.0,0.0,32.0,1.0,3.0,0.0,0.0,1.0,81.0,156.08,43,156.07
"mcts:reward=margin,guide=ppo:runs/ppo/pass2/p2b_pool_s3.json",linear:runs/linear/pass7/p7b_sarsa_lam98_random_s3.json@best,2,9001,44,0,1.0,1.0,4.0,92.0,88.0,70.0,12.0,1.0,1.0,1.0,21.0,12.0,3.4166666666666665,3.0,4.0,1.0,26.0,0.0,16.0,0.0,2.0,0.0,0.0,0.0,66.0,130.44,34,130.41
"mcts:reward=margin,guide=ppo:runs/ppo/pass2/p2b_pool_s3.json",linear:runs/linear/pass7/p7b_sarsa_lam98_random_s3.json@best,2,9001,45,1,1.0,1.0,12.0,114.0,102.0,75.0,29.0,2.0,0.0,1.0,29.0,12.0,3.4166666666666665,3.0,4.0,3.0,25.0,1.0,15.0,0.0,2.0,0.0,0.0,0.0,66.0,127.62,34,127.6
"mcts:reward=score,guide=ppo:runs/ppo/pass2/p2b_pool_s3.json,opponent=infer",linear:runs/linear/pass7/p7b_sarsa_lam98_random_s3.json@best,2,9001,44,0,1.0,1.0,40.0,124.0,84.0,86.0,28.0,2.0,0.0,1.0,31.0,13.0,3.4615384615384617,4.0,0.0,4.0,15.0,0.0,31.0,0.0,2.0,0.0,0.0,1.0,71.0,127.38,37,127.35
"mcts:reward=score,guide=ppo:runs/ppo/pass2/p2b_pool_s3.json,opponent=infer",linear:runs/linear/pass7/p7b_sarsa_lam98_random_s3.json@best,2,9001,45,1,0.0,0.0,-14.0,61.0,75.0,80.0,-29.0,0.0,2.0,1.0,22.0,11.0,3.909090909090909,4.0,2.0,2.0,25.0,0.0,21.0,0.0,2.0,0.0,0.0,0.0,68.0,121.79,35,121.76
"mcts:reward=score,guide=ppo:runs/ppo/pass2/p2b_pool_s3.json,opponent=infer",racer,2,9001,44,0,1.0,1.0,32.0,123.0,91.0,85.0,28.0,2.0,0.0,1.0,43.0,12.0,3.75,5.0,0.0,6.0,16.0,1.0,30.0,0.0,2.0,0.0,0.0,1.0,71.0,124.95,37,124.94
"mcts:reward=score,guide=ppo:runs/ppo/pass2/p2b_pool_s3.json,opponent=infer",racer,2,9001,45,1,1.0,1.0,29.0,98.0,69.0,83.0,5.0,1.0,1.0,1.0,23.0,13.0,3.4615384615384617,3.0,0.0,2.0,20.0,0.0,26.0,0.0,2.0,0.0,0.0,1.0,71.0,120.55,37,120.54
"mcts:reward=margin,guide=ppo:runs/ppo/pass2/p2b_pool_s3.json",racer,2,9001,44,0,1.0,1.0,44.0,115.0,71.0,83.0,22.0,2.0,0.0,1.0,30.0,14.0,3.142857142857143,4.0,1.0,0.0,21.0,0.0,19.0,0.0,2.0,0.0,0.0,1.0,67.0,134.28,35,134.27
"mcts:reward=margin,guide=ppo:runs/ppo/pass2/p2b_pool_s3.json",racer,2,9001,45,1,1.0,1.0,17.0,96.0,79.0,81.0,5.0,1.0,1.0,1.0,36.0,13.0,3.4615384615384617,4.0,0.0,2.0,34.0,0.0,10.0,0.0,2.0,0.0,0.0,1.0,69.0,141.43,36,141.42
"mcts:reward=score,guide=ppo:runs/ppo/pass2/p2b_pool_s3.json,opponent=infer",ppo:runs/ppo/pass2/p2b_pool_s3.json,2,9001,46,0,0.0,0.0,-17.0,67.0,84.0,68.0,-1.0,1.0,1.0,0.0,16.0,10.0,3.7,2.0,8.0,3.0,24.0,0.0,18.0,0.0,2.0,0.0,0.0,0.0,62.0,118.22,32,118.17
"mcts:reward=score,guide=ppo:runs/ppo/pass2/p2b_pool_s3.json,opponent=infer",ppo:runs/ppo/pass2/p2b_pool_s3.json,2,9001,47,1,0.0,0.0,-33.0,57.0,90.0,78.0,-21.0,0.0,2.0,0.0,23.0,8.0,4.625,4.0,8.0,5.0,20.0,0.0,26.0,0.0,2.0,0.0,0.0,0.0,63.0,113.16,32,113.11
"mcts:reward=margin,guide=ppo:runs/ppo/pass2/p2b_pool_s3.json",ppo:runs/ppo/pass2/p2b_pool_s3.json,2,9001,46,0,1.0,1.0,48.0,122.0,74.0,91.0,21.0,2.0,0.0,1.0,32.0,10.0,4.3,5.0,2.0,3.0,19.0,1.0,19.0,0.0,2.0,0.0,0.0,0.0,60.0,126.81,31,126.76
"mcts:reward=margin,guide=ppo:runs/ppo/pass2/p2b_pool_s3.json",ppo:runs/ppo/pass2/p2b_pool_s3.json,2,9001,47,1,0.0,0.0,-27.0,68.0,95.0,67.0,1.0,1.0,1.0,0.0,18.0,12.0,3.4166666666666665,1.0,4.0,4.0,14.0,0.0,28.0,0.0,2.0,0.0,0.0,0.0,67.0,128.47,34,128.42
"mcts:reward=margin,guide=ppo:runs/ppo/pass2/p2b_pool_s3.json",greedy,2,9001,44,0,1.0,1.0,13.0,85.0,72.0,97.0,-22.0,0.0,2.0,1.0,37.0,10.0,4.5,6.0,0.0,3.0,21.0,1.0,19.0,0.0,2.0,0.0,0.0,1.0,61.0,142.6,32,142.59
"mcts:reward=margin,guide=ppo:runs/ppo/pass2/p2b_pool_s3.json",greedy,2,9001,45,1,0.0,0.0,-64.0,47.0,111.0,76.0,-29.0,0.0,2.0,0.0,17.0,14.0,3.142857142857143,4.0,1.0,2.0,26.0,1.0,14.0,0.0,2.0,0.0,0.0,1.0,69.0,150.23,36,150.22
"mcts:reward=score,guide=ppo:runs/ppo/pass2/p2b_pool_s3.json,opponent=infer",greedy,2,9001,44,0,0.0,0.0,0.0,101.0,101.0,85.0,6.0,1.0,1.0,1.0,25.0,12.0,3.75,3.0,0.0,5.0,26.0,1.0,20.0,0.0,2.0,0.0,0.0,1.0,71.0,151.33,37,151.32
"mcts:reward=score,guide=ppo:runs/ppo/pass2/p2b_pool_s3.json,opponent=infer",greedy,2,9001,45,1,0.0,0.0,-48.0,76.0,124.0,47.0,29.0,2.0,0.0,0.0,28.0,12.0,2.75,1.0,12.0,1.0,31.0,0.0,19.0,0.0,2.0,0.0,0.0,0.0,74.0,147.52,38,147.51
"mcts:reward=score,guide=ppo:runs/ppo/pass2/p2b_pool_s3.json,opponent=infer",linear:runs/linear/pass7/p7b_sarsa_lam98_random_s3.json@best,2,9001,46,0,0.0,0.0,-26.0,61.0,87.0,82.0,-21.0,0.0,2.0,0.0,17.0,13.0,3.230769230769231,4.0,3.0,2.0,20.0,1.0,22.0,0.0,2.0,0.0,0.0,0.0,70.0,126.07,36,126.04
"mcts:reward=score,guide=ppo:runs/ppo/pass2/p2b_pool_s3.json,opponent=infer",linear:runs/linear/pass7/p7b_sarsa_lam98_random_s3.json@best,2,9001,47,1,1.0,1.0,26.0,111.0,85.0,80.0,21.0,2.0,0.0,1.0,20.0,11.0,3.727272727272727,4.0,4.0,6.0,9.0,0.0,35.0,0.0,2.0,0.0,0.0,0.0,67.0,116.65,34,116.62
"mcts:reward=margin,guide=ppo:runs/ppo/pass2/p2b_pool_s3.json",linear:runs/linear/pass7/p7b_sarsa_lam98_random_s3.json@best,2,9001,46,0,1.0,1.0,8.0,79.0,71.0,90.0,-21.0,0.0,2.0,1.0,24.0,11.0,4.090909090909091,4.0,0.0,4.0,17.0,1.0,25.0,0.0,2.0,0.0,0.0,1.0,65.0,141.51,34,141.49
"mcts:reward=margin,guide=ppo:runs/ppo/pass2/p2b_pool_s3.json",linear:runs/linear/pass7/p7b_sarsa_lam98_random_s3.json@best,2,9001,47,1,1.0,1.0,9.0,97.0,88.0,68.0,19.0,2.0,0.0,1.0,31.0,11.0,3.5454545454545454,2.0,6.0,6.0,12.0,0.0,32.0,0.0,2.0,0.0,0.0,0.0,67.0,129.78,34,129.75
"mcts:reward=score,guide=ppo:runs/ppo/pass2/p2b_pool_s3.json,opponent=infer",racer,2,9001,46,0,1.0,1.0,6.0,94.0,88.0,83.0,1.0,1.0,1.0,1.0,17.0,13.0,3.3846153846153846,4.0,1.0,4.0,21.0,0.0,19.0,0.0,2.0,0.0,0.0,1.0,65.0,114.56,34,114.55
"mcts:reward=score,guide=ppo:runs/ppo/pass2/p2b_pool_s3.json,opponent=infer",racer,2,9001,47,1,0.0,0.0,-14.0,79.0,93.0,90.0,-21.0,0.0,2.0,1.0,20.0,11.0,4.090909090909091,4.0,0.0,6.0,13.0,0.0,35.0,0.0,2.0,0.0,0.0,1.0,70.0,118.84,36,118.83
"mcts:reward=margin,guide=ppo:runs/ppo/pass2/p2b_pool_s3.json",racer,2,9001,46,0,1.0,1.0,5.0,89.0,84.0,78.0,1.0,1.0,1.0,1.0,26.0,14.0,3.2142857142857144,3.0,0.0,2.0,23.0,0.0,19.0,0.0,2.0,0.0,0.0,1.0,69.0,136.41,36,136.4
"mcts:reward=margin,guide=ppo:runs/ppo/pass2/p2b_pool_s3.json",racer,2,9001,47,1,1.0,1.0,8.0,94.0,86.0,85.0,-1.0,1.0,1.0,1.0,20.0,11.0,4.090909090909091,4.0,0.0,7.0,11.0,0.0,35.0,0.0,2.0,0.0,0.0,1.0,68.0,130.23,35,130.22
"mcts:reward=score,guide=ppo:runs/ppo/pass2/p2b_pool_s3.json,opponent=infer",ppo:runs/ppo/pass2/p2b_pool_s3.json,2,9001,48,0,0.0,0.0,-7.0,77.0,84.0,72.0,5.0,1.0,1.0,0.0,27.0,11.0,3.5454545454545454,3.0,6.0,1.0,21.0,0.0,19.0,0.0,2.0,0.0,0.0,0.0,62.0,123.33,32,123.28
"mcts:reward=score,guide=ppo:runs/ppo/pass2/p2b_pool_s3.json,opponent=infer",ppo:runs/ppo/pass2/p2b_pool_s3.json,2,9001,49,0,1.0,1.0,1.0,80.0,79.0,82.0,-2.0,1.0,1.0,0.0,14.0,10.0,4.0,4.0,5.0,6.0,7.0,1.0,31.0,0.0,2.0,0.0,0.0,0.0,61.0,115.81,31,115.75
"mcts:reward=margin,guide=ppo:runs/ppo/pass2/p2b_pool_s3.json",ppo:runs/ppo/pass2/p2b_pool_s3.json,2,9001,48,0,1.0,1.0,25.0,101.0,76.0,64.0,27.0,2.0,0.0,1.0,25.0,14.0,2.857142857142857,2.0,5.0,4.0,24.0,0.0,16.0,0.0,2.0,0.0,0.0,0.0,68.0,136.89,35,136.84
"mcts:reward=margin,guide=ppo:runs/ppo/pass2/p2b_pool_s3.json",ppo:runs/ppo/pass2/p2b_pool_s3.json,2,9001,49,0,0.0,0.0,-5.0,77.0,82.0,79.0,-2.0,1.0,1.0,0.0,20.0,9.0,4.111111111111111,4.0,8.0,6.0,4.0,1.0,38.0,0.0,2.0,0.0,0.0,0.0,63.0,130.08,32,130.04
"mcts:reward=score,guide=ppo:runs/ppo/pass2/p2b_pool_s3.json,opponent=infer",greedy,2,9001,46,0,1.0,1.0,15.0,101.0,86.0,90.0,1.0,1.0,1.0,1.0,23.0,11.0,4.0,5.0,1.0,2.0,34.0,0.0,18.0,0.0,2.0,0.0,0.0,1.0,73.0,154.69,38,154.68
"mcts:reward=score,guide=ppo:runs/ppo/pass2/p2b_pool_s3.json,opponent=infer",greedy,2,9001,47,1,1.0,1.0,9.0,86.0,77.0,97.0,-21.0,0.0,2.0,1.0,28.0,10.0,4.4,6.0,1.0,6.0,13.0,0.0,37.0,0.0,2.0,0.0,0.0,1.0,70.0,149.08,36,149.07
"mcts:reward=margin,guide=ppo:runs/ppo/pass2/p2b_pool_s3.json",greedy,2,9001,46,0,0.0,0.0,-18.0,73.0,91.0,62.0,1.0,1.0,1.0,1.0,24.0,15.0,2.6666666666666665,2.0,5.0,2.0,33.0,1.0,11.0,0.0,2.0,0.0,0.0,0.0,76.0,154.71,39,154.71
"mcts:reward=margin,guide=ppo:runs/ppo/pass2/p2b_pool_s3.json",greedy,2,9001,47,1,0.0,0.0,-2.0,102.0,104.0,93.0,-1.0,1.0,1.0,1.0,31.0,11.0,4.090909090909091,6.0,0.0,4.0,26.0,1.0,28.0,0.0,2.0,0.0,0.0,1.0,78.0,154.27,40,154.26
"mcts:reward=margin,guide=ppo:runs/ppo/pass2/p2b_pool_s3.json",linear:runs/linear/pass7/p7b_sarsa_lam98_random_s3.json@best,2,9001,48,0,0.0,0.0,-13.0,68.0,81.0,85.0,-27.0,0.0,2.0,1.0,20.0,12.0,3.75,3.0,0.0,4.0,31.0,0.0,15.0,0.0,2.0,0.0,0.0,0.0,70.0,129.09,36,129.07
"mcts:reward=margin,guide=ppo:runs/ppo/pass2/p2b_pool_s3.json",linear:runs/linear/pass7/p7b_sarsa_lam98_random_s3.json@best,2,9001,49,0,1.0,1.0,35.0,113.0,78.0,85.0,18.0,2.0,0.0,1.0,30.0,13.0,3.3846153846153846,5.0,1.0,6.0,14.0,1.0,26.0,0.0,2.0,0.0,0.0,1.0,68.0,129.35,35,129.33
"mcts:reward=score,guide=ppo:runs/ppo/pass2/p2b_pool_s3.json,opponent=infer",linear:runs/linear/pass7/p7b_sarsa_lam98_random_s3.json@best,2,9001,48,0,0.0,0.0,-64.0,62.0,126.0,81.0,-29.0,0.0,2.0,1.0,25.0,8.0,4.75,6.0,7.0,4.0,21.0,1.0,25.0,0.0,2.0,0.0,0.0,0.0,64.0,121.13,33,121.1
"mcts:reward=score,guide=ppo:runs/ppo/pass2/p2b_pool_s3.json,opponent=infer",linear:runs/linear/pass7/p7b_sarsa_lam98_random_s3.json@best,2,9001,49,0,1.0,1.0,26.0,112.0,86.0,84.0,18.0,2.0,0.0,1.0,20.0,12.0,3.75,3.0,0.0,4.0,13.0,1.0,33.0,0.0,2.0,0.0,0.0,1.0,72.0,122.29,37,122.25
"mcts:reward=score,guide=ppo:runs/ppo/pass2/p2b_pool_s3.json,opponent=infer",racer,2,9001,48,0,1.0,1.0,30.0,95.0,65.0,80.0,5.0,1.0,1.0,1.0,31.0,13.0,3.3846153846153846,4.0,1.0,4.0,25.0,0.0,21.0,0.0,2.0,0.0,0.0,1.0,71.0,125.01,37,124.99
"mcts:reward=score,guide=ppo:runs/ppo/pass2/p2b_pool_s3.json,opponent=infer",racer,2,9001,49,0,1.0,1.0,50.0,115.0,65.0,87.0,18.0,2.0,0.0,1.0,30.0,12.0,3.75,5.0,0.0,8.0,6.0,1.0,36.0,0.0,2.0,0.0,0.0,1.0,68.0,118.31,35,118.3
"mcts:reward=margin,guide=ppo:runs/ppo/pass2/p2b_pool_s3.json",racer,2,9001,48,0,0.0,0.0,-7.0,77.0,84.0,74.0,-7.0,1.0,1.0,1.0,28.0,15.0,2.933333333333333,3.0,1.0,1.0,21.0,0.0,21.0,0.0,2.0,0.0,0.0,1.0,71.0,135.82,37,135.81
"mcts:reward=margin,guide=ppo:runs/ppo/pass2/p2b_pool_s3.json",racer,2,9001,49,0,1.0,1.0,3.0,78.0,75.0,86.0,-18.0,0.0,2.0,1.0,17.0,12.0,3.75,4.0,0.0,5.0,8.0,0.0,34.0,0.0,2.0,0.0,0.0,1.0,66.0,128.09,34,128.07
"mcts:reward=score,guide=ppo:runs/ppo/pass2/p2b_pool_s3.json,opponent=infer",ppo:runs/ppo/pass2/p2b_pool_s3.json,2,9001,50,1,1.0,1.0,11.0,93.0,82.0,81.0,12.0,1.0,1.0,0.0,20.0,10.0,4.0,4.0,5.0,5.0,12.0,1.0,28.0,0.0,2.0,0.0,0.0,0.0,62.0,115.51,32,115.45
"mcts:reward=score,guide=ppo:runs/ppo/pass2/p2b_pool_s3.json,opponent=infer",ppo:runs/ppo/pass2/p2b_pool_s3.json,2,9001,51,1,1.0,1.0,14.0,94.0,80.0,79.0,15.0,1.0,1.0,0.0,28.0,9.0,4.333333333333333,4.0,6.0,6.0,11.0,1.0,31.0,0.0,2.0,0.0,0.0,0.0,63.0,113.91,32,113.85
"mcts:reward=margin,guide=ppo:runs/ppo/pass2/p2b_pool_s3.json",ppo:runs/ppo/pass2/p2b_pool_s3.json,2,9001,50,1,0.0,0.0,-27.0,62.0,89.0,90.0,-28.0,0.0,2.0,0.0,12.0,9.0,4.666666666666667,6.0,3.0,5.0,16.0,1.0,26.0,0.0,2.0,0.0,0.0,0.0,62.0,133.14,32,133.09
"mcts:reward=margin,guide=ppo:runs/ppo/pass2/p2b_pool_s3.json",ppo:runs/ppo/pass2/p2b_pool_s3.json,2,9001,51,1,0.0,0.0,-12.0,67.0,79.0,84.0,-17.0,0.0,2.0,0.0,21.0,10.0,4.1,4.0,4.0,5.0,8.0,0.0,32.0,0.0,2.0,0.0,0.0,0.0,61.0,126.53,31,126.47
"mcts:reward=margin,guide=ppo:runs/ppo/pass2/p2b_pool_s3.json",greedy,2,9001,48,0,1.0,1.0,8.0,109.0,101.0,72.0,27.0,2.0,0.0,1.0,39.0,16.0,2.8125,3.0,0.0,4.0,25.0,0.0,23.0,0.0,2.0,0.0,0.0,1.0,79.0,143.52,41,143.51
"mcts:reward=margin,guide=ppo:runs/ppo/pass2/p2b_pool_s3.json",greedy,2,9001,49,0,0.0,0.0,-16.0,111.0,127.0,83.0,18.0,2.0,0.0,1.0,33.0,13.0,3.4615384615384617,4.0,0.0,6.0,13.0,0.0,33.0,0.0,2.0,0.0,0.0,1.0,72.0,143.78,37,143.77
"mcts:reward=score,guide=ppo:runs/ppo/pass2/p2b_pool_s3.json,opponent=infer",greedy,2,9001,48,0,0.0,0.0,-30.0,77.0,107.0,96.0,-29.0,0.0,2.0,1.0,26.0,11.0,4.090909090909091,6.0,0.0,4.0,27.0,2.0,23.0,0.0,2.0,0.0,0.0,1.0,75.0,150.78,39,150.77
"mcts:reward=score,guide=ppo:runs/ppo/pass2/p2b_pool_s3.json,opponent=infer",greedy,2,9001,49,0,0.0,0.0,-12.0,121.0,133.0,93.0,18.0,2.0,0.0,1.0,36.0,11.0,4.090909090909091,5.0,0.0,6.0,14.0,0.0,36.0,0.0,2.0,0.0,0.0,1.0,72.0,142.93,37,142.92
"mcts:reward=score,guide=ppo:runs/ppo/pass2/p2b_pool_s3.json,opponent=infer",linear:runs/linear/pass7/p7b_sarsa_lam98_random_s3.json@best,2,9001,50,1,0.0,0.0,-4.0,72.0,76.0,90.0,-28.0,0.0,2.0,1.0,18.0,12.0,3.75,5.0,0.0,8.0,8.0,0.0,36.0,0.0,2.0,0.0,0.0,1.0,67.0,126.24,35,126.22
"mcts:reward=score,guide=ppo:runs/ppo/pass2/p2b_pool_s3.json,opponent=infer",linear:runs/linear/pass7/p7b_sarsa_lam98_random_s3.json@best,2,9001,51,1,0.0,0.0,-62.0,49.0,111.0,64.0,-15.0,1.0,1.0,0.0,11.0,8.0,3.875,4.0,14.0,2.0,14.0,0.0,28.0,0.0,2.0,0.0,0.0,0.0,59.0,113.89,30,113.86
"mcts:reward=score,guide=ppo:runs/ppo/pass2/p2b_pool_s3.json,opponent=infer",racer,2,9001,50,1,1.0,1.0,12.0,81.0,69.0,83.0,-12.0,1.0,1.0,1.0,33.0,13.0,3.3846153846153846,4.0,1.0,3.0,16.0,0.0,26.0,0.0,2.0,0.0,0.0,1.0,67.0,118.91,35,118.9
"mcts:reward=score,guide=ppo:runs/ppo/pass2/p2b_pool_s3.json,opponent=infer",racer,2,9001,51,1,0.0,0.0,-4.0,72.0,76.0,87.0,-25.0,0.0,2.0,1.0,20.0,12.0,3.75,4.0,0.0,5.0,18.0,0.0,24.0,0.0,2.0,0.0,0.0,1.0,66.0,112.88,34,112.87
"mcts:reward=margin,guide=ppo:runs/ppo/pass2/p2b_pool_s3.json",linear:runs/linear/pass7/p7b_sarsa_lam98_random_s3.json@best,2,9001,50,1,1.0,1.0,14.0,95.0,81.0,73.0,12.0,1.0,1.0,1.0,26.0,11.0,3.4545454545454546,3.0,7.0,4.0,15.0,1.0,25.0,0.0,2.0,0.0,0.0,0.0,64.0,136.86,33,136.84
"mcts:reward=margin,guide=ppo:runs/ppo/pass2/p2b_pool_s3.json",linear:runs/linear/pass7/p7b_sarsa_lam98_random_s3.json@best,2,9001,51,1,0.0,0.0,-8.0,89.0,97.0,96.0,-17.0,0.0,2.0,1.0,28.0,10.0,4.5,5.0,0.0,7.0,12.0,0.0,36.0,0.0,2.0,0.0,0.0,1.0,68.0,137.19,35,137.16
"mcts:reward=margin,guide=ppo:runs/ppo/pass2/p2b_pool_s3.json",racer,2,9001,50,1,1.0,1.0,35.0,104.0,69.0,82.0,12.0,1.0,1.0,1.0,32.0,13.0,3.3846153846153846,5.0,1.0,5.0,14.0,0.0,26.0,0.0,2.0,0.0,0.0,1.0,65.0,130.76,34,130.75
"mcts:reward=margin,guide=ppo:runs/ppo/pass2/p2b_pool_s3.json",racer,2,9001,51,1,1.0,1.0,43.0,107.0,64.0,80.0,17.0,2.0,0.0,1.0,35.0,13.0,3.3076923076923075,3.0,2.0,9.0,7.0,4.0,29.0,0.0,2.0,0.0,0.0,1.0,70.0,131.04,36,131.03
"mcts:reward=margin,guide=ppo:runs/ppo/pass2/p2b_pool_s3.json",greedy,2,9001,50,1,1.0,1.0,47.0,130.0,83.0,92.0,28.0,2.0,0.0,1.0,20.0,11.0,4.090909090909091,5.0,0.0,2.0,28.0,0.0,18.0,0.0,2.0,0.0,0.0,1.0,67.0,124.01,35,124.0
"mcts:reward=margin,guide=ppo:runs/ppo/pass2/p2b_pool_s3.json",greedy,2,9001,51,1,1.0,1.0,19.0,119.0,100.0,92.0,17.0,2.0,0.0,1.0,31.0,12.0,3.75,5.0,0.0,5.0,13.0,1.0,29.0,0.0,2.0,0.0,0.0,1.0,68.0,143.58,35,143.58
"mcts:reward=score,guide=ppo:runs/ppo/pass2/p2b_pool_s3.json,opponent=infer",greedy,2,9001,50,1,1.0,1.0,24.0,117.0,93.0,95.0,12.0,1.0,1.0,1.0,25.0,10.0,4.5,6.0,0.0,4.0,25.0,2.0,19.0,0.0,2.0,0.0,0.0,1.0,67.0,128.66,35,128.65
"mcts:reward=score,guide=ppo:runs/ppo/pass2/p2b_pool_s3.json,opponent=infer",greedy,2,9001,51,1,1.0,1.0,45.0,129.0,84.0,104.0,15.0,1.0,1.0,1.0,20.0,9.0,5.0,7.0,0.0,5.0,14.0,0.0,34.0,0.0,2.0,0.0,0.0,1.0,66.0,135.59,34,135.58
"mcts:reward=score,guide=ppo:runs/ppo/pass2/p2b_pool_s3.json,opponent=infer",ppo:runs/ppo/pass2/p2b_pool_s3.json,2,9001,52,0,1.0,1.0,19.0,91.0,72.0,91.0,0.0,1.0,1.0,0.0,19.0,10.0,4.4,5.0,1.0,4.0,9.0,1.0,35.0,0.0,2.0,0.0,0.0,0.0,66.0,122.39,34,122.33
"mcts:reward=score,guide=ppo:runs/ppo/pass2/p2b_pool_s3.json,opponent=infer",ppo:runs/ppo/pass2/p2b_pool_s3.json,2,9001,53,1,0.0,0.0,-8.0,65.0,73.0,81.0,-16.0,0.0,2.0,0.0,10.0,9.0,4.222222222222222,4.0,7.0,3.0,8.0,0.0,36.0,0.0,2.0,0.0,0.0,0.0,63.0,122.96,32,122.91
"mcts:reward=margin,guide=ppo:runs/ppo/pass2/p2b_pool_s3.json",ppo:runs/ppo/pass2/p2b_pool_s3.json,2,9001,52,0,1.0,1.0,20.0,86.0,66.0,77.0,-1.0,1.0,1.0,1.0,30.0,10.0,4.0,3.0,5.0,3.0,7.0,1.0,31.0,0.0,2.0,0.0,0.0,0.0,60.0,124.92,31,124.87
"mcts:reward=margin,guide=ppo:runs/ppo/pass2/p2b_pool_s3.json",ppo:runs/ppo/pass2/p2b_pool_s3.json,2,9001,53,1,1.0,1.0,42.0,113.0,71.0,71.0,32.0,3.0,0.0,1.0,30.0,13.0,3.1538461538461537,3.0,4.0,5.0,11.0,1.0,27.0,1.0,3.0,0.0,0.0,0.0,69.0,144.82,36,144.77
"mcts:reward=score,guide=ppo:runs/ppo/pass2/p2b_pool_s3.json,opponent=infer",linear:runs/linear/pass7/p7b_sarsa_lam98_random_s3.json@best,2,9001,52,0,1.0,1.0,41.0,105.0,64.0,95.0,0.0,1.0,1.0,1.0,25.0,11.0,4.090909090909091,6.0,0.0,5.0,13.0,0.0,29.0,0.0,2.0,0.0,0.0,1.0,63.0,116.99,33,116.96
"mcts:reward=score,guide=ppo:runs/ppo/pass2/p2b_pool_s3.json,opponent=infer",linear:runs/linear/pass7/p7b_sarsa_lam98_random_s3.json@best,2,9001,53,1,1.0,1.0,39.0,116.0,77.0,90.0,16.0,2.0,0.0,1.0,25.0,12.0,3.75,5.0,0.0,4.0,5.0,0.0,39.0,0.0,2.0,0.0,0.0,0.0,69.0,124.3,35,124.27
"mcts:reward=score,guide=ppo:runs/ppo/pass2/p2b_pool_s3.json,opponent=infer",racer,2,9001,52,0,1.0,1.0,29.0,86.0,57.0,92.0,-16.0,0.0,2.0,1.0,15.0,10.0,4.5,5.0,0.0,4.0,14.0,0.0,28.0,0.0,2.0,0.0,0.0,1.0,61.0,115.86,32,115.85
"mcts:reward=score,guide=ppo:runs/ppo/pass2/p2b_pool_s3.json,opponent=infer",racer,2,9001,53,1,1.0,1.0,6.0,83.0,77.0,89.0,-16.0,0.0,2.0,1.0,20.0,8.0,5.125,6.0,4.0,4.0,7.0,0.0,35.0,0.0,2.0,0.0,0.0,0.0,59.0,105.8,30,105.79
"mcts:reward=margin,guide=ppo:runs/ppo/pass2/p2b_pool_s3.json",linear:runs/linear/pass7/p7b_sarsa_lam98_random_s3.json@best,2,9001,52,0,1.0,1.0,28.0,90.0,62.0,97.0,-17.0,0.0,2.0,1.0,14.0,10.0,4.5,6.0,0.0,2.0,13.0,0.0,29.0,0.0,2.0,0.0,0.0,1.0,61.0,123.98,32,123.96
"mcts:reward=margin,guide=ppo:runs/ppo/pass2/p2b_pool_s3.json",linear:runs/linear/pass7/p7b_sarsa_lam98_random_s3.json@best,2,9001,53,1,1.0,1.0,11.0,83.0,72.0,89.0,-16.0,0.0,2.0,1.0,22.0,11.0,4.090909090909091,5.0,0.0,1.0,18.0,0.0,24.0,0.0,2.0,0.0,0.0,1.0,64.0,132.87,33,132.84
"mcts:reward=margin,guide=ppo:runs/ppo/pass2/p2b_pool_s3.json",racer,2,9001,52,0,1.0,1.0,22.0,94.0,72.0,83.0,1.0,1.0,1.0,1.0,19.0,12.0,3.6666666666666665,4.0,1.0,2.0,23.0,1.0,17.0,0.0,2.0,0.0,0.0,1.0,65.0,125.28,34,125.27
"mcts:reward=margin,guide=ppo:runs/ppo/pass2/p2b_pool_s3.json",racer,2,9001,53,1,1.0,1.0,26.0,84.0,58.0,90.0,-16.0,0.0,2.0,1.0,39.0,11.0,4.090909090909091,5.0,0.0,4.0,11.0,0.0,31.0,0.0,2.0,0.0,0.0,1.0,64.0,132.12,33,132.11
"mcts:reward=score,guide=ppo:runs/ppo/pass2/p2b_pool_s3.json,opponent=infer",ppo:runs/ppo/pass2/p2b_pool_s3.json,2,9001,54,1,0.0,0.0,-11.0,68.0,79.0,74.0,-16.0,1.0,2.0,1.0,26.0,10.0,3.9,5.0,6.0,4.0,20.0,0.0,24.0,1.0,3.0,0.0,0.0,0.0,66.0,125.16,35,125.11
"mcts:reward=score,guide=ppo:runs/ppo/pass2/p2b_pool_s3.json,opponent=infer",ppo:runs/ppo/pass2/p2b_pool_s3.json,2,9001,55,1,0.0,0.0,-10.0,55.0,65.0,63.0,-8.0,1.0,1.0,0.0,18.0,8.0,3.875,3.0,14.0,5.0,18.0,0.0,24.0,0.0,2.0,0.0,0.0,0.0,59.0,114.0,30,113.96
"mcts:reward=score,guide=ppo:runs/ppo/pass2/p2b_pool_s3.json,opponent=infer",greedy,2,9001,52,0,1.0,1.0,59.0,97.0,38.0,103.0,-16.0,0.0,2.0,1.0,30.0,9.0,5.0,6.0,0.0,5.0,16.0,0.0,32.0,0.0,2.0,0.0,0.0,1.0,65.0,129.92,34,129.91
"mcts:reward=score,guide=ppo:runs/ppo/pass2/p2b_pool_s3.json,opponent=infer",greedy,2,9001,53,1,0.0,0.0,-42.0,88.0,130.0,94.0,-6.0,1.0,1.0,0.0,12.0,11.0,4.090909090909091,6.0,0.0,6.0,15.0,1.0,39.0,0.0,2.0,0.0,0.0,1.0,78.0,134.65,40,134.64
"mcts:reward=margin,guide=ppo:runs/ppo/pass2/p2b_pool_s3.json",greedy,2,9001,52,0,1.0,1.0,41.0,97.0,56.0,86.0,1.0,1.0,1.0,1.0,29.0,12.0,3.75,4.0,0.0,5.0,13.0,1.0,37.0,0.0,2.0,0.0,0.0,1.0,75.0,138.38,39,138.37
"mcts:reward=margin,guide=ppo:runs/ppo/pass2/p2b_pool_s3.json",greedy,2,9001,53,1,1.0,1.0,16.0,88.0,72.0,94.0,-16.0,0.0,2.0,1.0,31.0,11.0,4.090909090909091,5.0,0.0,5.0,16.0,0.0,30.0,0.0,2.0,0.0,0.0,1.0,68.0,141.75,35,141.74
"mcts:reward=margin,guide=ppo:runs/ppo/pass2/p2b_pool_s3.json",ppo:runs/ppo/pass2/p2b_pool_s3.json,2,9001,54,1,0.0,0.0,-17.0,59.0,76.0,73.0,-24.0,0.0,2.0,1.0,26.0,12.0,3.3333333333333335,3.0,5.0,4.0,21.0,1.0,17.0,0.0,2.0,0.0,0.0,0.0,64.0,132.13,33,132.08
"mcts:reward=margin,guide=ppo:runs/ppo/pass2/p2b_pool_s3.json",ppo:runs/ppo/pass2/p2b_pool_s3.json,2,9001,55,1,1.0,1.0,50.0,107.0,57.0,71.0,26.0,2.0,0.0,1.0,34.0,12.0,3.3333333333333335,3.0,5.0,5.0,22.0,1.0,16.0,0.0,2.0,0.0,0.0,0.0,65.0,136.95,33,136.9
"mcts:reward=score,guide=ppo:runs/ppo/pass2/p2b_pool_s3.json,opponent=infer",linear:runs/linear/pass7/p7b_sarsa_lam98_random_s3.json@best,2,9001,54,1,0.0,0.0,-1.0,85.0,86.0,77.0,-2.0,1.0,1.0,1.0,14.0,9.0,4.222222222222222,5.0,7.0,5.0,21.0,0.0,23.0,0.0,2.0,0.0,0.0,0.0,62.0,113.63,32,113.6
"mcts:reward=score,guide=ppo:runs/ppo/pass2/p2b_pool_s3.json,opponent=infer",linear:runs/linear/pass7/p7b_sarsa_lam98_random_s3.json@best,2,9001,55,1,1.0,1.0,39.0,110.0,71.0,74.0,26.0,2.0,0.0,1.0,20.0,12.0,3.3333333333333335,4.0,5.0,4.0,18.0,1.0,24.0,0.0,2.0,0.0,0.0,0.0,69.0,117.84,35,117.81
"mcts:reward=margin,guide=ppo:runs/ppo/pass2/p2b_pool_s3.json",linear:runs/linear/pass7/p7b_sarsa_lam98_random_s3.json@best,2,9001,54,1,0.0,0.0,-9.0,74.0,83.0,88.0,-24.0,0.0,2.0,1.0,29.0,12.0,3.6666666666666665,5.0,1.0,6.0,19.0,0.0,21.0,0.0,2.0,0.0,0.0,1.0,63.0,125.98,33,125.95
"mcts:reward=margin,guide=ppo:runs/ppo/pass2/p2b_pool_s3.json",linear:runs/linear/pass7/p7b_sarsa_lam98_random_s3.json@best,2,9001,55,1,0.0,0.0,-7.0,60.0,67.0,76.0,-26.0,0.0,2.0,1.0,22.0,9.0,4.111111111111111,4.0,8.0,1.0,26.0,0.0,20.0,0.0,2.0,0.0,0.0,0.0,65.0,131.29,33,131.26
"mcts:reward=margin,guide=ppo:runs/ppo/pass2/p2b_pool_s3.json",racer,2,9001,54,1,1.0,1.0,0.0,69.0,69.0,83.0,-24.0,0.0,2.0,1.0,24.0,12.0,3.5833333333333335,3.0,2.0,3.0,22.0,2.0,16.0,0.0,2.0,0.0,0.0,1.0,65.0,124.51,34,124.5
"mcts:reward=margin,guide=ppo:runs/ppo/pass2/p2b_pool_s3.json",racer,2,9001,55,1,0.0,0.0,-20.0,61.0,81.0,59.0,-8.0,1.0,1.0,1.0,18.0,11.0,3.1818181818181817,2.0,10.0,3.0,29.0,0.0,11.0,0.0,2.0,0.0,0.0,0.0,63.0,128.28,32,128.27
"mcts:reward=score,guide=ppo:runs/ppo/pass2/p2b_pool_s3.json,opponent=infer",racer,2,9001,54,1,1.0,1.0,40.0,99.0,59.0,91.0,-2.0,1.0,1.0,1.0,39.0,11.0,4.090909090909091,6.0,0.0,9.0,15.0,0.0,35.0,0.0,2.0,0.0,0.0,1.0,71.0,123.74,37,123.73
"mcts:reward=score,guide=ppo:runs/ppo/pass2/p2b_pool_s3.json,opponent=infer",racer,2,9001,55,1,1.0,1.0,31.0,112.0,81.0,76.0,26.0,2.0,0.0,1.0,25.0,15.0,2.933333333333333,3.0,1.0,3.0,23.0,0.0,19.0,0.0,2.0,0.0,0.0,1.0,72.0,117.9,37,117.89
"mcts:reward=score,guide=ppo:runs/ppo/pass2/p2b_pool_s3.json,opponent=infer",ppo:runs/ppo/pass2/p2b_pool_s3.json,2,9001,56,0,1.0,1.0,35.0,111.0,76.0,74.0,27.0,2.0,0.0,1.0,27.0,11.0,3.6363636363636362,4.0,5.0,7.0,7.0,0.0,33.0,0.0,2.0,0.0,0.0,0.0,63.0,117.43,32,117.37
"mcts:reward=score,guide=ppo:runs/ppo/pass2/p2b_pool_s3.json,opponent=infer",ppo:runs/ppo/pass2/p2b_pool_s3.json,2,9001,57,0,0.0,0.0,-5.0,74.0,79.0,71.0,3.0,1.0,1.0,0.0,26.0,10.0,3.7,3.0,8.0,4.0,18.0,0.0,24.0,0.0,2.0,0.0,0.0,0.0,62.0,118.78,32,118.72
"mcts:reward=margin,guide=ppo:runs/ppo/pass2/p2b_pool_s3.json",ppo:runs/ppo/pass2/p2b_pool_s3.json,2,9001,56,0,1.0,1.0,21.0,93.0,72.0,70.0,13.0,1.0,1.0,1.0,27.0,10.0,3.7,4.0,8.0,6.0,16.0,0.0,22.0,0.0,2.0,0.0,0.0,0.0,59.0,124.8,30,124.75
"mcts:reward=margin,guide=ppo:runs/ppo/pass2/p2b_pool_s3.json",ppo:runs/ppo/pass2/p2b_pool_s3.json,2,9001,57,0,1.0,1.0,4.0,93.0,89.0,72.0,21.0,2.0,0.0,0.0,26.0,14.0,3.2142857142857144,3.0,0.0,3.0,16.0,0.0,30.0,0.0,2.0,0.0,0.0,1.0,73.0,152.69,38,152.63
"mcts:reward=margin,guide=ppo:runs/ppo/pass2/p2b_pool_s3.json",greedy,2,9001,54,1,1.0,1.0,33.0,101.0,68.0,93.0,-2.0,1.0,1.0,1.0,27.0,12.0,3.75,5.0,0.0,6.0,23.0,1.0,23.0,0.0,2.0,0.0,0.0,1.0,71.0,142.76,37,142.75
"mcts:reward=margin,guide=ppo:runs/ppo/pass2/p2b_pool_s3.json",greedy,2,9001,55,1,0.0,0.0,-31.0,102.0,133.0,66.0,26.0,2.0,0.0,1.0,27.0,16.0,2.8125,2.0,0.0,0.0,35.0,0.0,13.0,0.0,2.0,0.0,0.0,1.0,80.0,148.9,41,148.89
"mcts:reward=score,guide=ppo:runs/ppo/pass2/p2b_pool_s3.json,opponent=infer",greedy,2,9001,54,1,1.0,1.0,56.0,99.0,43.0,91.0,-2.0,1.0,1.0,1.0,14.0,11.0,4.090909090909091,5.0,0.0,5.0,25.0,1.0,25.0,0.0,2.0,0.0,0.0,1.0,73.0,146.71,38,146.7
"mcts:reward=score,guide=ppo:runs/ppo/pass2/p2b_pool_s3.json,opponent=infer",greedy,2,9001,55,1,1.0,1.0,30.0,113.0,83.0,77.0,26.0,2.0,0.0,1.0,28.0,13.0,3.4615384615384617,2.0,0.0,4.0,23.0,0.0,29.0,0.0,2.0,0.0,0.0,1.0,78.0,141.53,40,141.52
"mcts:reward=score,guide=ppo:runs/ppo/pass2/p2b_pool_s3.json,opponent=infer",linear:runs/linear/pass7/p7b_sarsa_lam98_random_s3.json@best,2,9001,56,0,1.0,1.0,49.0,131.0,82.0,94.0,27.0,2.0,0.0,1.0,32.0,11.0,4.090909090909091,6.0,0.0,8.0,17.0,0.0,29.0,0.0,2.0,0.0,0.0,1.0,68.0,116.17,35,116.14
"mcts:reward=score,guide=ppo:runs/ppo/pass2/p2b_pool_s3.json,opponent=infer",linear:runs/linear/pass7/p7b_sarsa_lam98_random_s3.json@best,2,9001,57,0,1.0,1.0,8.0,84.0,76.0,77.0,-3.0,1.0,1.0,1.0,23.0,9.0,4.111111111111111,4.0,8.0,3.0,25.0,0.0,19.0,0.0,2.0,0.0,0.0,0.0,62.0,112.83,32,112.8
"mcts:reward=margin,guide=ppo:runs/ppo/pass2/p2b_pool_s3.json",racer,2,9001,56,0,1.0,1.0,20.0,115.0,95.0,78.0,27.0,2.0,0.0,1.0,31.0,11.0,3.6363636363636362,3.0,5.0,4.0,20.0,2.0,18.0,0.0,2.0,0.0,0.0,0.0,65.0,121.34,33,121.32
"mcts:reward=margin,guide=ppo:runs/ppo/pass2/p2b_pool_s3.json",racer,2,9001,57,0,1.0,1.0,27.0,78.0,51.0,89.0,-21.0,0.0,2.0,1.0,30.0,11.0,4.090909090909091,4.0,0.0,2.0,14.0,0.0,28.0,0.0,2.0,0.0,0.0,1.0,63.0,134.03,33,134.02
"mcts:reward=margin,guide=ppo:runs/ppo/pass2/p2b_pool_s3.json",linear:runs/linear/pass7/p7b_sarsa_lam98_random_s3.json@best,2,9001,56,0,0.0,0.0,-18.0,67.0,85.0,70.0,-13.0,1.0,1.0,1.0,24.0,11.0,3.4545454545454546,3.0,7.0,1.0,19.0,0.0,19.0,0.0,2.0,0.0,0.0,0.0,61.0,118.45,31,118.43
"mcts:reward=margin,guide=ppo:runs/ppo/pass2/p2b_pool_s3.json",linear:runs/linear/pass7/p7b_sarsa_lam98_random_s3.json@best,2,9001,57,0,0.0,0.0,-7.0,78.0,85.0,89.0,-21.0,0.0,2.0,1.0,27.0,11.0,4.090909090909091,5.0,0.0,1.0,13.0,0.0,33.0,0.0,2.0,0.0,0.0,1.0,67.0,143.7,35,143.67
"mcts:reward=score,guide=ppo:runs/ppo/pass2/p2b_pool_s3.json,opponent=infer",racer,2,9001,56,0,1.0,1.0,29.0,124.0,95.0,87.0,27.0,2.0,0.0,1.0,29.0,11.0,3.909090909090909,5.0,2.0,5.0,14.0,1.0,26.0,0.0,2.0,0.0,0.0,0.0,65.0,114.53,33,114.52
"mcts:reward=score,guide=ppo:runs/ppo/pass2/p2b_pool_s3.json,opponent=infer",racer,2,9001,57,0,1.0,1.0,32.0,122.0,90.0,73.0,39.0,4.0,0.0,1.0,33.0,14.0,3.0714285714285716,3.0,2.0,4.0,24.0,0.0,18.0,1.0,4.0,0.0,0.0,0.0,72.0,137.58,38,137.57
"mcts:reward=margin,guide=ppo:runs/ppo/pass2/p2b_pool_s3.json",greedy,2,9001,56,0,1.0,1.0,44.0,117.0,73.0,80.0,27.0,2.0,0.0,1.0,34.0,14.0,3.2142857142857144,3.0,0.0,5.0,20.0,0.0,22.0,0.0,2.0,0.0,0.0,1.0,70.0,125.39,36,125.38
"mcts:reward=margin,guide=ppo:runs/ppo/pass2/p2b_pool_s3.json",greedy,2,9001,57,0,1.0,1.0,43.0,86.0,43.0,97.0,-21.0,0.0,2.0,1.0,21.0,10.0,4.5,6.0,0.0,3.0,16.0,0.0,34.0,0.0,2.0,0.0,0.0,1.0,69.0,144.24,36,144.23
"mcts:reward=score,guide=ppo:runs/ppo/pass2/p2b_pool_s3.json,opponent=infer",ppo:runs/ppo/pass2/p2b_pool_s3.json,2,9001,58,0,0.0,0.0,-11.0,53.0,64.0,78.0,-35.0,0.0,2.0,1.0,28.0,10.0,4.0,3.0,5.0,3.0,30.0,1.0,14.0,0.0,2.0,0.0,0.0,0.0,66.0,119.9,34,119.85
"mcts:reward=score,guide=ppo:runs/ppo/pass2/p2b_pool_s3.json,opponent=infer",ppo:runs/ppo/pass2/p2b_pool_s3.json,2,9001,59,1,1.0,1.0,27.0,97.0,70.0,83.0,4.0,1.0,1.0,1.0,26.0,10.0,4.1,5.0,4.0,5.0,13.0,0.0,33.0,0.0,2.0,0.0,0.0,0.0,67.0,120.86,34,120.81
"mcts:reward=margin,guide=ppo:runs/ppo/pass2/p2b_pool_s3.json",ppo:runs/ppo/pass2/p2b_pool_s3.json,2,9001,58,0,1.0,1.0,1.0,71.0,70.0,80.0,-9.0,1.0,1.0,0.0,17.0,11.0,3.8181818181818183,4.0,3.0,1.0,23.0,0.0,19.0,0.0,2.0,0.0,0.0,0.0,64.0,137.24,33,137.19
"mcts:reward=margin,guide=ppo:runs/ppo/pass2/p2b_pool_s3.json",ppo:runs/ppo/pass2/p2b_pool_s3.json,2,9001,59,1,1.0,1.0,26.0,91.0,65.0,85.0,-4.0,1.0,1.0,1.0,31.0,11.0,3.909090909090909,4.0,2.0,3.0,28.0,0.0,16.0,0.0,2.0,0.0,0.0,0.0,67.0,128.52,34,128.46
"mcts:reward=score,guide=ppo:runs/ppo/pass2/p2b_pool_s3.json,opponent=infer",greedy,2,9001,56,0,1.0,1.0,39.0,122.0,83.0,99.0,13.0,1.0,1.0,1.0,31.0,10.0,4.5,6.0,0.0,4.0,17.0,0.0,31.0,0.0,2.0,0.0,0.0,1.0,68.0,129.69,35,129.68
"mcts:reward=score,guide=ppo:runs/ppo/pass2/p2b_pool_s3.json,opponent=infer",greedy,2,9001,57,0,0.0,0.0,-17.0,95.0,112.0,82.0,3.0,1.0,1.0,1.0,22.0,13.0,3.4615384615384617,3.0,0.0,3.0,28.0,1.0,30.0,0.0,2.0,0.0,0.0,1.0,85.0,156.31,44,156.3
"mcts:reward=margin,guide=ppo:runs/ppo/pass2/p2b_pool_s3.json",linear:runs/linear/pass7/p7b_sarsa_lam98_random_s3.json@best,2,9001,58,0,1.0,1.0,56.0,126.0,70.0,81.0,35.0,2.0,0.0,1.0,36.0,13.0,3.3846153846153846,3.0,1.0,3.0,18.0,1.0,22.0,0.0,2.0,0.0,0.0,0.0,68.0,137.72,35,137.7
"mcts:reward=margin,guide=ppo:runs/ppo/pass2/p2b_pool_s3.json",linear:runs/linear/pass7/p7b_sarsa_lam98_random_s3.json@best,2,9001,59,1,1.0,1.0,27.0,89.0,62.0,75.0,4.0,1.0,1.0,1.0,21.0,11.0,3.5454545454545454,3.0,6.0,3.0,28.0,0.0,16.0,0.0,2.0,0.0,0.0,0.0,67.0,132.63,34,132.6
"mcts:reward=score,guide=ppo:runs/ppo/pass2/p2b_pool_s3.json,opponent=infer",linear:runs/linear/pass7/p7b_sarsa_lam98_random_s3.json@best,2,9001,58,0,0.0,0.0,-22.0,66.0,88.0,91.0,-35.0,0.0,2.0,1.0,19.0,10.0,4.3,5.0,2.0,5.0,29.0,1.0,19.0,0.0,2.0,0.0,0.0,0.0,70.0,123.37,36,123.34
"mcts:reward=score,guide=ppo:runs/ppo/pass2/p2b_pool_s3.json,opponent=infer",linear:runs/linear/pass7/p7b_sarsa_lam98_random_s3.json@best,2,9001,59,1,0.0,0.0,-35.0,73.0,108.0,85.0,-22.0,0.0,2.0,1.0,27.0,8.0,4.875,4.0,6.0,3.0,8.0,0.0,40.0,0.0,2.0,0.0,0.0,0.0,65.0,122.93,33,122.9
"mcts:reward=score,guide=ppo:runs/ppo/pass2/p2b_pool_s3.json,opponent=infer",racer,2,9001,58,0,1.0,1.0,67.0,131.0,64.0,86.0,35.0,2.0,0.0,1.0,24.0,13.0,3.4615384615384617,5.0,0.0,2.0,24.0,0.0,20.0,0.0,2.0,0.0,0.0,1.0,69.0,124.31,36,124.3
"mcts:reward=score,guide=ppo:runs/ppo/pass2/p2b_pool_s3.json,opponent=infer",racer,2,9001,59,1,1.0,1.0,42.0,98.0,56.0,84.0,4.0,1.0,1.0,1.0,22.0,13.0,3.3846153846153846,4.0,1.0,4.0,14.0,0.0,28.0,0.0,2.0,0.0,0.0,1.0,68.0,124.27,35,124.26
"mcts:reward=margin,guide=ppo:runs/ppo/pass2/p2b_pool_s3.json",racer,2,9001,58,0,1.0,1.0,55.0,129.0,74.0,84.0,35.0,2.0,0.0,1.0,25.0,12.0,3.75,4.0,0.0,0.0,28.0,0.0,18.0,0.0,2.0,0.0,0.0,1.0,69.0,134.17,36,134.15
"mcts:reward=margin,guide=ppo:runs/ppo/pass2/p2b_pool_s3.json",racer,2,9001,59,1,0.0,0.0,-1.0,79.0,80.0,73.0,-4.0,1.0,1.0,1.0,16.0,14.0,3.0714285714285716,3.0,2.0,0.0,28.0,0.0,12.0,0.0,2.0,0.0,0.0,0.0,69.0,126.82,35,126.8
"mcts:reward=score,guide=ppo:runs/ppo/pass2/p2b_pool_s3.json,opponent=infer",ppo:runs/ppo/pass2/p2b_pool_s3.json,2,9001,60,1,0.0,0.0,-13.0,61.0,74.0,80.0,-19.0,0.0,2.0,0.0,14.0,10.0,4.0,3.0,5.0,5.0,12.0,0.0,32.0,0.0,2.0,0.0,0.0,0.0,65.0,115.26,33,115.21
"mcts:reward=score,guide=ppo:runs/ppo/pass2/p2b_pool_s3.json,opponent=infer",ppo:runs/ppo/pass2/p2b_pool_s3.json,2,9001,61,1,0.0,0.0,-14.0,66.0,80.0,85.0,-19.0,0.0,2.0,0.0,18.0,10.0,4.2,3.0,3.0,4.0,15.0,1.0,23.0,0.0,2.0,0.0,0.0,0.0,61.0,110.3,31,110.25
"mcts:reward=margin,guide=ppo:runs/ppo/pass2/p2b_pool_s3.json",greedy,2,9001,58,0,1.0,1.0,30.0,102.0,72.0,83.0,9.0,1.0,1.0,1.0,26.0,13.0,3.4615384615384617,4.0,0.0,2.0,20.0,1.0,24.0,0.0,2.0,0.0,0.0,1.0,71.0,136.51,37,136.5
"mcts:reward=margin,guide=ppo:runs/ppo/pass2/p2b_pool_s3.json",greedy,2,9001,59,1,1.0,1.0,31.0,63.0,32.0,83.0,-30.0,0.0,2.0,1.0,22.0,14.0,3.2142857142857144,4.0,0.0,4.0,27.0,1.0,19.0,0.0,2.0,0.0,0.0,1.0,76.0,135.25,39,135.24
"mcts:reward=margin,guide=ppo:runs/ppo/pass2/p2b_pool_s3.json",ppo:runs/ppo/pass2/p2b_pool_s3.json,2,9001,60,1,1.0,1.0,5.0,73.0,68.0,78.0,-15.0,0.0,2.0,1.0,19.0,12.0,3.4166666666666665,3.0,4.0,5.0,24.0,0.0,18.0,0.0,2.0,0.0,0.0,0.0,67.0,135.62,34,135.56
"mcts:reward=margin,guide=ppo:runs/ppo/pass2/p2b_pool_s3.json",ppo:runs/ppo/pass2/p2b_pool_s3.json,2,9001,61,1,1.0,1.0,26.0,103.0,77.0,74.0,19.0,2.0,0.0,1.0,33.0,11.0,3.6363636363636362,3.0,5.0,2.0,17.0,1.0,21.0,0.0,2.0,0.0,0.0,0.0,63.0,127.95,32,127.9
"mcts:reward=score,guide=ppo:runs/ppo/pass2/p2b_pool_s3.json,opponent=infer",greedy,2,9001,58,0,1.0,1.0,41.0,134.0,93.0,89.0,35.0,2.0,0.0,1.0,26.0,12.0,3.75,4.0,0.0,5.0,24.0,0.0,28.0,0.0,2.0,0.0,0.0,1.0,75.0,145.41,39,145.41
"mcts:reward=score,guide=ppo:runs/ppo/pass2/p2b_pool_s3.json,opponent=infer",greedy,2,9001,59,1,1.0,1.0,75.0,122.0,47.0,90.0,22.0,2.0,0.0,1.0,30.0,11.0,4.090909090909091,4.0,0.0,3.0,19.0,0.0,35.0,0.0,2.0,0.0,0.0,1.0,76.0,135.65,39,135.64
"mcts:reward=score,guide=ppo:runs/ppo/pass2/p2b_pool_s3.json,opponent=infer",linear:runs/linear/pass7/p7b_sarsa_lam98_random_s3.json@best,2,9001,60,1,0.0,0.0,-32.0,69.0,101.0,88.0,-19.0,0.0,2.0,0.0,17.0,11.0,3.909090909090909,5.0,2.0,6.0,11.0,0.0,35.0,0.0,2.0,0.0,0.0,0.0,69.0,118.98,35,118.95
"mcts:reward=score,guide=ppo:runs/ppo/pass2/p2b_pool_s3.json,opponent=infer",linear:runs/linear/pass7/p7b_sarsa_lam98_random_s3.json@best,2,9001,61,1,0.0,0.0,-6.0,87.0,93.0,74.0,3.0,1.0,1.0,1.0,27.0,12.0,3.4166666666666665,3.0,4.0,4.0,19.0,0.0,21.0,0.0,2.0,0.0,0.0,0.0,65.0,113.05,33,113.02
"mcts:reward=margin,guide=ppo:runs/ppo/pass2/p2b_pool_s3.json",linear:runs/linear/pass7/p7b_sarsa_lam98_random_s3.json@best,2,9001,60,1,0.0,0.0,-3.0,75.0,78.0,80.0,-15.0,0.0,2.0,1.0,20.0,9.0,4.444444444444445,5.0,5.0,2.0,18.0,2.0,22.0,0.0,2.0,0.0,0.0,0.0,63.0,132.94,32,132.91
"mcts:reward=margin,guide=ppo:runs/ppo/pass2/p2b_pool_s3.json",linear:runs/linear/pass7/p7b_sarsa_lam98_random_s3.json@best,2,9001,61,1,0.0,0.0,-15.0,78.0,93.0,87.0,-19.0,0.0,2.0,1.0,21.0,11.0,4.0,4.0,1.0,4.0,11.0,0.0,29.0,0.0,2.0,0.0,0.0,1.0,62.0,131.56,32,131.53
"mcts:reward=score,guide=ppo:runs/ppo/pass2/p2b_pool_s3.json,opponent=infer",racer,2,9001,60,1,1.0,1.0,25.0,106.0,81.0,77.0,19.0,2.0,0.0,1.0,36.0,14.0,3.2142857142857144,2.0,0.0,7.0,9.0,1.0,33.0,0.0,2.0,0.0,0.0,1.0,72.0,122.21,37,122.2
"mcts:reward=score,guide=ppo:runs/ppo/pass2/p2b_pool_s3.json,opponent=infer",racer,2,9001,61,1,1.0,1.0,21.0,112.0,91.0,83.0,19.0,2.0,0.0,1.0,36.0,11.0,3.909090909090909,3.0,2.0,3.0,21.0,0.0,23.0,0.0,2.0,0.0,0.0,0.0,67.0,113.15,34,113.14
"mcts:reward=margin,guide=ppo:runs/ppo/pass2/p2b_pool_s3.json",racer,2,9001,60,1,1.0,1.0,6.0,87.0,81.0,76.0,1.0,1.0,1.0,1.0,26.0,14.0,3.2142857142857144,3.0,0.0,4.0,20.0,0.0,22.0,0.0,2.0,0.0,0.0,1.0,70.0,130.32,36,130.31
"mcts:reward=margin,guide=ppo:runs/ppo/pass2/p2b_pool_s3.json",racer,2,9001,61,1,1.0,1.0,12.0,107.0,95.0,78.0,19.0,2.0,0.0,1.0,34.0,13.0,3.3846153846153846,2.0,1.0,6.0,17.0,2.0,21.0,0.0,2.0,0.0,0.0,1.0,68.0,131.8,35,131.79
"mcts:reward=score,guide=ppo:runs/ppo/pass2/p2b_pool_s3.json,opponent=infer",ppo:runs/ppo/pass2/p2b_pool_s3.json,2,9001,62,1,0.0,0.0,-5.0,78.0,83.0,83.0,-5.0,1.0,1.0,0.0,14.0,9.0,4.444444444444445,5.0,5.0,7.0,6.0,0.0,40.0,0.0,2.0,0.0,0.0,0.0,64.0,123.24,33,123.19
"mcts:reward=score,guide=ppo:runs/ppo/pass2/p2b_pool_s3.json,opponent=infer",ppo:runs/ppo/pass2/p2b_pool_s3.json,2,9001,63,1,0.0,0.0,-16.0,66.0,82.0,64.0,-8.0,1.0,1.0,1.0,20.0,9.0,3.7777777777777777,3.0,11.0,5.0,20.0,0.0,18.0,0.0,2.0,0.0,0.0,0.0,57.0,108.55,29,108.5
"mcts:reward=margin,guide=ppo:runs/ppo/pass2/p2b_pool_s3.json",ppo:runs/ppo/pass2/p2b_pool_s3.json,2,9001,62,1,1.0,1.0,11.0,80.0,69.0,85.0,-15.0,0.0,2.0,1.0,29.0,10.0,4.3,5.0,2.0,3.0,6.0,0.0,36.0,0.0,2.0,0.0,0.0,0.0,62.0,131.21,32,131.16
"mcts:reward=margin,guide=ppo:runs/ppo/pass2/p2b_pool_s3.json",ppo:runs/ppo/pass2/p2b_pool_s3.json,2,9001,63,1,0.0,0.0,-77.0,34.0,111.0,66.0,-32.0,0.0,3.0,0.0,17.0,9.0,3.888888888888889,4.0,10.0,4.0,26.0,1.0,12.0,0.0,3.0,0.0,0.0,0.0,59.0,135.63,30,135.58
"mcts:reward=margin,guide=ppo:runs/ppo/pass2/p2b_pool_s3.json",greedy,2,9001,60,1,1.0,1.0,5.0,84.0,79.0,73.0,1.0,1.0,1.0,1.0,27.0,15.0,3.0,2.0,0.0,6.0,21.0,2.0,25.0,0.0,2.0,0.0,0.0,1.0,80.0,156.47,41,156.46
"mcts:reward=margin,guide=ppo:runs/ppo/pass2/p2b_pool_s3.json",greedy,2,9001,61,1,1.0,1.0,15.0,102.0,87.0,73.0,19.0,2.0,0.0,1.0,28.0,15.0,2.933333333333333,2.0,1.0,5.0,22.0,0.0,20.0,0.0,2.0,0.0,0.0,1.0,72.0,141.19,37,141.18
"mcts:reward=score,guide=ppo:runs/ppo/pass2/p2b_pool_s3.json,opponent=infer",greedy,2,9001,60,1,1.0,1.0,35.0,86.0,51.0,95.0,-19.0,0.0,2.0,1.0,33.0,10.0,4.5,6.0,0.0,5.0,17.0,0.0,37.0,0.0,2.0,0.0,0.0,1.0,74.0,153.37,38,153.36
"mcts:reward=score,guide=ppo:runs/ppo/pass2/p2b_pool_s3.json,opponent=infer",greedy,2,9001,61,1,0.0,0.0,-1.0,113.0,114.0,84.0,19.0,2.0,0.0,1.0,38.0,13.0,3.4615384615384617,4.0,0.0,2.0,16.0,0.0,34.0,0.0,2.0,0.0,0.0,1.0,76.0,148.45,39,148.44
"mcts:reward=score,guide=ppo:runs/ppo/pass2/p2b_pool_s3.json,opponent=infer",linear:runs/linear/pass7/p7b_sarsa_lam98_random_s3.json@best,2,9001,62,1,1.0,1.0,18.0,92.0,74.0,87.0,-5.0,1.0,1.0,1.0,29.0,12.0,3.6666666666666665,5.0,1.0,4.0,10.0,0.0,34.0,0.0,2.0,0.0,0.0,0.0,68.0,121.48,35,121.45
"mcts:reward=score,guide=ppo:runs/ppo/pass2/p2b_pool_s3.json,opponent=infer",linear:runs/linear/pass7/p7b_sarsa_lam98_random_s3.json@best,2,9001,63,1,0.0,0.0,-31.0,58.0,89.0,74.0,-26.0,0.0,2.0,1.0,17.0,11.0,3.5454545454545454,4.0,6.0,5.0,19.0,0.0,23.0,0.0,2.0,0.0,0.0,0.0,65.0,112.96,33,112.94
"mcts:reward=margin,guide=ppo:runs/ppo/pass2/p2b_pool_s3.json",linear:runs/linear/pass7/p7b_sarsa_lam98_random_s3.json@best,2,9001,62,1,0.0,0.0,-3.0,78.0,81.0,83.0,-15.0,0.0,2.0,1.0,21.0,10.0,4.1,4.0,4.0,4.0,9.0,1.0,29.0,0.0,2.0,0.0,0.0,0.0,60.0,136.53,31,136.51
"mcts:reward=margin,guide=ppo:runs/ppo/pass2/p2b_pool_s3.json",linear:runs/linear/pass7/p7b_sarsa_lam98_random_s3.json@best,2,9001,63,1,0.0,0.0,-30.0,62.0,92.0,72.0,-20.0,1.0,2.0,1.0,16.0,12.0,3.25,4.0,6.0,4.0,16.0,1.0,24.0,0.0,3.0,0.0,0.0,0.0,67.0,138.42,34,138.39
"mcts:reward=score,guide=ppo:runs/ppo/pass2/p2b_pool_s3.json,opponent=infer",racer,2,9001,62,1,1.0,1.0,32.0,108.0,76.0,83.0,15.0,2.0,0.0,1.0,28.0,13.0,3.4615384615384617,3.0,0.0,3.0,9.0,0.0,33.0,0.0,2.0,0.0,0.0,1.0,67.0,121.54,35,121.53
"mcts:reward=score,guide=ppo:runs/ppo/pass2/p2b_pool_s3.json,opponent=infer",racer,2,9001,63,1,1.0,1.0,13.0,85.0,72.0,83.0,-8.0,1.0,1.0,1.0,24.0,13.0,3.4615384615384617,4.0,0.0,8.0,26.0,1.0,16.0,0.0,2.0,0.0,0.0,1.0,70.0,115.43,36,115.42
"mcts:reward=margin,guide=ppo:runs/ppo/pass2/p2b_pool_s3.json",racer,2,9001,62,1,1.0,1.0,5.0,90.0,85.0,65.0,15.0,2.0,0.0,1.0,25.0,12.0,3.0833333333333335,3.0,8.0,5.0,14.0,0.0,30.0,0.0,2.0,0.0,0.0,0.0,68.0,132.14,35,132.13
"mcts:reward=margin,guide=ppo:runs/ppo/pass2/p2b_pool_s3.json",racer,2,9001,63,1,0.0,0.0,-17.0,74.0,91.0,50.0,14.0,2.0,1.0,1.0,32.0,12.0,2.6666666666666665,2.0,13.0,3.0,19.0,0.0,21.0,0.0,3.0,0.0,0.0,0.0,65.0,136.07,33,136.06
"mcts:reward=margin,guide=ppo:runs/ppo/pass2/p2b_pool_s3.json",greedy,2,9001,62,1,1.0,1.0,50.0,91.0,41.0,96.0,-15.0,0.0,2.0,1.0,19.0,11.0,4.0,5.0,1.0,6.0,12.0,1.0,28.0,0.0,2.0,0.0,0.0,1.0,63.0,126.05,33,126.04
"mcts:reward=margin,guide=ppo:runs/ppo/pass2/p2b_pool_s3.json",greedy,2,9001,63,1,1.0,1.0,17.0,98.0,81.0,77.0,11.0,1.0,1.0,1.0,22.0,15.0,3.0,3.0,0.0,4.0,26.0,0.0,22.0,0.0,2.0,0.0,0.0,1.0,78.0,149.0,40,148.99
"mcts:reward=score,guide=ppo:runs/ppo/pass2/p2b_pool_s3.json,opponent=infer",ppo:runs/ppo/pass2/p2b_pool_s3.json,2,9001,64,0,0.0,0.0,-55.0,36.0,91.0,67.0,-31.0,0.0,3.0,0.0,10.0,8.0,4.125,4.0,12.0,2.0,19.0,0.0,27.0,0.0,3.0,0.0,0.0,0.0,63.0,113.54,32,113.49
"mcts:reward=score,guide=ppo:runs/ppo/pass2/p2b_pool_s3.json,opponent=infer",ppo:runs/ppo/pass2/p2b_pool_s3.json,2,9001,65,0,1.0,1.0,19.0,90.0,71.0,84.0,-4.0,1.0,1.0,1.0,28.0,10.0,4.2,4.0,3.0,6.0,10.0,1.0,30.0,0.0,2.0,0.0,0.0,0.0,62.0,119.77,32,119.72
"mcts:reward=margin,guide=ppo:runs/ppo/pass2/p2b_pool_s3.json",ppo:runs/ppo/pass2/p2b_pool_s3.json,2,9001,64,0,1.0,1.0,0.0,79.0,79.0,83.0,-14.0,0.0,2.0,1.0,25.0,11.0,4.090909090909091,3.0,0.0,4.0,8.0,0.0,40.0,0.0,2.0,0.0,0.0,1.0,70.0,139.66,36,139.6
"mcts:reward=margin,guide=ppo:runs/ppo/pass2/p2b_pool_s3.json",ppo:runs/ppo/pass2/p2b_pool_s3.json,2,9001,65,0,1.0,1.0,11.0,83.0,72.0,73.0,0.0,1.0,1.0,1.0,33.0,12.0,3.3333333333333335,3.0,5.0,3.0,18.0,0.0,24.0,0.0,2.0,0.0,0.0,0.0,66.0,130.68,34,130.62
"mcts:reward=score,guide=ppo:runs/ppo/pass2/p2b_pool_s3.json,opponent=infer",greedy,2,9001,62,1,1.0,1.0,10.0,112.0,102.0,87.0,15.0,2.0,0.0,1.0,24.0,12.0,3.6666666666666665,5.0,1.0,2.0,16.0,0.0,38.0,0.0,2.0,0.0,0.0,1.0,77.0,142.76,40,142.75
"mcts:reward=score,guide=ppo:runs/ppo/pass2/p2b_pool_s3.json,opponent=infer",greedy,2,9001,63,1,0.0,0.0,-8.0,78.0,86.0,94.0,-26.0,0.0,2.0,1.0,27.0,11.0,4.090909090909091,6.0,0.0,6.0,28.0,0.0,22.0,0.0,2.0,0.0,0.0,1.0,72.0,147.8,37,147.79
"mcts:reward=margin,guide=ppo:runs/ppo/pass2/p2b_pool_s3.json",linear:runs/linear/pass7/p7b_sarsa_lam98_random_s3.json@best,2,9001,64,0,1.0,1.0,6.0,96.0,90.0,72.0,14.0,2.0,0.0,1.0,14.0,9.0,4.111111111111111,4.0,8.0,1.0,9.0,0.0,31.0,0.0,2.0,0.0,0.0,0.0,59.0,131.29,30,131.26
"mcts:reward=margin,guide=ppo:runs/ppo/pass2/p2b_pool_s3.json",linear:runs/linear/pass7/p7b_sarsa_lam98_random_s3.json@best,2,9001,65,0,1.0,1.0,4.0,83.0,79.0,73.0,0.0,1.0,1.0,1.0,26.0,11.0,3.6363636363636362,3.0,5.0,4.0,17.0,0.0,27.0,0.0,2.0,0.0,0.0,0.0,66.0,129.68,34,129.66
"mcts:reward=score,guide=ppo:runs/ppo/pass2/p2b_pool_s3.json,opponent=infer",linear:runs/linear/pass7/p7b_sarsa_lam98_random_s3.json@best,2,9001,64,0,0.0,0.0,-21.0,68.0,89.0,71.0,-3.0,2.0,1.0,0.0,18.0,13.0,3.1538461538461537,3.0,4.0,2.0,8.0,0.0,38.0,0.0,3.0,0.0,0.0,0.0,73.0,124.19,37,124.15
"mcts:reward=score,guide=ppo:runs/ppo/pass2/p2b_pool_s3.json,opponent=infer",linear:runs/linear/pass7/p7b_sarsa_lam98_random_s3.json@best,2,9001,65,0,0.0,0.0,-7.0,80.0,87.0,88.0,-18.0,0.0,2.0,1.0,23.0,11.0,4.090909090909091,5.0,0.0,5.0,11.0,0.0,31.0,0.0,2.0,0.0,0.0,1.0,63.0,115.33,33,115.31
"mcts:reward=score,guide=ppo:runs/ppo/pass2/p2b_pool_s3.json,opponent=infer",racer,2,9001,64,0,1.0,1.0,4.0,104.0,100.0,73.0,31.0,3.0,0.0,0.0,24.0,13.0,3.230769230769231,4.0,3.0,1.0,19.0,0.0,29.0,0.0,3.0,0.0,0.0,0.0,75.0,120.19,38,120.18
"mcts:reward=score,guide=ppo:runs/ppo/pass2/p2b_pool_s3.json,opponent=infer",racer,2,9001,65,0,1.0,1.0,30.0,95.0,65.0,89.0,-4.0,1.0,1.0,1.0,25.0,11.0,4.090909090909091,4.0,0.0,4.0,9.0,0.0,35.0,0.0,2.0,0.0,0.0,1.0,65.0,114.88,34,114.87
"mcts:reward=margin,guide=ppo:runs/ppo/pass2/p2b_pool_s3.json",racer,2,9001,64,0,0.0,0.0,-1.0,80.0,81.0,84.0,-14.0,0.0,2.0,1.0,15.0,12.0,3.75,4.0,0.0,4.0,8.0,0.0,36.0,0.0,2.0,0.0,0.0,1.0,68.0,132.56,35,132.54
"mcts:reward=margin,guide=ppo:runs/ppo/pass2/p2b_pool_s3.json",racer,2,9001,65,0,1.0,1.0,16.0,96.0,80.0,86.0,0.0,1.0,1.0,1.0,20.0,12.0,3.75,5.0,0.0,3.0,18.0,0.0,26.0,0.0,2.0,0.0,0.0,1.0,67.0,128.8,35,128.79
"mcts:reward=margin,guide=ppo:runs/ppo/pass2/p2b_pool_s3.json",greedy,2,9001,64,0,1.0,1.0,57.0,105.0,48.0,81.0,14.0,2.0,0.0,1.0,30.0,14.0,3.2142857142857144,3.0,0.0,6.0,19.0,0.0,23.0,0.0,2.0,0.0,0.0,1.0,70.0,137.49,36,137.48
"mcts:reward=margin,guide=ppo:runs/ppo/pass2/p2b_pool_s3.json",greedy,2,9001,65,0,1.0,1.0,32.0,92.0,60.0,82.0,0.0,1.0,1.0,1.0,28.0,13.0,3.4615384615384617,3.0,0.0,6.0,19.0,1.0,25.0,0.0,2.0,0.0,0.0,1.0,71.0,143.65,37,143.64
"mcts:reward=margin,guide=ppo:runs/ppo/pass2/p2b_pool_s3.json",ppo:runs/ppo/pass2/p2b_pool_s3.json,2,9001,66,0,1.0,1.0,46.0,122.0,76.0,75.0,37.0,2.0,0.0,1.0,30.0,11.0,3.6363636363636362,3.0,5.0,2.0,17.0,0.0,29.0,0.0,2.0,0.0,0.0,0.0,68.0,132.77,35,132.72
"mcts:reward=margin,guide=ppo:runs/ppo/pass2/p2b_pool_s3.json",ppo:runs/ppo/pass2/p2b_pool_s3.json,2,9001,67,1,1.0,1.0,9.0,84.0,75.0,75.0,-1.0,1.0,1.0,1.0,31.0,9.0,4.111111111111111,5.0,8.0,4.0,15.0,1.0,29.0,0.0,2.0,0.0,0.0,0.0,64.0,134.18,33,134.12
"mcts:reward=score,guide=ppo:runs/ppo/pass2/p2b_pool_s3.json,opponent=infer",greedy,2,9001,64,0,1.0,1.0,74.0,122.0,48.0,98.0,14.0,2.0,0.0,1.0,34.0,10.0,4.5,6.0,0.0,4.0,7.0,0.0,45.0,0.0,2.0,0.0,0.0,1.0,72.0,145.75,37,145.74
"mcts:reward=score,guide=ppo:runs/ppo/pass2/p2b_pool_s3.json,opponent=infer",greedy,2,9001,65,0,1.0,1.0,54.0,103.0,49.0,97.0,-4.0,1.0,1.0,1.0,22.0,10.0,4.4,6.0,1.0,3.0,14.0,0.0,30.0,0.0,2.0,0.0,0.0,1.0,63.0,139.49,33,139.48
"mcts:reward=score,guide=ppo:runs/ppo/pass2/p2b_pool_s3.json,opponent=infer",ppo:runs/ppo/pass2/p2b_pool_s3.json,2,9001,66,0,0.0,0.0,-58.0,35.0,93.0,83.0,-48.0,0.0,3.0,0.0,13.0,10.0,4.2,4.0,3.0,5.0,18.0,0.0,28.0,1.0,3.0,0.0,0.0,0.0,68.0,142.98,36,142.93
"mcts:reward=score,guide=ppo:runs/ppo/pass2/p2b_pool_s3.json,opponent=infer",ppo:runs/ppo/pass2/p2b_pool_s3.json,2,9001,67,1,1.0,1.0,5.0,75.0,70.0,76.0,-1.0,1.0,1.0,0.0,25.0,10.0,3.8,5.0,7.0,6.0,10.0,0.0,32.0,0.0,2.0,0.0,0.0,0.0,62.0,124.94,32,124.88
"mcts:reward=score,guide=ppo:runs/ppo/pass2/p2b_pool_s3.json,opponent=infer",linear:runs/linear/pass7/p7b_sarsa_lam98_random_s3.json@best,2,9001,66,0,0.0,0.0,-65.0,33.0,98.0,71.0,-48.0,0.0,3.0,1.0,11.0,9.0,4.0,4.0,9.0,3.0,13.0,0.0,31.0,1.0,3.0,0.0,0.0,0.0,64.0,141.38,34,141.35
"mcts:reward=score,guide=ppo:runs/ppo/pass2/p2b_pool_s3.json,opponent=infer",linear:runs/linear/pass7/p7b_sarsa_lam98_random_s3.json@best,2,9001,67,1,1.0,1.0,25.0,100.0,75.0,69.0,21.0,2.0,0.0,1.0,26.0,12.0,3.25,2.0,6.0,2.0,17.0,1.0,23.0,0.0,2.0,0.0,0.0,0.0,66.0,120.69,34,120.66
"mcts:reward=margin,guide=ppo:runs/ppo/pass2/p2b_pool_s3.json",linear:runs/linear/pass7/p7b_sarsa_lam98_random_s3.json@best,2,9001,66,0,1.0,1.0,33.0,123.0,90.0,76.0,37.0,2.0,0.0,1.0,31.0,12.0,3.5,4.0,3.0,4.0,16.0,1.0,24.0,0.0,2.0,0.0,0.0,0.0,66.0,135.57,34,135.54
"mcts:reward=margin,guide=ppo:runs/ppo/pass2/p2b_pool_s3.json",linear:runs/linear/pass7/p7b_sarsa_lam98_random_s3.json@best,2,9001,67,1,1.0,1.0,12.0,73.0,61.0,84.0,-21.0,0.0,2.0,1.0,32.0,12.0,3.6666666666666665,4.0,1.0,4.0,12.0,0.0,30.0,0.0,2.0,0.0,0.0,1.0,65.0,133.49,34,133.47
"mcts:reward=margin,guide=ppo:runs/ppo/pass2/p2b_pool_s3.json",racer,2,9001,66,0,1.0,1.0,34.0,117.0,83.0,70.0,37.0,2.0,0.0,1.0,29.0,15.0,3.0,1.0,0.0,6.0,21.0,0.0,21.0,0.0,2.0,0.0,0.0,1.0,71.0,131.56,37,131.54
"mcts:reward=margin,guide=ppo:runs/ppo/pass2/p2b_pool_s3.json",racer,2,9001,67,1,1.0,1.0,10.0,78.0,68.0,89.0,-21.0,0.0,2.0,1.0,17.0,10.0,4.4,6.0,1.0,4.0,12.0,0.0,28.0,0.0,2.0,0.0,0.0,1.0,59.0,126.17,31,126.16
"mcts:reward=score,guide=ppo:runs/ppo/pass2/p2b_pool_s3.json,opponent=infer",racer,2,9001,66,0,1.0,1.0,12.0,95.0,83.0,79.0,6.0,2.0,1.0,1.0,33.0,13.0,3.3846153846153846,3.0,1.0,4.0,25.0,0.0,21.0,1.0,3.0,0.0,0.0,1.0,73.0,136.47,39,136.46
"mcts:reward=score,guide=ppo:runs/ppo/pass2/p2b_pool_s3.json,opponent=infer",racer,2,9001,67,1,1.0,1.0,49.0,112.0,63.0,81.0,21.0,2.0,0.0,1.0,23.0,13.0,3.4615384615384617,3.0,0.0,4.0,21.0,0.0,25.0,0.0,2.0,0.0,0.0,1.0,71.0,122.08,37,122.07
"mcts:reward=margin,guide=ppo:runs/ppo/pass2/p2b_pool_s3.json",greedy,2,9001,66,0,1.0,1.0,52.0,131.0,79.0,84.0,37.0,2.0,0.0,1.0,22.0,12.0,3.6666666666666665,4.0,1.0,5.0,10.0,0.0,32.0,0.0,2.0,0.0,0.0,1.0,65.0,140.42,34,140.41
"mcts:reward=margin,guide=ppo:runs/ppo/pass2/p2b_pool_s3.json",greedy,2,9001,67,1,1.0,1.0,24.0,106.0,82.0,95.0,1.0,1.0,1.0,1.0,28.0,10.0,4.5,5.0,0.0,2.0,24.0,0.0,24.0,0.0,2.0,0.0,0.0,1.0,67.0,136.11,35,136.1
"mcts:reward=score,guide=ppo:runs/ppo/pass2/p2b_pool_s3.json,opponent=infer",ppo:runs/ppo/pass2/p2b_pool_s3.json,2,9001,68,1,1.0,1.0,23.0,95.0,72.0,84.0,1.0,1.0,1.0,1.0,26.0,10.0,4.0,5.0,5.0,7.0,4.0,1.0,36.0,0.0,2.0,0.0,0.0,0.0,62.0,118.17,32,118.12
"mcts:reward=score,guide=ppo:runs/ppo/pass2/p2b_pool_s3.json,opponent=infer",ppo:runs/ppo/pass2/p2b_pool_s3.json,2,9001,69,1,1.0,1.0,25.0,95.0,70.0,87.0,-2.0,1.0,1.0,1.0,28.0,10.0,4.3,4.0,2.0,4.0,5.0,0.0,37.0,0.0,2.0,0.0,0.0,0.0,63.0,114.57,32,114.52
"mcts:reward=margin,guide=ppo:runs/ppo/pass2/p2b_pool_s3.json",ppo:runs/ppo/pass2/p2b_pool_s3.json,2,9001,68,1,0.0,0.0,-4.0,79.0,83.0,60.0,19.0,2.0,0.0,0.0,26.0,12.0,3.0833333333333335,1.0,8.0,7.0,10.0,1.0,28.0,0.0,2.0,0.0,0.0,0.0,64.0,137.67,33,137.62
"mcts:reward=margin,guide=ppo:runs/ppo/pass2/p2b_pool_s3.json",ppo:runs/ppo/pass2/p2b_pool_s3.json,2,9001,69,1,1.0,1.0,14.0,84.0,70.0,78.0,-4.0,1.0,1.0,1.0,26.0,10.0,4.0,3.0,5.0,7.0,6.0,0.0,34.0,0.0,2.0,0.0,0.0,0.0,61.0,128.92,31,128.87
"mcts:reward=score,guide=ppo:runs/ppo/pass2/p2b_pool_s3.json,opponent=infer",greedy,2,9001,66,0,1.0,1.0,34.0,128.0,94.0,81.0,37.0,2.0,0.0,1.0,26.0,14.0,3.2142857142857144,3.0,0.0,4.0,33.0,1.0,19.0,0.0,2.0,0.0,0.0,1.0,81.0,158.2,42,158.19
"mcts:reward=score,guide=ppo:runs/ppo/pass2/p2b_pool_s3.json,opponent=infer",greedy,2,9001,67,1,1.0,1.0,45.0,100.0,55.0,89.0,1.0,1.0,1.0,1.0,38.0,12.0,3.75,4.0,0.0,4.0,21.0,0.0,27.0,0.0,2.0,0.0,0.0,1.0,71.0,140.32,37,140.31
"mcts:reward=margin,guide=ppo:runs/ppo/pass2/p2b_pool_s3.json",linear:runs/linear/pass7/p7b_sarsa_lam98_random_s3.json@best,2,9001,68,1,1.0,1.0,24.0,104.0,80.0,75.0,19.0,2.0,0.0,1.0,21.0,10.0,4.1,4.0,4.0,8.0,9.0,1.0,35.0,0.0,2.0,0.0,0.0,0.0,66.0,132.81,34,132.78
"mcts:reward=margin,guide=ppo:runs/ppo/pass2/p2b_pool_s3.json",linear:runs/linear/pass7/p7b_sarsa_lam98_random_s3.json@best,2,9001,69,1,1.0,1.0,1.0,96.0,95.0,90.0,-4.0,1.0,1.0,1.0,33.0,9.0,4.777777777777778,5.0,2.0,5.0,14.0,0.0,32.0,0.0,2.0,0.0,0.0,0.0,65.0,123.32,33,123.3
"mcts:reward=score,guide=ppo:runs/ppo/pass2/p2b_pool_s3.json,opponent=infer",linear:runs/linear/pass7/p7b_sarsa_lam98_random_s3.json@best,2,9001,68,1,1.0,1.0,21.0,104.0,83.0,75.0,19.0,2.0,0.0,1.0,17.0,11.0,3.6363636363636362,4.0,5.0,5.0,8.0,0.0,34.0,0.0,2.0,0.0,0.0,0.0,64.0,119.0,33,118.97
"mcts:reward=score,guide=ppo:runs/ppo/pass2/p2b_pool_s3.json,opponent=infer",linear:runs/linear/pass7/p7b_sarsa_lam98_random_s3.json@best,2,9001,69,1,0.0,0.0,-25.0,62.0,87.0,76.0,-24.0,0.0,2.0,1.0,20.0,11.0,3.727272727272727,3.0,4.0,7.0,7.0,0.0,37.0,0.0,2.0,0.0,0.0,0.0,67.0,116.64,34,116.61
"mcts:reward=score,guide=ppo:runs/ppo/pass2/p2b_pool_s3.json,opponent=infer",racer,2,9001,68,1,0.0,0.0,-13.0,72.0,85.0,81.0,-19.0,0.0,2.0,1.0,20.0,10.0,4.1,4.0,4.0,5.0,9.0,0.0,35.0,0.0,2.0,0.0,0.0,0.0,64.0,120.85,33,120.84
"mcts:reward=score,guide=ppo:runs/ppo/pass2/p2b_pool_s3.json,opponent=infer",racer,2,9001,69,1,1.0,1.0,16.0,110.0,94.0,76.0,24.0,2.0,0.0,1.0,24.0,14.0,3.142857142857143,3.0,1.0,6.0,14.0,0.0,28.0,0.0,2.0,0.0,0.0,1.0,70.0,122.38,36,122.37
"mcts:reward=margin,guide=ppo:runs/ppo/pass2/p2b_pool_s3.json",racer,2,9001,68,1,0.0,0.0,-2.0,74.0,76.0,83.0,-19.0,0.0,2.0,1.0,26.0,12.0,3.75,3.0,0.0,6.0,14.0,0.0,28.0,0.0,2.0,0.0,0.0,1.0,65.0,137.03,34,137.02
"mcts:reward=margin,guide=ppo:runs/ppo/pass2/p2b_pool_s3.json",racer,2,9001,69,1,1.0,1.0,37.0,116.0,79.0,88.0,18.0,2.0,0.0,1.0,25.0,11.0,4.0,4.0,1.0,6.0,9.0,1.0,33.0,0.0,2.0,0.0,0.0,1.0,66.0,122.33,34,122.31
"mcts:reward=score,guide=ppo:runs/ppo/pass2/p2b_pool_s3.json,opponent=infer",ppo:runs/ppo/pass2/p2b_pool_s3.json,2,9001,70,1,1.0,1.0,18.0,91.0,73.0,77.0,4.0,1.0,1.0,1.0,28.0,9.0,4.222222222222222,3.0,7.0,5.0,8.0,0.0,32.0,0.0,2.0,0.0,0.0,0.0,59.0,107.16,30,107.1
"mcts:reward=score,guide=ppo:runs/ppo/pass2/p2b_pool_s3.json,opponent=infer",ppo:runs/ppo/pass2/p2b_pool_s3.json,2,9001,71,1,1.0,1.0,29.0,106.0,77.0,78.0,28.0,2.0,0.0,0.0,22.0,11.0,3.727272727272727,5.0,4.0,7.0,11.0,1.0,29.0,0.0,2.0,0.0,0.0,0.0,64.0,119.56,33,119.51
"mcts:reward=margin,guide=ppo:runs/ppo/pass2/p2b_pool_s3.json",ppo:runs/ppo/pass2/p2b_pool_s3.json,2,9001,70,1,1.0,1.0,21.0,91.0,70.0,77.0,4.0,1.0,1.0,1.0,27.0,11.0,3.727272727272727,3.0,4.0,6.0,7.0,1.0,33.0,0.0,2.0,0.0,0.0,0.0,65.0,129.93,33,129.87
"mcts:reward=margin,guide=ppo:runs/ppo/pass2/p2b_pool_s3.json",ppo:runs/ppo/pass2/p2b_pool_s3.json,2,9001,71,1,1.0,1.0,23.0,86.0,63.0,82.0,-6.0,1.0,1.0,1.0,25.0,9.0,4.444444444444445,4.0,5.0,4.0,12.0,0.0,34.0,0.0,2.0,0.0,0.0,0.0,64.0,134.6,33,134.54
"mcts:reward=margin,guide=ppo:runs/ppo/pass2/p2b_pool_s3.json",greedy,2,9001,68,1,1.0,1.0,23.0,87.0,64.0,76.0,1.0,1.0,1.0,1.0,26.0,15.0,2.933333333333333,3.0,1.0,8.0,15.0,1.0,25.0,0.0,2.0,0.0,0.0,1.0,71.0,143.08,37,143.07
"mcts:reward=margin,guide=ppo:runs/ppo/pass2/p2b_pool_s3.json",greedy,2,9001,69,1,1.0,1.0,74.0,115.0,41.0,81.0,24.0,2.0,0.0,1.0,38.0,14.0,3.2142857142857144,4.0,0.0,4.0,15.0,0.0,29.0,0.0,2.0,0.0,0.0,1.0,72.0,146.76,37,146.75
"mcts:reward=score,guide=ppo:runs/ppo/pass2/p2b_pool_s3.json,opponent=infer",greedy,2,9001,68,1,1.0,1.0,7.0,108.0,101.0,99.0,-1.0,1.0,1.0,1.0,27.0,10.0,4.5,6.0,0.0,11.0,14.0,1.0,42.0,0.0,2.0,0.0,0.0,1.0,77.0,149.45,40,149.44
"mcts:reward=score,guide=ppo:runs/ppo/pass2/p2b_pool_s3.json,opponent=infer",greedy,2,9001,69,1,1.0,1.0,9.0,123.0,114.0,89.0,24.0,2.0,0.0,1.0,26.0,11.0,4.090909090909091,6.0,0.0,4.0,17.0,0.0,35.0,0.0,2.0,0.0,0.0,1.0,74.0,150.02,38,150.01
"mcts:reward=score,guide=ppo:runs/ppo/pass2/p2b_pool_s3.json,opponent=infer",linear:runs/linear/pass7/p7b_sarsa_lam98_random_s3.json@best,2,9001,70,1,1.0,1.0,33.0,108.0,75.0,84.0,14.0,2.0,0.0,1.0,34.0,12.0,3.5833333333333335,4.0,2.0,5.0,7.0,0.0,33.0,0.0,2.0,0.0,0.0,0.0,65.0,112.86,33,112.83
"mcts:reward=score,guide=ppo:runs/ppo/pass2/p2b_pool_s3.json,opponent=infer",linear:runs/linear/pass7/p7b_sarsa_lam98_random_s3.json@best,2,9001,71,1,0.0,0.0,-11.0,67.0,78.0,85.0,-28.0,0.0,2.0,1.0,20.0,9.0,4.555555555555555,5.0,4.0,2.0,34.0,0.0,14.0,0.0,2.0,0.0,0.0,0.0,66.0,120.81,34,120.78
"mcts:reward=margin,guide=ppo:runs/ppo/pass2/p2b_pool_s3.json",linear:runs/linear/pass7/p7b_sarsa_lam98_random_s3.json@best,2,9001,70,1,1.0,1.0,10.0,91.0,81.0,77.0,4.0,1.0,1.0,1.0,30.0,11.0,3.727272727272727,3.0,4.0,5.0,5.0,0.0,35.0,0.0,2.0,0.0,0.0,0.0,63.0,128.78,32,128.76
"mcts:reward=margin,guide=ppo:runs/ppo/pass2/p2b_pool_s3.json",linear:runs/linear/pass7/p7b_sarsa_lam98_random_s3.json@best,2,9001,71,1,0.0,0.0,-4.0,74.0,78.0,92.0,-28.0,0.0,2.0,1.0,30.0,10.0,4.4,5.0,1.0,2.0,31.0,0.0,13.0,0.0,2.0,0.0,0.0,0.0,64.0,132.53,33,132.5
"mcts:reward=margin,guide=ppo:runs/ppo/pass2/p2b_pool_s3.json",racer,2,9001,70,1,1.0,1.0,39.0,105.0,66.0,81.0,14.0,2.0,0.0,1.0,30.0,12.0,3.6666666666666665,3.0,1.0,6.0,4.0,1.0,36.0,0.0,2.0,0.0,0.0,1.0,66.0,124.13,34,124.12
"mcts:reward=margin,guide=ppo:runs/ppo/pass2/p2b_pool_s3.json",racer,2,9001,71,1,1.0,1.0,4.0,85.0,81.0,81.0,-6.0,1.0,1.0,1.0,30.0,12.0,3.6666666666666665,3.0,1.0,5.0,18.0,1.0,22.0,0.0,2.0,0.0,0.0,1.0,65.0,131.98,34,131.97
"mcts:reward=score,guide=ppo:runs/ppo/pass2/p2b_pool_s3.json,opponent=infer",racer,2,9001,70,1,1.0,1.0,66.0,127.0,61.0,82.0,35.0,3.0,0.0,1.0,38.0,14.0,3.142857142857143,5.0,1.0,6.0,9.0,1.0,33.0,1.0,3.0,0.0,0.0,1.0,74.0,131.64,39,131.63
"mcts:reward=score,guide=ppo:runs/ppo/pass2/p2b_pool_s3.json,opponent=infer",racer,2,9001,71,1,1.0,1.0,73.0,124.0,51.0,86.0,28.0,2.0,0.0,1.0,41.0,12.0,3.75,5.0,0.0,6.0,18.0,0.0,26.0,0.0,2.0,0.0,0.0,1.0,67.0,124.95,35,124.94
"mcts:reward=margin,guide=ppo:runs/ppo/pass2/p2b_pool_s3.json",greedy,2,9001,70,1,1.0,1.0,75.0,110.0,35.0,96.0,4.0,1.0,1.0,1.0,32.0,10.0,4.5,5.0,0.0,6.0,4.0,0.0,40.0,0.0,2.0,0.0,0.0,1.0,64.0,134.44,33,134.44
"mcts:reward=margin,guide=ppo:runs/ppo/pass2/p2b_pool_s3.json",greedy,2,9001,71,1,1.0,1.0,18.0,96.0,78.0,92.0,-6.0,1.0,1.0,1.0,28.0,10.0,4.5,4.0,0.0,4.0,28.0,0.0,22.0,0.0,2.0,0.0,0.0,1.0,69.0,134.31,36,134.3
"mcts:reward=score,guide=ppo:runs/ppo/pass2/p2b_pool_s3.json,opponent=infer",ppo:runs/ppo/pass2/p2b_pool_s3.json,2,9001,72,1,1.0,1.0,17.0,90.0,73.0,74.0,6.0,1.0,1.0,1.0,26.0,11.0,3.6363636363636362,4.0,5.0,5.0,2.0,1.0,40.0,0.0,2.0,0.0,0.0,0.0,67.0,118.83,34,118.77
"mcts:reward=score,guide=ppo:runs/ppo/pass2/p2b_pool_s3.json,opponent=infer",ppo:runs/ppo/pass2/p2b_pool_s3.json,2,9001,73,1,1.0,1.0,12.0,92.0,80.0,79.0,3.0,1.0,1.0,1.0,29.0,11.0,3.727272727272727,4.0,4.0,6.0,8.0,0.0,38.0,0.0,2.0,0.0,0.0,0.0,68.0,120.07,35,120.01
"mcts:reward=score,guide=ppo:runs/ppo/pass2/p2b_pool_s3.json,opponent=infer",greedy,2,9001,70,1,1.0,1.0,44.0,108.0,64.0,94.0,4.0,1.0,1.0,1.0,19.0,12.0,3.75,5.0,0.0,6.0,5.0,0.0,43.0,0.0,2.0,0.0,0.0,1.0,72.0,139.85,37,139.84
"mcts:reward=score,guide=ppo:runs/ppo/pass2/p2b_pool_s3.json,opponent=infer",greedy,2,9001,71,1,1.0,1.0,10.0,128.0,118.0,90.0,28.0,2.0,0.0,1.0,24.0,11.0,4.090909090909091,5.0,0.0,3.0,26.0,0.0,36.0,0.0,2.0,0.0,0.0,1.0,83.0,147.28,43,147.27
"mcts:reward=margin,guide=ppo:runs/ppo/pass2/p2b_pool_s3.json",ppo:runs/ppo/pass2/p2b_pool_s3.json,2,9001,72,1,1.0,1.0,20.0,91.0,71.0,80.0,1.0,1.0,1.0,1.0,37.0,12.0,3.5833333333333335,4.0,2.0,5.0,13.0,1.0,27.0,0.0,2.0,0.0,0.0,0.0,67.0,145.35,34,145.3
"mcts:reward=margin,guide=ppo:runs/ppo/pass2/p2b_pool_s3.json",ppo:runs/ppo/pass2/p2b_pool_s3.json,2,9001,73,1,0.0,0.0,-1.0,73.0,74.0,66.0,-3.0,1.0,1.0,1.0,34.0,11.0,3.272727272727273,2.0,9.0,5.0,15.0,0.0,25.0,0.0,2.0,0.0,0.0,0.0,62.0,134.16,32,134.1
"mcts:reward=score,guide=ppo:runs/ppo/pass2/p2b_pool_s3.json,opponent=infer",linear:runs/linear/pass7/p7b_sarsa_lam98_random_s3.json@best,2,9001,72,1,1.0,1.0,36.0,98.0,62.0,94.0,-6.0,1.0,1.0,1.0,16.0,11.0,4.090909090909091,6.0,0.0,4.0,7.0,0.0,35.0,0.0,2.0,0.0,0.0,1.0,64.0,111.89,33,111.86
"mcts:reward=score,guide=ppo:runs/ppo/pass2/p2b_pool_s3.json,opponent=infer",linear:runs/linear/pass7/p7b_sarsa_lam98_random_s3.json@best,2,9001,73,1,1.0,1.0,11.0,97.0,86.0,84.0,3.0,1.0,1.0,1.0,23.0,10.0,4.2,4.0,3.0,8.0,9.0,1.0,37.0,0.0,2.0,0.0,0.0,0.0,68.0,125.37,35,125.34
"mcts:reward=margin,guide=ppo:runs/ppo/pass2/p2b_pool_s3.json",linear:runs/linear/pass7/p7b_sarsa_lam98_random_s3.json@best,2,9001,72,1,0.0,0.0,-5.0,80.0,85.0,69.0,1.0,1.0,1.0,1.0,22.0,13.0,3.230769230769231,1.0,3.0,3.0,6.0,0.0,36.0,0.0,2.0,0.0,0.0,0.0,69.0,136.42,35,136.4
"mcts:reward=margin,guide=ppo:runs/ppo/pass2/p2b_pool_s3.json",linear:runs/linear/pass7/p7b_sarsa_lam98_random_s3.json@best,2,9001,73,1,1.0,1.0,17.0,99.0,82.0,70.0,19.0,2.0,0.0,1.0,20.0,14.0,2.7857142857142856,3.0,6.0,3.0,11.0,1.0,25.0,0.0,2.0,0.0,0.0,0.0,66.0,136.42,34,136.39
"mcts:reward=score,guide=ppo:runs/ppo/pass2/p2b_pool_s3.json,opponent=infer",racer,2,9001,72,1,1.0,1.0,28.0,118.0,90.0,81.0,27.0,3.0,0.0,1.0,25.0,13.0,3.3846153846153846,3.0,1.0,7.0,6.0,0.0,38.0,1.0,3.0,0.0,0.0,0.0,73.0,122.65,38,122.64
"mcts:reward=score,guide=ppo:runs/ppo/pass2/p2b_pool_s3.json,opponent=infer",racer,2,9001,73,1,1.0,1.0,25.0,104.0,79.0,91.0,3.0,1.0,1.0,1.0,30.0,11.0,4.090909090909091,5.0,0.0,5.0,12.0,0.0,34.0,0.0,2.0,0.0,0.0,1.0,67.0,122.67,35,122.66
"mcts:reward=margin,guide=ppo:runs/ppo/pass2/p2b_pool_s3.json",racer,2,9001,72,1,1.0,1.0,0.0,92.0,92.0,81.0,1.0,1.0,1.0,1.0,31.0,12.0,3.6666666666666665,3.0,1.0,4.0,13.0,0.0,29.0,0.0,2.0,0.0,0.0,1.0,66.0,129.55,34,129.54
"mcts:reward=margin,guide=ppo:runs/ppo/pass2/p2b_pool_s3.json",racer,2,9001,73,1,0.0,0.0,-2.0,70.0,72.0,79.0,-19.0,0.0,2.0,1.0,23.0,13.0,3.4615384615384617,3.0,0.0,5.0,11.0,1.0,33.0,0.0,2.0,0.0,0.0,1.0,71.0,142.19,37,142.18
"mcts:reward=score,guide=ppo:runs/ppo/pass2/p2b_pool_s3.json,opponent=infer",ppo:runs/ppo/pass2/p2b_pool_s3.json,2,9001,74,1,1.0,1.0,16.0,94.0,78.0,83.0,1.0,1.0,1.0,1.0,28.0,10.0,4.2,3.0,3.0,4.0,6.0,0.0,36.0,0.0,2.0,0.0,0.0,0.0,63.0,117.58,32,117.52
"mcts:reward=score,guide=ppo:runs/ppo/pass2/p2b_pool_s3.json,opponent=infer",ppo:runs/ppo/pass2/p2b_pool_s3.json,2,9001,75,0,0.0,0.0,-23.0,56.0,79.0,77.0,-21.0,0.0,2.0,0.0,15.0,9.0,4.222222222222222,4.0,7.0,7.0,6.0,0.0,36.0,0.0,2.0,0.0,0.0,0.0,61.0,110.99,31,110.94
"mcts:reward=margin,guide=ppo:runs/ppo/pass2/p2b_pool_s3.json",greedy,2,9001,72,1,1.0,1.0,15.0,113.0,98.0,82.0,21.0,2.0,0.0,1.0,34.0,13.0,3.4615384615384617,3.0,0.0,5.0,25.0,0.0,29.0,0.0,2.0,0.0,0.0,1.0,80.0,147.09,41,147.08
"mcts:reward=margin,guide=ppo:runs/ppo/pass2/p2b_pool_s3.json",greedy,2,9001,73,1,0.0,0.0,-4.0,95.0,99.0,82.0,3.0,1.0,1.0,1.0,25.0,13.0,3.4615384615384617,3.0,0.0,6.0,15.0,1.0,33.0,0.0,2.0,0.0,0.0,1.0,75.0,148.26,39,148.25
"mcts:reward=margin,guide=ppo:runs/ppo/pass2/p2b_pool_s3.json",ppo:runs/ppo/pass2/p2b_pool_s3.json,2,9001,74,1,0.0,0.0,-6.0,76.0,82.0,77.0,-1.0,1.0,1.0,0.0,17.0,10.0,3.8,3.0,7.0,3.0,6.0,0.0,34.0,0.0,2.0,0.0,0.0,0.0,61.0,129.46,31,129.41
"mcts:reward=margin,guide=ppo:runs/ppo/pass2/p2b_pool_s3.json",ppo:runs/ppo/pass2/p2b_pool_s3.json,2,9001,75,0,0.0,0.0,-44.0,41.0,85.0,74.0,-33.0,0.0,2.0,0.0,19.0,10.0,3.9,4.0,6.0,5.0,13.0,1.0,27.0,0.0,2.0,0.0,0.0,0.0,63.0,135.89,32,135.84
"mcts:reward=score,guide=ppo:runs/ppo/pass2/p2b_pool_s3.json,opponent=infer",greedy,2,9001,72,1,1.0,1.0,43.0,108.0,65.0,92.0,6.0,1.0,1.0,1.0,33.0,11.0,4.090909090909091,5.0,0.0,6.0,10.0,0.0,38.0,0.0,2.0,0.0,0.0,1.0,70.0,135.18,36,135.17
"mcts:reward=score,guide=ppo:runs/ppo/pass2/p2b_pool_s3.json,opponent=infer",greedy,2,9001,73,1,1.0,1.0,31.0,118.0,87.0,89.0,19.0,2.0,0.0,1.0,28.0,12.0,3.75,4.0,0.0,7.0,16.0,0.0,36.0,0.0,2.0,0.0,0.0,1.0,75.0,148.1,39,148.09
"mcts:reward=score,guide=ppo:runs/ppo/pass2/p2b_pool_s3.json,opponent=infer",linear:runs/linear/pass7/p7b_sarsa_lam98_random_s3.json@best,2,9001,74,1,1.0,1.0,10.0,90.0,80.0,79.0,1.0,1.0,1.0,1.0,28.0,12.0,3.5,4.0,3.0,6.0,5.0,0.0,35.0,0.0,2.0,0.0,0.0,0.0,65.0,114.64,33,114.62
"mcts:reward=score,guide=ppo:runs/ppo/pass2/p2b_pool_s3.json,opponent=infer",linear:runs/linear/pass7/p7b_sarsa_lam98_random_s3.json@best,2,9001,75,0,1.0,1.0,9.0,85.0,76.0,78.0,-3.0,1.0,1.0,1.0,18.0,12.0,3.5,4.0,3.0,6.0,8.0,1.0,32.0,0.0,2.0,0.0,0.0,0.0,67.0,117.94,34,117.91
"mcts:reward=margin,guide=ppo:runs/ppo/pass2/p2b_pool_s3.json",linear:runs/linear/pass7/p7b_sarsa_lam98_random_s3.json@best,2,9001,74,1,1.0,1.0,0.0,78.0,78.0,85.0,-17.0,0.0,2.0,1.0,27.0,10.0,4.3,3.0,2.0,6.0,6.0,0.0,38.0,0.0,2.0,0.0,0.0,0.0,65.0,134.82,33,134.8
"mcts:reward=margin,guide=ppo:runs/ppo/pass2/p2b_pool_s3.json",linear:runs/linear/pass7/p7b_sarsa_lam98_random_s3.json@best,2,9001,75,0,0.0,0.0,-15.0,63.0,78.0,44.0,9.0,1.0,1.0,1.0,25.0,10.0,2.9,2.0,16.0,3.0,24.0,1.0,14.0,0.0,2.0,0.0,0.0,0.0,61.0,125.87,31,125.84
"mcts:reward=score,guide=ppo:runs/ppo/pass2/p2b_pool_s3.json,opponent=infer",racer,2,9001,74,1,1.0,1.0,3.0,84.0,81.0,91.0,-17.0,0.0,2.0,1.0,29.0,11.0,4.090909090909091,5.0,0.0,5.0,8.0,0.0,34.0,0.0,2.0,0.0,0.0,1.0,64.0,115.91,33,115.9
"mcts:reward=score,guide=ppo:runs/ppo/pass2/p2b_pool_s3.json,opponent=infer",racer,2,9001,75,0,1.0,1.0,30.0,109.0,79.0,78.0,21.0,2.0,0.0,1.0,23.0,14.0,3.2142857142857144,4.0,0.0,4.0,13.0,1.0,29.0,0.0,2.0,0.0,0.0,1.0,72.0,116.4,37,116.39
"mcts:reward=margin,guide=ppo:runs/ppo/pass2/p2b_pool_s3.json",racer,2,9001,74,1,1.0,1.0,1.0,89.0,88.0,78.0,1.0,1.0,1.0,1.0,27.0,10.0,4.0,3.0,5.0,6.0,8.0,0.0,32.0,0.0,2.0,0.0,0.0,0.0,61.0,126.0,31,125.99
"mcts:reward=margin,guide=ppo:runs/ppo/pass2/p2b_pool_s3.json",racer,2,9001,75,0,1.0,1.0,60.0,124.0,64.0,81.0,33.0,2.0,0.0,1.0,26.0,14.0,3.2142857142857144,4.0,0.0,4.0,20.0,0.0,24.0,0.0,2.0,0.0,0.0,1.0,72.0,136.65,37,136.64
"mcts:reward=score,guide=ppo:runs/ppo/pass2/p2b_pool_s3.json,opponent=infer",ppo:runs/ppo/pass2/p2b_pool_s3.json,2,9001,76,0,0.0,0.0,-18.0,57.0,75.0,74.0,-27.0,0.0,2.0,1.0,21.0,9.0,4.111111111111111,5.0,8.0,5.0,17.0,0.0,25.0,0.0,2.0,0.0,0.0,0.0,60.0,117.42,31,117.37
"mcts:reward=score,guide=ppo:runs/ppo/pass2/p2b_pool_s3.json,opponent=infer",ppo:runs/ppo/pass2/p2b_pool_s3.json,2,9001,77,1,1.0,1.0,20.0,94.0,74.0,82.0,12.0,1.0,1.0,0.0,23.0,12.0,3.5,5.0,3.0,4.0,18.0,0.0,20.0,0.0,2.0,0.0,0.0,0.0,63.0,115.21,32,115.16
"mcts:reward=score,guide=ppo:runs/ppo/pass2/p2b_pool_s3.json,opponent=infer",greedy,2,9001,74,1,0.0,0.0,-34.0,87.0,121.0,104.0,-17.0,0.0,2.0,0.0,26.0,9.0,5.0,7.0,0.0,5.0,16.0,0.0,40.0,0.0,2.0,0.0,0.0,1.0,74.0,144.68,38,144.67
"mcts:reward=score,guide=ppo:runs/ppo/pass2/p2b_pool_s3.json,opponent=infer",greedy,2,9001,75,0,1.0,1.0,63.0,119.0,56.0,88.0,21.0,2.0,0.0,1.0,25.0,12.0,3.75,5.0,0.0,4.0,22.0,0.0,26.0,0.0,2.0,0.0,0.0,1.0,72.0,139.37,37,139.36
"mcts:reward=margin,guide=ppo:runs/ppo/pass2/p2b_pool_s3.json",ppo:runs/ppo/pass2/p2b_pool_s3.json,2,9001,76,0,1.0,1.0,9.0,74.0,65.0,88.0,-24.0,0.0,2.0,1.0,27.0,11.0,4.0,5.0,1.0,8.0,10.0,0.0,32.0,0.0,2.0,0.0,0.0,1.0,63.0,134.59,33,134.54
"mcts:reward=margin,guide=ppo:runs/ppo/pass2/p2b_pool_s3.json",ppo:runs/ppo/pass2/p2b_pool_s3.json,2,9001,77,1,0.0,0.0,-3.0,72.0,75.0,74.0,-12.0,1.0,1.0,1.0,17.0,10.0,3.9,3.0,6.0,7.0,9.0,1.0,29.0,0.0,2.0,0.0,0.0,0.0,61.0,123.27,31,123.21
"mcts:reward=margin,guide=ppo:runs/ppo/pass2/p2b_pool_s3.json",greedy,2,9001,74,1,1.0,1.0,26.0,99.0,73.0,73.0,16.0,2.0,0.0,1.0,30.0,15.0,3.0,2.0,0.0,4.0,21.0,0.0,23.0,0.0,2.0,0.0,0.0,1.0,74.0,146.65,38,146.64
"mcts:reward=margin,guide=ppo:runs/ppo/pass2/p2b_pool_s3.json",greedy,2,9001,75,0,1.0,1.0,20.0,112.0,92.0,72.0,30.0,2.0,0.0,1.0,27.0,15.0,3.0,2.0,0.0,4.0,11.0,0.0,33.0,0.0,2.0,0.0,0.0,1.0,74.0,149.17,38,149.16
"mcts:reward=score,guide=ppo:runs/ppo/pass2/p2b_pool_s3.json,opponent=infer",linear:runs/linear/pass7/p7b_sarsa_lam98_random_s3.json@best,2,9001,76,0,0.0,0.0,-22.0,58.0,80.0,75.0,-27.0,0.0,2.0,1.0,29.0,8.0,4.625,4.0,8.0,5.0,18.0,0.0,30.0,0.0,2.0,0.0,0.0,0.0,64.0,120.1,33,120.07
"mcts:reward=score,guide=ppo:runs/ppo/pass2/p2b_pool_s3.json,opponent=infer",linear:runs/linear/pass7/p7b_sarsa_lam98_random_s3.json@best,2,9001,77,1,1.0,1.0,30.0,125.0,95.0,87.0,28.0,2.0,0.0,1.0,29.0,12.0,3.75,4.0,0.0,3.0,22.0,0.0,22.0,0.0,2.0,0.0,0.0,1.0,68.0,114.82,35,114.79
"mcts:reward=margin,guide=ppo:runs/ppo/pass2/p2b_pool_s3.json",linear:runs/linear/pass7/p7b_sarsa_lam98_random_s3.json@best,2,9001,76,0,1.0,1.0,3.0,76.0,73.0,90.0,-24.0,0.0,2.0,1.0,23.0,11.0,4.0,5.0,1.0,5.0,9.0,0.0,31.0,0.0,2.0,0.0,0.0,1.0,61.0,133.18,32,133.15
"mcts:reward=margin,guide=ppo:runs/ppo/pass2/p2b_pool_s3.json",linear:runs/linear/pass7/p7b_sarsa_lam98_random_s3.json@best,2,9001,77,1,1.0,1.0,21.0,100.0,79.0,78.0,12.0,1.0,1.0,1.0,22.0,12.0,3.5833333333333335,3.0,2.0,4.0,12.0,0.0,30.0,0.0,2.0,0.0,0.0,0.0,67.0,128.35,34,128.32
"mcts:reward=score,guide=ppo:runs/ppo/pass2/p2b_pool_s3.json,opponent=infer",racer,2,9001,76,0,1.0,1.0,24.0,116.0,92.0,71.0,35.0,4.0,1.0,1.0,36.0,14.0,3.0714285714285716,2.0,2.0,6.0,13.0,0.0,33.0,3.0,5.0,0.0,0.0,0.0,80.0,138.14,44,138.13
"mcts:reward=score,guide=ppo:runs/ppo/pass2/p2b_pool_s3.json,opponent=infer",racer,2,9001,77,1,1.0,1.0,25.0,114.0,89.0,92.0,12.0,1.0,1.0,1.0,32.0,11.0,4.090909090909091,5.0,0.0,3.0,22.0,0.0,22.0,0.0,2.0,0.0,0.0,1.0,66.0,114.28,34,114.27
"mcts:reward=margin,guide=ppo:runs/ppo/pass2/p2b_pool_s3.json",racer,2,9001,76,0,1.0,1.0,18.0,110.0,92.0,76.0,24.0,2.0,0.0,1.0,31.0,14.0,3.142857142857143,4.0,1.0,3.0,21.0,1.0,19.0,0.0,2.0,0.0,0.0,1.0,69.0,129.88,36,129.87
"mcts:reward=margin,guide=ppo:runs/ppo/pass2/p2b_pool_s3.json",racer,2,9001,77,1,1.0,1.0,10.0,101.0,91.0,79.0,12.0,1.0,1.0,1.0,26.0,12.0,3.6666666666666665,4.0,1.0,3.0,22.0,1.0,22.0,0.0,2.0,0.0,0.0,0.0,71.0,131.46,36,131.44
"mcts:reward=margin,guide=ppo:runs/ppo/pass2/p2b_pool_s3.json",greedy,2,9001,76,0,1.0,1.0,59.0,121.0,62.0,87.0,24.0,2.0,0.0,1.0,28.0,12.0,3.75,5.0,0.0,6.0,9.0,0.0,37.0,0.0,2.0,0.0,0.0,1.0,69.0,140.74,36,140.73
"mcts:reward=margin,guide=ppo:runs/ppo/pass2/p2b_pool_s3.json",greedy,2,9001,77,1,1.0,1.0,51.0,116.0,65.0,94.0,12.0,1.0,1.0,1.0,31.0,10.0,4.4,5.0,1.0,5.0,25.0,2.0,17.0,0.0,2.0,0.0,0.0,1.0,66.0,125.14,34,125.13
"mcts:reward=score,guide=ppo:runs/ppo/pass2/p2b_pool_s3.json,opponent=infer",greedy,2,9001,76,0,1.0,1.0,30.0,84.0,54.0,101.0,-27.0,0.0,2.0,1.0,18.0,9.0,5.0,6.0,0.0,8.0,11.0,0.0,39.0,0.0,2.0,0.0,0.0,1.0,67.0,130.81,35,130.8
"mcts:reward=score,guide=ppo:runs/ppo/pass2/p2b_pool_s3.json,opponent=infer",greedy,2,9001,77,1,1.0,1.0,47.0,118.0,71.0,96.0,12.0,1.0,1.0,1.0,33.0,10.0,4.5,6.0,0.0,5.0,18.0,0.0,30.0,0.0,2.0,0.0,0.0,1.0,68.0,128.88,35,128.87
"mcts:reward=score,guide=ppo:runs/ppo/pass2/p2b_pool_s3.json,opponent=infer",ppo:runs/ppo/pass2/p2b_pool_s3.json,2,9001,78,0,1.0,1.0,21.0,116.0,95.0,80.0,36.0,2.0,0.0,0.0,21.0,12.0,3.5833333333333335,4.0,2.0,5.0,13.0,1.0,29.0,0.0,2.0,0.0,0.0,0.0,68.0,125.28,35,125.22
"mcts:reward=score,guide=ppo:runs/ppo/pass2/p2b_pool_s3.json,opponent=infer",ppo:runs/ppo/pass2/p2b_pool_s3.json,2,9001,79,1,0.0,0.0,-21.0,65.0,86.0,84.0,-19.0,0.0,2.0,0.0,20.0,9.0,4.555555555555555,4.0,4.0,3.0,15.0,0.0,29.0,0.0,2.0,0.0,0.0,0.0,62.0,117.68,32,117.63
"mcts:reward=margin,guide=ppo:runs/ppo/pass2/p2b_pool_s3.json",ppo:runs/ppo/pass2/p2b_pool_s3.json,2,9001,78,0,0.0,0.0,-41.0,53.0,94.0,61.0,-8.0,1.0,1.0,0.0,14.0,12.0,3.0833333333333335,3.0,8.0,3.0,23.0,1.0,15.0,0.0,2.0,0.0,0.0,0.0,64.0,139.97,33,139.92
"mcts:reward=margin,guide=ppo:runs/ppo/pass2/p2b_pool_s3.json",ppo:runs/ppo/pass2/p2b_pool_s3.json,2,9001,79,1,0.0,0.0,-26.0,55.0,81.0,64.0,-19.0,0.0,2.0,1.0,29.0,8.0,4.125,3.0,12.0,1.0,18.0,0.0,28.0,0.0,2.0,0.0,0.0,0.0,62.0,133.12,32,133.07
"mcts:reward=score,guide=ppo:runs/ppo/pass2/p2b_pool_s3.json,opponent=infer",racer,2,9001,78,0,1.0,1.0,0.0,86.0,86.0,80.0,-4.0,1.0,1.0,1.0,19.0,13.0,3.4615384615384617,3.0,0.0,4.0,15.0,0.0,31.0,0.0,2.0,0.0,0.0,1.0,71.0,124.56,37,124.55
"mcts:reward=score,guide=ppo:runs/ppo/pass2/p2b_pool_s3.json,opponent=infer",racer,2,9001,79,1,1.0,1.0,45.0,112.0,67.0,83.0,19.0,2.0,0.0,1.0,24.0,12.0,3.75,4.0,0.0,3.0,20.0,0.0,24.0,0.0,2.0,0.0,0.0,1.0,67.0,119.87,35,119.86
"mcts:reward=score,guide=ppo:runs/ppo/pass2/p2b_pool_s3.json,opponent=infer",linear:runs/linear/pass7/p7b_sarsa_lam98_random_s3.json@best,2,9001,78,0,0.0,0.0,-4.0,84.0,88.0,78.0,-4.0,1.0,1.0,1.0,16.0,11.0,3.8181818181818183,4.0,3.0,4.0,15.0,1.0,29.0,0.0,2.0,0.0,0.0,0.0,68.0,128.37,35,128.34
"mcts:reward=score,guide=ppo:runs/ppo/pass2/p2b_pool_s3.json,opponent=infer",linear:runs/linear/pass7/p7b_sarsa_lam98_random_s3.json@best,2,9001,79,1,1.0,1.0,24.0,108.0,84.0,79.0,19.0,2.0,0.0,1.0,27.0,10.0,4.1,4.0,4.0,2.0,19.0,1.0,25.0,0.0,2.0,0.0,0.0,0.0,66.0,122.01,34,121.98
"mcts:reward=margin,guide=ppo:runs/ppo/pass2/p2b_pool_s3.json",linear:runs/linear/pass7/p7b_sarsa_lam98_random_s3.json@best,2,9001,78,0,0.0,0.0,-42.0,50.0,92.0,72.0,-32.0,0.0,2.0,1.0,17.0,12.0,3.5,4.0,3.0,2.0,19.0,0.0,27.0,0.0,2.0,0.0,0.0,0.0,70.0,144.5,36,144.47
"mcts:reward=margin,guide=ppo:runs/ppo/pass2/p2b_pool_s3.json",linear:runs/linear/pass7/p7b_sarsa_lam98_random_s3.json@best,2,9001,79,1,1.0,1.0,13.0,94.0,81.0,65.0,19.0,2.0,0.0,1.0,25.0,11.0,3.4545454545454546,2.0,7.0,2.0,15.0,0.0,29.0,0.0,2.0,0.0,0.0,0.0,66.0,135.57,34,135.54
"mcts:reward=margin,guide=ppo:runs/ppo/pass2/p2b_pool_s3.json",racer,2,9001,78,0,0.0,0.0,-44.0,52.0,96.0,84.0,-32.0,0.0,2.0,0.0,14.0,12.0,3.75,4.0,0.0,4.0,26.0,0.0,16.0,0.0,2.0,0.0,0.0,1.0,65.0,132.48,34,132.47
"mcts:reward=margin,guide=ppo:runs/ppo/pass2/p2b_pool_s3.json",racer,2,9001,79,1,1.0,1.0,5.0,87.0,82.0,74.0,3.0,1.0,1.0,1.0,22.0,14.0,3.142857142857143,2.0,1.0,2.0,23.0,2.0,15.0,0.0,2.0,0.0,0.0,1.0,69.0,134.7,36,134.69
"mcts:reward=score,guide=ppo:runs/ppo/pass2/p2b_pool_s3.json,opponent=infer",ppo:runs/ppo/pass2/p2b_pool_s3.json,2,9001,80,1,0.0,0.0,-53.0,36.0,89.0,65.0,-29.0,0.0,2.0,0.0,12.0,8.0,4.125,3.0,12.0,5.0,20.0,0.0,24.0,0.0,2.0,0.0,0.0,0.0,61.0,114.4,31,114.35
"mcts:reward=score,guide=ppo:runs/ppo/pass2/p2b_pool_s3.json,opponent=infer",ppo:runs/ppo/pass2/p2b_pool_s3.json,2,9001,81,0,0.0,0.0,-28.0,54.0,82.0,77.0,-23.0,0.0,2.0,0.0,21.0,11.0,3.727272727272727,4.0,4.0,3.0,14.0,1.0,24.0,0.0,2.0,0.0,0.0,0.0,63.0,113.22,32,113.16
"mcts:reward=margin,guide=ppo:runs/ppo/pass2/p2b_pool_s3.json",ppo:runs/ppo/pass2/p2b_pool_s3.json,2,9001,80,1,0.0,0.0,-33.0,51.0,84.0,76.0,-25.0,0.0,2.0,0.0,16.0,9.0,4.222222222222222,4.0,7.0,6.0,12.0,1.0,28.0,0.0,2.0,0.0,0.0,0.0,61.0,128.08,31,128.03
"mcts:reward=margin,guide=ppo:runs/ppo/pass2/p2b_pool_s3.json",ppo:runs/ppo/pass2/p2b_pool_s3.json,2,9001,81,0,1.0,1.0,4.0,77.0,73.0,64.0,3.0,1.0,1.0,1.0,33.0,13.0,3.0,2.0,6.0,2.0,18.0,0.0,20.0,0.0,2.0,0.0,0.0,0.0,65.0,135.15,33,135.09
"mcts:reward=margin,guide=ppo:runs/ppo/pass2/p2b_pool_s3.json",greedy,2,9001,78,0,0.0,0.0,-50.0,58.0,108.0,66.0,-8.0,1.0,1.0,0.0,16.0,17.0,2.6470588235294117,2.0,0.0,2.0,28.0,0.0,24.0,0.0,2.0,0.0,0.0,1.0,85.0,165.98,44,165.97
"mcts:reward=margin,guide=ppo:runs/ppo/pass2/p2b_pool_s3.json",greedy,2,9001,79,1,1.0,1.0,38.0,102.0,64.0,89.0,3.0,1.0,1.0,1.0,23.0,11.0,4.090909090909091,5.0,0.0,0.0,26.0,0.0,18.0,0.0,2.0,0.0,0.0,1.0,65.0,128.57,34,128.57
"mcts:reward=score,guide=ppo:runs/ppo/pass2/p2b_pool_s3.json,opponent=infer",greedy,2,9001,78,0,1.0,1.0,46.0,139.0,93.0,93.0,36.0,2.0,0.0,1.0,31.0,12.0,3.75,5.0,0.0,5.0,18.0,1.0,30.0,0.0,2.0,0.0,0.0,1.0,73.0,154.81,38,154.8
"mcts:reward=score,guide=ppo:runs/ppo/pass2/p2b_pool_s3.json,opponent=infer",greedy,2,9001,79,1,1.0,1.0,12.0,105.0,93.0,92.0,3.0,1.0,1.0,1.0,29.0,10.0,4.5,5.0,0.0,1.0,32.0,1.0,20.0,0.0,2.0,0.0,0.0,1.0,73.0,141.45,38,141.44
"mcts:reward=score,guide=ppo:runs/ppo/pass2/p2b_pool_s3.json,opponent=infer",linear:runs/linear/pass7/p7b_sarsa_lam98_random_s3.json@best,2,9001,80,1,1.0,1.0,23.0,102.0,79.0,63.0,29.0,2.0,0.0,1.0,26.0,13.0,2.923076923076923,2.0,7.0,6.0,11.0,0.0,29.0,0.0,2.0,0.0,0.0,0.0,67.0,114.8,34,114.77
"mcts:reward=score,guide=ppo:runs/ppo/pass2/p2b_pool_s3.json,opponent=infer",linear:runs/linear/pass7/p7b_sarsa_lam98_random_s3.json@best,2,9001,81,0,1.0,1.0,3.0,74.0,71.0,87.0,-23.0,0.0,2.0,1.0,25.0,12.0,3.75,5.0,0.0,4.0,17.0,0.0,29.0,0.0,2.0,0.0,0.0,1.0,70.0,114.12,36,114.09
"mcts:reward=margin,guide=ppo:runs/ppo/pass2/p2b_pool_s3.json",linear:runs/linear/pass7/p7b_sarsa_lam98_random_s3.json@best,2,9001,80,1,1.0,1.0,5.0,77.0,72.0,92.0,-25.0,0.0,2.0,1.0,24.0,10.0,4.5,4.0,0.0,6.0,17.0,0.0,31.0,0.0,2.0,0.0,0.0,1.0,68.0,136.37,35,136.35
"mcts:reward=margin,guide=ppo:runs/ppo/pass2/p2b_pool_s3.json",linear:runs/linear/pass7/p7b_sarsa_lam98_random_s3.json@best,2,9001,81,0,1.0,1.0,35.0,110.0,75.0,77.0,23.0,2.0,0.0,1.0,27.0,12.0,3.5,3.0,3.0,6.0,11.0,0.0,29.0,0.0,2.0,0.0,0.0,0.0,65.0,125.31,33,125.29
"mcts:reward=margin,guide=ppo:runs/ppo/pass2/p2b_pool_s3.json",racer,2,9001,80,1,1.0,1.0,32.0,110.0,78.0,75.0,25.0,2.0,0.0,1.0,21.0,13.0,3.3076923076923075,3.0,2.0,7.0,23.0,3.0,15.0,0.0,2.0,0.0,0.0,1.0,70.0,130.08,36,130.07
"mcts:reward=margin,guide=ppo:runs/ppo/pass2/p2b_pool_s3.json",racer,2,9001,81,0,0.0,0.0,-2.0,72.0,74.0,85.0,-23.0,0.0,2.0,1.0,16.0,9.0,4.444444444444445,5.0,5.0,1.0,23.0,0.0,17.0,0.0,2.0,0.0,0.0,0.0,59.0,126.22,30,126.21
"mcts:reward=score,guide=ppo:runs/ppo/pass2/p2b_pool_s3.json,opponent=infer",racer,2,9001,80,1,0.0,0.0,-12.0,66.0,78.0,85.0,-29.0,0.0,2.0,1.0,22.0,12.0,3.75,5.0,0.0,4.0,23.0,1.0,23.0,0.0,2.0,0.0,0.0,1.0,72.0,126.72,37,126.71
"mcts:reward=score,guide=ppo:runs/ppo/pass2/p2b_pool_s3.json,opponent=infer",racer,2,9001,81,0,1.0,1.0,31.0,111.0,80.0,78.0,23.0,2.0,0.0,1.0,21.0,11.0,3.727272727272727,4.0,4.0,4.0,15.0,0.0,29.0,0.0,2.0,0.0,0.0,0.0,67.0,112.03,34,112.02
"mcts:reward=score,guide=ppo:runs/ppo/pass2/p2b_pool_s3.json,opponent=infer",ppo:runs/ppo/pass2/p2b_pool_s3.json,2,9001,82,1,1.0,1.0,0.0,76.0,76.0,79.0,-13.0,1.0,1.0,1.0,27.0,9.0,4.444444444444445,4.0,5.0,2.0,15.0,0.0,27.0,0.0,2.0,0.0,0.0,0.0,60.0,115.51,31,115.46
"mcts:reward=score,guide=ppo:runs/ppo/pass2/p2b_pool_s3.json,opponent=infer",ppo:runs/ppo/pass2/p2b_pool_s3.json,2,9001,83,0,1.0,1.0,30.0,113.0,83.0,74.0,29.0,2.0,0.0,1.0,31.0,12.0,3.3333333333333335,4.0,5.0,3.0,19.0,0.0,21.0,0.0,2.0,0.0,0.0,0.0,65.0,113.52,33,113.47
"mcts:reward=margin,guide=ppo:runs/ppo/pass2/p2b_pool_s3.json",greedy,2,9001,80,1,1.0,1.0,37.0,110.0,73.0,83.0,17.0,1.0,1.0,1.0,26.0,12.0,3.75,4.0,0.0,8.0,15.0,0.0,39.0,0.0,2.0,0.0,0.0,1.0,78.0,140.77,40,140.76
"mcts:reward=margin,guide=ppo:runs/ppo/pass2/p2b_pool_s3.json",greedy,2,9001,81,0,1.0,1.0,29.0,119.0,90.0,86.0,23.0,2.0,0.0,1.0,25.0,12.0,3.75,4.0,0.0,2.0,27.0,1.0,19.0,0.0,2.0,0.0,0.0,1.0,72.0,138.61,37,138.6
"mcts:reward=margin,guide=ppo:runs/ppo/pass2/p2b_pool_s3.json",ppo:runs/ppo/pass2/p2b_pool_s3.json,2,9001,82,1,1.0,1.0,14.0,97.0,83.0,84.0,13.0,1.0,1.0,0.0,24.0,11.0,3.909090909090909,4.0,2.0,3.0,17.0,0.0,23.0,0.0,2.0,0.0,0.0,0.0,62.0,132.19,32,132.14
"mcts:reward=margin,guide=ppo:runs/ppo/pass2/p2b_pool_s3.json",ppo:runs/ppo/pass2/p2b_pool_s3.json,2,9001,83,0,0.0,0.0,-22.0,54.0,76.0,73.0,-29.0,0.0,2.0,1.0,26.0,11.0,3.6363636363636362,2.0,5.0,1.0,26.0,1.0,12.0,0.0,2.0,0.0,0.0,0.0,63.0,133.71,32,133.66
"mcts:reward=score,guide=ppo:runs/ppo/pass2/p2b_pool_s3.json,opponent=infer",greedy,2,9001,80,1,0.0,0.0,-4.0,94.0,98.0,97.0,-13.0,1.0,1.0,1.0,26.0,10.0,4.5,5.0,0.0,6.0,27.0,1.0,27.0,0.0,2.0,0.0,0.0,1.0,76.0,149.75,39,149.74
"mcts:reward=score,guide=ppo:runs/ppo/pass2/p2b_pool_s3.json,opponent=infer",greedy,2,9001,81,0,1.0,1.0,31.0,132.0,101.0,99.0,23.0,2.0,0.0,1.0,36.0,10.0,4.5,6.0,0.0,4.0,25.0,0.0,21.0,0.0,2.0,0.0,0.0,1.0,66.0,133.56,34,133.55
"mcts:reward=margin,guide=ppo:runs/ppo/pass2/p2b_pool_s3.json",linear:runs/linear/pass7/p7b_sarsa_lam98_random_s3.json@best,2,9001,82,1,1.0,1.0,25.0,105.0,80.0,82.0,13.0,1.0,1.0,1.0,29.0,13.0,3.3846153846153846,4.0,1.0,5.0,17.0,0.0,25.0,0.0,2.0,0.0,0.0,1.0,67.0,127.65,35,127.62
"mcts:reward=margin,guide=ppo:runs/ppo/pass2/p2b_pool_s3.json",linear:runs/linear/pass7/p7b_sarsa_lam98_random_s3.json@best,2,9001,83,0,1.0,1.0,31.0,102.0,71.0,87.0,5.0,1.0,1.0,1.0,25.0,12.0,3.6666666666666665,4.0,1.0,3.0,23.0,0.0,19.0,0.0,2.0,0.0,0.0,1.0,66.0,133.44,34,133.41
"mcts:reward=score,guide=ppo:runs/ppo/pass2/p2b_pool_s3.json,opponent=infer",linear:runs/linear/pass7/p7b_sarsa_lam98_random_s3.json@best,2,9001,82,1,1.0,1.0,21.0,113.0,92.0,90.0,13.0,1.0,1.0,1.0,27.0,10.0,4.4,6.0,1.0,3.0,22.0,0.0,26.0,0.0,2.0,0.0,0.0,0.0,68.0,121.24,35,121.21
"mcts:reward=score,guide=ppo:runs/ppo/pass2/p2b_pool_s3.json,opponent=infer",linear:runs/linear/pass7/p7b_sarsa_lam98_random_s3.json@best,2,9001,83,0,0.0,0.0,-44.0,44.0,88.0,63.0,-29.0,0.0,2.0,1.0,15.0,8.0,4.125,4.0,12.0,2.0,16.0,0.0,28.0,0.0,2.0,0.0,0.0,0.0,61.0,109.8,31,109.78
"mcts:reward=margin,guide=ppo:runs/ppo/pass2/p2b_pool_s3.json",racer,2,9001,82,1,1.0,1.0,30.0,118.0,88.0,77.0,31.0,2.0,0.0,1.0,25.0,13.0,3.3846153846153846,4.0,1.0,3.0,24.0,0.0,18.0,0.0,2.0,0.0,0.0,1.0,67.0,124.57,35,124.56
"mcts:reward=margin,guide=ppo:runs/ppo/pass2/p2b_pool_s3.json",racer,2,9001,83,0,0.0,0.0,-32.0,53.0,85.0,72.0,-29.0,0.0,2.0,1.0,19.0,12.0,3.5,3.0,3.0,3.0,27.0,0.0,13.0,0.0,2.0,0.0,0.0,0.0,65.0,134.04,33,134.03
"mcts:reward=score,guide=ppo:runs/ppo/pass2/p2b_pool_s3.json,opponent=infer",racer,2,9001,82,1,1.0,1.0,42.0,110.0,68.0,87.0,13.0,1.0,1.0,1.0,32.0,11.0,4.090909090909091,4.0,0.0,6.0,20.0,2.0,24.0,0.0,2.0,0.0,0.0,1.0,69.0,126.04,36,126.03
"mcts:reward=score,guide=ppo:runs/ppo/pass2/p2b_pool_s3.json,opponent=infer",racer,2,9001,83,0,1.0,1.0,22.0,98.0,76.0,83.0,5.0,1.0,1.0,1.0,30.0,12.0,3.6666666666666665,6.0,1.0,6.0,15.0,1.0,31.0,0.0,2.0,0.0,0.0,1.0,72.0,128.22,37,128.21
"mcts:reward=margin,guide=ppo:runs/ppo/pass2/p2b_pool_s3.json",greedy,2,9001,82,1,1.0,1.0,41.0,128.0,87.0,87.0,31.0,2.0,0.0,1.0,34.0,12.0,3.75,5.0,0.0,3.0,30.0,0.0,18.0,0.0,2.0,0.0,0.0,1.0,71.0,133.29,37,133.28
"mcts:reward=margin,guide=ppo:runs/ppo/pass2/p2b_pool_s3.json",greedy,2,9001,83,0,0.0,0.0,-16.0,103.0,119.0,74.0,29.0,2.0,0.0,0.0,22.0,14.0,3.2142857142857144,3.0,0.0,1.0,33.0,0.0,11.0,0.0,2.0,0.0,0.0,1.0,72.0,131.79,37,131.78
"mcts:reward=score,guide=ppo:runs/ppo/pass2/p2b_pool_s3.json,opponent=infer",ppo:runs/ppo/pass2/p2b_pool_s3.json,2,9001,84,0,1.0,1.0,21.0,95.0,74.0,83.0,2.0,1.0,1.0,1.0,24.0,11.0,3.727272727272727,4.0,4.0,5.0,14.0,0.0,28.0,0.0,2.0,0.0,0.0,0.0,65.0,115.49,33,115.44
"mcts:reward=score,guide=ppo:runs/ppo/pass2/p2b_pool_s3.json,opponent=infer",ppo:runs/ppo/pass2/p2b_pool_s3.json,2,9001,85,0,0.0,0.0,-27.0,54.0,81.0,63.0,-9.0,2.0,2.0,0.0,29.0,9.0,3.6666666666666665,3.0,12.0,6.0,18.0,0.0,26.0,1.0,4.0,0.0,0.0,0.0,65.0,132.57,34,132.52
"mcts:reward=margin,guide=ppo:runs/ppo/pass2/p2b_pool_s3.json",ppo:runs/ppo/pass2/p2b_pool_s3.json,2,9001,84,0,0.0,0.0,-21.0,65.0,86.0,67.0,-2.0,1.0,1.0,0.0,12.0,10.0,3.7,3.0,8.0,1.0,17.0,0.0,21.0,0.0,2.0,0.0,0.0,0.0,59.0,123.35,30,123.3
"mcts:reward=margin,guide=ppo:runs/ppo/pass2/p2b_pool_s3.json",ppo:runs/ppo/pass2/p2b_pool_s3.json,2,9001,85,0,1.0,1.0,13.0,73.0,60.0,74.0,-11.0,1.0,2.0,1.0,24.0,9.0,4.0,4.0,9.0,4.0,19.0,0.0,25.0,0.0,3.0,0.0,0.0,0.0,63.0,135.39,32,135.34
"mcts:reward=score,guide=ppo:runs/ppo/pass2/p2b_pool_s3.json,opponent=infer",greedy,2,9001,82,1,1.0,1.0,56.0,172.0,116.0,76.0,86.0,6.0,1.0,1.0,36.0,16.0,2.8125,3.0,0.0,4.0,30.0,0.0,16.0,3.0,7.0,0.0,0.0,1.0,83.0,164.33,46,164.32
"mcts:reward=score,guide=ppo:runs/ppo/pass2/p2b_pool_s3.json,opponent=infer",greedy,2,9001,83,0,1.0,1.0,12.0,106.0,94.0,91.0,5.0,1.0,1.0,1.0,31.0,12.0,3.75,5.0,0.0,2.0,28.0,0.0,18.0,0.0,2.0,0.0,0.0,1.0,70.0,136.27,36,136.26
"mcts:reward=score,guide=ppo:runs/ppo/pass2/p2b_pool_s3.json,opponent=infer",linear:runs/linear/pass7/p7b_sarsa_lam98_random_s3.json@best,2,9001,84,0,0.0,0.0,-11.0,86.0,97.0,78.0,-2.0,1.0,1.0,1.0,29.0,12.0,3.5,3.0,3.0,7.0,22.0,0.0,22.0,0.0,2.0,0.0,0.0,0.0,69.0,115.56,35,115.54
"mcts:reward=score,guide=ppo:runs/ppo/pass2/p2b_pool_s3.json,opponent=infer",linear:runs/linear/pass7/p7b_sarsa_lam98_random_s3.json@best,2,9001,85,0,1.0,1.0,9.0,77.0,68.0,89.0,-22.0,0.0,2.0,1.0,23.0,11.0,4.090909090909091,4.0,0.0,9.0,11.0,0.0,33.0,0.0,2.0,0.0,0.0,1.0,66.0,121.19,34,121.16
"mcts:reward=margin,guide=ppo:runs/ppo/pass2/p2b_pool_s3.json",linear:runs/linear/pass7/p7b_sarsa_lam98_random_s3.json@best,2,9001,84,0,0.0,0.0,-30.0,71.0,101.0,81.0,-20.0,0.0,2.0,1.0,16.0,12.0,3.5833333333333335,5.0,2.0,3.0,28.0,1.0,12.0,0.0,2.0,0.0,0.0,0.0,67.0,132.56,34,132.54
"mcts:reward=margin,guide=ppo:runs/ppo/pass2/p2b_pool_s3.json",linear:runs/linear/pass7/p7b_sarsa_lam98_random_s3.json@best,2,9001,85,0,1.0,1.0,29.0,106.0,77.0,81.0,15.0,2.0,1.0,1.0,36.0,12.0,3.5833333333333335,4.0,2.0,4.0,26.0,0.0,16.0,0.0,3.0,0.0,0.0,0.0,67.0,137.0,34,136.97
"mcts:reward=score,guide=ppo:runs/ppo/pass2/p2b_pool_s3.json,opponent=infer",racer,2,9001,84,0,0.0,0.0,-23.0,67.0,90.0,77.0,-20.0,0.0,2.0,1.0,28.0,13.0,3.3076923076923075,3.0,2.0,3.0,14.0,0.0,26.0,0.0,2.0,0.0,0.0,0.0,67.0,116.24,34,116.22
"mcts:reward=score,guide=ppo:runs/ppo/pass2/p2b_pool_s3.json,opponent=infer",racer,2,9001,85,0,1.0,1.0,38.0,116.0,78.0,84.0,22.0,2.0,0.0,1.0,24.0,14.0,3.2142857142857144,5.0,0.0,8.0,5.0,0.0,39.0,0.0,2.0,0.0,0.0,1.0,72.0,123.49,37,123.48
"mcts:reward=margin,guide=ppo:runs/ppo/pass2/p2b_pool_s3.json",racer,2,9001,84,0,0.0,0.0,-4.0,86.0,90.0,74.0,2.0,1.0,1.0,1.0,23.0,14.0,3.0714285714285716,3.0,2.0,3.0,24.0,1.0,14.0,0.0,2.0,0.0,0.0,0.0,69.0,133.19,35,133.18
"mcts:reward=margin,guide=ppo:runs/ppo/pass2/p2b_pool_s3.json",racer,2,9001,85,0,1.0,1.0,22.0,85.0,63.0,82.0,-7.0,1.0,2.0,1.0,27.0,12.0,3.5833333333333335,3.0,2.0,4.0,26.0,1.0,14.0,0.0,3.0,0.0,0.0,1.0,66.0,138.37,34,138.36
"mcts:reward=score,guide=ppo:runs/ppo/pass2/p2b_pool_s3.json,opponent=infer",greedy,2,9001,84,0,1.0,1.0,88.0,147.0,59.0,86.0,51.0,4.0,0.0,1.0,24.0,12.0,3.75,4.0,0.0,5.0,25.0,0.0,23.0,1.0,4.0,0.0,0.0,1.0,74.0,149.95,39,149.94
"mcts:reward=score,guide=ppo:runs/ppo/pass2/p2b_pool_s3.json,opponent=infer",greedy,2,9001,85,0,1.0,1.0,15.0,87.0,72.0,99.0,-22.0,0.0,2.0,1.0,33.0,10.0,4.5,6.0,0.0,8.0,6.0,0.0,42.0,0.0,2.0,0.0,0.0,1.0,68.0,131.04,35,131.04
"mcts:reward=score,guide=ppo:runs/ppo/pass2/p2b_pool_s3.json,opponent=infer",ppo:runs/ppo/pass2/p2b_pool_s3.json,2,9001,86,1,1.0,1.0,37.0,98.0,61.0,88.0,0.0,1.0,1.0,1.0,33.0,11.0,4.0,5.0,1.0,6.0,2.0,1.0,40.0,0.0,2.0,0.0,0.0,0.0,66.0,128.72,34,128.67
"mcts:reward=score,guide=ppo:runs/ppo/pass2/p2b_pool_s3.json,opponent=infer",ppo:runs/ppo/pass2/p2b_pool_s3.json,2,9001,87,0,0.0,0.0,-29.0,56.0,85.0,80.0,-24.0,0.0,2.0,0.0,9.0,9.0,4.444444444444445,5.0,5.0,8.0,8.0,1.0,32.0,0.0,2.0,0.0,0.0,0.0,61.0,114.84,31,114.79
"mcts:reward=margin,guide=ppo:runs/ppo/pass2/p2b_pool_s3.json",greedy,2,9001,84,0,1.0,1.0,1.0,80.0,79.0,90.0,-20.0,0.0,2.0,1.0,21.0,12.0,3.75,5.0,0.0,3.0,23.0,0.0,25.0,0.0,2.0,0.0,0.0,1.0,72.0,152.35,37,152.34
"mcts:reward=margin,guide=ppo:runs/ppo/pass2/p2b_pool_s3.json",greedy,2,9001,85,0,1.0,1.0,10.0,89.0,79.0,94.0,-15.0,1.0,2.0,1.0,16.0,10.0,4.5,6.0,0.0,6.0,27.0,0.0,29.0,0.0,3.0,0.0,0.0,1.0,76.0,143.39,39,143.38
"mcts:reward=margin,guide=ppo:runs/ppo/pass2/p2b_pool_s3.json",ppo:runs/ppo/pass2/p2b_pool_s3.json,2,9001,86,1,1.0,1.0,13.0,79.0,66.0,83.0,-4.0,1.0,1.0,0.0,23.0,12.0,3.5,4.0,3.0,7.0,5.0,1.0,35.0,0.0,2.0,0.0,0.0,0.0,66.0,144.45,34,144.4
"mcts:reward=margin,guide=ppo:runs/ppo/pass2/p2b_pool_s3.json",ppo:runs/ppo/pass2/p2b_pool_s3.json,2,9001,87,0,0.0,0.0,-6.0,70.0,76.0,84.0,-24.0,0.0,2.0,1.0,24.0,9.0,4.555555555555555,4.0,4.0,8.0,2.0,2.0,36.0,0.0,2.0,0.0,0.0,0.0,61.0,129.58,31,129.53
"mcts:reward=score,guide=ppo:runs/ppo/pass2/p2b_pool_s3.json,opponent=infer",linear:runs/linear/pass7/p7b_sarsa_lam98_random_s3.json@best,2,9001,86,1,1.0,1.0,25.0,100.0,75.0,90.0,0.0,1.0,1.0,1.0,42.0,10.0,4.3,4.0,2.0,10.0,3.0,0.0,43.0,0.0,2.0,0.0,0.0,0.0,66.0,121.67,34,121.64
"mcts:reward=score,guide=ppo:runs/ppo/pass2/p2b_pool_s3.json,opponent=infer",linear:runs/linear/pass7/p7b_sarsa_lam98_random_s3.json@best,2,9001,87,0,1.0,1.0,39.0,114.0,75.0,88.0,16.0,1.0,1.0,1.0,20.0,9.0,4.555555555555555,5.0,4.0,7.0,5.0,1.0,37.0,0.0,2.0,0.0,0.0,0.0,63.0,113.26,32,113.23
"mcts:reward=margin,guide=ppo:runs/ppo/pass2/p2b_pool_s3.json",linear:runs/linear/pass7/p7b_sarsa_lam98_random_s3.json@best,2,9001,86,1,1.0,1.0,21.0,96.0,75.0,82.0,4.0,1.0,1.0,1.0,24.0,11.0,3.8181818181818183,4.0,3.0,7.0,8.0,1.0,32.0,0.0,2.0,0.0,0.0,0.0,64.0,135.25,33,135.22
"mcts:reward=margin,guide=ppo:runs/ppo/pass2/p2b_pool_s3.json",linear:runs/linear/pass7/p7b_sarsa_lam98_random_s3.json@best,2,9001,87,0,0.0,0.0,-30.0,49.0,79.0,55.0,-16.0,1.0,1.0,1.0,18.0,7.0,4.142857142857143,3.0,16.0,4.0,9.0,1.0,35.0,0.0,2.0,0.0,0.0,0.0,61.0,130.03,31,130.01
"mcts:reward=score,guide=ppo:runs/ppo/pass2/p2b_pool_s3.json,opponent=infer",racer,2,9001,86,1,1.0,1.0,13.0,98.0,85.0,88.0,0.0,1.0,1.0,1.0,33.0,11.0,4.0,5.0,1.0,6.0,10.0,0.0,40.0,0.0,2.0,0.0,0.0,0.0,72.0,122.73,37,122.72
"mcts:reward=score,guide=ppo:runs/ppo/pass2/p2b_pool_s3.json,opponent=infer",racer,2,9001,87,0,1.0,1.0,27.0,116.0,89.0,82.0,24.0,2.0,0.0,1.0,30.0,11.0,3.909090909090909,4.0,2.0,6.0,11.0,0.0,33.0,0.0,2.0,0.0,0.0,0.0,67.0,113.09,34,113.08
"mcts:reward=margin,guide=ppo:runs/ppo/pass2/p2b_pool_s3.json",racer,2,9001,86,1,1.0,1.0,23.0,101.0,78.0,87.0,4.0,1.0,1.0,1.0,32.0,12.0,3.75,4.0,0.0,8.0,13.0,2.0,27.0,0.0,2.0,0.0,0.0,1.0,67.0,136.36,35,136.35
"mcts:reward=margin,guide=ppo:runs/ppo/pass2/p2b_pool_s3.json",racer,2,9001,87,0,0.0,0.0,-1.0,69.0,70.0,83.0,-24.0,0.0,2.0,1.0,24.0,12.0,3.6666666666666665,3.0,1.0,8.0,10.0,0.0,30.0,0.0,2.0,0.0,0.0,1.0,64.0,128.51,33,128.5
"mcts:reward=margin,guide=ppo:runs/ppo/pass2/p2b_pool_s3.json",greedy,2,9001,86,1,1.0,1.0,61.0,96.0,35.0,90.0,-4.0,1.0,1.0,1.0,23.0,12.0,3.75,5.0,0.0,8.0,12.0,1.0,32.0,0.0,2.0,0.0,0.0,1.0,69.0,139.58,36,139.57
"mcts:reward=margin,guide=ppo:runs/ppo/pass2/p2b_pool_s3.json",greedy,2,9001,87,0,1.0,1.0,46.0,120.0,74.0,86.0,24.0,2.0,0.0,1.0,22.0,12.0,3.6666666666666665,4.0,1.0,8.0,7.0,2.0,33.0,0.0,2.0,0.0,0.0,1.0,68.0,129.84,35,129.83
"mcts:reward=margin,guide=ppo:runs/ppo/pass2/p2b_pool_s3.json",ppo:runs/ppo/pass2/p2b_pool_s3.json,2,9001,88,0,1.0,1.0,5.0,90.0,85.0,70.0,20.0,2.0,0.0,0.0,25.0,12.0,3.3333333333333335,3.0,5.0,2.0,11.0,0.0,31.0,0.0,2.0,0.0,0.0,0.0,66.0,139.21,34,139.15
"mcts:reward=margin,guide=ppo:runs/ppo/pass2/p2b_pool_s3.json",ppo:runs/ppo/pass2/p2b_pool_s3.json,2,9001,89,0,0.0,0.0,-3.0,85.0,88.0,63.0,22.0,2.0,0.0,0.0,19.0,11.0,3.272727272727273,3.0,9.0,5.0,6.0,0.0,32.0,0.0,2.0,0.0,0.0,0.0,61.0,130.55,31,130.5
"mcts:reward=score,guide=ppo:runs/ppo/pass2/p2b_pool_s3.json,opponent=infer",ppo:runs/ppo/pass2/p2b_pool_s3.json,2,9001,88,0,1.0,1.0,38.0,107.0,69.0,77.0,20.0,2.0,0.0,1.0,38.0,9.0,4.222222222222222,4.0,7.0,7.0,10.0,0.0,34.0,0.0,2.0,0.0,0.0,0.0,62.0,118.41,32,118.36
"mcts:reward=score,guide=ppo:runs/ppo/pass2/p2b_pool_s3.json,opponent=infer",ppo:runs/ppo/pass2/p2b_pool_s3.json,2,9001,89,0,0.0,0.0,-30.0,53.0,83.0,75.0,-22.0,0.0,2.0,0.0,16.0,8.0,4.5,4.0,9.0,8.0,12.0,1.0,32.0,0.0,2.0,0.0,0.0,0.0,63.0,121.86,32,121.81
"mcts:reward=score,guide=ppo:runs/ppo/pass2/p2b_pool_s3.json,opponent=infer",greedy,2,9001,86,1,1.0,1.0,14.0,94.0,80.0,102.0,-18.0,0.0,2.0,1.0,22.0,10.0,4.5,6.0,0.0,7.0,22.0,0.0,32.0,0.0,2.0,0.0,0.0,1.0,73.0,143.89,38,143.88
"mcts:reward=score,guide=ppo:runs/ppo/pass2/p2b_pool_s3.json,opponent=infer",greedy,2,9001,87,0,1.0,1.0,78.0,130.0,52.0,96.0,24.0,2.0,0.0,1.0,20.0,11.0,4.090909090909091,6.0,0.0,7.0,12.0,0.0,38.0,0.0,2.0,0.0,0.0,1.0,72.0,136.2,37,136.19
"mcts:reward=score,guide=ppo:runs/ppo/pass2/p2b_pool_s3.json,opponent=infer",linear:runs/linear/pass7/p7b_sarsa_lam98_random_s3.json@best,2,9001,88,0,1.0,1.0,27.0,118.0,91.0,88.0,20.0,2.0,0.0,1.0,38.0,11.0,4.090909090909091,4.0,0.0,8.0,9.0,2.0,39.0,0.0,2.0,0.0,0.0,1.0,73.0,125.94,38,125.91
"mcts:reward=score,guide=ppo:runs/ppo/pass2/p2b_pool_s3.json,opponent=infer",linear:runs/linear/pass7/p7b_sarsa_lam98_random_s3.json@best,2,9001,89,0,0.0,0.0,-11.0,67.0,78.0,79.0,-22.0,0.0,2.0,1.0,25.0,10.0,4.0,4.0,5.0,5.0,14.0,0.0,30.0,0.0,2.0,0.0,0.0,0.0,65.0,112.8,33,112.77
"mcts:reward=score,guide=ppo:runs/ppo/pass2/p2b_pool_s3.json,opponent=infer",racer,2,9001,88,0,1.0,1.0,42.0,113.0,71.0,83.0,20.0,2.0,0.0,1.0,22.0,13.0,3.4615384615384617,4.0,0.0,3.0,9.0,0.0,33.0,0.0,2.0,0.0,0.0,1.0,67.0,121.78,35,121.77
"mcts:reward=score,guide=ppo:runs/ppo/pass2/p2b_pool_s3.json,opponent=infer",racer,2,9001,89,0,0.0,0.0,-40.0,50.0,90.0,62.0,-22.0,0.0,2.0,1.0,17.0,9.0,3.6666666666666665,3.0,12.0,5.0,9.0,0.0,33.0,0.0,2.0,0.0,0.0,0.0,61.0,109.16,31,109.15
"mcts:reward=margin,guide=ppo:runs/ppo/pass2/p2b_pool_s3.json",linear:runs/linear/pass7/p7b_sarsa_lam98_random_s3.json@best,2,9001,88,0,1.0,1.0,14.0,80.0,66.0,90.0,-20.0,0.0,2.0,1.0,25.0,11.0,4.090909090909091,5.0,0.0,6.0,19.0,2.0,21.0,0.0,2.0,0.0,0.0,1.0,65.0,136.3,34,136.28
"mcts:reward=margin,guide=ppo:runs/ppo/pass2/p2b_pool_s3.json",linear:runs/linear/pass7/p7b_sarsa_lam98_random_s3.json@best,2,9001,89,0,1.0,1.0,32.0,111.0,79.0,79.0,22.0,2.0,0.0,1.0,19.0,14.0,3.2142857142857144,5.0,0.0,4.0,15.0,0.0,27.0,0.0,2.0,0.0,0.0,1.0,70.0,135.31,36,135.28
"mcts:reward=margin,guide=ppo:runs/ppo/pass2/p2b_pool_s3.json",racer,2,9001,88,0,1.0,1.0,13.0,103.0,90.0,73.0,20.0,2.0,0.0,1.0,23.0,15.0,3.0,2.0,0.0,5.0,11.0,2.0,29.0,0.0,2.0,0.0,0.0,1.0,73.0,138.79,38,138.78
"mcts:reward=margin,guide=ppo:runs/ppo/pass2/p2b_pool_s3.json",racer,2,9001,89,0,0.0,0.0,-11.0,67.0,78.0,79.0,-22.0,0.0,2.0,1.0,16.0,13.0,3.3846153846153846,2.0,1.0,6.0,10.0,0.0,30.0,0.0,2.0,0.0,0.0,1.0,66.0,134.88,34,134.87
"mcts:reward=score,guide=ppo:runs/ppo/pass2/p2b_pool_s3.json,opponent=infer",ppo:runs/ppo/pass2/p2b_pool_s3.json,2,9001,90,0,0.0,0.0,-6.0,72.0,78.0,70.0,2.0,1.0,1.0,0.0,13.0,10.0,3.7,3.0,8.0,5.0,11.0,0.0,33.0,0.0,2.0,0.0,0.0,0.0,65.0,117.04,33,116.99
"mcts:reward=score,guide=ppo:runs/ppo/pass2/p2b_pool_s3.json,opponent=infer",ppo:runs/ppo/pass2/p2b_pool_s3.json,2,9001,91,0,0.0,0.0,-9.0,73.0,82.0,76.0,-3.0,1.0,1.0,0.0,20.0,8.0,4.5,5.0,9.0,4.0,10.0,0.0,36.0,0.0,2.0,0.0,0.0,0.0,63.0,115.81,32,115.76
"mcts:reward=margin,guide=ppo:runs/ppo/pass2/p2b_pool_s3.json",ppo:runs/ppo/pass2/p2b_pool_s3.json,2,9001,90,0,1.0,1.0,33.0,100.0,67.0,66.0,24.0,2.0,0.0,1.0,25.0,10.0,3.7,2.0,8.0,3.0,17.0,0.0,25.0,0.0,2.0,0.0,0.0,0.0,63.0,126.08,32,126.02
"mcts:reward=margin,guide=ppo:runs/ppo/pass2/p2b_pool_s3.json",ppo:runs/ppo/pass2/p2b_pool_s3.json,2,9001,91,0,0.0,0.0,-14.0,74.0,88.0,78.0,-4.0,1.0,1.0,0.0,20.0,11.0,3.5454545454545454,4.0,6.0,8.0,9.0,1.0,29.0,0.0,2.0,0.0,0.0,0.0,63.0,129.63,32,129.58
"mcts:reward=score,guide=ppo:runs/ppo/pass2/p2b_pool_s3.json,opponent=infer",greedy,2,9001,88,0,1.0,1.0,16.0,118.0,102.0,88.0,20.0,2.0,0.0,1.0,41.0,11.0,4.090909090909091,4.0,0.0,3.0,15.0,0.0,45.0,0.0,2.0,0.0,0.0,1.0,81.0,155.09,42,155.08
"mcts:reward=score,guide=ppo:runs/ppo/pass2/p2b_pool_s3.json,opponent=infer",greedy,2,9001,89,0,1.0,1.0,16.0,89.0,73.0,101.0,-22.0,0.0,2.0,1.0,26.0,9.0,5.0,6.0,0.0,5.0,19.0,0.0,37.0,0.0,2.0,0.0,0.0,1.0,74.0,148.1,38,148.09
"mcts:reward=margin,guide=ppo:runs/ppo/pass2/p2b_pool_s3.json",greedy,2,9001,88,0,1.0,1.0,7.0,99.0,92.0,69.0,20.0,2.0,0.0,1.0,26.0,16.0,2.8125,1.0,0.0,3.0,32.0,1.0,18.0,0.0,2.0,0.0,0.0,1.0,83.0,156.86,43,156.85
"mcts:reward=margin,guide=ppo:runs/ppo/pass2/p2b_pool_s3.json",greedy,2,9001,89,0,1.0,1.0,8.0,70.0,62.0,93.0,-33.0,0.0,3.0,1.0,22.0,11.0,4.090909090909091,5.0,0.0,7.0,15.0,0.0,35.0,0.0,3.0,0.0,0.0,1.0,72.0,159.64,37,159.63
"mcts:reward=score,guide=ppo:runs/ppo/pass2/p2b_pool_s3.json,opponent=infer",racer,2,9001,90,0,1.0,1.0,14.0,110.0,96.0,76.0,24.0,2.0,0.0,1.0,23.0,14.0,3.142857142857143,2.0,1.0,6.0,24.0,3.0,14.0,0.0,2.0,0.0,0.0,1.0,72.0,139.63,37,139.61
"mcts:reward=score,guide=ppo:runs/ppo/pass2/p2b_pool_s3.json,opponent=infer",racer,2,9001,91,0,1.0,1.0,19.0,114.0,95.0,85.0,19.0,2.0,0.0,1.0,23.0,12.0,3.75,6.0,0.0,1.0,18.0,0.0,28.0,0.0,2.0,0.0,0.0,1.0,70.0,135.81,36,135.79
"mcts:reward=score,guide=ppo:runs/ppo/pass2/p2b_pool_s3.json,opponent=infer",linear:runs/linear/pass7/p7b_sarsa_lam98_random_s3.json@best,2,9001,92,0,1.0,1.0,6.0,82.0,76.0,70.0,2.0,1.0,1.0,1.0,27.0,14.0,2.9285714285714284,2.0,4.0,4.0,16.0,1.0,26.0,0.0,2.0,0.0,0.0,0.0,72.0,145.78,37,145.75
"mcts:reward=score,guide=ppo:runs/ppo/pass2/p2b_pool_s3.json,opponent=infer",linear:runs/linear/pass7/p7b_sarsa_lam98_random_s3.json@best,2,9001,93,0,1.0,1.0,31.0,110.0,79.0,81.0,19.0,2.0,0.0,1.0,32.0,13.0,3.3846153846153846,3.0,1.0,3.0,18.0,0.0,22.0,0.0,2.0,0.0,0.0,1.0,66.0,133.38,34,133.34
"mcts:reward=score,guide=ppo:runs/ppo/pass2/p2b_pool_s3.json,opponent=infer",ppo:runs/ppo/pass2/p2b_pool_s3.json,2,9001,92,0,1.0,1.0,26.0,91.0,65.0,79.0,2.0,1.0,1.0,1.0,31.0,13.0,3.230769230769231,3.0,3.0,4.0,18.0,0.0,22.0,0.0,2.0,0.0,0.0,0.0,66.0,143.12,34,143.06
"mcts:reward=score,guide=ppo:runs/ppo/pass2/p2b_pool_s3.json,opponent=infer",ppo:runs/ppo/pass2/p2b_pool_s3.json,2,9001,93,0,1.0,1.0,6.0,69.0,63.0,78.0,-19.0,0.0,2.0,1.0,27.0,12.0,3.4166666666666665,4.0,4.0,3.0,16.0,0.0,24.0,0.0,2.0,0.0,0.0,0.0,65.0,138.8,33,138.74
"mcts:reward=score,guide=ppo:runs/ppo/pass2/p2b_pool_s3.json,opponent=infer",racer,2,9001,92,0,1.0,1.0,13.0,93.0,80.0,85.0,-2.0,1.0,1.0,1.0,23.0,13.0,3.4615384615384617,5.0,0.0,4.0,23.0,2.0,23.0,0.0,2.0,0.0,0.0,1.0,75.0,149.57,39,149.55
"mcts:reward=score,guide=ppo:runs/ppo/pass2/p2b_pool_s3.json,opponent=infer",racer,2,9001,93,0,1.0,1.0,36.0,113.0,77.0,84.0,19.0,2.0,0.0,1.0,26.0,12.0,3.75,3.0,0.0,1.0,26.0,0.0,20.0,0.0,2.0,0.0,0.0,1.0,70.0,133.78,36,133.77
"mcts:reward=score,guide=ppo:runs/ppo/pass2/p2b_pool_s3.json,opponent=infer",linear:runs/linear/pass7/p7b_sarsa_lam98_random_s3.json@best,2,9001,90,0,0.0,0.0,-31.0,76.0,107.0,78.0,-2.0,1.0,1.0,0.0,11.0,10.0,3.9,4.0,6.0,6.0,14.0,0.0,34.0,0.0,2.0,0.0,0.0,0.0,69.0,145.07,35,145.03
"mcts:reward=score,guide=ppo:runs/ppo/pass2/p2b_pool_s3.json,opponent=infer",linear:runs/linear/pass7/p7b_sarsa_lam98_random_s3.json@best,2,9001,91,0,0.0,0.0,-6.0,91.0,97.0,84.0,-3.0,1.0,1.0,1.0,19.0,10.0,4.2,5.0,3.0,5.0,12.0,2.0,30.0,0.0,2.0,0.0,0.0,0.0,67.0,138.0,34,137.97
"mcts:reward=margin,guide=ppo:runs/ppo/pass2/p2b_pool_s3.json",racer,2,9001,90,0,1.0,1.0,46.0,118.0,72.0,84.0,24.0,2.0,0.0,1.0,33.0,12.0,3.75,3.0,0.0,9.0,16.0,1.0,26.0,0.0,2.0,0.0,0.0,1.0,68.0,156.76,35,156.75
"mcts:reward=margin,guide=ppo:runs/ppo/pass2/p2b_pool_s3.json",racer,2,9001,91,0,0.0,0.0,-10.0,79.0,89.0,89.0,-20.0,0.0,2.0,1.0,18.0,9.0,4.555555555555555,5.0,4.0,8.0,14.0,2.0,26.0,0.0,2.0,0.0,0.0,0.0,63.0,145.95,32,145.94
"mcts:reward=margin,guide=ppo:runs/ppo/pass2/p2b_pool_s3.json",linear:runs/linear/pass7/p7b_sarsa_lam98_random_s3.json@best,2,9001,90,0,1.0,1.0,35.0,117.0,82.0,83.0,24.0,2.0,0.0,1.0,28.0,11.0,3.909090909090909,3.0,2.0,6.0,19.0,0.0,23.0,0.0,2.0,0.0,0.0,0.0,65.0,153.07,33,153.04
"mcts:reward=margin,guide=ppo:runs/ppo/pass2/p2b_pool_s3.json",linear:runs/linear/pass7/p7b_sarsa_lam98_random_s3.json@best,2,9001,91,0,0.0,0.0,-3.0,84.0,87.0,78.0,-4.0,1.0,1.0,1.0,30.0,13.0,3.3846153846153846,4.0,1.0,5.0,16.0,0.0,28.0,0.0,2.0,0.0,0.0,0.0,71.0,156.37,36,156.34
"mcts:reward=margin,guide=ppo:runs/ppo/pass2/p2b_pool_s3.json",ppo:runs/ppo/pass2/p2b_pool_s3.json,2,9001,92,0,1.0,1.0,5.0,77.0,72.0,69.0,-2.0,1.0,1.0,1.0,23.0,10.0,3.7,3.0,8.0,4.0,16.0,1.0,24.0,0.0,2.0,0.0,0.0,0.0,62.0,159.36,32,159.31
"mcts:reward=margin,guide=ppo:runs/ppo/pass2/p2b_pool_s3.json",ppo:runs/ppo/pass2/p2b_pool_s3.json,2,9001,93,0,0.0,0.0,-21.0,55.0,76.0,74.0,-19.0,0.0,2.0,0.0,24.0,11.0,3.727272727272727,2.0,4.0,1.0,20.0,0.0,20.0,0.0,2.0,0.0,0.0,0.0,63.0,152.06,32,152.01
"mcts:reward=margin,guide=ppo:runs/ppo/pass2/p2b_pool_s3.json",racer,2,9001,92,0,1.0,1.0,40.0,110.0,70.0,76.0,24.0,2.0,0.0,1.0,26.0,13.0,3.3846153846153846,3.0,1.0,7.0,14.0,3.0,24.0,0.0,2.0,0.0,0.0,1.0,69.0,162.48,36,162.47
"mcts:reward=margin,guide=ppo:runs/ppo/pass2/p2b_pool_s3.json",racer,2,9001,93,0,1.0,1.0,46.0,113.0,67.0,84.0,19.0,2.0,0.0,1.0,20.0,12.0,3.6666666666666665,3.0,1.0,6.0,20.0,2.0,20.0,0.0,2.0,0.0,0.0,1.0,68.0,149.42,35,149.4
"mcts:reward=margin,guide=ppo:runs/ppo/pass2/p2b_pool_s3.json",linear:runs/linear/pass7/p7b_sarsa_lam98_random_s3.json@best,2,9001,92,0,0.0,0.0,-7.0,77.0,84.0,69.0,-2.0,1.0,1.0,1.0,20.0,9.0,4.0,3.0,9.0,4.0,24.0,1.0,18.0,0.0,2.0,0.0,0.0,0.0,62.0,156.63,32,156.6
"mcts:reward=margin,guide=ppo:runs/ppo/pass2/p2b_pool_s3.json",linear:runs/linear/pass7/p7b_sarsa_lam98_random_s3.json@best,2,9001,93,0,0.0,0.0,-5.0,86.0,91.0,73.0,3.0,1.0,1.0,1.0,18.0,11.0,3.6363636363636362,3.0,5.0,3.0,24.0,0.0,22.0,0.0,2.0,0.0,0.0,0.0,69.0,157.48,35,157.44
"mcts:reward=margin,guide=ppo:runs/ppo/pass2/p2b_pool_s3.json",greedy,2,9001,90,0,1.0,1.0,35.0,80.0,45.0,94.0,-24.0,0.0,2.0,1.0,35.0,10.0,4.5,5.0,0.0,4.0,25.0,0.0,19.0,0.0,2.0,0.0,0.0,1.0,64.0,163.95,33,163.94
"mcts:reward=margin,guide=ppo:runs/ppo/pass2/p2b_pool_s3.json",greedy,2,9001,91,0,1.0,1.0,23.0,100.0,77.0,71.0,19.0,2.0,0.0,1.0,21.0,15.0,3.0,3.0,0.0,4.0,20.0,1.0,24.0,0.0,2.0,0.0,0.0,1.0,76.0,180.21,39,180.19
"mcts:reward=score,guide=ppo:runs/ppo/pass2/p2b_pool_s3.json,opponent=infer",greedy,2,9001,90,0,1.0,1.0,72.0,122.0,50.0,88.0,24.0,2.0,0.0,1.0,38.0,13.0,3.4615384615384617,4.0,0.0,3.0,20.0,0.0,26.0,0.0,2.0,0.0,0.0,1.0,72.0,171.49,37,171.48
"mcts:reward=score,guide=ppo:runs/ppo/pass2/p2b_pool_s3.json,opponent=infer",greedy,2,9001,91,0,1.0,1.0,22.0,99.0,77.0,92.0,-3.0,1.0,1.0,1.0,30.0,11.0,4.090909090909091,5.0,0.0,6.0,13.0,1.0,45.0,0.0,2.0,0.0,0.0,1.0,82.0,180.96,42,180.95
"mcts:reward=score,guide=ppo:runs/ppo/pass2/p2b_pool_s3.json,opponent=infer",ppo:runs/ppo/pass2/p2b_pool_s3.json,2,9001,94,1,1.0,1.0,30.0,97.0,67.0,85.0,2.0,1.0,1.0,1.0,21.0,11.0,3.8181818181818183,4.0,3.0,8.0,8.0,0.0,30.0,0.0,2.0,0.0,0.0,0.0,61.0,128.93,31,128.88
"mcts:reward=score,guide=ppo:runs/ppo/pass2/p2b_pool_s3.json,opponent=infer",ppo:runs/ppo/pass2/p2b_pool_s3.json,2,9001,95,0,1.0,1.0,15.0,77.0,62.0,84.0,-17.0,0.0,2.0,1.0,29.0,9.0,4.444444444444445,5.0,5.0,3.0,7.0,1.0,37.0,0.0,2.0,0.0,0.0,0.0,64.0,133.39,33,133.34
"mcts:reward=score,guide=ppo:runs/ppo/pass2/p2b_pool_s3.json,opponent=infer",linear:runs/linear/pass7/p7b_sarsa_lam98_random_s3.json@best,2,9001,94,1,0.0,0.0,-14.0,93.0,107.0,81.0,2.0,1.0,1.0,1.0,29.0,12.0,3.6666666666666665,3.0,1.0,4.0,10.0,1.0,32.0,0.0,2.0,0.0,0.0,0.0,69.0,136.29,35,136.26
"mcts:reward=score,guide=ppo:runs/ppo/pass2/p2b_pool_s3.json,opponent=infer",linear:runs/linear/pass7/p7b_sarsa_lam98_random_s3.json@best,2,9001,95,0,0.0,0.0,-3.0,76.0,79.0,83.0,-17.0,0.0,2.0,1.0,21.0,9.0,4.444444444444445,5.0,5.0,4.0,6.0,0.0,38.0,0.0,2.0,0.0,0.0,0.0,62.0,132.67,32,132.63
"mcts:reward=score,guide=ppo:runs/ppo/pass2/p2b_pool_s3.json,opponent=infer",racer,2,9001,94,1,1.0,1.0,28.0,113.0,85.0,83.0,20.0,2.0,0.0,1.0,27.0,12.0,3.5833333333333335,5.0,2.0,5.0,11.0,0.0,29.0,0.0,2.0,0.0,0.0,0.0,65.0,126.92,33,126.91
"mcts:reward=score,guide=ppo:runs/ppo/pass2/p2b_pool_s3.json,opponent=infer",racer,2,9001,95,0,1.0,1.0,8.0,97.0,89.0,90.0,-3.0,1.0,1.0,1.0,33.0,11.0,4.090909090909091,5.0,0.0,5.0,7.0,0.0,37.0,0.0,2.0,0.0,0.0,1.0,65.0,133.9,34,133.89
"mcts:reward=margin,guide=ppo:runs/ppo/pass2/p2b_pool_s3.json",ppo:runs/ppo/pass2/p2b_pool_s3.json,2,9001,94,1,1.0,1.0,18.0,86.0,68.0,74.0,2.0,1.0,1.0,1.0,28.0,9.0,4.111111111111111,4.0,8.0,6.0,11.0,0.0,29.0,0.0,2.0,0.0,0.0,0.0,59.0,142.65,30,142.6
"mcts:reward=margin,guide=ppo:runs/ppo/pass2/p2b_pool_s3.json",ppo:runs/ppo/pass2/p2b_pool_s3.json,2,9001,95,0,1.0,1.0,39.0,100.0,61.0,89.0,1.0,1.0,1.0,1.0,25.0,10.0,4.2,6.0,3.0,5.0,5.0,0.0,37.0,0.0,2.0,0.0,0.0,0.0,62.0,151.76,32,151.7
"mcts:reward=margin,guide=ppo:runs/ppo/pass2/p2b_pool_s3.json",greedy,2,9001,92,0,1.0,1.0,3.0,102.0,99.0,78.0,24.0,2.0,0.0,0.0,31.0,14.0,3.2142857142857144,2.0,0.0,1.0,20.0,0.0,24.0,0.0,2.0,0.0,0.0,1.0,71.0,157.72,37,157.72
"mcts:reward=margin,guide=ppo:runs/ppo/pass2/p2b_pool_s3.json",greedy,2,9001,93,0,1.0,1.0,30.0,85.0,55.0,94.0,-19.0,0.0,2.0,1.0,35.0,10.0,4.5,5.0,0.0,7.0,19.0,0.0,29.0,0.0,2.0,0.0,0.0,1.0,68.0,153.1,35,153.09
"mcts:reward=score,guide=ppo:runs/ppo/pass2/p2b_pool_s3.json,opponent=infer",greedy,2,9001,92,0,1.0,1.0,46.0,121.0,75.0,87.0,24.0,2.0,0.0,1.0,26.0,12.0,3.75,4.0,0.0,2.0,23.0,0.0,25.0,0.0,2.0,0.0,0.0,1.0,71.0,154.04,37,154.03
"mcts:reward=score,guide=ppo:runs/ppo/pass2/p2b_pool_s3.json,opponent=infer",greedy,2,9001,93,0,1.0,1.0,12.0,96.0,84.0,105.0,-19.0,0.0,2.0,1.0,17.0,9.0,5.0,7.0,0.0,4.0,17.0,0.0,37.0,0.0,2.0,0.0,0.0,1.0,72.0,152.92,37,152.91
"mcts:reward=margin,guide=ppo:runs/ppo/pass2/p2b_pool_s3.json",linear:runs/linear/pass7/p7b_sarsa_lam98_random_s3.json@best,2,9001,94,1,1.0,1.0,17.0,89.0,72.0,77.0,2.0,1.0,1.0,1.0,29.0,13.0,3.3846153846153846,3.0,1.0,3.0,10.0,0.0,32.0,0.0,2.0,0.0,0.0,1.0,68.0,153.01,35,152.98
"mcts:reward=margin,guide=ppo:runs/ppo/pass2/p2b_pool_s3.json",linear:runs/linear/pass7/p7b_sarsa_lam98_random_s3.json@best,2,9001,95,0,0.0,0.0,-21.0,67.0,88.0,76.0,-19.0,0.0,2.0,1.0,26.0,12.0,3.5,3.0,3.0,7.0,7.0,0.0,39.0,0.0,2.0,0.0,0.0,0.0,70.0,161.26,36,161.23
"mcts:reward=margin,guide=ppo:runs/ppo/pass2/p2b_pool_s3.json",racer,2,9001,94,1,1.0,1.0,30.0,108.0,78.0,78.0,20.0,2.0,0.0,1.0,22.0,14.0,3.142857142857143,3.0,1.0,10.0,8.0,1.0,32.0,0.0,2.0,0.0,0.0,1.0,70.0,150.3,36,150.28
"mcts:reward=margin,guide=ppo:runs/ppo/pass2/p2b_pool_s3.json",racer,2,9001,95,0,1.0,1.0,4.0,86.0,82.0,75.0,1.0,1.0,1.0,1.0,31.0,14.0,3.142857142857143,2.0,1.0,5.0,8.0,1.0,32.0,0.0,2.0,0.0,0.0,1.0,69.0,154.26,36,154.24
"mcts:reward=score,guide=ppo:runs/ppo/pass2/p2b_pool_s3.json,opponent=infer",ppo:runs/ppo/pass2/p2b_pool_s3.json,2,9001,96,1,1.0,1.0,9.0,90.0,81.0,84.0,-4.0,1.0,1.0,1.0,21.0,9.0,4.555555555555555,4.0,4.0,5.0,6.0,0.0,38.0,0.0,2.0,0.0,0.0,0.0,63.0,133.49,32,133.43
"mcts:reward=score,guide=ppo:runs/ppo/pass2/p2b_pool_s3.json,opponent=infer",ppo:runs/ppo/pass2/p2b_pool_s3.json,2,9001,97,0,1.0,1.0,3.0,80.0,77.0,91.0,-11.0,0.0,2.0,0.0,14.0,9.0,4.666666666666667,6.0,3.0,5.0,8.0,0.0,36.0,0.0,2.0,0.0,0.0,0.0,63.0,133.35,32,133.29
"mcts:reward=margin,guide=ppo:runs/ppo/pass2/p2b_pool_s3.json",greedy,2,9001,94,1,0.0,0.0,-39.0,69.0,108.0,79.0,-20.0,0.0,2.0,1.0,27.0,14.0,3.2142857142857144,4.0,0.0,3.0,26.0,1.0,16.0,0.0,2.0,0.0,0.0,1.0,72.0,162.26,37,162.25
"mcts:reward=margin,guide=ppo:runs/ppo/pass2/p2b_pool_s3.json",greedy,2,9001,95,0,1.0,1.0,4.0,94.0,90.0,83.0,1.0,1.0,1.0,1.0,34.0,13.0,3.4615384615384617,3.0,0.0,5.0,15.0,0.0,29.0,0.0,2.0,0.0,0.0,1.0,69.0,155.9,36,155.89
"mcts:reward=margin,guide=ppo:runs/ppo/pass2/p2b_pool_s3.json",ppo:runs/ppo/pass2/p2b_pool_s3.json,2,9001,96,1,1.0,1.0,3.0,91.0,88.0,85.0,-4.0,1.0,1.0,1.0,32.0,10.0,4.2,4.0,3.0,6.0,8.0,1.0,34.0,0.0,2.0,0.0,0.0,0.0,65.0,148.72,33,148.67
"mcts:reward=margin,guide=ppo:runs/ppo/pass2/p2b_pool_s3.json",ppo:runs/ppo/pass2/p2b_pool_s3.json,2,9001,97,0,0.0,0.0,-38.0,47.0,85.0,58.0,-11.0,0.0,2.0,0.0,12.0,10.0,3.3,2.0,12.0,4.0,3.0,0.0,35.0,0.0,2.0,0.0,0.0,0.0,59.0,142.47,30,142.42
"mcts:reward=score,guide=ppo:runs/ppo/pass2/p2b_pool_s3.json,opponent=infer",greedy,2,9001,94,1,1.0,1.0,65.0,119.0,54.0,89.0,20.0,2.0,0.0,1.0,30.0,12.0,3.75,4.0,0.0,4.0,19.0,0.0,33.0,0.0,2.0,0.0,0.0,1.0,76.0,172.26,39,172.25
"mcts:reward=score,guide=ppo:runs/ppo/pass2/p2b_pool_s3.json,opponent=infer",greedy,2,9001,95,0,0.0,0.0,-3.0,115.0,118.0,88.0,17.0,2.0,0.0,1.0,32.0,11.0,4.090909090909091,4.0,0.0,3.0,16.0,0.0,40.0,0.0,2.0,0.0,0.0,1.0,77.0,167.76,40,167.74
"mcts:reward=score,guide=ppo:runs/ppo/pass2/p2b_pool_s3.json,opponent=infer",racer,2,9001,96,1,1.0,1.0,38.0,112.0,74.0,84.0,18.0,2.0,0.0,1.0,32.0,12.0,3.6666666666666665,4.0,1.0,2.0,11.0,0.0,35.0,0.0,2.0,0.0,0.0,1.0,70.0,132.26,36,132.25
"mcts:reward=score,guide=ppo:runs/ppo/pass2/p2b_pool_s3.json,opponent=infer",racer,2,9001,97,0,1.0,1.0,11.0,89.0,78.0,90.0,-11.0,0.0,2.0,1.0,17.0,11.0,4.0,4.0,1.0,5.0,11.0,0.0,29.0,0.0,2.0,0.0,0.0,1.0,62.0,133.56,32,133.55
"mcts:reward=margin,guide=ppo:runs/ppo/pass2/p2b_pool_s3.json",linear:runs/linear/pass7/p7b_sarsa_lam98_random_s3.json@best,2,9001,96,1,1.0,1.0,13.0,104.0,91.0,76.0,18.0,2.0,0.0,1.0,33.0,9.0,4.222222222222222,4.0,7.0,3.0,10.0,0.0,34.0,0.0,2.0,0.0,0.0,0.0,63.0,147.23,32,147.19
"mcts:reward=margin,guide=ppo:runs/ppo/pass2/p2b_pool_s3.json",linear:runs/linear/pass7/p7b_sarsa_lam98_random_s3.json@best,2,9001,97,0,0.0,0.0,-11.0,79.0,90.0,80.0,-11.0,0.0,2.0,1.0,18.0,12.0,3.5833333333333335,3.0,2.0,5.0,15.0,0.0,25.0,0.0,2.0,0.0,0.0,0.0,65.0,151.59,33,151.56
"mcts:reward=score,guide=ppo:runs/ppo/pass2/p2b_pool_s3.json,opponent=infer",linear:runs/linear/pass7/p7b_sarsa_lam98_random_s3.json@best,2,9001,96,1,0.0,0.0,-20.0,71.0,91.0,79.0,-18.0,0.0,2.0,1.0,19.0,7.0,5.142857142857143,5.0,9.0,6.0,8.0,0.0,42.0,0.0,2.0,0.0,0.0,0.0,65.0,138.07,33,138.04
"mcts:reward=score,guide=ppo:runs/ppo/pass2/p2b_pool_s3.json,opponent=infer",linear:runs/linear/pass7/p7b_sarsa_lam98_random_s3.json@best,2,9001,97,0,1.0,1.0,5.0,87.0,82.0,88.0,-11.0,0.0,2.0,1.0,18.0,11.0,4.090909090909091,4.0,0.0,6.0,15.0,1.0,33.0,0.0,2.0,0.0,0.0,1.0,72.0,139.69,37,139.65
"mcts:reward=margin,guide=ppo:runs/ppo/pass2/p2b_pool_s3.json",racer,2,9001,96,1,1.0,1.0,7.0,96.0,89.0,90.0,-4.0,1.0,1.0,1.0,26.0,11.0,4.090909090909091,5.0,0.0,4.0,8.0,0.0,34.0,0.0,2.0,0.0,0.0,1.0,64.0,141.89,33,141.87
"mcts:reward=margin,guide=ppo:runs/ppo/pass2/p2b_pool_s3.json",racer,2,9001,97,0,0.0,0.0,-6.0,80.0,86.0,81.0,-11.0,0.0,2.0,1.0,19.0,12.0,3.6666666666666665,2.0,1.0,3.0,9.0,0.0,31.0,0.0,2.0,0.0,0.0,1.0,64.0,144.73,33,144.72
"mcts:reward=score,guide=ppo:runs/ppo/pass2/p2b_pool_s3.json,opponent=infer",ppo:runs/ppo/pass2/p2b_pool_s3.json,2,9001,98,1,0.0,0.0,-34.0,57.0,91.0,63.0,-6.0,1.0,1.0,0.0,17.0,11.0,3.272727272727273,2.0,9.0,5.0,15.0,1.0,23.0,0.0,2.0,0.0,0.0,0.0,63.0,143.5,32,143.45
"mcts:reward=score,guide=ppo:runs/ppo/pass2/p2b_pool_s3.json,opponent=infer",ppo:runs/ppo/pass2/p2b_pool_s3.json,2,9001,99,1,0.0,0.0,-15.0,64.0,79.0,83.0,-19.0,0.0,2.0,0.0,14.0,8.0,4.875,5.0,6.0,5.0,5.0,0.0,43.0,0.0,2.0,0.0,0.0,0.0,65.0,135.05,33,134.99
"mcts:reward=score,guide=ppo:runs/ppo/pass2/p2b_pool_s3.json,opponent=infer",linear:runs/linear/pass7/p7b_sarsa_lam98_random_s3.json@best,2,9001,98,1,1.0,1.0,5.0,103.0,98.0,87.0,6.0,1.0,1.0,1.0,28.0,11.0,4.0,4.0,1.0,0.0,29.0,0.0,17.0,0.0,2.0,0.0,0.0,0.0,69.0,138.01,35,137.98
"mcts:reward=score,guide=ppo:runs/ppo/pass2/p2b_pool_s3.json,opponent=infer",linear:runs/linear/pass7/p7b_sarsa_lam98_random_s3.json@best,2,9001,99,1,1.0,1.0,44.0,119.0,75.0,90.0,19.0,2.0,0.0,1.0,26.0,11.0,4.0,5.0,1.0,5.0,6.0,0.0,36.0,0.0,2.0,0.0,0.0,1.0,64.0,126.64,33,126.61
"mcts:reward=margin,guide=ppo:runs/ppo/pass2/p2b_pool_s3.json",ppo:runs/ppo/pass2/p2b_pool_s3.json,2,9001,98,1,1.0,1.0,20.0,98.0,78.0,82.0,6.0,1.0,1.0,1.0,35.0,11.0,3.8181818181818183,4.0,3.0,2.0,19.0,0.0,23.0,0.0,2.0,0.0,0.0,0.0,65.0,153.43,33,153.37
"mcts:reward=margin,guide=ppo:runs/ppo/pass2/p2b_pool_s3.json",ppo:runs/ppo/pass2/p2b_pool_s3.json,2,9001,99,1,0.0,0.0,-6.0,78.0,84.0,73.0,5.0,1.0,1.0,0.0,27.0,13.0,3.230769230769231,2.0,3.0,8.0,4.0,1.0,34.0,0.0,2.0,0.0,0.0,0.0,67.0,154.12,34,154.07
"mcts:reward=margin,guide=ppo:runs/ppo/pass2/p2b_pool_s3.json",greedy,2,9001,96,1,0.0,0.0,-9.0,83.0,92.0,91.0,-18.0,0.0,2.0,1.0,24.0,11.0,4.090909090909091,5.0,0.0,1.0,19.0,1.0,25.0,0.0,2.0,0.0,0.0,1.0,68.0,160.57,35,160.56
"mcts:reward=margin,guide=ppo:runs/ppo/pass2/p2b_pool_s3.json",greedy,2,9001,97,0,1.0,1.0,55.0,93.0,38.0,78.0,5.0,1.0,1.0,1.0,33.0,14.0,3.142857142857143,3.0,1.0,6.0,8.0,2.0,30.0,0.0,2.0,0.0,0.0,1.0,70.0,164.24,36,164.23
"mcts:reward=score,guide=ppo:runs/ppo/pass2/p2b_pool_s3.json,opponent=infer",greedy,2,9001,96,1,1.0,1.0,9.0,98.0,89.0,92.0,-4.0,1.0,1.0,1.0,34.0,11.0,4.090909090909091,4.0,0.0,2.0,19.0,1.0,29.0,0.0,2.0,0.0,0.0,1.0,72.0,163.42,37,163.41
"mcts:reward=score,guide=ppo:runs/ppo/pass2/p2b_pool_s3.json,opponent=infer",greedy,2,9001,97,0,0.0,0.0,-37.0,92.0,129.0,103.0,-11.0,0.0,2.0,0.0,22.0,9.0,5.0,6.0,0.0,4.0,8.0,0.0,54.0,0.0,2.0,0.0,0.0,1.0,80.0,170.96,41,170.95
"mcts:reward=margin,guide=ppo:runs/ppo/pass2/p2b_pool_s3.json",linear:runs/linear/pass7/p7b_sarsa_lam98_random_s3.json@best,2,9001,98,1,1.0,1.0,16.0,117.0,101.0,69.0,38.0,2.0,0.0,1.0,26.0,11.0,3.5454545454545454,3.0,6.0,4.0,23.0,1.0,21.0,0.0,2.0,0.0,0.0,0.0,69.0,153.24,35,153.21
"mcts:reward=margin,guide=ppo:runs/ppo/pass2/p2b_pool_s3.json",linear:runs/linear/pass7/p7b_sarsa_lam98_random_s3.json@best,2,9001,99,1,1.0,1.0,2.0,87.0,85.0,82.0,-5.0,1.0,1.0,1.0,21.0,10.0,4.2,3.0,3.0,4.0,5.0,0.0,39.0,0.0,2.0,0.0,0.0,0.0,65.0,148.82,33,148.78
"mcts:reward=score,guide=ppo:runs/ppo/pass2/p2b_pool_s3.json,opponent=infer",racer,2,9001,98,1,0.0,0.0,-31.0,58.0,89.0,86.0,-38.0,0.0,2.0,1.0,33.0,11.0,4.090909090909091,5.0,0.0,2.0,18.0,0.0,32.0,0.0,2.0,0.0,0.0,1.0,72.0,140.38,37,140.37
"mcts:reward=score,guide=ppo:runs/ppo/pass2/p2b_pool_s3.json,opponent=infer",racer,2,9001,99,1,1.0,1.0,16.0,113.0,97.0,84.0,19.0,2.0,0.0,1.0,29.0,12.0,3.75,3.0,0.0,5.0,4.0,1.0,42.0,0.0,2.0,0.0,0.0,1.0,72.0,131.37,37,131.36
"mcts:reward=margin,guide=ppo:runs/ppo/pass2/p2b_pool_s3.json",racer,2,9001,98,1,1.0,1.0,4.0,93.0,89.0,77.0,6.0,1.0,1.0,1.0,31.0,15.0,2.933333333333333,4.0,1.0,0.0,31.0,0.0,9.0,0.0,2.0,0.0,0.0,1.0,70.0,149.03,36,149.02
"mcts:reward=margin,guide=ppo:runs/ppo/pass2/p2b_pool_s3.json",racer,2,9001,99,1,1.0,1.0,20.0,108.0,88.0,79.0,19.0,2.0,0.0,1.0,25.0,13.0,3.4615384615384617,2.0,0.0,4.0,11.0,1.0,33.0,0.0,2.0,0.0,0.0,1.0,72.0,146.22,37,146.21
"mcts:reward=score,guide=ppo:runs/ppo/pass2/p2b_pool_s3.json,opponent=infer",greedy,2,9001,98,1,0.0,0.0,-25.0,79.0,104.0,73.0,6.0,1.0,1.0,0.0,23.0,15.0,3.0,3.0,0.0,1.0,28.0,0.0,18.0,0.0,2.0,0.0,0.0,1.0,76.0,158.18,39,158.17
"mcts:reward=score,guide=ppo:runs/ppo/pass2/p2b_pool_s3.json,opponent=infer",greedy,2,9001,99,1,1.0,1.0,26.0,98.0,72.0,93.0,-5.0,1.0,1.0,1.0,35.0,12.0,3.75,4.0,0.0,7.0,10.0,0.0,34.0,0.0,2.0,0.0,0.0,1.0,68.0,146.46,35,146.45
"mcts:reward=margin,guide=ppo:runs/ppo/pass2/p2b_pool_s3.json",greedy,2,9001,98,1,0.0,0.0,-58.0,46.0,104.0,74.0,-38.0,0.0,2.0,1.0,31.0,11.0,3.5454545454545454,3.0,6.0,4.0,28.0,2.0,22.0,0.0,2.0,0.0,0.0,0.0,77.0,162.6,39,162.59
"mcts:reward=margin,guide=ppo:runs/ppo/pass2/p2b_pool_s3.json",greedy,2,9001,99,1,0.0,0.0,-6.0,72.0,78.0,91.0,-19.0,0.0,2.0,0.0,25.0,12.0,3.75,5.0,0.0,3.0,15.0,0.0,31.0,0.0,2.0,0.0,0.0,1.0,70.0,149.05,36,149.04
"mcts:reward=score,guide=ppo:runs/ppo/pass2/p2b_pool_s3.json,iterations=1600",ppo:runs/ppo/pass2/p2b_pool_s3.json,2,9001,11,1,1.0,1.0,5.0,87.0,82.0,64.0,23.0,2.0,0.0,0.0,21.0,10.0,3.6,2.0,9.0,3.0,18.0,0.0,20.0,0.0,2.0,0.0,0.0,0.0,59.0,573.58,30,573.53
"mcts:reward=score,guide=ppo:runs/ppo/pass2/p2b_pool_s3.json,iterations=1600",ppo:runs/ppo/pass2/p2b_pool_s3.json,2,9001,3,0,1.0,1.0,4.0,83.0,79.0,74.0,-1.0,1.0,1.0,1.0,30.0,9.0,4.0,4.0,9.0,5.0,16.0,0.0,24.0,0.0,2.0,0.0,0.0,0.0,59.0,601.57,30,601.52
"mcts:reward=score,guide=ppo:runs/ppo/pass2/p2b_pool_s3.json,iterations=1600",ppo:runs/ppo/pass2/p2b_pool_s3.json,2,9001,0,0,0.0,0.0,-15.0,67.0,82.0,58.0,-1.0,1.0,1.0,1.0,32.0,11.0,3.272727272727273,1.0,9.0,4.0,21.0,0.0,17.0,0.0,2.0,0.0,0.0,0.0,60.0,609.22,31,609.16
"mcts:reward=score,guide=ppo:runs/ppo/pass2/p2b_pool_s3.json,iterations=1600",ppo:runs/ppo/pass2/p2b_pool_s3.json,2,9001,10,1,0.0,0.0,-8.0,78.0,86.0,66.0,12.0,1.0,1.0,0.0,21.0,11.0,3.4545454545454546,2.0,7.0,2.0,21.0,0.0,19.0,0.0,2.0,0.0,0.0,0.0,63.0,610.58,32,610.52
"mcts:reward=score,guide=ppo:runs/ppo/pass2/p2b_pool_s3.json,iterations=1600",ppo:runs/ppo/pass2/p2b_pool_s3.json,2,9001,9,0,1.0,1.0,44.0,120.0,76.0,82.0,28.0,2.0,0.0,1.0,38.0,11.0,3.8181818181818183,4.0,3.0,5.0,19.0,0.0,23.0,0.0,2.0,0.0,0.0,0.0,64.0,619.82,33,619.77
"mcts:reward=score,guide=ppo:runs/ppo/pass2/p2b_pool_s3.json,iterations=1600",ppo:runs/ppo/pass2/p2b_pool_s3.json,2,9001,5,1,0.0,0.0,-7.0,84.0,91.0,52.0,32.0,2.0,0.0,0.0,30.0,12.0,3.0,1.0,9.0,4.0,18.0,0.0,20.0,0.0,2.0,0.0,0.0,0.0,63.0,620.85,32,620.79
"mcts:reward=score,guide=ppo:runs/ppo/pass2/p2b_pool_s3.json,iterations=1600",ppo:runs/ppo/pass2/p2b_pool_s3.json,2,9001,1,0,1.0,1.0,8.0,81.0,73.0,58.0,23.0,2.0,0.0,0.0,19.0,9.0,3.6666666666666665,2.0,12.0,1.0,21.0,0.0,21.0,0.0,2.0,0.0,0.0,0.0,61.0,623.48,31,623.43
"mcts:reward=score,guide=ppo:runs/ppo/pass2/p2b_pool_s3.json,iterations=1600",ppo:runs/ppo/pass2/p2b_pool_s3.json,2,9001,8,0,0.0,0.0,-29.0,62.0,91.0,54.0,-2.0,1.0,1.0,1.0,27.0,12.0,3.0,1.0,9.0,2.0,21.0,0.0,19.0,0.0,2.0,0.0,0.0,0.0,65.0,629.77,33,629.7
"mcts:reward=score,guide=ppo:runs/ppo/pass2/p2b_pool_s3.json,iterations=1600",ppo:runs/ppo/pass2/p2b_pool_s3.json,2,9001,2,1,0.0,0.0,-8.0,77.0,85.0,67.0,0.0,2.0,1.0,1.0,23.0,10.0,3.7,2.0,8.0,4.0,13.0,0.0,27.0,1.0,3.0,0.0,0.0,0.0,63.0,637.54,33,637.48
"mcts:reward=score,guide=ppo:runs/ppo/pass2/p2b_pool_s3.json,iterations=1600",ppo:runs/ppo/pass2/p2b_pool_s3.json,2,9001,4,0,1.0,1.0,46.0,114.0,68.0,80.0,24.0,2.0,0.0,1.0,35.0,10.0,4.0,4.0,5.0,3.0,11.0,0.0,33.0,0.0,2.0,0.0,0.0,0.0,64.0,641.5,33,641.44
"mcts:reward=score,guide=ppo:runs/ppo/pass2/p2b_pool_s3.json,iterations=1600",ppo:runs/ppo/pass2/p2b_pool_s3.json,2,9001,7,0,1.0,1.0,27.0,106.0,79.0,72.0,34.0,2.0,0.0,0.0,28.0,13.0,3.230769230769231,3.0,3.0,2.0,25.0,0.0,17.0,0.0,2.0,0.0,0.0,0.0,69.0,654.87,35,654.8
"mcts:reward=score,guide=ppo:runs/ppo/pass2/p2b_pool_s3.json,iterations=1600",ppo:runs/ppo/pass2/p2b_pool_s3.json,2,9001,6,0,1.0,1.0,5.0,96.0,91.0,77.0,19.0,2.0,0.0,0.0,29.0,12.0,3.4166666666666665,4.0,4.0,5.0,11.0,1.0,31.0,0.0,2.0,0.0,0.0,0.0,68.0,667.58,35,667.52
"mcts:reward=score,guide=ppo:runs/ppo/pass2/p2b_pool_s3.json,iterations=1600",ppo:runs/ppo/pass2/p2b_pool_s3.json,2,9001,12,1,0.0,0.0,-23.0,69.0,92.0,62.0,-3.0,1.0,1.0,1.0,29.0,11.0,3.1818181818181817,3.0,10.0,3.0,20.0,2.0,16.0,0.0,2.0,0.0,0.0,0.0,63.0,614.39,32,614.33
"mcts:reward=score,guide=ppo:runs/ppo/pass2/p2b_pool_s3.json,iterations=1600",ppo:runs/ppo/pass2/p2b_pool_s3.json,2,9001,17,1,1.0,1.0,0.0,83.0,83.0,72.0,11.0,1.0,1.0,0.0,19.0,8.0,4.25,4.0,11.0,6.0,14.0,3.0,22.0,0.0,2.0,0.0,0.0,0.0,59.0,608.5,30,608.45
"mcts:reward=score,guide=ppo:runs/ppo/pass2/p2b_pool_s3.json,iterations=1600",ppo:runs/ppo/pass2/p2b_pool_s3.json,2,9001,15,1,1.0,1.0,21.0,109.0,88.0,72.0,37.0,2.0,0.0,0.0,26.0,12.0,3.3333333333333335,3.0,5.0,3.0,25.0,1.0,15.0,0.0,2.0,0.0,0.0,0.0,67.0,632.81,34,632.75
"mcts:reward=score,guide=ppo:runs/ppo/pass2/p2b_pool_s3.json,iterations=1600",ppo:runs/ppo/pass2/p2b_pool_s3.json,2,9001,13,1,1.0,1.0,37.0,104.0,67.0,75.0,19.0,2.0,0.0,1.0,25.0,10.0,3.8,4.0,7.0,3.0,16.0,0.0,26.0,0.0,2.0,0.0,0.0,0.0,62.0,645.62,32,645.56
"mcts:reward=score,guide=ppo:runs/ppo/pass2/p2b_pool_s3.json,iterations=1600",ppo:runs/ppo/pass2/p2b_pool_s3.json,2,9001,14,0,1.0,1.0,23.0,106.0,83.0,77.0,19.0,2.0,0.0,1.0,35.0,11.0,3.727272727272727,3.0,4.0,5.0,4.0,0.0,34.0,0.0,2.0,0.0,0.0,0.0,61.0,637.83,31,637.77
"mcts:reward=score,guide=ppo:runs/ppo/pass2/p2b_pool_s3.json,iterations=1600",ppo:runs/ppo/pass2/p2b_pool_s3.json,2,9001,20,1,1.0,1.0,9.0,81.0,72.0,60.0,11.0,1.0,1.0,1.0,29.0,11.0,3.1818181818181817,2.0,10.0,2.0,21.0,0.0,17.0,0.0,2.0,0.0,0.0,0.0,60.0,625.18,31,625.13
"mcts:reward=score,guide=ppo:runs/ppo/pass2/p2b_pool_s3.json,iterations=1600",ppo:runs/ppo/pass2/p2b_pool_s3.json,2,9001,18,0,1.0,1.0,5.0,97.0,92.0,72.0,25.0,2.0,0.0,0.0,30.0,12.0,3.4166666666666665,4.0,4.0,6.0,16.0,0.0,26.0,0.0,2.0,0.0,0.0,0.0,66.0,639.96,34,639.9
"mcts:reward=score,guide=ppo:runs/ppo/pass2/p2b_pool_s3.json,iterations=1600",ppo:runs/ppo/pass2/p2b_pool_s3.json,2,9001,16,0,1.0,1.0,19.0,94.0,75.0,86.0,-2.0,1.0,1.0,1.0,24.0,10.0,4.3,4.0,2.0,6.0,10.0,0.0,34.0,0.0,2.0,0.0,0.0,0.0,65.0,645.9,33,645.85
"mcts:reward=score,guide=ppo:runs/ppo/pass2/p2b_pool_s3.json,iterations=1600",ppo:runs/ppo/pass2/p2b_pool_s3.json,2,9001,21,0,1.0,1.0,24.0,107.0,83.0,85.0,22.0,2.0,0.0,0.0,26.0,11.0,4.0,4.0,1.0,4.0,22.0,0.0,20.0,0.0,2.0,0.0,0.0,1.0,63.0,629.2,33,629.14
"mcts:reward=score,guide=ppo:runs/ppo/pass2/p2b_pool_s3.json,iterations=1600",ppo:runs/ppo/pass2/p2b_pool_s3.json,2,9001,19,0,1.0,1.0,57.0,110.0,53.0,68.0,32.0,3.0,0.0,1.0,28.0,11.0,3.4545454545454546,2.0,7.0,5.0,19.0,0.0,23.0,0.0,3.0,0.0,0.0,0.0,65.0,641.9,33,641.84
"mcts:reward=score,guide=ppo:runs/ppo/pass2/p2b_pool_s3.json,iterations=1600",ppo:runs/ppo/pass2/p2b_pool_s3.json,2,9001,23,0,1.0,1.0,3.0,88.0,85.0,67.0,21.0,2.0,0.0,0.0,14.0,10.0,3.6,2.0,9.0,2.0,17.0,0.0,21.0,0.0,2.0,0.0,0.0,0.0,59.0,605.06,30,605.01
"mcts:reward=score,guide=ppo:runs/ppo/pass2/p2b_pool_s3.json,iterations=1600",ppo:runs/ppo/pass2/p2b_pool_s3.json,2,9001,22,0,1.0,1.0,32.0,112.0,80.0,72.0,30.0,2.0,0.0,1.0,25.0,11.0,3.5454545454545454,4.0,6.0,5.0,17.0,1.0,23.0,0.0,2.0,0.0,0.0,0.0,64.0,625.46,33,625.4
"mcts:reward=score,guide=ppo:runs/ppo/pass2/p2b_pool_s3.json,iterations=1600",ppo:runs/ppo/pass2/p2b_pool_s3.json,2,9001,24,0,0.0,0.0,-52.0,43.0,95.0,71.0,-28.0,0.0,2.0,0.0,15.0,10.0,3.8,3.0,7.0,2.0,25.0,0.0,15.0,0.0,2.0,0.0,0.0,0.0,61.0,618.2,31,618.14
"mcts:reward=score,guide=ppo:runs/ppo/pass2/p2b_pool_s3.json,iterations=1600",ppo:runs/ppo/pass2/p2b_pool_s3.json,2,9001,30,0,0.0,0.0,-6.0,65.0,71.0,59.0,-4.0,1.0,1.0,1.0,26.0,10.0,3.4,2.0,11.0,4.0,20.0,1.0,18.0,0.0,2.0,0.0,0.0,0.0,61.0,591.79,31,591.74
"mcts:reward=score,guide=ppo:runs/ppo/pass2/p2b_pool_s3.json,iterations=1600",ppo:runs/ppo/pass2/p2b_pool_s3.json,2,9001,27,1,1.0,1.0,1.0,94.0,93.0,76.0,18.0,2.0,0.0,0.0,31.0,9.0,4.111111111111111,4.0,8.0,7.0,1.0,0.0,37.0,0.0,2.0,0.0,0.0,0.0,57.0,611.65,29,611.6
"mcts:reward=score,guide=ppo:runs/ppo/pass2/p2b_pool_s3.json,iterations=1600",ppo:runs/ppo/pass2/p2b_pool_s3.json,2,9001,25,0,1.0,1.0,1.0,69.0,68.0,71.0,-12.0,1.0,1.0,1.0,33.0,11.0,3.5454545454545454,3.0,6.0,1.0,17.0,0.0,25.0,0.0,2.0,0.0,0.0,0.0,64.0,630.57,33,630.51
"mcts:reward=score,guide=ppo:runs/ppo/pass2/p2b_pool_s3.json,iterations=1600",ppo:runs/ppo/pass2/p2b_pool_s3.json,2,9001,29,1,1.0,1.0,29.0,112.0,83.0,79.0,33.0,2.0,0.0,0.0,27.0,9.0,4.333333333333333,4.0,6.0,3.0,16.0,0.0,28.0,0.0,2.0,0.0,0.0,0.0,62.0,607.04,32,606.98
"mcts:reward=score,guide=ppo:runs/ppo/pass2/p2b_pool_s3.json,iterations=1600",ppo:runs/ppo/pass2/p2b_pool_s3.json,2,9001,33,1,1.0,1.0,45.0,104.0,59.0,73.0,21.0,2.0,0.0,1.0,35.0,11.0,3.5454545454545454,3.0,6.0,1.0,15.0,0.0,25.0,0.0,2.0,0.0,0.0,0.0,63.0,617.51,32,617.45
"mcts:reward=score,guide=ppo:runs/ppo/pass2/p2b_pool_s3.json,iterations=1600",ppo:runs/ppo/pass2/p2b_pool_s3.json,2,9001,26,0,1.0,1.0,23.0,105.0,82.0,84.0,21.0,2.0,0.0,0.0,31.0,9.0,4.555555555555555,4.0,4.0,5.0,7.0,1.0,35.0,0.0,2.0,0.0,0.0,0.0,62.0,650.92,32,650.86
"mcts:reward=score,guide=ppo:runs/ppo/pass2/p2b_pool_s3.json,iterations=1600",ppo:runs/ppo/pass2/p2b_pool_s3.json,2,9001,35,0,1.0,1.0,32.0,90.0,58.0,54.0,26.0,2.0,0.0,1.0,23.0,10.0,3.1,3.0,14.0,4.0,18.0,0.0,22.0,0.0,2.0,0.0,0.0,0.0,61.0,625.91,31,625.86
"mcts:reward=score,guide=ppo:runs/ppo/pass2/p2b_pool_s3.json,iterations=1600",ppo:runs/ppo/pass2/p2b_pool_s3.json,2,9001,32,1,1.0,1.0,31.0,111.0,80.0,82.0,19.0,2.0,0.0,1.0,31.0,12.0,3.5833333333333335,4.0,2.0,4.0,8.0,1.0,32.0,0.0,2.0,0.0,0.0,0.0,66.0,641.67,34,641.61
"mcts:reward=score,guide=ppo:runs/ppo/pass2/p2b_pool_s3.json,iterations=1600",ppo:runs/ppo/pass2/p2b_pool_s3.json,2,9001,31,1,1.0,1.0,42.0,108.0,66.0,72.0,26.0,2.0,0.0,1.0,34.0,12.0,3.3333333333333335,3.0,5.0,4.0,20.0,0.0,20.0,0.0,2.0,0.0,0.0,0.0,65.0,649.43,33,649.37
"mcts:reward=score,guide=ppo:runs/ppo/pass2/p2b_pool_s3.json,iterations=1600",ppo:runs/ppo/pass2/p2b_pool_s3.json,2,9001,28,0,0.0,0.0,-36.0,59.0,95.0,50.0,-1.0,1.0,2.0,1.0,23.0,12.0,2.8333333333333335,1.0,11.0,3.0,18.0,1.0,14.0,0.0,3.0,0.0,0.0,0.0,59.0,670.54,30,670.49
"mcts:reward=score,guide=ppo:runs/ppo/pass2/p2b_pool_s3.json,iterations=1600",ppo:runs/ppo/pass2/p2b_pool_s3.json,2,9001,34,1,1.0,1.0,38.0,116.0,78.0,75.0,31.0,2.0,0.0,1.0,35.0,11.0,3.6363636363636362,4.0,5.0,2.0,17.0,0.0,23.0,0.0,2.0,0.0,0.0,0.0,62.0,655.47,32,655.41
"mcts:reward=score,guide=ppo:runs/ppo/pass2/p2b_pool_s3.json,iterations=1600",ppo:runs/ppo/pass2/p2b_pool_s3.json,2,9001,36,1,0.0,0.0,-17.0,76.0,93.0,54.0,22.0,2.0,0.0,0.0,16.0,10.0,3.3,2.0,12.0,4.0,13.0,0.0,25.0,0.0,2.0,0.0,0.0,0.0,59.0,599.48,30,599.42
"mcts:reward=score,guide=ppo:runs/ppo/pass2/p2b_pool_s3.json,iterations=1600",ppo:runs/ppo/pass2/p2b_pool_s3.json,2,9001,37,1,1.0,1.0,33.0,107.0,74.0,85.0,12.0,1.0,1.0,1.0,25.0,11.0,4.0,5.0,1.0,3.0,16.0,0.0,26.0,0.0,2.0,0.0,0.0,0.0,64.0,587.49,33,587.43
"mcts:reward=score,guide=ppo:runs/ppo/pass2/p2b_pool_s3.json,iterations=1600",ppo:runs/ppo/pass2/p2b_pool_s3.json,2,9001,40,0,1.0,1.0,37.0,115.0,78.0,79.0,26.0,2.0,0.0,1.0,27.0,10.0,4.0,4.0,5.0,6.0,12.0,1.0,30.0,0.0,2.0,0.0,0.0,0.0,65.0,586.31,33,586.26
"mcts:reward=score,guide=ppo:runs/ppo/pass2/p2b_pool_s3.json,iterations=1600",ppo:runs/ppo/pass2/p2b_pool_s3.json,2,9001,41,0,1.0,1.0,22.0,102.0,80.0,74.0,18.0,2.0,0.0,1.0,38.0,10.0,3.8,3.0,7.0,3.0,10.0,0.0,30.0,0.0,2.0,0.0,0.0,0.0,61.0,585.41,31,585.35
"mcts:reward=score,guide=ppo:runs/ppo/pass2/p2b_pool_s3.json,iterations=1600",ppo:runs/ppo/pass2/p2b_pool_s3.json,2,9001,38,1,1.0,1.0,39.0,114.0,75.0,71.0,33.0,2.0,0.0,1.0,33.0,11.0,3.6363636363636362,3.0,5.0,4.0,21.0,0.0,21.0,0.0,2.0,0.0,0.0,0.0,64.0,658.33,33,658.27
"mcts:reward=score,guide=ppo:runs/ppo/pass2/p2b_pool_s3.json,iterations=1600",ppo:runs/ppo/pass2/p2b_pool_s3.json,2,9001,39,0,1.0,1.0,28.0,101.0,73.0,64.0,27.0,2.0,0.0,1.0,26.0,10.0,3.7,3.0,8.0,2.0,22.0,0.0,22.0,0.0,2.0,0.0,0.0,0.0,64.0,659.99,33,659.94
"mcts:reward=score,guide=ppo:runs/ppo/pass2/p2b_pool_s3.json,iterations=1600",ppo:runs/ppo/pass2/p2b_pool_s3.json,2,9001,45,1,1.0,1.0,18.0,100.0,82.0,75.0,25.0,2.0,0.0,0.0,29.0,10.0,4.0,3.0,5.0,2.0,25.0,1.0,15.0,0.0,2.0,0.0,0.0,0.0,62.0,622.33,32,622.28
"mcts:reward=score,guide=ppo:runs/ppo/pass2/p2b_pool_s3.json,iterations=1600",ppo:runs/ppo/pass2/p2b_pool_s3.json,2,9001,42,1,0.0,0.0,-3.0,89.0,92.0,55.0,34.0,3.0,0.0,0.0,19.0,10.0,3.2,3.0,13.0,2.0,18.0,0.0,24.0,0.0,3.0,0.0,0.0,0.0,63.0,646.94,32,646.89
"mcts:reward=score,guide=ppo:runs/ppo/pass2/p2b_pool_s3.json,iterations=1600",ppo:runs/ppo/pass2/p2b_pool_s3.json,2,9001,47,1,1.0,1.0,4.0,91.0,87.0,82.0,-1.0,1.0,1.0,1.0,32.0,9.0,4.555555555555555,4.0,4.0,4.0,17.0,0.0,27.0,0.0,2.0,0.0,0.0,0.0,63.0,619.13,32,619.07
"mcts:reward=score,guide=ppo:runs/ppo/pass2/p2b_pool_s3.json,iterations=1600",ppo:runs/ppo/pass2/p2b_pool_s3.json,2,9001,46,0,1.0,1.0,12.0,94.0,82.0,73.0,21.0,2.0,0.0,0.0,17.0,12.0,3.4166666666666665,3.0,4.0,3.0,16.0,0.0,24.0,0.0,2.0,0.0,0.0,0.0,64.0,635.53,33,635.47
"mcts:reward=score,guide=ppo:runs/ppo/pass2/p2b_pool_s3.json,iterations=1600",ppo:runs/ppo/pass2/p2b_pool_s3.json,2,9001,43,1,0.0,0.0,-31.0,56.0,87.0,56.0,0.0,1.0,1.0,0.0,24.0,9.0,3.5555555555555554,3.0,13.0,4.0,23.0,0.0,19.0,0.0,2.0,0.0,0.0,0.0,60.0,659.89,31,659.84
"mcts:reward=score,guide=ppo:runs/ppo/pass2/p2b_pool_s3.json,iterations=1600",ppo:runs/ppo/pass2/p2b_pool_s3.json,2,9001,44,0,0.0,0.0,-14.0,62.0,76.0,68.0,-6.0,1.0,1.0,0.0,19.0,12.0,3.1666666666666665,3.0,7.0,4.0,14.0,0.0,30.0,0.0,2.0,0.0,0.0,0.0,68.0,678.58,35,678.51
"mcts:reward=score,guide=ppo:runs/ppo/pass2/p2b_pool_s3.json,iterations=1600",ppo:runs/ppo/pass2/p2b_pool_s3.json,2,9001,49,0,1.0,1.0,25.0,93.0,68.0,85.0,-2.0,1.0,1.0,1.0,27.0,13.0,3.3076923076923075,4.0,2.0,4.0,14.0,1.0,24.0,0.0,2.0,0.0,0.0,0.0,67.0,604.92,34,604.86
"mcts:reward=score,guide=ppo:runs/ppo/pass2/p2b_pool_s3.json,iterations=1600",ppo:runs/ppo/pass2/p2b_pool_s3.json,2,9001,50,1,0.0,0.0,-22.0,72.0,94.0,60.0,12.0,1.0,1.0,0.0,22.0,10.0,3.4,3.0,11.0,1.0,27.0,0.0,13.0,0.0,2.0,0.0,0.0,0.0,60.0,618.86,31,618.8
"mcts:reward=score,guide=ppo:runs/ppo/pass2/p2b_pool_s3.json,iterations=1600",ppo:runs/ppo/pass2/p2b_pool_s3.json,2,9001,51,1,1.0,1.0,29.0,109.0,80.0,74.0,25.0,2.0,0.0,1.0,28.0,11.0,3.5454545454545454,4.0,6.0,2.0,13.0,0.0,25.0,0.0,2.0,0.0,0.0,0.0,61.0,609.93,31,609.88
"mcts:reward=score,guide=ppo:runs/ppo/pass2/p2b_pool_s3.json,iterations=1600",ppo:runs/ppo/pass2/p2b_pool_s3.json,2,9001,48,0,1.0,1.0,26.0,100.0,74.0,51.0,39.0,3.0,0.0,1.0,30.0,13.0,2.769230769230769,1.0,9.0,2.0,22.0,0.0,16.0,0.0,3.0,0.0,0.0,0.0,64.0,707.62,33,707.56
"mcts:reward=score,guide=ppo:runs/ppo/pass2/p2b_pool_s3.json,iterations=1600",ppo:runs/ppo/pass2/p2b_pool_s3.json,2,9001,55,1,0.0,0.0,-12.0,57.0,69.0,65.0,-8.0,1.0,1.0,0.0,31.0,9.0,3.888888888888889,3.0,10.0,4.0,15.0,0.0,25.0,0.0,2.0,0.0,0.0,0.0,59.0,608.8,30,608.74
"mcts:reward=score,guide=ppo:runs/ppo/pass2/p2b_pool_s3.json,iterations=1600",ppo:runs/ppo/pass2/p2b_pool_s3.json,2,9001,56,0,1.0,1.0,43.0,118.0,75.0,81.0,27.0,2.0,0.0,1.0,24.0,11.0,3.727272727272727,4.0,4.0,4.0,9.0,0.0,31.0,0.0,2.0,0.0,0.0,0.0,63.0,606.25,32,606.19
"mcts:reward=score,guide=ppo:runs/ppo/pass2/p2b_pool_s3.json,iterations=1600",ppo:runs/ppo/pass2/p2b_pool_s3.json,2,9001,52,0,1.0,1.0,36.0,105.0,69.0,78.0,17.0,2.0,0.0,1.0,29.0,8.0,4.75,5.0,7.0,5.0,10.0,0.0,36.0,0.0,2.0,0.0,0.0,0.0,62.0,638.03,32,637.98
"mcts:reward=score,guide=ppo:runs/ppo/pass2/p2b_pool_s3.json,iterations=1600",ppo:runs/ppo/pass2/p2b_pool_s3.json,2,9001,53,1,0.0,0.0,-2.0,72.0,74.0,56.0,6.0,1.0,1.0,1.0,22.0,10.0,3.3,3.0,12.0,4.0,6.0,1.0,32.0,0.0,2.0,0.0,0.0,0.0,61.0,638.6,31,638.54
"mcts:reward=score,guide=ppo:runs/ppo/pass2/p2b_pool_s3.json,iterations=1600",ppo:runs/ppo/pass2/p2b_pool_s3.json,2,9001,54,1,0.0,0.0,-16.0,77.0,93.0,69.0,-2.0,1.0,1.0,1.0,21.0,10.0,3.8,5.0,7.0,3.0,20.0,1.0,24.0,0.0,2.0,0.0,0.0,0.0,66.0,646.93,34,646.87
"mcts:reward=score,guide=ppo:runs/ppo/pass2/p2b_pool_s3.json,iterations=1600",ppo:runs/ppo/pass2/p2b_pool_s3.json,2,9001,59,1,1.0,1.0,15.0,90.0,75.0,68.0,22.0,2.0,0.0,0.0,23.0,9.0,4.0,2.0,9.0,3.0,13.0,1.0,27.0,0.0,2.0,0.0,0.0,0.0,61.0,615.13,31,615.08
"mcts:reward=score,guide=ppo:runs/ppo/pass2/p2b_pool_s3.json,iterations=1600",ppo:runs/ppo/pass2/p2b_pool_s3.json,2,9001,57,0,1.0,1.0,42.0,113.0,71.0,79.0,24.0,2.0,0.0,1.0,37.0,13.0,3.3076923076923075,4.0,2.0,2.0,15.0,0.0,25.0,0.0,2.0,0.0,0.0,0.0,66.0,663.17,34,663.11
"mcts:reward=score,guide=ppo:runs/ppo/pass2/p2b_pool_s3.json,iterations=1600",ppo:runs/ppo/pass2/p2b_pool_s3.json,2,9001,58,0,1.0,1.0,73.0,143.0,70.0,65.0,68.0,5.0,0.0,1.0,29.0,12.0,3.25,2.0,6.0,5.0,19.0,0.0,19.0,1.0,5.0,0.0,0.0,0.0,64.0,654.92,34,654.86
"mcts:reward=score,guide=ppo:runs/ppo/pass2/p2b_pool_s3.json,iterations=1600",ppo:runs/ppo/pass2/p2b_pool_s3.json,2,9001,60,1,1.0,1.0,29.0,97.0,68.0,68.0,19.0,2.0,0.0,1.0,33.0,10.0,3.7,2.0,8.0,5.0,10.0,1.0,32.0,0.0,2.0,0.0,0.0,0.0,65.0,630.08,33,630.02
"mcts:reward=score,guide=ppo:runs/ppo/pass2/p2b_pool_s3.json,iterations=1600",ppo:runs/ppo/pass2/p2b_pool_s3.json,2,9001,61,1,0.0,0.0,-3.0,79.0,82.0,76.0,3.0,1.0,1.0,0.0,14.0,11.0,3.6363636363636362,3.0,5.0,4.0,16.0,1.0,22.0,0.0,2.0,0.0,0.0,0.0,63.0,645.82,32,645.77
"mcts:reward=score,guide=ppo:runs/ppo/pass2/p2b_pool_s3.json,iterations=1600",ppo:runs/ppo/pass2/p2b_pool_s3.json,2,9001,62,1,1.0,1.0,7.0,78.0,71.0,69.0,-1.0,1.0,1.0,1.0,22.0,11.0,3.5454545454545454,4.0,6.0,4.0,19.0,1.0,21.0,0.0,2.0,0.0,0.0,0.0,64.0,639.94,33,639.88
"mcts:reward=score,guide=ppo:runs/ppo/pass2/p2b_pool_s3.json,iterations=1600",ppo:runs/ppo/pass2/p2b_pool_s3.json,2,9001,63,1,1.0,1.0,12.0,101.0,89.0,68.0,23.0,2.0,0.0,1.0,24.0,11.0,3.4545454545454546,2.0,7.0,5.0,26.0,1.0,12.0,0.0,2.0,0.0,0.0,0.0,63.0,615.74,32,615.69
"mcts:reward=score,guide=ppo:runs/ppo/pass2/p2b_pool_s3.json,iterations=1600",ppo:runs/ppo/pass2/p2b_pool_s3.json,2,9001,64,0,0.0,0.0,-12.0,76.0,88.0,62.0,14.0,2.0,0.0,0.0,22.0,10.0,3.5,2.0,10.0,2.0,13.0,0.0,25.0,0.0,2.0,0.0,0.0,0.0,59.0,600.31,30,600.25
"mcts:reward=score,guide=ppo:runs/ppo/pass2/p2b_pool_s3.json,iterations=1600",ppo:runs/ppo/pass2/p2b_pool_s3.json,2,9001,65,0,1.0,1.0,8.0,87.0,79.0,77.0,0.0,1.0,1.0,1.0,18.0,13.0,3.3076923076923075,4.0,2.0,4.0,16.0,0.0,24.0,0.0,2.0,0.0,0.0,0.0,66.0,628.12,34,628.06
"mcts:reward=score,guide=ppo:runs/ppo/pass2/p2b_pool_s3.json,iterations=1600",ppo:runs/ppo/pass2/p2b_pool_s3.json,2,9001,67,1,1.0,1.0,62.0,115.0,53.0,84.0,21.0,2.0,0.0,1.0,32.0,12.0,3.5833333333333335,4.0,2.0,3.0,16.0,1.0,22.0,0.0,2.0,0.0,0.0,0.0,64.0,625.56,33,625.5
"mcts:reward=score,guide=ppo:runs/ppo/pass2/p2b_pool_s3.json,iterations=1600",ppo:runs/ppo/pass2/p2b_pool_s3.json,2,9001,69,1,0.0,0.0,-24.0,58.0,82.0,76.0,-18.0,0.0,2.0,0.0,17.0,9.0,4.111111111111111,4.0,8.0,4.0,13.0,0.0,29.0,0.0,2.0,0.0,0.0,0.0,61.0,612.78,31,612.72
"mcts:reward=score,guide=ppo:runs/ppo/pass2/p2b_pool_s3.json,iterations=1600",ppo:runs/ppo/pass2/p2b_pool_s3.json,2,9001,68,1,1.0,1.0,25.0,101.0,76.0,82.0,19.0,2.0,0.0,0.0,22.0,10.0,4.1,4.0,4.0,9.0,7.0,2.0,31.0,0.0,2.0,0.0,0.0,0.0,62.0,638.5,32,638.44
"mcts:reward=score,guide=ppo:runs/ppo/pass2/p2b_pool_s3.json,iterations=1600",ppo:runs/ppo/pass2/p2b_pool_s3.json,2,9001,70,1,1.0,1.0,25.0,101.0,76.0,77.0,14.0,2.0,0.0,1.0,30.0,11.0,3.727272727272727,3.0,4.0,4.0,6.0,0.0,34.0,0.0,2.0,0.0,0.0,0.0,63.0,623.62,32,623.57
"mcts:reward=score,guide=ppo:runs/ppo/pass2/p2b_pool_s3.json,iterations=1600",ppo:runs/ppo/pass2/p2b_pool_s3.json,2,9001,66,0,1.0,1.0,11.0,103.0,92.0,66.0,37.0,2.0,0.0,0.0,24.0,12.0,3.3333333333333335,2.0,5.0,3.0,13.0,0.0,29.0,0.0,2.0,0.0,0.0,0.0,66.0,687.83,34,687.78
"mcts:reward=score,guide=ppo:runs/ppo/pass2/p2b_pool_s3.json,iterations=1600",ppo:runs/ppo/pass2/p2b_pool_s3.json,2,9001,71,1,1.0,1.0,42.0,112.0,70.0,74.0,28.0,2.0,0.0,1.0,28.0,11.0,3.8181818181818183,5.0,3.0,6.0,17.0,0.0,27.0,0.0,2.0,0.0,0.0,0.0,66.0,652.19,34,652.13
"mcts:reward=score,guide=ppo:runs/ppo/pass2/p2b_pool_s3.json,iterations=1600",ppo:runs/ppo/pass2/p2b_pool_s3.json,2,9001,72,1,1.0,1.0,9.0,90.0,81.0,73.0,7.0,1.0,1.0,1.0,29.0,10.0,3.9,3.0,6.0,5.0,5.0,0.0,39.0,0.0,2.0,0.0,0.0,0.0,65.0,656.62,33,656.56
"mcts:reward=score,guide=ppo:runs/ppo/pass2/p2b_pool_s3.json,iterations=1600",ppo:runs/ppo/pass2/p2b_pool_s3.json,2,9001,74,1,1.0,1.0,31.0,108.0,77.0,81.0,17.0,2.0,0.0,1.0,30.0,10.0,4.0,4.0,5.0,5.0,8.0,0.0,32.0,0.0,2.0,0.0,0.0,0.0,61.0,620.87,31,620.82
"mcts:reward=score,guide=ppo:runs/ppo/pass2/p2b_pool_s3.json,iterations=1600",ppo:runs/ppo/pass2/p2b_pool_s3.json,2,9001,77,1,1.0,1.0,48.0,114.0,66.0,76.0,28.0,2.0,0.0,1.0,36.0,11.0,3.6363636363636362,5.0,5.0,5.0,20.0,0.0,20.0,0.0,2.0,0.0,0.0,0.0,63.0,593.61,32,593.55
"mcts:reward=score,guide=ppo:runs/ppo/pass2/p2b_pool_s3.json,iterations=1600",ppo:runs/ppo/pass2/p2b_pool_s3.json,2,9001,73,1,1.0,1.0,8.0,98.0,90.0,69.0,19.0,2.0,0.0,1.0,23.0,11.0,3.4545454545454546,3.0,7.0,3.0,11.0,1.0,29.0,0.0,2.0,0.0,0.0,0.0,64.0,665.26,33,665.2
"mcts:reward=score,guide=ppo:runs/ppo/pass2/p2b_pool_s3.json,iterations=1600",ppo:runs/ppo/pass2/p2b_pool_s3.json,2,9001,75,0,1.0,1.0,13.0,98.0,85.0,65.0,33.0,2.0,0.0,0.0,27.0,12.0,3.25,3.0,6.0,6.0,24.0,1.0,14.0,0.0,2.0,0.0,0.0,0.0,65.0,671.35,33,671.29
"mcts:reward=score,guide=ppo:runs/ppo/pass2/p2b_pool_s3.json,iterations=1600",ppo:runs/ppo/pass2/p2b_pool_s3.json,2,9001,76,0,1.0,1.0,31.0,108.0,77.0,71.0,27.0,2.0,0.0,1.0,26.0,11.0,3.6363636363636362,4.0,5.0,5.0,13.0,1.0,25.0,0.0,2.0,0.0,0.0,0.0,62.0,650.55,32,650.49
"mcts:reward=score,guide=ppo:runs/ppo/pass2/p2b_pool_s3.json,iterations=1600",ppo:runs/ppo/pass2/p2b_pool_s3.json,2,9001,79,1,1.0,1.0,46.0,118.0,72.0,89.0,19.0,2.0,0.0,1.0,28.0,10.0,4.3,4.0,2.0,5.0,17.0,2.0,23.0,0.0,2.0,0.0,0.0,0.0,64.0,610.15,33,610.09
"mcts:reward=score,guide=ppo:runs/ppo/pass2/p2b_pool_s3.json,iterations=1600",ppo:runs/ppo/pass2/p2b_pool_s3.json,2,9001,80,1,1.0,1.0,19.0,102.0,83.0,67.0,25.0,2.0,0.0,1.0,28.0,10.0,3.8,3.0,7.0,5.0,18.0,1.0,22.0,0.0,2.0,0.0,0.0,0.0,63.0,634.4,32,634.34
"mcts:reward=score,guide=ppo:runs/ppo/pass2/p2b_pool_s3.json,iterations=1600",ppo:runs/ppo/pass2/p2b_pool_s3.json,2,9001,81,0,1.0,1.0,39.0,104.0,65.0,71.0,23.0,2.0,0.0,1.0,24.0,11.0,3.5454545454545454,3.0,6.0,4.0,18.0,1.0,18.0,0.0,2.0,0.0,0.0,0.0,61.0,622.18,31,622.12
"mcts:reward=score,guide=ppo:runs/ppo/pass2/p2b_pool_s3.json,iterations=1600",ppo:runs/ppo/pass2/p2b_pool_s3.json,2,9001,82,1,1.0,1.0,31.0,106.0,75.0,65.0,31.0,2.0,0.0,1.0,31.0,11.0,3.4545454545454546,2.0,7.0,3.0,22.0,0.0,20.0,0.0,2.0,0.0,0.0,0.0,64.0,621.37,33,621.31
"mcts:reward=score,guide=ppo:runs/ppo/pass2/p2b_pool_s3.json,iterations=1600",ppo:runs/ppo/pass2/p2b_pool_s3.json,2,9001,78,0,0.0,0.0,-2.0,97.0,99.0,61.0,36.0,2.0,0.0,0.0,23.0,12.0,3.0,2.0,9.0,8.0,13.0,3.0,25.0,0.0,2.0,0.0,0.0,0.0,68.0,691.6,35,691.54
"mcts:reward=score,guide=ppo:runs/ppo/pass2/p2b_pool_s3.json,iterations=1600",ppo:runs/ppo/pass2/p2b_pool_s3.json,2,9001,83,0,1.0,1.0,29.0,105.0,76.0,70.0,25.0,2.0,0.0,1.0,28.0,13.0,3.230769230769231,3.0,3.0,3.0,19.0,0.0,21.0,0.0,2.0,0.0,0.0,0.0,67.0,654.11,34,654.05
"mcts:reward=score,guide=ppo:runs/ppo/pass2/p2b_pool_s3.json,iterations=1600",ppo:runs/ppo/pass2/p2b_pool_s3.json,2,9001,84,0,1.0,1.0,52.0,126.0,74.0,74.0,42.0,3.0,0.0,1.0,28.0,9.0,4.111111111111111,4.0,8.0,7.0,11.0,0.0,31.0,1.0,3.0,0.0,0.0,0.0,63.0,627.53,33,627.48
"mcts:reward=score,guide=ppo:runs/ppo/pass2/p2b_pool_s3.json,iterations=1600",ppo:runs/ppo/pass2/p2b_pool_s3.json,2,9001,85,0,1.0,1.0,16.0,95.0,79.0,62.0,33.0,3.0,0.0,0.0,29.0,12.0,3.1666666666666665,3.0,7.0,2.0,28.0,0.0,10.0,0.0,3.0,0.0,0.0,0.0,63.0,648.39,32,648.33
"mcts:reward=score,guide=ppo:runs/ppo/pass2/p2b_pool_s3.json,iterations=1600",ppo:runs/ppo/pass2/p2b_pool_s3.json,2,9001,87,0,1.0,1.0,6.0,94.0,88.0,70.0,24.0,2.0,0.0,0.0,23.0,9.0,4.0,4.0,9.0,4.0,12.0,1.0,28.0,0.0,2.0,0.0,0.0,0.0,61.0,617.34,31,617.28
"mcts:reward=score,guide=ppo:runs/ppo/pass2/p2b_pool_s3.json,iterations=1600",ppo:runs/ppo/pass2/p2b_pool_s3.json,2,9001,88,0,1.0,1.0,12.0,93.0,81.0,75.0,18.0,2.0,0.0,0.0,21.0,10.0,3.8,4.0,7.0,4.0,13.0,1.0,29.0,0.0,2.0,0.0,0.0,0.0,64.0,626.73,33,626.67
"mcts:reward=score,guide=ppo:runs/ppo/pass2/p2b_pool_s3.json,iterations=1600",ppo:runs/ppo/pass2/p2b_pool_s3.json,2,9001,86,1,0.0,0.0,-9.0,67.0,76.0,66.0,1.0,2.0,1.0,0.0,18.0,11.0,3.272727272727273,3.0,9.0,6.0,6.0,0.0,28.0,1.0,3.0,0.0,0.0,0.0,58.0,658.36,31,658.31
"mcts:reward=score,guide=ppo:runs/ppo/pass2/p2b_pool_s3.json,iterations=1600",ppo:runs/ppo/pass2/p2b_pool_s3.json,2,9001,90,0,1.0,1.0,29.0,96.0,67.0,62.0,24.0,2.0,0.0,1.0,31.0,10.0,3.4,2.0,11.0,4.0,24.0,0.0,16.0,0.0,2.0,0.0,0.0,0.0,61.0,613.26,31,613.21
"mcts:reward=score,guide=ppo:runs/ppo/pass2/p2b_pool_s3.json,iterations=1600",ppo:runs/ppo/pass2/p2b_pool_s3.json,2,9001,89,0,1.0,1.0,2.0,92.0,90.0,70.0,22.0,2.0,0.0,0.0,17.0,11.0,3.5454545454545454,3.0,6.0,6.0,10.0,0.0,30.0,0.0,2.0,0.0,0.0,0.0,63.0,663.55,32,663.49
"mcts:reward=score,guide=ppo:runs/ppo/pass2/p2b_pool_s3.json,iterations=1600",ppo:runs/ppo/pass2/p2b_pool_s3.json,2,9001,91,0,1.0,1.0,20.0,96.0,76.0,67.0,19.0,2.0,0.0,1.0,23.0,11.0,3.4545454545454546,2.0,7.0,4.0,16.0,0.0,22.0,0.0,2.0,0.0,0.0,0.0,61.0,607.44,31,607.38
"mcts:reward=score,guide=ppo:runs/ppo/pass2/p2b_pool_s3.json,iterations=1600",ppo:runs/ppo/pass2/p2b_pool_s3.json,2,9001,94,1,1.0,1.0,20.0,89.0,69.0,81.0,-2.0,1.0,1.0,1.0,36.0,10.0,4.2,4.0,3.0,4.0,14.0,0.0,26.0,0.0,2.0,0.0,0.0,0.0,61.0,595.96,31,595.91
"mcts:reward=score,guide=ppo:runs/ppo/pass2/p2b_pool_s3.json,iterations=1600",ppo:runs/ppo/pass2/p2b_pool_s3.json,2,9001,93,0,1.0,1.0,26.0,96.0,70.0,67.0,19.0,2.0,0.0,1.0,26.0,12.0,3.3333333333333335,3.0,5.0,3.0,14.0,0.0,26.0,0.0,2.0,0.0,0.0,0.0,65.0,622.06,33,622.0
"mcts:reward=score,guide=ppo:runs/ppo/pass2/p2b_pool_s3.json,iterations=1600",ppo:runs/ppo/pass2/p2b_pool_s3.json,2,9001,92,0,1.0,1.0,48.0,113.0,65.0,79.0,24.0,2.0,0.0,1.0,32.0,13.0,3.230769230769231,3.0,3.0,4.0,21.0,1.0,17.0,0.0,2.0,0.0,0.0,0.0,66.0,627.28,34,627.23
"mcts:reward=score,guide=ppo:runs/ppo/pass2/p2b_pool_s3.json,iterations=1600",ppo:runs/ppo/pass2/p2b_pool_s3.json,2,9001,95,0,1.0,1.0,10.0,76.0,66.0,69.0,-3.0,1.0,1.0,1.0,35.0,8.0,4.375,3.0,10.0,3.0,9.0,0.0,35.0,0.0,2.0,0.0,0.0,0.0,60.0,609.74,31,609.69
"mcts:reward=score,guide=ppo:runs/ppo/pass2/p2b_pool_s3.json,iterations=1600",ppo:runs/ppo/pass2/p2b_pool_s3.json,2,9001,96,1,1.0,1.0,16.0,106.0,90.0,78.0,18.0,2.0,0.0,1.0,28.0,10.0,4.0,3.0,5.0,3.0,8.0,0.0,34.0,0.0,2.0,0.0,0.0,0.0,63.0,557.1,32,557.06
"mcts:reward=score,guide=ppo:runs/ppo/pass2/p2b_pool_s3.json,iterations=1600",ppo:runs/ppo/pass2/p2b_pool_s3.json,2,9001,97,0,1.0,1.0,19.0,102.0,83.0,76.0,16.0,2.0,0.0,1.0,29.0,11.0,3.6363636363636362,4.0,5.0,6.0,6.0,0.0,34.0,0.0,2.0,0.0,0.0,0.0,63.0,555.34,32,555.29
"mcts:reward=score,guide=ppo:runs/ppo/pass2/p2b_pool_s3.json,iterations=1600",ppo:runs/ppo/pass2/p2b_pool_s3.json,2,9001,98,1,1.0,1.0,19.0,106.0,87.0,68.0,38.0,2.0,0.0,0.0,27.0,12.0,3.4166666666666665,2.0,4.0,2.0,27.0,2.0,13.0,0.0,2.0,0.0,0.0,0.0,69.0,564.53,35,564.47
"mcts:reward=score,guide=ppo:runs/ppo/pass2/p2b_pool_s3.json,iterations=1600",ppo:runs/ppo/pass2/p2b_pool_s3.json,2,9001,99,1,1.0,1.0,33.0,101.0,68.0,72.0,19.0,2.0,0.0,1.0,29.0,11.0,3.5454545454545454,3.0,6.0,5.0,5.0,0.0,33.0,0.0,2.0,0.0,0.0,0.0,61.0,542.25,31,542.2
"mcts:reward=score,guide=ppo:runs/ppo/pass2/p2b_pool_s3.json","mcts:reward=score,opponent=infer",2,9001,1,0,0.0,0.0,-17.0,81.0,98.0,94.0,-23.0,0.0,2.0,1.0,28.0,10.0,4.5,5.0,0.0,3.0,23.0,0.0,27.0,0.0,2.0,0.0,0.0,1.0,70.0,262.67,36,149.72
"mcts:reward=score,guide=ppo:runs/ppo/pass2/p2b_pool_s3.json","mcts:reward=score,opponent=infer",2,9001,4,0,1.0,1.0,18.0,123.0,105.0,89.0,24.0,2.0,0.0,1.0,32.0,12.0,3.75,4.0,0.0,4.0,14.0,0.0,32.0,0.0,2.0,0.0,0.0,1.0,69.0,265.2,36,149.96
"mcts:reward=score,guide=ppo:runs/ppo/pass2/p2b_pool_s3.json","mcts:reward=score,opponent=infer",2,9001,3,0,1.0,1.0,16.0,123.0,107.0,92.0,21.0,2.0,0.0,1.0,32.0,12.0,3.75,5.0,0.0,8.0,6.0,0.0,38.0,0.0,2.0,0.0,0.0,1.0,68.0,268.49,35,153.92
"mcts:reward=score,guide=ppo:runs/ppo/pass2/p2b_pool_s3.json","mcts:reward=score,opponent=infer",2,9001,9,0,1.0,1.0,43.0,113.0,70.0,101.0,12.0,1.0,1.0,0.0,22.0,10.0,4.5,7.0,0.0,5.0,22.0,0.0,30.0,0.0,2.0,0.0,0.0,1.0,71.0,270.6,37,160.37
"mcts:reward=score,guide=ppo:runs/ppo/pass2/p2b_pool_s3.json","mcts:reward=score,opponent=infer",2,9001,11,1,0.0,0.0,-7.0,105.0,112.0,94.0,1.0,1.0,1.0,1.0,39.0,10.0,4.5,5.0,0.0,7.0,26.0,2.0,26.0,0.0,2.0,0.0,0.0,1.0,76.0,277.77,39,157.16
"mcts:reward=score,guide=ppo:runs/ppo/pass2/p2b_pool_s3.json","mcts:reward=score,opponent=infer",2,9001,0,0,0.0,0.0,-59.0,72.0,131.0,105.0,-33.0,0.0,2.0,0.0,15.0,9.0,5.0,7.0,0.0,4.0,19.0,0.0,39.0,0.0,2.0,0.0,0.0,1.0,75.0,278.31,39,163.58
"mcts:reward=score,guide=ppo:runs/ppo/pass2/p2b_pool_s3.json","mcts:reward=score,opponent=infer",2,9001,2,1,1.0,1.0,20.0,119.0,99.0,94.0,15.0,2.0,0.0,1.0,39.0,10.0,4.5,5.0,0.0,4.0,19.0,1.0,29.0,0.0,2.0,0.0,0.0,1.0,70.0,279.28,36,152.5
"mcts:reward=score,guide=ppo:runs/ppo/pass2/p2b_pool_s3.json","mcts:reward=score,opponent=infer",2,9001,10,1,0.0,0.0,-53.0,87.0,140.0,87.0,-10.0,1.0,1.0,1.0,24.0,12.0,3.75,4.0,0.0,6.0,19.0,1.0,33.0,0.0,2.0,0.0,0.0,1.0,78.0,291.32,40,166.16
"mcts:reward=score,guide=ppo:runs/ppo/pass2/p2b_pool_s3.json","mcts:reward=score,opponent=infer",2,9001,6,0,0.0,0.0,-35.0,82.0,117.0,101.0,-19.0,0.0,2.0,0.0,21.0,10.0,4.5,6.0,0.0,5.0,14.0,0.0,38.0,0.0,2.0,0.0,0.0,1.0,71.0,291.81,37,166.74
"mcts:reward=score,guide=ppo:runs/ppo/pass2/p2b_pool_s3.json","mcts:reward=score,opponent=infer",2,9001,8,0,0.0,0.0,-20.0,101.0,121.0,93.0,-2.0,1.0,1.0,1.0,26.0,12.0,3.75,5.0,0.0,6.0,26.0,2.0,30.0,0.0,2.0,0.0,0.0,1.0,84.0,311.41,43,168.4
"mcts:reward=score,guide=ppo:runs/ppo/pass2/p2b_pool_s3.json","mcts:reward=score,opponent=infer",2,9001,7,0,1.0,1.0,7.0,107.0,100.0,81.0,26.0,2.0,0.0,0.0,22.0,14.0,3.2142857142857144,3.0,0.0,7.0,11.0,1.0,35.0,0.0,2.0,0.0,0.0,1.0,76.0,315.24,39,168.06
"mcts:reward=score,guide=ppo:runs/ppo/pass2/p2b_pool_s3.json","mcts:reward=score,opponent=infer",2,9001,5,1,0.0,0.0,-15.0,115.0,130.0,73.0,32.0,2.0,0.0,1.0,29.0,13.0,3.3076923076923075,3.0,2.0,5.0,24.0,0.0,26.0,0.0,2.0,0.0,0.0,0.0,77.0,324.26,39,177.56
"mcts:reward=score,guide=ppo:runs/ppo/pass2/p2b_pool_s3.json","mcts:reward=score,opponent=infer",2,9001,20,1,1.0,1.0,11.0,103.0,92.0,92.0,11.0,1.0,1.0,0.0,24.0,10.0,4.5,6.0,0.0,3.0,23.0,0.0,23.0,0.0,2.0,0.0,0.0,1.0,65.0,244.95,34,139.1
"mcts:reward=score,guide=ppo:runs/ppo/pass2/p2b_pool_s3.json","mcts:reward=score,opponent=infer",2,9001,13,1,0.0,0.0,-27.0,118.0,145.0,89.0,19.0,2.0,0.0,1.0,36.0,12.0,3.75,4.0,0.0,5.0,9.0,0.0,39.0,0.0,2.0,0.0,0.0,0.0,72.0,279.89,37,155.34
"mcts:reward=score,guide=ppo:runs/ppo/pass2/p2b_pool_s3.json","mcts:reward=score,opponent=infer",2,9001,12,1,0.0,0.0,-72.0,55.0,127.0,92.0,-37.0,0.0,2.0,0.0,20.0,10.0,4.5,6.0,0.0,3.0,17.0,0.0,41.0,0.0,2.0,0.0,0.0,1.0,78.0,304.09,40,168.52
"mcts:reward=score,guide=ppo:runs/ppo/pass2/p2b_pool_s3.json","mcts:reward=score,opponent=infer",2,9001,14,0,0.0,0.0,-41.0,89.0,130.0,94.0,-5.0,1.0,1.0,0.0,14.0,11.0,4.090909090909091,5.0,0.0,7.0,10.0,1.0,46.0,0.0,2.0,0.0,0.0,1.0,80.0,305.4,41,175.9
"mcts:reward=score,guide=ppo:runs/ppo/pass2/p2b_pool_s3.json","mcts:reward=score,opponent=infer",2,9001,17,1,1.0,1.0,2.0,111.0,109.0,90.0,11.0,1.0,1.0,1.0,32.0,12.0,3.75,5.0,0.0,7.0,10.0,1.0,32.0,0.0,2.0,0.0,0.0,1.0,68.0,295.93,35,160.09
"mcts:reward=score,guide=ppo:runs/ppo/pass2/p2b_pool_s3.json","mcts:reward=score,opponent=infer",2,9001,18,0,0.0,0.0,-39.0,113.0,152.0,88.0,25.0,2.0,0.0,0.0,21.0,13.0,3.4615384615384617,4.0,0.0,6.0,24.0,0.0,32.0,0.0,2.0,0.0,0.0,1.0,81.0,299.48,42,167.76
"mcts:reward=score,guide=ppo:runs/ppo/pass2/p2b_pool_s3.json","mcts:reward=score,opponent=infer",2,9001,15,1,0.0,0.0,-86.0,39.0,125.0,76.0,-37.0,0.0,2.0,0.0,10.0,13.0,3.3076923076923075,4.0,2.0,6.0,25.0,0.0,29.0,0.0,2.0,0.0,0.0,0.0,81.0,308.69,41,174.97
"mcts:reward=score,guide=ppo:runs/ppo/pass2/p2b_pool_s3.json","mcts:reward=score,opponent=infer",2,9001,22,0,1.0,1.0,56.0,130.0,74.0,90.0,30.0,2.0,0.0,1.0,35.0,11.0,4.0,5.0,1.0,5.0,9.0,1.0,37.0,0.0,2.0,0.0,0.0,1.0,69.0,265.77,36,152.64
"mcts:reward=score,guide=ppo:runs/ppo/pass2/p2b_pool_s3.json","mcts:reward=score,opponent=infer",2,9001,16,0,1.0,1.0,22.0,111.0,89.0,87.0,14.0,2.0,0.0,1.0,40.0,13.0,3.4615384615384617,4.0,0.0,6.0,11.0,0.0,39.0,0.0,2.0,0.0,0.0,1.0,76.0,305.8,39,174.79
"mcts:reward=score,guide=ppo:runs/ppo/pass2/p2b_pool_s3.json","mcts:reward=score,opponent=infer",2,9001,21,0,1.0,1.0,25.0,125.0,100.0,93.0,22.0,2.0,0.0,1.0,31.0,11.0,4.090909090909091,5.0,0.0,5.0,18.0,0.0,32.0,0.0,2.0,0.0,0.0,1.0,71.0,286.41,37,162.66
"mcts:reward=score,guide=ppo:runs/ppo/pass2/p2b_pool_s3.json","mcts:reward=score,opponent=infer",2,9001,23,0,1.0,1.0,7.0,118.0,111.0,87.0,21.0,2.0,0.0,1.0,31.0,12.0,3.75,4.0,0.0,8.0,10.0,1.0,32.0,0.0,2.0,0.0,0.0,1.0,68.0,276.52,35,150.45
"mcts:reward=score,guide=ppo:runs/ppo/pass2/p2b_pool_s3.json","mcts:reward=score,opponent=infer",2,9001,19,0,0.0,0.0,-5.0,117.0,122.0,75.0,32.0,3.0,0.0,1.0,29.0,15.0,3.0,2.0,0.0,6.0,18.0,1.0,32.0,0.0,3.0,0.0,0.0,1.0,82.0,331.31,42,176.68
"mcts:reward=score,guide=ppo:runs/ppo/pass2/p2b_pool_s3.json","mcts:reward=score,opponent=infer",2,9001,24,0,1.0,1.0,34.0,104.0,70.0,100.0,-6.0,1.0,1.0,1.0,25.0,9.0,4.888888888888889,6.0,1.0,6.0,18.0,0.0,30.0,0.0,2.0,0.0,0.0,1.0,66.0,265.32,34,146.96
"mcts:reward=score,guide=ppo:runs/ppo/pass2/p2b_pool_s3.json","mcts:reward=score,opponent=infer",2,9001,25,0,1.0,1.0,24.0,134.0,110.0,96.0,28.0,2.0,0.0,1.0,31.0,11.0,4.090909090909091,5.0,0.0,4.0,27.0,0.0,31.0,0.0,2.0,0.0,0.0,1.0,79.0,283.37,41,166.11
"mcts:reward=score,guide=ppo:runs/ppo/pass2/p2b_pool_s3.json","mcts:reward=score,opponent=infer",2,9001,26,0,1.0,1.0,27.0,96.0,69.0,107.0,-21.0,0.0,2.0,1.0,27.0,8.0,5.625,7.0,0.0,4.0,12.0,1.0,40.0,0.0,2.0,0.0,0.0,1.0,69.0,265.81,36,157.45
"mcts:reward=score,guide=ppo:runs/ppo/pass2/p2b_pool_s3.json","mcts:reward=score,opponent=infer",2,9001,29,1,1.0,1.0,8.0,114.0,106.0,97.0,7.0,1.0,1.0,1.0,28.0,10.0,4.5,7.0,0.0,3.0,18.0,0.0,30.0,0.0,2.0,0.0,0.0,1.0,67.0,265.57,35,146.53
"mcts:reward=score,guide=ppo:runs/ppo/pass2/p2b_pool_s3.json","mcts:reward=score,opponent=infer",2,9001,30,0,1.0,1.0,40.0,135.0,95.0,95.0,30.0,2.0,0.0,1.0,27.0,11.0,4.090909090909091,5.0,0.0,5.0,20.0,1.0,30.0,0.0,2.0,0.0,0.0,1.0,74.0,280.18,38,161.02
"mcts:reward=score,guide=ppo:runs/ppo/pass2/p2b_pool_s3.json","mcts:reward=score,opponent=infer",2,9001,27,1,0.0,0.0,-24.0,90.0,114.0,88.0,-8.0,1.0,1.0,1.0,43.0,13.0,3.3846153846153846,5.0,1.0,5.0,13.0,1.0,31.0,0.0,2.0,0.0,0.0,1.0,72.0,296.93,37,165.65
"mcts:reward=score,guide=ppo:runs/ppo/pass2/p2b_pool_s3.json","mcts:reward=score,opponent=infer",2,9001,32,1,1.0,1.0,35.0,116.0,81.0,87.0,19.0,2.0,0.0,1.0,32.0,12.0,3.6666666666666665,5.0,1.0,4.0,12.0,0.0,36.0,0.0,2.0,0.0,0.0,1.0,71.0,293.72,37,161.09
"mcts:reward=score,guide=ppo:runs/ppo/pass2/p2b_pool_s3.json","mcts:reward=score,opponent=infer",2,9001,31,1,0.0,0.0,-8.0,108.0,116.0,90.0,8.0,1.0,1.0,1.0,33.0,13.0,3.4615384615384617,5.0,0.0,3.0,19.0,0.0,29.0,0.0,2.0,0.0,0.0,1.0,74.0,303.21,38,168.7
"mcts:reward=score,guide=ppo:runs/ppo/pass2/p2b_pool_s3.json","mcts:reward=score,opponent=infer",2,9001,28,0,0.0,0.0,-43.0,81.0,124.0,102.0,-31.0,0.0,2.0,1.0,30.0,10.0,4.5,6.0,0.0,3.0,30.0,1.0,20.0,0.0,2.0,0.0,0.0,1.0,72.0,321.17,37,181.75
"mcts:reward=score,guide=ppo:runs/ppo/pass2/p2b_pool_s3.json","mcts:reward=score,opponent=infer",2,9001,33,1,1.0,1.0,12.0,112.0,100.0,78.0,24.0,2.0,0.0,1.0,24.0,15.0,3.0,3.0,0.0,3.0,20.0,1.0,28.0,0.0,2.0,0.0,0.0,1.0,80.0,303.73,41,170.96
"mcts:reward=score,guide=ppo:runs/ppo/pass2/p2b_pool_s3.json","mcts:reward=score,opponent=infer",2,9001,34,1,1.0,1.0,27.0,119.0,92.0,88.0,31.0,2.0,0.0,0.0,28.0,12.0,3.75,4.0,0.0,3.0,18.0,1.0,28.0,0.0,2.0,0.0,0.0,1.0,71.0,307.8,37,173.31
"mcts:reward=score,guide=ppo:runs/ppo/pass2/p2b_pool_s3.json","mcts:reward=score,opponent=infer",2,9001,35,0,0.0,0.0,-13.0,119.0,132.0,93.0,26.0,2.0,0.0,0.0,22.0,10.0,4.4,6.0,1.0,6.0,30.0,0.0,24.0,0.0,2.0,0.0,0.0,0.0,75.0,286.96,38,157.36
"mcts:reward=score,guide=ppo:runs/ppo/pass2/p2b_pool_s3.json","mcts:reward=score,opponent=infer",2,9001,37,1,1.0,1.0,27.0,116.0,89.0,94.0,12.0,1.0,1.0,1.0,37.0,10.0,4.5,5.0,0.0,4.0,23.0,0.0,27.0,0.0,2.0,0.0,0.0,1.0,69.0,260.29,36,145.53
"mcts:reward=score,guide=ppo:runs/ppo/pass2/p2b_pool_s3.json","mcts:reward=score,opponent=infer",2,9001,36,1,0.0,0.0,-30.0,108.0,138.0,98.0,0.0,1.0,1.0,1.0,42.0,10.0,4.5,6.0,0.0,10.0,14.0,0.0,40.0,0.0,2.0,0.0,0.0,1.0,74.0,291.59,38,171.95
"mcts:reward=score,guide=ppo:runs/ppo/pass2/p2b_pool_s3.json","mcts:reward=score,opponent=infer",2,9001,40,0,1.0,1.0,63.0,119.0,56.0,98.0,11.0,1.0,1.0,1.0,22.0,10.0,4.5,6.0,0.0,7.0,3.0,0.0,47.0,0.0,2.0,0.0,0.0,1.0,70.0,256.87,36,144.8
"mcts:reward=score,guide=ppo:runs/ppo/pass2/p2b_pool_s3.json","mcts:reward=score,opponent=infer",2,9001,38,1,0.0,0.0,-51.0,61.0,112.0,94.0,-33.0,0.0,2.0,0.0,17.0,10.0,4.4,6.0,1.0,1.0,37.0,0.0,17.0,0.0,2.0,0.0,0.0,1.0,73.0,285.96,38,162.24
"mcts:reward=score,guide=ppo:runs/ppo/pass2/p2b_pool_s3.json","mcts:reward=score,opponent=infer",2,9001,39,0,0.0,0.0,-12.0,118.0,130.0,91.0,27.0,2.0,0.0,0.0,32.0,12.0,3.75,5.0,0.0,2.0,24.0,1.0,28.0,0.0,2.0,0.0,0.0,1.0,77.0,303.48,40,165.59
"mcts:reward=score,guide=ppo:runs/ppo/pass2/p2b_pool_s3.json","mcts:reward=score,opponent=infer",2,9001,41,0,0.0,0.0,-10.0,82.0,92.0,100.0,-18.0,0.0,2.0,0.0,22.0,9.0,5.0,6.0,0.0,7.0,8.0,0.0,44.0,0.0,2.0,0.0,0.0,1.0,70.0,284.37,36,158.35
"mcts:reward=score,guide=ppo:runs/ppo/pass2/p2b_pool_s3.json","mcts:reward=score,opponent=infer",2,9001,45,1,0.0,0.0,-42.0,90.0,132.0,89.0,-9.0,1.0,1.0,1.0,31.0,13.0,3.4615384615384617,5.0,0.0,6.0,29.0,1.0,17.0,0.0,2.0,0.0,0.0,1.0,73.0,285.76,38,161.58
"mcts:reward=score,guide=ppo:runs/ppo/pass2/p2b_pool_s3.json","mcts:reward=score,opponent=infer",2,9001,44,0,0.0,0.0,-26.0,105.0,131.0,93.0,12.0,1.0,1.0,0.0,17.0,11.0,4.090909090909091,5.0,0.0,2.0,20.0,0.0,34.0,0.0,2.0,0.0,0.0,1.0,75.0,299.97,39,163.52
"mcts:reward=score,guide=ppo:runs/ppo/pass2/p2b_pool_s3.json","mcts:reward=score,opponent=infer",2,9001,43,1,1.0,1.0,6.0,135.0,129.0,91.0,34.0,2.0,0.0,1.0,33.0,11.0,4.090909090909091,6.0,0.0,4.0,34.0,0.0,30.0,0.0,2.0,0.0,0.0,1.0,85.0,314.36,44,176.37
"mcts:reward=score,guide=ppo:runs/ppo/pass2/p2b_pool_s3.json","mcts:reward=score,opponent=infer",2,9001,46,0,0.0,0.0,-4.0,106.0,110.0,85.0,21.0,2.0,0.0,0.0,26.0,13.0,3.4615384615384617,4.0,0.0,3.0,20.0,0.0,22.0,0.0,2.0,0.0,0.0,1.0,67.0,292.48,35,162.58
"mcts:reward=score,guide=ppo:runs/ppo/pass2/p2b_pool_s3.json","mcts:reward=score,opponent=infer",2,9001,42,1,0.0,0.0,-1.0,109.0,110.0,89.0,10.0,2.0,1.0,1.0,41.0,12.0,3.75,4.0,0.0,3.0,27.0,0.0,31.0,0.0,3.0,0.0,0.0,1.0,82.0,333.04,42,174.61
"mcts:reward=score,guide=ppo:runs/ppo/pass2/p2b_pool_s3.json","mcts:reward=score,opponent=infer",2,9001,47,1,0.0,0.0,-44.0,88.0,132.0,99.0,-21.0,0.0,2.0,1.0,31.0,10.0,4.5,6.0,0.0,8.0,25.0,0.0,41.0,0.0,2.0,0.0,0.0,1.0,86.0,344.2,44,201.53
"mcts:reward=score,guide=ppo:runs/ppo/pass2/p2b_pool_s3.json","mcts:reward=score,opponent=infer",2,9001,50,1,1.0,1.0,38.0,117.0,79.0,95.0,12.0,1.0,1.0,1.0,23.0,10.0,4.5,5.0,0.0,3.0,29.0,0.0,17.0,0.0,2.0,0.0,0.0,1.0,65.0,257.38,34,144.66
"mcts:reward=score,guide=ppo:runs/ppo/pass2/p2b_pool_s3.json","mcts:reward=score,opponent=infer",2,9001,49,0,0.0,0.0,-37.0,85.0,122.0,87.0,-2.0,1.0,1.0,0.0,28.0,12.0,3.75,4.0,0.0,5.0,13.0,2.0,35.0,0.0,2.0,0.0,0.0,1.0,76.0,288.48,39,163.19
"mcts:reward=score,guide=ppo:runs/ppo/pass2/p2b_pool_s3.json","mcts:reward=score,opponent=infer",2,9001,48,0,0.0,0.0,-29.0,109.0,138.0,82.0,27.0,2.0,0.0,0.0,25.0,14.0,3.2142857142857144,4.0,0.0,6.0,19.0,0.0,31.0,0.0,2.0,0.0,0.0,1.0,77.0,306.16,40,169.49
"mcts:reward=score,guide=ppo:runs/ppo/pass2/p2b_pool_s3.json","mcts:reward=score,opponent=infer",2,9001,51,1,1.0,1.0,21.0,124.0,103.0,89.0,25.0,2.0,0.0,1.0,20.0,10.0,4.2,5.0,3.0,7.0,11.0,0.0,41.0,0.0,2.0,0.0,0.0,0.0,73.0,280.84,37,162.03
"mcts:reward=score,guide=ppo:runs/ppo/pass2/p2b_pool_s3.json","mcts:reward=score,opponent=infer",2,9001,52,0,0.0,0.0,-27.0,73.0,100.0,89.0,-16.0,0.0,2.0,0.0,26.0,12.0,3.75,4.0,0.0,4.0,19.0,0.0,27.0,0.0,2.0,0.0,0.0,1.0,69.0,254.03,36,149.45
"mcts:reward=score,guide=ppo:runs/ppo/pass2/p2b_pool_s3.json","mcts:reward=score,opponent=infer",2,9001,53,1,0.0,0.0,-9.0,94.0,103.0,100.0,-16.0,0.0,2.0,1.0,27.0,10.0,4.5,6.0,0.0,5.0,13.0,1.0,33.0,0.0,2.0,0.0,0.0,1.0,68.0,273.65,35,155.39
"mcts:reward=score,guide=ppo:runs/ppo/pass2/p2b_pool_s3.json","mcts:reward=score,opponent=infer",2,9001,54,1,1.0,1.0,31.0,107.0,76.0,99.0,-2.0,1.0,1.0,1.0,41.0,10.0,4.5,6.0,0.0,5.0,22.0,0.0,28.0,0.0,2.0,0.0,0.0,1.0,69.0,263.6,36,158.13
"mcts:reward=score,guide=ppo:runs/ppo/pass2/p2b_pool_s3.json","mcts:reward=score,opponent=infer",2,9001,56,0,1.0,1.0,41.0,134.0,93.0,97.0,27.0,2.0,0.0,1.0,33.0,11.0,4.090909090909091,6.0,0.0,6.0,11.0,0.0,37.0,0.0,2.0,0.0,0.0,1.0,70.0,278.93,36,147.7
"mcts:reward=score,guide=ppo:runs/ppo/pass2/p2b_pool_s3.json","mcts:reward=score,opponent=infer",2,9001,58,0,0.0,0.0,-12.0,92.0,104.0,91.0,-9.0,1.0,1.0,1.0,30.0,11.0,4.090909090909091,5.0,0.0,4.0,25.0,2.0,21.0,0.0,2.0,0.0,0.0,1.0,71.0,283.16,37,162.92
"mcts:reward=score,guide=ppo:runs/ppo/pass2/p2b_pool_s3.json","mcts:reward=score,opponent=infer",2,9001,57,0,0.0,0.0,-32.0,78.0,110.0,92.0,-24.0,0.0,2.0,1.0,37.0,11.0,4.090909090909091,5.0,0.0,4.0,20.0,0.0,30.0,0.0,2.0,0.0,0.0,1.0,71.0,293.57,37,165.84
"mcts:reward=score,guide=ppo:runs/ppo/pass2/p2b_pool_s3.json","mcts:reward=score,opponent=infer",2,9001,55,1,0.0,0.0,-18.0,115.0,133.0,79.0,26.0,2.0,0.0,1.0,44.0,13.0,3.4615384615384617,3.0,0.0,4.0,18.0,1.0,28.0,0.0,2.0,0.0,0.0,1.0,74.0,309.29,38,160.74
"mcts:reward=score,guide=ppo:runs/ppo/pass2/p2b_pool_s3.json","mcts:reward=score,opponent=infer",2,9001,59,1,0.0,0.0,-23.0,92.0,115.0,86.0,-4.0,1.0,1.0,1.0,34.0,13.0,3.4615384615384617,4.0,0.0,1.0,40.0,0.0,18.0,0.0,2.0,0.0,0.0,1.0,84.0,299.74,43,161.16
"mcts:reward=score,guide=ppo:runs/ppo/pass2/p2b_pool_s3.json","mcts:reward=score,opponent=infer",2,9001,62,1,1.0,1.0,69.0,123.0,54.0,98.0,15.0,2.0,0.0,1.0,26.0,11.0,4.090909090909091,6.0,0.0,7.0,13.0,1.0,31.0,0.0,2.0,0.0,0.0,1.0,67.0,264.81,35,147.35
"mcts:reward=score,guide=ppo:runs/ppo/pass2/p2b_pool_s3.json","mcts:reward=score,opponent=infer",2,9001,61,1,0.0,0.0,-28.0,93.0,121.0,90.0,3.0,1.0,1.0,0.0,20.0,12.0,3.75,4.0,0.0,4.0,29.0,1.0,15.0,0.0,2.0,0.0,0.0,1.0,70.0,282.72,36,159.76
"mcts:reward=score,guide=ppo:runs/ppo/pass2/p2b_pool_s3.json","mcts:reward=score,opponent=infer",2,9001,63,1,1.0,1.0,24.0,117.0,93.0,84.0,23.0,2.0,0.0,1.0,32.0,13.0,3.4615384615384617,4.0,0.0,7.0,13.0,0.0,35.0,0.0,2.0,0.0,0.0,1.0,74.0,267.19,38,155.74
"mcts:reward=score,guide=ppo:runs/ppo/pass2/p2b_pool_s3.json","mcts:reward=score,opponent=infer",2,9001,60,1,1.0,1.0,15.0,113.0,98.0,98.0,5.0,1.0,1.0,1.0,39.0,11.0,4.090909090909091,6.0,0.0,5.0,19.0,0.0,35.0,0.0,2.0,0.0,0.0,1.0,76.0,301.05,39,175.26
"mcts:reward=score,guide=ppo:runs/ppo/pass2/p2b_pool_s3.json","mcts:reward=score,opponent=infer",2,9001,64,0,1.0,1.0,28.0,120.0,92.0,96.0,14.0,2.0,0.0,1.0,32.0,11.0,4.090909090909091,5.0,0.0,0.0,11.0,0.0,41.0,0.0,2.0,0.0,0.0,1.0,74.0,273.79,38,160.55
"mcts:reward=score,guide=ppo:runs/ppo/pass2/p2b_pool_s3.json","mcts:reward=score,opponent=infer",2,9001,65,0,0.0,0.0,-13.0,106.0,119.0,96.0,0.0,1.0,1.0,1.0,35.0,11.0,4.090909090909091,6.0,0.0,5.0,22.0,0.0,30.0,0.0,2.0,0.0,0.0,1.0,73.0,281.37,38,159.7
"mcts:reward=score,guide=ppo:runs/ppo/pass2/p2b_pool_s3.json","mcts:reward=score,opponent=infer",2,9001,67,1,1.0,1.0,7.0,90.0,83.0,101.0,-21.0,0.0,2.0,1.0,22.0,10.0,4.5,7.0,0.0,3.0,26.0,0.0,24.0,0.0,2.0,0.0,0.0,1.0,69.0,265.55,36,158.12
"mcts:reward=score,guide=ppo:runs/ppo/pass2/p2b_pool_s3.json","mcts:reward=score,opponent=infer",2,9001,66,0,0.0,0.0,-1.0,97.0,98.0,92.0,-5.0,1.0,1.0,1.0,34.0,11.0,4.090909090909091,5.0,0.0,4.0,24.0,0.0,36.0,0.0,2.0,0.0,0.0,1.0,81.0,311.4,42,176.71
"mcts:reward=score,guide=ppo:runs/ppo/pass2/p2b_pool_s3.json","mcts:reward=score,opponent=infer",2,9001,70,1,0.0,0.0,-4.0,110.0,114.0,96.0,4.0,1.0,1.0,1.0,33.0,11.0,4.090909090909091,6.0,0.0,5.0,9.0,1.0,39.0,0.0,2.0,0.0,0.0,1.0,72.0,276.64,37,155.99
"mcts:reward=score,guide=ppo:runs/ppo/pass2/p2b_pool_s3.json","mcts:reward=score,opponent=infer",2,9001,69,1,0.0,0.0,-20.0,100.0,120.0,92.0,-2.0,1.0,1.0,1.0,35.0,10.0,4.5,5.0,0.0,5.0,15.0,1.0,37.0,0.0,2.0,0.0,0.0,1.0,74.0,292.51,38,167.53
"mcts:reward=score,guide=ppo:runs/ppo/pass2/p2b_pool_s3.json","mcts:reward=score,opponent=infer",2,9001,68,1,0.0,0.0,-14.0,120.0,134.0,91.0,19.0,2.0,0.0,1.0,35.0,11.0,4.090909090909091,5.0,0.0,7.0,20.0,0.0,38.0,0.0,2.0,0.0,0.0,1.0,79.0,303.86,41,171.69
"mcts:reward=score,guide=ppo:runs/ppo/pass2/p2b_pool_s3.json","mcts:reward=score,opponent=infer",2,9001,71,1,1.0,1.0,6.0,118.0,112.0,80.0,38.0,3.0,0.0,0.0,31.0,14.0,3.2142857142857144,4.0,0.0,4.0,31.0,0.0,23.0,0.0,3.0,0.0,0.0,1.0,81.0,332.17,42,181.19
"mcts:reward=score,guide=ppo:runs/ppo/pass2/p2b_pool_s3.json","mcts:reward=score,opponent=infer",2,9001,72,1,1.0,1.0,35.0,117.0,82.0,92.0,15.0,2.0,0.0,1.0,34.0,10.0,4.5,5.0,0.0,7.0,10.0,0.0,42.0,0.0,2.0,0.0,0.0,1.0,72.0,269.42,37,149.77
"mcts:reward=score,guide=ppo:runs/ppo/pass2/p2b_pool_s3.json","mcts:reward=score,opponent=infer",2,9001,75,0,1.0,1.0,15.0,93.0,78.0,104.0,-21.0,0.0,2.0,1.0,26.0,9.0,5.0,7.0,0.0,7.0,9.0,0.0,35.0,0.0,2.0,0.0,0.0,1.0,62.0,262.02,32,147.98
"mcts:reward=score,guide=ppo:runs/ppo/pass2/p2b_pool_s3.json","mcts:reward=score,opponent=infer",2,9001,76,0,0.0,0.0,-7.0,112.0,119.0,97.0,5.0,1.0,1.0,1.0,33.0,10.0,4.5,5.0,0.0,4.0,21.0,0.0,37.0,0.0,2.0,0.0,0.0,1.0,77.0,266.75,40,158.76
"mcts:reward=score,guide=ppo:runs/ppo/pass2/p2b_pool_s3.json","mcts:reward=score,opponent=infer",2,9001,73,1,0.0,0.0,-5.0,118.0,123.0,89.0,19.0,2.0,0.0,1.0,38.0,12.0,3.75,4.0,0.0,4.0,12.0,1.0,38.0,0.0,2.0,0.0,0.0,1.0,75.0,283.11,39,168.51
"mcts:reward=score,guide=ppo:runs/ppo/pass2/p2b_pool_s3.json","mcts:reward=score,opponent=infer",2,9001,74,1,0.0,0.0,-51.0,104.0,155.0,93.0,1.0,1.0,1.0,1.0,45.0,11.0,4.090909090909091,5.0,0.0,6.0,15.0,0.0,37.0,0.0,2.0,0.0,0.0,1.0,74.0,299.12,38,162.66
"mcts:reward=score,guide=ppo:runs/ppo/pass2/p2b_pool_s3.json","mcts:reward=score,opponent=infer",2,9001,77,1,1.0,1.0,7.0,115.0,108.0,93.0,12.0,1.0,1.0,1.0,34.0,11.0,4.090909090909091,5.0,0.0,6.0,15.0,0.0,31.0,0.0,2.0,0.0,0.0,1.0,68.0,263.56,35,142.13
"mcts:reward=score,guide=ppo:runs/ppo/pass2/p2b_pool_s3.json","mcts:reward=score,opponent=infer",2,9001,79,1,1.0,1.0,35.0,120.0,85.0,91.0,19.0,2.0,0.0,1.0,33.0,11.0,4.090909090909091,5.0,0.0,5.0,21.0,0.0,31.0,0.0,2.0,0.0,0.0,1.0,73.0,267.47,38,155.42
"mcts:reward=score,guide=ppo:runs/ppo/pass2/p2b_pool_s3.json","mcts:reward=score,opponent=infer",2,9001,78,0,0.0,0.0,-11.0,123.0,134.0,87.0,36.0,2.0,0.0,0.0,26.0,10.0,4.2,5.0,3.0,8.0,11.0,0.0,45.0,0.0,2.0,0.0,0.0,0.0,76.0,314.6,39,175.98
"mcts:reward=score,guide=ppo:runs/ppo/pass2/p2b_pool_s3.json","mcts:reward=score,opponent=infer",2,9001,80,1,0.0,0.0,-38.0,110.0,148.0,85.0,25.0,2.0,0.0,0.0,22.0,13.0,3.4615384615384617,4.0,0.0,4.0,23.0,1.0,33.0,0.0,2.0,0.0,0.0,1.0,84.0,294.55,43,160.99
"mcts:reward=score,guide=ppo:runs/ppo/pass2/p2b_pool_s3.json","mcts:reward=score,opponent=infer",2,9001,82,1,1.0,1.0,15.0,109.0,94.0,86.0,13.0,1.0,1.0,1.0,40.0,10.0,4.1,5.0,4.0,2.0,37.0,0.0,21.0,0.0,2.0,0.0,0.0,0.0,78.0,287.94,40,167.51
"mcts:reward=score,guide=ppo:runs/ppo/pass2/p2b_pool_s3.json","mcts:reward=score,opponent=infer",2,9001,81,0,0.0,0.0,-16.0,120.0,136.0,87.0,23.0,2.0,0.0,1.0,24.0,12.0,3.6666666666666665,4.0,1.0,5.0,29.0,1.0,23.0,0.0,2.0,0.0,0.0,1.0,78.0,309.17,40,167.2
"mcts:reward=score,guide=ppo:runs/ppo/pass2/p2b_pool_s3.json","mcts:reward=score,opponent=infer",2,9001,83,0,0.0,0.0,-5.0,92.0,97.0,83.0,-1.0,1.0,1.0,1.0,26.0,14.0,3.2142857142857144,5.0,0.0,3.0,18.0,0.0,28.0,0.0,2.0,0.0,0.0,1.0,74.0,281.2,38,153.51
"mcts:reward=score,guide=ppo:runs/ppo/pass2/p2b_pool_s3.json","mcts:reward=score,opponent=infer",2,9001,87,0,1.0,1.0,65.0,133.0,68.0,99.0,24.0,2.0,0.0,1.0,28.0,10.0,4.5,6.0,0.0,6.0,9.0,0.0,43.0,0.0,2.0,0.0,0.0,1.0,72.0,266.86,37,148.01
"mcts:reward=score,guide=ppo:runs/ppo/pass2/p2b_pool_s3.json","mcts:reward=score,opponent=infer",2,9001,84,0,1.0,1.0,26.0,119.0,93.0,89.0,20.0,2.0,0.0,1.0,28.0,11.0,4.090909090909091,4.0,0.0,5.0,29.0,1.0,23.0,0.0,2.0,0.0,0.0,1.0,76.0,289.13,39,168.35
"mcts:reward=score,guide=ppo:runs/ppo/pass2/p2b_pool_s3.json","mcts:reward=score,opponent=infer",2,9001,86,1,0.0,0.0,-5.0,98.0,103.0,88.0,0.0,1.0,1.0,1.0,36.0,13.0,3.4615384615384617,4.0,0.0,5.0,10.0,0.0,40.0,0.0,2.0,0.0,0.0,1.0,75.0,287.19,39,163.24
"mcts:reward=score,guide=ppo:runs/ppo/pass2/p2b_pool_s3.json","mcts:reward=score,opponent=infer",2,9001,88,0,0.0,0.0,-7.0,105.0,112.0,101.0,4.0,1.0,1.0,0.0,14.0,9.0,5.0,7.0,0.0,5.0,15.0,0.0,37.0,0.0,2.0,0.0,0.0,1.0,69.0,269.05,36,146.72
"mcts:reward=score,guide=ppo:runs/ppo/pass2/p2b_pool_s3.json","mcts:reward=score,opponent=infer",2,9001,85,0,0.0,0.0,-15.0,126.0,141.0,83.0,33.0,3.0,0.0,1.0,32.0,12.0,3.75,3.0,0.0,4.0,31.0,1.0,23.0,0.0,3.0,0.0,0.0,1.0,80.0,334.25,41,173.53
"mcts:reward=score,guide=ppo:runs/ppo/pass2/p2b_pool_s3.json","mcts:reward=score,opponent=infer",2,9001,89,0,1.0,1.0,27.0,121.0,94.0,89.0,22.0,2.0,0.0,1.0,35.0,12.0,3.75,5.0,0.0,6.0,13.0,0.0,45.0,0.0,2.0,0.0,0.0,1.0,82.0,305.28,42,175.72
"mcts:reward=score,guide=ppo:runs/ppo/pass2/p2b_pool_s3.json","mcts:reward=score,opponent=infer",2,9001,90,0,1.0,1.0,54.0,123.0,69.0,89.0,24.0,2.0,0.0,1.0,40.0,12.0,3.75,4.0,0.0,6.0,14.0,0.0,28.0,0.0,2.0,0.0,0.0,1.0,66.0,260.95,34,141.4
"mcts:reward=score,guide=ppo:runs/ppo/pass2/p2b_pool_s3.json","mcts:reward=score,opponent=infer",2,9001,92,0,0.0,0.0,-2.0,101.0,103.0,89.0,2.0,1.0,1.0,1.0,24.0,12.0,3.75,4.0,0.0,3.0,25.0,1.0,25.0,0.0,2.0,0.0,0.0,1.0,75.0,268.58,39,153.82
"mcts:reward=score,guide=ppo:runs/ppo/pass2/p2b_pool_s3.json","mcts:reward=score,opponent=infer",2,9001,91,0,0.0,0.0,-11.0,85.0,96.0,98.0,-23.0,0.0,2.0,1.0,27.0,10.0,4.5,6.0,0.0,5.0,23.0,2.0,29.0,0.0,2.0,0.0,0.0,1.0,76.0,292.77,39,174.58
"mcts:reward=score,guide=ppo:runs/ppo/pass2/p2b_pool_s3.json","mcts:reward=score,opponent=infer",2,9001,93,0,0.0,0.0,-28.0,83.0,111.0,92.0,-19.0,0.0,2.0,1.0,38.0,11.0,4.090909090909091,4.0,0.0,1.0,21.0,0.0,25.0,0.0,2.0,0.0,0.0,1.0,68.0,278.03,35,154.64
"mcts:reward=score,guide=ppo:runs/ppo/pass2/p2b_pool_s3.json","mcts:reward=score,opponent=infer",2,9001,94,1,0.0,0.0,-19.0,118.0,137.0,88.0,20.0,2.0,0.0,1.0,35.0,11.0,4.090909090909091,4.0,0.0,2.0,21.0,0.0,31.0,0.0,2.0,0.0,0.0,1.0,74.0,293.3,38,163.63
"mcts:reward=score,guide=ppo:runs/ppo/pass2/p2b_pool_s3.json","mcts:reward=score,opponent=infer",2,9001,95,0,1.0,1.0,4.0,104.0,100.0,97.0,-3.0,1.0,1.0,1.0,29.0,10.0,4.5,5.0,0.0,6.0,16.0,0.0,36.0,0.0,2.0,0.0,0.0,1.0,71.0,258.68,37,146.13
"mcts:reward=score,guide=ppo:runs/ppo/pass2/p2b_pool_s3.json","mcts:reward=score,opponent=infer",2,9001,96,1,0.0,0.0,-24.0,102.0,126.0,96.0,-4.0,1.0,1.0,1.0,33.0,11.0,4.090909090909091,5.0,0.0,1.0,18.0,0.0,26.0,0.0,2.0,0.0,0.0,1.0,66.0,246.97,34,137.19
"mcts:reward=score,guide=ppo:runs/ppo/pass2/p2b_pool_s3.json","mcts:reward=score,opponent=infer",2,9001,99,1,0.0,0.0,-2.0,110.0,112.0,91.0,19.0,2.0,0.0,0.0,37.0,12.0,3.75,4.0,0.0,5.0,8.0,0.0,34.0,0.0,2.0,0.0,0.0,1.0,66.0,239.93,34,131.78
"mcts:reward=score,guide=ppo:runs/ppo/pass2/p2b_pool_s3.json","mcts:reward=score,opponent=infer",2,9001,97,0,0.0,0.0,-29.0,86.0,115.0,92.0,-16.0,0.0,2.0,1.0,33.0,11.0,4.090909090909091,5.0,0.0,7.0,7.0,0.0,45.0,0.0,2.0,0.0,0.0,1.0,74.0,267.81,38,151.04
"mcts:reward=score,guide=ppo:runs/ppo/pass2/p2b_pool_s3.json","mcts:reward=score,opponent=infer",2,9001,98,1,0.0,0.0,-3.0,127.0,130.0,79.0,38.0,2.0,0.0,1.0,31.0,12.0,3.6666666666666665,3.0,1.0,4.0,22.0,0.0,32.0,0.0,2.0,0.0,0.0,0.0,79.0,262.89,40,138.26
