agent,opponent,players,seed,game,seat,won,win_share,margin,score,opp_score,route_points,ticket_points,tickets_completed,tickets_failed,longest_bonus,longest_path,claims,mean_claim_length,long_claims,trains_left,locomotives_spent,draw_color,draw_locomotive,draw_blind,ticket_draws,tickets_kept,final_round_ticket_draws,passes,triggered_end,turns,seconds,searches,search_seconds
racer,racer,2,9001,0,0,1.0,1.0,15.0,90.0,75.0,103.0,-23.0,0.0,2.0,1.0,21.0,9.0,5.0,7.0,0.0,7.0,7.0,0.0,39.0,0.0,2.0,0.0,0.0,1.0,63.0,0.01,0,0.0
racer,racer,2,9001,1,0,0.0,0.0,-19.0,64.0,83.0,87.0,-23.0,0.0,2.0,0.0,11.0,7.0,5.428571428571429,6.0,7.0,4.0,9.0,0.0,37.0,0.0,2.0,0.0,0.0,0.0,61.0,0.01,0,0.0
racer,racer,2,9001,2,1,1.0,1.0,0.0,85.0,85.0,90.0,-15.0,0.0,2.0,1.0,17.0,7.0,5.571428571428571,7.0,6.0,7.0,5.0,0.0,45.0,0.0,2.0,0.0,0.0,0.0,65.0,0.02,0,0.0
racer,racer,2,9001,3,0,0.0,0.0,-32.0,65.0,97.0,79.0,-14.0,0.0,2.0,0.0,11.0,7.0,5.142857142857143,6.0,9.0,6.0,3.0,0.0,41.0,0.0,2.0,0.0,0.0,0.0,59.0,0.01,0,0.0
racer,racer,2,9001,4,0,0.0,0.0,-13.0,75.0,88.0,94.0,-19.0,0.0,2.0,0.0,14.0,8.0,5.25,7.0,3.0,2.0,13.0,0.0,31.0,0.0,2.0,0.0,0.0,0.0,60.0,0.01,0,0.0
racer,racer,2,9001,5,1,0.0,0.0,-19.0,71.0,90.0,92.0,-21.0,0.0,2.0,0.0,19.0,8.0,5.125,7.0,4.0,7.0,9.0,0.0,33.0,0.0,2.0,0.0,0.0,0.0,59.0,0.01,0,0.0
racer,racer,2,9001,6,0,1.0,1.0,2.0,94.0,92.0,101.0,-17.0,0.0,2.0,1.0,12.0,9.0,5.0,8.0,0.0,3.0,9.0,0.0,33.0,0.0,2.0,0.0,0.0,1.0,59.0,0.01,0,0.0
racer,racer,2,9001,7,0,1.0,1.0,5.0,89.0,84.0,97.0,-18.0,0.0,2.0,1.0,18.0,8.0,5.375,7.0,2.0,7.0,1.0,0.0,53.0,0.0,2.0,0.0,0.0,0.0,71.0,0.02,0,0.0
racer,racer,2,9001,8,0,0.0,0.0,-14.0,84.0,98.0,100.0,-16.0,0.0,2.0,0.0,12.0,8.0,5.5,8.0,1.0,5.0,6.0,0.0,38.0,0.0,2.0,0.0,0.0,0.0,61.0,0.02,0,0.0
racer,racer,2,9001,9,0,1.0,1.0,17.0,97.0,80.0,103.0,-16.0,0.0,2.0,1.0,27.0,9.0,5.0,7.0,0.0,8.0,9.0,0.0,37.0,0.0,2.0,0.0,0.0,1.0,63.0,0.01,0,0.0
racer,racer,2,9001,10,1,0.0,0.0,-28.0,70.0,98.0,90.0,-20.0,0.0,2.0,0.0,11.0,7.0,5.571428571428571,7.0,6.0,4.0,5.0,0.0,43.0,0.0,2.0,0.0,0.0,0.0,63.0,0.01,0,0.0
racer,racer,2,9001,11,1,0.0,0.0,-1.0,88.0,89.0,95.0,-17.0,0.0,2.0,1.0,12.0,7.0,5.714285714285714,7.0,5.0,8.0,6.0,0.0,50.0,0.0,2.0,0.0,0.0,0.0,71.0,0.01,0,0.0
racer,racer,2,9001,12,1,0.0,0.0,-8.0,81.0,89.0,103.0,-22.0,0.0,2.0,0.0,12.0,9.0,5.0,7.0,0.0,4.0,6.0,0.0,36.0,0.0,2.0,0.0,0.0,1.0,60.0,0.01,0,0.0
racer,racer,2,9001,13,1,1.0,1.0,27.0,94.0,67.0,103.0,-19.0,0.0,2.0,1.0,22.0,9.0,5.0,7.0,0.0,2.0,9.0,0.0,35.0,0.0,2.0,0.0,0.0,1.0,61.0,0.02,0,0.0
racer,racer,2,9001,14,0,1.0,1.0,15.0,97.0,82.0,101.0,-14.0,0.0,2.0,1.0,18.0,9.0,5.0,8.0,0.0,6.0,5.0,0.0,41.0,0.0,2.0,0.0,0.0,1.0,64.0,0.01,0,0.0
racer,racer,2,9001,15,1,0.0,0.0,-22.0,68.0,90.0,94.0,-26.0,0.0,2.0,0.0,14.0,8.0,5.25,7.0,3.0,5.0,9.0,0.0,35.0,0.0,2.0,0.0,0.0,0.0,61.0,0.01,0,0.0
racer,racer,2,9001,16,0,0.0,0.0,-9.0,85.0,94.0,95.0,-10.0,0.0,2.0,0.0,11.0,7.0,5.714285714285714,7.0,5.0,6.0,5.0,0.0,45.0,0.0,2.0,0.0,0.0,0.0,65.0,0.01,0,0.0
racer,racer,2,9001,17,1,0.0,0.0,-34.0,66.0,100.0,87.0,-21.0,0.0,2.0,0.0,11.0,7.0,5.428571428571429,6.0,7.0,7.0,6.0,0.0,40.0,0.0,2.0,0.0,0.0,0.0,61.0,0.01,0,0.0
racer,racer,2,9001,18,0,1.0,1.0,3.0,91.0,88.0,102.0,-21.0,0.0,2.0,1.0,16.0,8.0,5.5,7.0,1.0,7.0,4.0,0.0,48.0,0.0,2.0,0.0,0.0,0.0,68.0,0.01,0,0.0
racer,racer,2,9001,19,0,1.0,1.0,18.0,92.0,74.0,101.0,-19.0,0.0,2.0,1.0,23.0,9.0,5.0,7.0,0.0,4.0,6.0,0.0,42.0,0.0,2.0,0.0,0.0,1.0,66.0,0.01,0,0.0
racer,racer,2,9001,20,1,0.0,0.0,-5.0,80.0,85.0,103.0,-23.0,0.0,2.0,0.0,13.0,9.0,5.0,7.0,0.0,5.0,4.0,0.0,56.0,0.0,2.0,0.0,0.0,1.0,77.0,0.01,0,0.0
racer,racer,2,9001,21,0,0.0,0.0,-32.0,65.0,97.0,87.0,-22.0,0.0,2.0,0.0,16.0,7.0,5.428571428571429,6.0,7.0,3.0,3.0,0.0,47.0,0.0,2.0,0.0,0.0,0.0,64.0,0.01,0,0.0
racer,racer,2,9001,22,0,0.0,0.0,-2.0,88.0,90.0,100.0,-22.0,0.0,2.0,1.0,17.0,8.0,5.5,8.0,1.0,7.0,9.0,0.0,43.0,0.0,2.0,0.0,0.0,0.0,68.0,0.01,0,0.0
racer,racer,2,9001,23,0,0.0,0.0,-20.0,71.0,91.0,90.0,-19.0,0.0,2.0,0.0,16.0,7.0,5.571428571428571,7.0,6.0,6.0,5.0,0.0,43.0,0.0,2.0,0.0,0.0,0.0,63.0,0.01,0,0.0
racer,racer,2,9001,24,0,1.0,1.0,27.0,94.0,67.0,103.0,-19.0,0.0,2.0,1.0,16.0,9.0,5.0,7.0,0.0,3.0,7.0,0.0,35.0,0.0,2.0,0.0,0.0,1.0,60.0,0.01,0,0.0
racer,greedy,2,9001,0,0,1.0,1.0,18.0,96.0,78.0,109.0,-23.0,0.0,2.0,1.0,21.0,8.0,5.625,7.0,0.0,8.0,8.0,0.0,50.0,0.0,2.0,0.0,0.0,1.0,73.0,0.01,0,0.0
racer,greedy,2,9001,1,0,1.0,1.0,73.0,96.0,23.0,109.0,-23.0,0.0,2.0,1.0,18.0,8.0,5.625,7.0,0.0,7.0,7.0,0.0,43.0,0.0,2.0,0.0,0.0,1.0,66.0,0.02,0,0.0
racer,greedy,2,9001,2,1,1.0,1.0,14.0,104.0,90.0,109.0,-15.0,0.0,2.0,1.0,18.0,8.0,5.625,7.0,0.0,7.0,3.0,0.0,51.0,0.0,2.0,0.0,0.0,1.0,70.0,0.01,0,0.0
racer,greedy,2,9001,3,0,1.0,1.0,34.0,95.0,61.0,109.0,-14.0,0.0,2.0,0.0,12.0,8.0,5.625,7.0,0.0,5.0,5.0,0.0,51.0,0.0,2.0,0.0,0.0,1.0,72.0,0.02,0,0.0
racer,greedy,2,9001,4,0,0.0,0.0,0.0,90.0,90.0,109.0,-19.0,0.0,2.0,0.0,15.0,8.0,5.625,7.0,0.0,5.0,3.0,0.0,47.0,0.0,2.0,0.0,0.0,1.0,65.0,0.01,0,0.0
racer,greedy,2,9001,5,1,0.0,0.0,-27.0,88.0,115.0,109.0,-21.0,0.0,2.0,0.0,18.0,8.0,5.625,7.0,0.0,8.0,6.0,0.0,44.0,0.0,2.0,0.0,0.0,1.0,66.0,0.01,0,0.0
racer,greedy,2,9001,6,0,1.0,1.0,29.0,92.0,63.0,109.0,-17.0,0.0,2.0,0.0,12.0,8.0,5.625,7.0,0.0,6.0,6.0,0.0,46.0,0.0,2.0,0.0,0.0,1.0,67.0,0.01,0,0.0
racer,greedy,2,9001,7,0,0.0,0.0,0.0,91.0,91.0,109.0,-18.0,0.0,2.0,0.0,15.0,8.0,5.625,7.0,0.0,6.0,4.0,0.0,50.0,0.0,2.0,0.0,0.0,1.0,70.0,0.02,0,0.0
racer,greedy,2,9001,8,0,0.0,0.0,-3.0,93.0,96.0,109.0,-16.0,0.0,2.0,0.0,12.0,8.0,5.625,7.0,0.0,5.0,1.0,0.0,53.0,0.0,2.0,0.0,0.0,1.0,70.0,0.03,0,0.0
racer,greedy,2,9001,9,0,1.0,1.0,52.0,103.0,51.0,109.0,-16.0,0.0,2.0,1.0,18.0,8.0,5.625,7.0,0.0,7.0,5.0,0.0,47.0,0.0,2.0,0.0,0.0,1.0,67.0,0.01,0,0.0
racer,greedy,2,9001,10,1,0.0,0.0,-6.0,99.0,105.0,109.0,-20.0,0.0,2.0,1.0,15.0,8.0,5.625,7.0,0.0,6.0,4.0,0.0,52.0,0.0,2.0,0.0,0.0,1.0,72.0,0.02,0,0.0
racer,greedy,2,9001,11,1,1.0,1.0,12.0,92.0,80.0,109.0,-17.0,0.0,2.0,0.0,12.0,8.0,5.625,7.0,0.0,8.0,0.0,0.0,50.0,0.0,2.0,0.0,0.0,1.0,66.0,0.01,0,0.0
racer,greedy,2,9001,12,1,0.0,0.0,-34.0,87.0,121.0,109.0,-22.0,0.0,2.0,0.0,21.0,8.0,5.625,7.0,0.0,9.0,3.0,0.0,57.0,0.0,2.0,0.0,0.0,1.0,76.0,0.02,0,0.0
racer,greedy,2,9001,13,1,1.0,1.0,14.0,90.0,76.0,109.0,-19.0,0.0,2.0,0.0,12.0,8.0,5.625,7.0,0.0,6.0,3.0,0.0,63.0,0.0,2.0,0.0,0.0,1.0,81.0,0.02,0,0.0
racer,greedy,2,9001,14,0,0.0,0.0,-1.0,95.0,96.0,109.0,-14.0,0.0,2.0,0.0,18.0,8.0,5.625,7.0,0.0,8.0,5.0,0.0,51.0,0.0,2.0,0.0,0.0,1.0,72.0,0.01,0,0.0
racer,greedy,2,9001,15,1,0.0,0.0,-16.0,83.0,99.0,109.0,-26.0,0.0,2.0,0.0,15.0,8.0,5.625,7.0,0.0,6.0,6.0,0.0,48.0,0.0,2.0,0.0,0.0,1.0,70.0,0.02,0,0.0
racer,greedy,2,9001,16,0,1.0,1.0,10.0,99.0,89.0,109.0,-10.0,0.0,2.0,0.0,12.0,8.0,5.625,7.0,0.0,9.0,2.0,0.0,58.0,0.0,2.0,0.0,0.0,1.0,76.0,0.02,0,0.0
racer,greedy,2,9001,17,1,1.0,1.0,30.0,97.0,67.0,108.0,-21.0,0.0,2.0,1.0,32.0,9.0,5.0,7.0,0.0,7.0,3.0,0.0,45.0,0.0,2.0,0.0,0.0,1.0,66.0,0.01,0,0.0
racer,greedy,2,9001,18,0,0.0,0.0,-18.0,88.0,106.0,109.0,-21.0,0.0,2.0,0.0,12.0,8.0,5.625,7.0,0.0,6.0,11.0,0.0,39.0,0.0,2.0,0.0,0.0,1.0,65.0,0.02,0,0.0
racer,greedy,2,9001,19,0,0.0,0.0,-38.0,81.0,119.0,100.0,-19.0,0.0,2.0,0.0,17.0,7.0,5.857142857142857,7.0,4.0,9.0,3.0,0.0,57.0,0.0,2.0,0.0,0.0,0.0,75.0,0.02,0,0.0
racer,greedy,2,9001,20,1,1.0,1.0,1.0,86.0,85.0,109.0,-23.0,0.0,2.0,0.0,18.0,8.0,5.625,7.0,0.0,6.0,8.0,0.0,56.0,0.0,2.0,0.0,0.0,1.0,79.0,0.02,0,0.0
racer,greedy,2,9001,21,0,1.0,1.0,8.0,97.0,89.0,109.0,-22.0,0.0,2.0,1.0,18.0,8.0,5.625,7.0,0.0,6.0,6.0,0.0,42.0,0.0,2.0,0.0,0.0,1.0,63.0,0.01,0,0.0
racer,greedy,2,9001,22,0,1.0,1.0,7.0,87.0,80.0,109.0,-22.0,0.0,2.0,0.0,15.0,8.0,5.625,7.0,0.0,7.0,8.0,0.0,42.0,0.0,2.0,0.0,0.0,1.0,65.0,0.01,0,0.0
racer,greedy,2,9001,23,0,1.0,1.0,28.0,100.0,72.0,109.0,-19.0,0.0,2.0,1.0,27.0,8.0,5.625,7.0,0.0,8.0,9.0,0.0,43.0,0.0,2.0,0.0,0.0,1.0,68.0,0.01,0,0.0
racer,greedy,2,9001,24,0,1.0,1.0,31.0,90.0,59.0,109.0,-19.0,0.0,2.0,0.0,15.0,8.0,5.625,7.0,0.0,6.0,2.0,0.0,48.0,0.0,2.0,0.0,0.0,1.0,66.0,0.01,0,0.0
greedy,racer,2,9001,0,0,1.0,1.0,12.0,106.0,94.0,54.0,42.0,4.0,0.0,1.0,24.0,15.0,2.7333333333333334,0.0,4.0,5.0,6.0,0.0,34.0,1.0,4.0,0.0,0.0,0.0,72.0,0.01,0,0.0
greedy,racer,2,9001,1,0,1.0,1.0,41.0,122.0,81.0,46.0,66.0,8.0,1.0,1.0,21.0,15.0,2.4,1.0,9.0,7.0,5.0,0.0,33.0,4.0,9.0,0.0,0.0,0.0,77.0,0.02,0,0.0
greedy,racer,2,9001,2,1,0.0,0.0,-2.0,89.0,91.0,44.0,35.0,4.0,0.0,1.0,22.0,13.0,2.5384615384615383,0.0,12.0,4.0,9.0,0.0,29.0,1.0,4.0,0.0,0.0,0.0,67.0,0.02,0,0.0
greedy,racer,2,9001,3,0,0.0,0.0,-19.0,84.0,103.0,41.0,43.0,5.0,0.0,0.0,14.0,12.0,2.5,1.0,15.0,6.0,6.0,0.0,32.0,1.0,5.0,0.0,0.0,0.0,65.0,0.01,0,0.0
greedy,racer,2,9001,4,0,0.0,0.0,-4.0,83.0,87.0,43.0,30.0,4.0,1.0,1.0,20.0,12.0,2.5,1.0,15.0,5.0,3.0,0.0,35.0,1.0,5.0,0.0,0.0,0.0,64.0,0.01,0,0.0
greedy,racer,2,9001,5,1,0.0,0.0,-3.0,97.0,100.0,48.0,49.0,5.0,0.0,0.0,14.0,14.0,2.5714285714285716,1.0,9.0,7.0,7.0,0.0,29.0,1.0,5.0,0.0,0.0,0.0,67.0,0.01,0,0.0
greedy,racer,2,9001,6,0,1.0,1.0,22.0,114.0,92.0,51.0,53.0,5.0,0.0,1.0,16.0,14.0,2.5714285714285716,1.0,9.0,4.0,14.0,0.0,26.0,1.0,5.0,0.0,0.0,0.0,70.0,0.01,0,0.0
greedy,racer,2,9001,7,0,0.0,0.0,-18.0,82.0,100.0,39.0,43.0,5.0,0.0,0.0,13.0,14.0,2.2857142857142856,0.0,13.0,4.0,3.0,0.0,37.0,1.0,5.0,0.0,0.0,0.0,71.0,0.01,0,0.0
greedy,racer,2,9001,8,0,0.0,0.0,-21.0,85.0,106.0,53.0,32.0,4.0,1.0,0.0,13.0,12.0,2.9166666666666665,2.0,10.0,8.0,6.0,0.0,46.0,1.0,5.0,0.0,0.0,0.0,79.0,0.02,0,0.0
greedy,racer,2,9001,9,0,0.0,0.0,-51.0,51.0,102.0,43.0,8.0,3.0,1.0,0.0,11.0,13.0,2.3846153846153846,2.0,14.0,3.0,6.0,0.0,36.0,1.0,4.0,0.0,0.0,0.0,70.0,0.01,0,0.0
greedy,racer,2,9001,10,1,0.0,0.0,-16.0,90.0,106.0,45.0,35.0,4.0,1.0,1.0,15.0,13.0,2.4615384615384617,1.0,13.0,7.0,8.0,0.0,32.0,1.0,5.0,0.0,0.0,0.0,69.0,0.01,0,0.0
greedy,racer,2,9001,11,1,0.0,0.0,-39.0,58.0,97.0,41.0,17.0,3.0,1.0,0.0,12.0,13.0,2.3846153846153846,1.0,14.0,4.0,9.0,0.0,29.0,1.0,4.0,0.0,0.0,0.0,67.0,0.01,0,0.0
greedy,racer,2,9001,12,1,1.0,1.0,14.0,105.0,91.0,51.0,44.0,3.0,0.0,1.0,28.0,13.0,2.6153846153846154,2.0,11.0,4.0,14.0,0.0,32.0,1.0,3.0,0.0,0.0,0.0,75.0,0.02,0,0.0
greedy,racer,2,9001,13,1,0.0,0.0,-7.0,85.0,92.0,43.0,42.0,5.0,1.0,0.0,19.0,14.0,2.357142857142857,1.0,12.0,5.0,6.0,0.0,30.0,2.0,6.0,0.0,0.0,0.0,68.0,0.01,0,0.0
greedy,racer,2,9001,14,0,0.0,0.0,-66.0,36.0,102.0,39.0,-3.0,3.0,2.0,0.0,15.0,13.0,2.3846153846153846,0.0,14.0,6.0,4.0,0.0,38.0,1.0,5.0,0.0,0.0,0.0,71.0,0.02,0,0.0
greedy,racer,2,9001,15,1,0.0,0.0,-41.0,57.0,98.0,40.0,7.0,3.0,2.0,1.0,18.0,13.0,2.3076923076923075,1.0,15.0,4.0,7.0,0.0,25.0,1.0,5.0,0.0,0.0,0.0,61.0,0.01,0,0.0
greedy,racer,2,9001,16,0,0.0,0.0,-5.0,87.0,92.0,33.0,44.0,6.0,0.0,1.0,21.0,16.0,1.9375,0.0,14.0,7.0,4.0,0.0,32.0,2.0,6.0,0.0,0.0,0.0,73.0,0.01,0,0.0
greedy,racer,2,9001,17,1,0.0,0.0,-55.0,51.0,106.0,39.0,12.0,2.0,1.0,0.0,12.0,12.0,2.4166666666666665,1.0,16.0,7.0,5.0,0.0,35.0,1.0,3.0,0.0,0.0,0.0,67.0,0.01,0,0.0
greedy,racer,2,9001,18,0,0.0,0.0,-14.0,82.0,96.0,42.0,30.0,4.0,1.0,1.0,15.0,14.0,2.357142857142857,1.0,12.0,8.0,10.0,0.0,28.0,1.0,5.0,0.0,0.0,0.0,68.0,0.02,0,0.0
greedy,racer,2,9001,19,0,1.0,1.0,38.0,121.0,83.0,66.0,45.0,5.0,0.0,1.0,24.0,16.0,2.8125,1.0,0.0,7.0,7.0,0.0,39.0,1.0,5.0,0.0,0.0,0.0,81.0,0.02,0,0.0
greedy,racer,2,9001,20,1,1.0,1.0,21.0,108.0,87.0,51.0,47.0,4.0,0.0,1.0,16.0,13.0,2.769230769230769,1.0,9.0,3.0,8.0,0.0,28.0,1.0,4.0,0.0,0.0,0.0,64.0,0.01,0,0.0
greedy,racer,2,9001,21,0,0.0,0.0,-21.0,72.0,93.0,53.0,9.0,2.0,1.0,1.0,18.0,11.0,3.0,2.0,12.0,3.0,8.0,0.0,38.0,0.0,3.0,0.0,0.0,0.0,68.0,0.01,0,0.0
greedy,racer,2,9001,22,0,0.0,0.0,-25.0,81.0,106.0,46.0,35.0,4.0,1.0,0.0,14.0,14.0,2.4285714285714284,1.0,11.0,6.0,4.0,0.0,32.0,2.0,5.0,0.0,0.0,0.0,68.0,0.02,0,0.0
greedy,racer,2,9001,23,0,1.0,1.0,15.0,102.0,87.0,48.0,44.0,5.0,1.0,1.0,16.0,15.0,2.4,1.0,9.0,5.0,17.0,0.0,21.0,1.0,6.0,0.0,0.0,0.0,71.0,0.01,0,0.0
greedy,racer,2,9001,24,0,1.0,1.0,9.0,98.0,89.0,51.0,37.0,4.0,0.0,1.0,16.0,15.0,2.6,1.0,6.0,6.0,5.0,0.0,37.0,2.0,4.0,0.0,0.0,0.0,77.0,0.02,0,0.0
racer,wary,2,9001,0,0,1.0,1.0,8.0,96.0,88.0,109.0,-23.0,0.0,2.0,1.0,27.0,8.0,5.625,7.0,0.0,8.0,8.0,0.0,50.0,0.0,2.0,0.0,0.0,1.0,73.0,0.01,0,0.0
racer,wary,2,9001,1,0,1.0,1.0,66.0,96.0,30.0,109.0,-23.0,0.0,2.0,1.0,18.0,8.0,5.625,7.0,0.0,7.0,7.0,0.0,43.0,0.0,2.0,0.0,0.0,1.0,66.0,0.01,0,0.0
racer,wary,2,9001,2,1,1.0,1.0,14.0,104.0,90.0,109.0,-15.0,0.0,2.0,1.0,18.0,8.0,5.625,7.0,0.0,7.0,3.0,0.0,51.0,0.0,2.0,0.0,0.0,1.0,70.0,0.01,0,0.0
racer,wary,2,9001,3,0,1.0,1.0,19.0,95.0,76.0,109.0,-14.0,0.0,2.0,0.0,12.0,8.0,5.625,7.0,0.0,5.0,5.0,0.0,51.0,0.0,2.0,0.0,0.0,1.0,72.0,0.02,0,0.0
racer,wary,2,9001,4,0,1.0,1.0,9.0,90.0,81.0,109.0,-19.0,0.0,2.0,0.0,15.0,8.0,5.625,7.0,0.0,5.0,3.0,0.0,47.0,0.0,2.0,0.0,0.0,1.0,65.0,0.01,0,0.0
racer,wary,2,9001,5,1,0.0,0.0,-22.0,88.0,110.0,109.0,-21.0,0.0,2.0,0.0,18.0,8.0,5.625,7.0,0.0,8.0,6.0,0.0,44.0,0.0,2.0,0.0,0.0,1.0,66.0,0.02,0,0.0
racer,wary,2,9001,6,0,1.0,1.0,4.0,92.0,88.0,109.0,-17.0,0.0,2.0,0.0,12.0,8.0,5.625,7.0,0.0,6.0,6.0,0.0,48.0,0.0,2.0,0.0,0.0,1.0,69.0,0.02,0,0.0
racer,wary,2,9001,7,0,0.0,0.0,-7.0,91.0,98.0,109.0,-18.0,0.0,2.0,0.0,15.0,8.0,5.625,7.0,0.0,6.0,4.0,0.0,50.0,0.0,2.0,0.0,0.0,1.0,70.0,0.02,0,0.0
racer,wary,2,9001,8,0,1.0,1.0,3.0,93.0,90.0,109.0,-16.0,0.0,2.0,0.0,12.0,8.0,5.625,7.0,0.0,5.0,1.0,0.0,53.0,0.0,2.0,0.0,0.0,1.0,70.0,0.01,0,0.0
racer,wary,2,9001,9,0,0.0,0.0,-3.0,93.0,96.0,109.0,-16.0,0.0,2.0,0.0,18.0,8.0,5.625,7.0,0.0,7.0,5.0,0.0,47.0,0.0,2.0,0.0,0.0,1.0,67.0,0.01,0,0.0
racer,wary,2,9001,10,1,0.0,0.0,-9.0,89.0,98.0,109.0,-20.0,0.0,2.0,0.0,15.0,8.0,5.625,7.0,0.0,6.0,4.0,0.0,54.0,0.0,2.0,0.0,0.0,1.0,74.0,0.01,0,0.0
racer,wary,2,9001,11,1,0.0,0.0,-2.0,92.0,94.0,109.0,-17.0,0.0,2.0,0.0,12.0,8.0,5.625,7.0,0.0,8.0,0.0,0.0,50.0,0.0,2.0,0.0,0.0,1.0,66.0,0.02,0,0.0
racer,wary,2,9001,12,1,0.0,0.0,-13.0,87.0,100.0,109.0,-22.0,0.0,2.0,0.0,21.0,8.0,5.625,7.0,0.0,7.0,4.0,0.0,52.0,0.0,2.0,0.0,0.0,0.0,73.0,0.01,0,0.0
racer,wary,2,9001,13,1,0.0,0.0,-28.0,86.0,114.0,105.0,-19.0,0.0,2.0,0.0,12.0,7.0,6.0,7.0,3.0,6.0,3.0,0.0,61.0,0.0,2.0,0.0,0.0,0.0,78.0,0.02,0,0.0
racer,wary,2,9001,14,0,0.0,0.0,-3.0,95.0,98.0,109.0,-14.0,0.0,2.0,0.0,18.0,8.0,5.625,7.0,0.0,8.0,5.0,0.0,51.0,0.0,2.0,0.0,0.0,1.0,72.0,0.02,0,0.0
racer,wary,2,9001,15,1,0.0,0.0,-27.0,83.0,110.0,109.0,-26.0,0.0,2.0,0.0,15.0,8.0,5.625,7.0,0.0,6.0,6.0,0.0,48.0,0.0,2.0,0.0,0.0,1.0,70.0,0.01,0,0.0
racer,wary,2,9001,16,0,0.0,0.0,-9.0,99.0,108.0,109.0,-10.0,0.0,2.0,0.0,12.0,8.0,5.625,7.0,0.0,9.0,2.0,0.0,58.0,0.0,2.0,0.0,0.0,1.0,76.0,0.02,0,0.0
racer,wary,2,9001,17,1,1.0,1.0,20.0,97.0,77.0,108.0,-21.0,0.0,2.0,1.0,32.0,9.0,5.0,7.0,0.0,7.0,3.0,0.0,45.0,0.0,2.0,0.0,0.0,1.0,66.0,0.01,0,0.0
racer,wary,2,9001,18,0,1.0,1.0,6.0,88.0,82.0,109.0,-21.0,0.0,2.0,0.0,18.0,8.0,5.625,7.0,0.0,5.0,11.0,0.0,45.0,0.0,2.0,0.0,0.0,1.0,71.0,0.01,0,0.0
racer,wary,2,9001,19,0,0.0,0.0,-26.0,81.0,107.0,100.0,-19.0,0.0,2.0,0.0,12.0,7.0,5.857142857142857,7.0,4.0,8.0,1.0,0.0,57.0,0.0,2.0,0.0,0.0,0.0,73.0,0.02,0,0.0
racer,wary,2,9001,20,1,1.0,1.0,21.0,84.0,63.0,107.0,-23.0,0.0,2.0,0.0,18.0,8.0,5.5,7.0,1.0,6.0,8.0,0.0,42.0,0.0,2.0,0.0,0.0,1.0,65.0,0.01,0,0.0
racer,wary,2,9001,21,0,1.0,1.0,7.0,97.0,90.0,109.0,-22.0,0.0,2.0,1.0,18.0,8.0,5.625,7.0,0.0,6.0,6.0,0.0,42.0,0.0,2.0,0.0,0.0,1.0,63.0,0.01,0,0.0
racer,wary,2,9001,22,0,1.0,1.0,33.0,97.0,64.0,109.0,-22.0,0.0,2.0,1.0,12.0,8.0,5.625,7.0,0.0,7.0,8.0,0.0,42.0,0.0,2.0,0.0,0.0,1.0,65.0,0.02,0,0.0
racer,wary,2,9001,23,0,1.0,1.0,26.0,100.0,74.0,109.0,-19.0,0.0,2.0,1.0,27.0,8.0,5.625,7.0,0.0,8.0,9.0,0.0,43.0,0.0,2.0,0.0,0.0,1.0,68.0,0.01,0,0.0
racer,wary,2,9001,24,0,1.0,1.0,4.0,100.0,96.0,109.0,-19.0,0.0,2.0,1.0,21.0,8.0,5.625,7.0,0.0,6.0,2.0,0.0,46.0,0.0,2.0,0.0,0.0,0.0,65.0,0.01,0,0.0
greedy,greedy,2,9001,0,0,1.0,1.0,18.0,117.0,99.0,65.0,42.0,4.0,0.0,1.0,22.0,15.0,3.0,1.0,0.0,6.0,8.0,0.0,46.0,1.0,4.0,0.0,0.0,1.0,85.0,0.02,0,0.0
greedy,greedy,2,9001,1,0,1.0,1.0,50.0,157.0,107.0,66.0,81.0,8.0,0.0,1.0,29.0,16.0,2.8125,2.0,0.0,7.0,6.0,0.0,46.0,4.0,8.0,0.0,0.0,1.0,92.0,0.02,0,0.0
greedy,greedy,2,9001,2,1,0.0,0.0,-46.0,78.0,124.0,50.0,18.0,3.0,1.0,1.0,28.0,13.0,2.6153846153846154,1.0,11.0,4.0,14.0,0.0,42.0,1.0,4.0,0.0,0.0,0.0,85.0,0.02,0,0.0
greedy,greedy,2,9001,3,0,1.0,1.0,14.0,120.0,106.0,61.0,49.0,6.0,0.0,1.0,30.0,17.0,2.6470588235294117,1.0,0.0,9.0,0.0,0.0,46.0,2.0,6.0,0.0,0.0,1.0,84.0,0.02,0,0.0
greedy,greedy,2,9001,4,0,0.0,0.0,-28.0,105.0,133.0,57.0,48.0,5.0,0.0,0.0,23.0,17.0,2.5294117647058822,0.0,2.0,5.0,11.0,0.0,33.0,1.0,5.0,0.0,0.0,0.0,80.0,0.02,0,0.0
greedy,greedy,2,9001,5,1,0.0,0.0,-9.0,121.0,130.0,62.0,49.0,5.0,0.0,1.0,23.0,17.0,2.6470588235294117,1.0,0.0,8.0,6.0,0.0,42.0,1.0,5.0,0.0,0.0,1.0,84.0,0.02,0,0.0
greedy,greedy,2,9001,6,0,1.0,1.0,29.0,127.0,98.0,68.0,49.0,5.0,0.0,1.0,23.0,17.0,2.6470588235294117,2.0,0.0,4.0,20.0,0.0,30.0,1.0,5.0,0.0,0.0,1.0,85.0,0.02,0,0.0
greedy,greedy,2,9001,7,0,0.0,0.0,-27.0,85.0,112.0,50.0,35.0,4.0,0.0,0.0,24.0,17.0,2.411764705882353,0.0,4.0,7.0,10.0,0.0,36.0,1.0,4.0,0.0,0.0,0.0,83.0,0.02,0,0.0
greedy,greedy,2,9001,8,0,0.0,0.0,-9.0,109.0,118.0,62.0,47.0,5.0,0.0,0.0,13.0,14.0,2.9285714285714284,3.0,4.0,9.0,7.0,0.0,49.0,1.0,5.0,0.0,0.0,0.0,87.0,0.02,0,0.0
greedy,greedy,2,9001,9,0,0.0,0.0,-21.0,92.0,113.0,46.0,46.0,6.0,1.0,0.0,12.0,17.0,2.235294117647059,0.0,7.0,9.0,3.0,0.0,45.0,2.0,7.0,0.0,0.0,0.0,86.0,0.02,0,0.0
greedy,greedy,2,9001,10,1,0.0,0.0,-8.0,112.0,120.0,59.0,53.0,5.0,0.0,0.0,16.0,16.0,2.625,1.0,3.0,5.0,2.0,0.0,44.0,2.0,5.0,0.0,0.0,0.0,83.0,0.01,0,0.0
greedy,greedy,2,9001,11,1,1.0,1.0,1.0,100.0,99.0,71.0,29.0,3.0,0.0,0.0,18.0,16.0,2.75,2.0,1.0,11.0,12.0,0.0,44.0,0.0,3.0,0.0,0.0,1.0,88.0,0.01,0,0.0
greedy,greedy,2,9001,12,1,1.0,1.0,23.0,120.0,97.0,66.0,44.0,3.0,0.0,1.0,34.0,17.0,2.6470588235294117,2.0,0.0,7.0,12.0,0.0,34.0,1.0,3.0,0.0,0.0,1.0,82.0,0.02,0,0.0
greedy,greedy,2,9001,13,1,0.0,0.0,-6.0,117.0,123.0,55.0,62.0,6.0,0.0,0.0,20.0,19.0,2.3684210526315788,0.0,0.0,5.0,4.0,0.0,40.0,1.0,6.0,0.0,0.0,1.0,83.0,0.02,0,0.0
greedy,greedy,2,9001,14,0,1.0,1.0,23.0,110.0,87.0,58.0,42.0,4.0,0.0,1.0,27.0,18.0,2.5,0.0,0.0,8.0,3.0,0.0,45.0,1.0,4.0,0.0,0.0,1.0,86.0,0.02,0,0.0
greedy,greedy,2,9001,15,1,0.0,0.0,-31.0,105.0,136.0,60.0,45.0,4.0,0.0,0.0,19.0,17.0,2.5294117647058822,1.0,2.0,5.0,14.0,0.0,32.0,1.0,4.0,0.0,0.0,0.0,83.0,0.02,0,0.0
greedy,greedy,2,9001,16,0,0.0,0.0,-47.0,65.0,112.0,44.0,21.0,5.0,1.0,0.0,14.0,17.0,2.176470588235294,0.0,8.0,8.0,2.0,0.0,44.0,2.0,6.0,0.0,0.0,0.0,85.0,0.02,0,0.0
greedy,greedy,2,9001,17,1,0.0,0.0,-19.0,106.0,125.0,74.0,32.0,3.0,0.0,0.0,14.0,15.0,3.0,3.0,0.0,9.0,11.0,0.0,45.0,1.0,3.0,0.0,0.0,1.0,88.0,0.02,0,0.0
greedy,greedy,2,9001,18,0,0.0,0.0,-22.0,107.0,129.0,55.0,52.0,5.0,0.0,0.0,19.0,20.0,2.25,0.0,0.0,3.0,9.0,0.0,39.0,1.0,5.0,0.0,0.0,1.0,89.0,0.02,0,0.0
greedy,greedy,2,9001,19,0,1.0,1.0,28.0,117.0,89.0,62.0,45.0,5.0,0.0,1.0,25.0,17.0,2.588235294117647,1.0,1.0,5.0,11.0,0.0,31.0,1.0,5.0,0.0,0.0,1.0,78.0,0.02,0,0.0
greedy,greedy,2,9001,20,1,0.0,0.0,-43.0,87.0,130.0,62.0,25.0,3.0,1.0,0.0,16.0,13.0,3.0,2.0,6.0,3.0,11.0,0.0,43.0,1.0,4.0,0.0,0.0,0.0,82.0,0.02,0,0.0
greedy,greedy,2,9001,21,0,0.0,0.0,-1.0,113.0,114.0,68.0,35.0,3.0,0.0,1.0,19.0,13.0,3.076923076923077,2.0,5.0,2.0,17.0,0.0,41.0,0.0,3.0,0.0,0.0,0.0,84.0,0.02,0,0.0
greedy,greedy,2,9001,22,0,0.0,0.0,-4.0,119.0,123.0,58.0,61.0,6.0,0.0,0.0,17.0,16.0,2.6875,0.0,2.0,7.0,7.0,0.0,41.0,2.0,6.0,0.0,0.0,0.0,84.0,0.02,0,0.0
greedy,greedy,2,9001,23,0,0.0,0.0,-14.0,114.0,128.0,64.0,50.0,5.0,0.0,0.0,18.0,13.0,3.1538461538461537,2.0,4.0,8.0,9.0,0.0,39.0,1.0,5.0,0.0,0.0,0.0,77.0,0.02,0,0.0
greedy,greedy,2,9001,24,0,0.0,0.0,-16.0,100.0,116.0,55.0,45.0,5.0,0.0,0.0,18.0,15.0,2.7333333333333334,1.0,4.0,5.0,8.0,0.0,34.0,3.0,5.0,0.0,0.0,0.0,79.0,0.02,0,0.0
greedy,wary,2,9001,0,0,1.0,1.0,27.0,117.0,90.0,65.0,42.0,4.0,0.0,1.0,22.0,15.0,3.0,1.0,0.0,6.0,8.0,0.0,46.0,1.0,4.0,0.0,0.0,1.0,85.0,0.01,0,0.0
greedy,wary,2,9001,1,0,0.0,0.0,-8.0,115.0,123.0,56.0,59.0,7.0,1.0,0.0,18.0,13.0,2.8461538461538463,2.0,8.0,5.0,6.0,0.0,44.0,4.0,8.0,0.0,0.0,0.0,85.0,0.02,0,0.0
greedy,wary,2,9001,2,1,0.0,0.0,-46.0,78.0,124.0,50.0,18.0,3.0,1.0,1.0,28.0,13.0,2.6153846153846154,1.0,11.0,4.0,14.0,0.0,42.0,1.0,4.0,0.0,0.0,0.0,85.0,0.02,0,0.0
greedy,wary,2,9001,3,0,1.0,1.0,3.0,120.0,117.0,61.0,49.0,6.0,0.0,1.0,30.0,17.0,2.6470588235294117,1.0,0.0,9.0,0.0,0.0,44.0,2.0,6.0,0.0,0.0,0.0,83.0,0.02,0,0.0
greedy,wary,2,9001,4,0,0.0,0.0,0.0,118.0,118.0,60.0,48.0,5.0,0.0,1.0,23.0,17.0,2.588235294117647,0.0,1.0,7.0,11.0,0.0,35.0,1.0,5.0,0.0,0.0,0.0,82.0,0.02,0,0.0
greedy,wary,2,9001,5,1,0.0,0.0,-16.0,105.0,121.0,56.0,49.0,5.0,0.0,0.0,17.0,16.0,2.625,1.0,3.0,6.0,6.0,0.0,38.0,1.0,5.0,0.0,0.0,0.0,79.0,0.02,0,0.0
greedy,wary,2,9001,6,0,1.0,1.0,29.0,127.0,98.0,68.0,49.0,5.0,0.0,1.0,23.0,17.0,2.6470588235294117,2.0,0.0,4.0,20.0,0.0,30.0,1.0,5.0,0.0,0.0,1.0,85.0,0.02,0,0.0
greedy,wary,2,9001,7,0,0.0,0.0,-27.0,85.0,112.0,50.0,35.0,4.0,0.0,0.0,24.0,17.0,2.411764705882353,0.0,4.0,7.0,10.0,0.0,36.0,1.0,4.0,0.0,0.0,0.0,83.0,0.02,0,0.0
greedy,wary,2,9001,8,0,0.0,0.0,-38.0,79.0,117.0,50.0,29.0,4.0,1.0,0.0,12.0,12.0,2.8333333333333335,2.0,11.0,8.0,7.0,0.0,49.0,1.0,5.0,0.0,0.0,0.0,83.0,0.02,0,0.0
greedy,wary,2,9001,9,0,0.0,0.0,-20.0,92.0,112.0,46.0,46.0,6.0,1.0,0.0,12.0,17.0,2.235294117647059,0.0,7.0,9.0,3.0,0.0,45.0,2.0,7.0,0.0,0.0,0.0,86.0,0.02,0,0.0
greedy,wary,2,9001,10,1,0.0,0.0,-8.0,112.0,120.0,59.0,53.0,5.0,0.0,0.0,16.0,16.0,2.625,1.0,3.0,5.0,2.0,0.0,44.0,2.0,5.0,0.0,0.0,0.0,83.0,0.02,0,0.0
greedy,wary,2,9001,11,1,0.0,0.0,-6.0,100.0,106.0,71.0,29.0,3.0,0.0,0.0,18.0,16.0,2.75,2.0,1.0,11.0,12.0,0.0,44.0,0.0,3.0,0.0,0.0,1.0,88.0,0.02,0,0.0
greedy,wary,2,9001,12,1,1.0,1.0,22.0,115.0,93.0,61.0,44.0,3.0,0.0,1.0,37.0,16.0,2.625,2.0,3.0,6.0,12.0,0.0,34.0,1.0,3.0,0.0,0.0,0.0,81.0,0.02,0,0.0
greedy,wary,2,9001,13,1,0.0,0.0,-12.0,107.0,119.0,45.0,62.0,6.0,0.0,0.0,21.0,16.0,2.3125,0.0,8.0,5.0,4.0,0.0,40.0,1.0,6.0,0.0,0.0,0.0,78.0,0.02,0,0.0
greedy,wary,2,9001,14,0,1.0,1.0,18.0,110.0,92.0,58.0,42.0,4.0,0.0,1.0,27.0,18.0,2.5,0.0,0.0,8.0,3.0,0.0,43.0,1.0,4.0,0.0,0.0,1.0,84.0,0.02,0,0.0
greedy,wary,2,9001,15,1,0.0,0.0,-38.0,73.0,111.0,50.0,23.0,3.0,1.0,0.0,22.0,14.0,2.5,2.0,10.0,5.0,14.0,0.0,30.0,1.0,4.0,0.0,0.0,0.0,75.0,0.01,0,0.0
greedy,wary,2,9001,16,0,0.0,0.0,-35.0,75.0,110.0,42.0,33.0,5.0,0.0,0.0,14.0,16.0,2.1875,0.0,10.0,8.0,2.0,0.0,42.0,1.0,5.0,0.0,0.0,0.0,79.0,0.02,0,0.0
greedy,wary,2,9001,17,1,0.0,0.0,-44.0,67.0,111.0,57.0,10.0,2.0,1.0,0.0,14.0,13.0,2.8461538461538463,2.0,8.0,9.0,11.0,0.0,37.0,1.0,3.0,0.0,0.0,0.0,77.0,0.02,0,0.0
greedy,wary,2,9001,18,0,0.0,0.0,-21.0,109.0,130.0,57.0,52.0,5.0,0.0,0.0,19.0,19.0,2.3684210526315788,0.0,0.0,3.0,9.0,0.0,39.0,1.0,5.0,0.0,0.0,0.0,88.0,0.02,0,0.0
greedy,wary,2,9001,19,0,0.0,0.0,-22.0,98.0,120.0,57.0,31.0,4.0,1.0,1.0,24.0,15.0,2.6666666666666665,1.0,5.0,5.0,11.0,0.0,31.0,1.0,5.0,0.0,0.0,0.0,75.0,0.02,0,0.0
greedy,wary,2,9001,20,1,0.0,0.0,-44.0,82.0,126.0,57.0,25.0,3.0,1.0,0.0,16.0,13.0,2.923076923076923,2.0,7.0,3.0,11.0,0.0,43.0,1.0,4.0,0.0,0.0,0.0,82.0,0.02,0,0.0
greedy,wary,2,9001,21,0,0.0,0.0,-1.0,113.0,114.0,68.0,35.0,3.0,0.0,1.0,19.0,13.0,3.076923076923077,2.0,5.0,2.0,17.0,0.0,41.0,0.0,3.0,0.0,0.0,0.0,84.0,0.02,0,0.0
greedy,wary,2,9001,22,0,0.0,0.0,-4.0,119.0,123.0,58.0,61.0,6.0,0.0,0.0,17.0,16.0,2.6875,0.0,2.0,7.0,7.0,0.0,41.0,2.0,6.0,0.0,0.0,0.0,84.0,0.02,0,0.0
greedy,wary,2,9001,23,0,0.0,0.0,-4.0,121.0,125.0,71.0,50.0,5.0,0.0,0.0,18.0,14.0,3.2142857142857144,2.0,0.0,8.0,9.0,0.0,41.0,1.0,5.0,0.0,0.0,0.0,81.0,0.02,0,0.0
greedy,wary,2,9001,24,0,0.0,0.0,-15.0,100.0,115.0,55.0,45.0,5.0,0.0,0.0,18.0,15.0,2.7333333333333334,1.0,4.0,5.0,8.0,0.0,32.0,3.0,5.0,0.0,0.0,0.0,77.0,0.01,0,0.0
racer,collector,2,9001,0,0,1.0,1.0,3.0,96.0,93.0,109.0,-23.0,0.0,2.0,1.0,21.0,8.0,5.625,7.0,0.0,9.0,9.0,0.0,49.0,0.0,2.0,0.0,0.0,1.0,73.0,0.01,0,0.0
racer,collector,2,9001,1,0,0.0,0.0,-9.0,86.0,95.0,109.0,-23.0,0.0,2.0,0.0,15.0,8.0,5.625,7.0,0.0,6.0,8.0,0.0,64.0,0.0,2.0,0.0,0.0,1.0,88.0,0.02,0,0.0
racer,collector,2,9001,2,1,1.0,1.0,56.0,104.0,48.0,109.0,-15.0,0.0,2.0,1.0,15.0,8.0,5.625,7.0,0.0,8.0,2.0,0.0,48.0,0.0,2.0,0.0,0.0,1.0,66.0,0.02,0,0.0
racer,collector,2,9001,3,0,1.0,1.0,19.0,95.0,76.0,109.0,-14.0,0.0,2.0,0.0,12.0,8.0,5.625,7.0,0.0,5.0,5.0,0.0,51.0,0.0,2.0,0.0,0.0,1.0,72.0,0.02,0,0.0
racer,collector,2,9001,4,0,1.0,1.0,2.0,90.0,88.0,109.0,-19.0,0.0,2.0,0.0,15.0,8.0,5.625,7.0,0.0,5.0,4.0,0.0,48.0,0.0,2.0,0.0,0.0,1.0,67.0,0.01,0,0.0
racer,collector,2,9001,5,1,1.0,1.0,17.0,88.0,71.0,109.0,-21.0,0.0,2.0,0.0,12.0,8.0,5.625,7.0,0.0,9.0,2.0,0.0,50.0,0.0,2.0,0.0,0.0,1.0,68.0,0.02,0,0.0
racer,collector,2,9001,6,0,1.0,1.0,33.0,102.0,69.0,109.0,-17.0,0.0,2.0,1.0,12.0,8.0,5.625,7.0,0.0,5.0,7.0,0.0,47.0,0.0,2.0,0.0,0.0,1.0,69.0,0.02,0,0.0
racer,collector,2,9001,7,0,1.0,1.0,16.0,91.0,75.0,109.0,-18.0,0.0,2.0,0.0,12.0,8.0,5.625,7.0,0.0,6.0,4.0,0.0,46.0,0.0,2.0,0.0,0.0,1.0,66.0,0.02,0,0.0
racer,collector,2,9001,8,0,1.0,1.0,40.0,103.0,63.0,109.0,-16.0,0.0,2.0,1.0,21.0,8.0,5.625,7.0,0.0,6.0,6.0,0.0,44.0,0.0,2.0,0.0,0.0,1.0,66.0,0.01,0,0.0
racer,collector,2,9001,9,0,1.0,1.0,7.0,93.0,86.0,109.0,-16.0,0.0,2.0,0.0,18.0,8.0,5.625,7.0,0.0,8.0,4.0,0.0,52.0,0.0,2.0,0.0,0.0,1.0,71.0,0.02,0,0.0
racer,collector,2,9001,10,1,1.0,1.0,8.0,99.0,91.0,109.0,-20.0,0.0,2.0,1.0,21.0,8.0,5.625,7.0,0.0,7.0,4.0,0.0,50.0,0.0,2.0,0.0,0.0,1.0,70.0,0.02,0,0.0
racer,collector,2,9001,11,1,0.0,0.0,-13.0,92.0,105.0,109.0,-17.0,0.0,2.0,0.0,15.0,8.0,5.625,7.0,0.0,7.0,5.0,0.0,47.0,0.0,2.0,0.0,0.0,1.0,68.0,0.01,0,0.0
racer,collector,2,9001,12,1,0.0,0.0,-1.0,87.0,88.0,109.0,-22.0,0.0,2.0,0.0,12.0,8.0,5.625,7.0,0.0,7.0,3.0,0.0,55.0,0.0,2.0,0.0,0.0,1.0,74.0,0.02,0,0.0
racer,collector,2,9001,13,1,0.0,0.0,-11.0,90.0,101.0,109.0,-19.0,0.0,2.0,0.0,12.0,8.0,5.625,7.0,0.0,5.0,3.0,0.0,47.0,0.0,2.0,0.0,0.0,1.0,65.0,0.01,0,0.0
racer,collector,2,9001,14,0,1.0,1.0,15.0,95.0,80.0,109.0,-14.0,0.0,2.0,0.0,18.0,8.0,5.625,7.0,0.0,8.0,4.0,0.0,50.0,0.0,2.0,0.0,0.0,1.0,70.0,0.01,0,0.0
racer,collector,2,9001,15,1,1.0,1.0,1.0,83.0,82.0,109.0,-26.0,0.0,2.0,0.0,18.0,8.0,5.625,7.0,0.0,10.0,5.0,0.0,49.0,0.0,2.0,0.0,0.0,1.0,70.0,0.01,0,0.0
racer,collector,2,9001,16,0,0.0,0.0,-5.0,99.0,104.0,109.0,-10.0,0.0,2.0,0.0,12.0,8.0,5.625,7.0,0.0,9.0,1.0,0.0,57.0,0.0,2.0,0.0,0.0,1.0,74.0,0.02,0,0.0
racer,collector,2,9001,17,1,1.0,1.0,21.0,98.0,77.0,109.0,-21.0,0.0,2.0,1.0,21.0,8.0,5.625,7.0,0.0,9.0,4.0,0.0,52.0,0.0,2.0,0.0,0.0,1.0,72.0,0.03,0,0.0
racer,collector,2,9001,18,0,1.0,1.0,39.0,96.0,57.0,107.0,-21.0,0.0,2.0,1.0,26.0,8.0,5.5,7.0,1.0,7.0,9.0,0.0,37.0,0.0,2.0,0.0,0.0,1.0,61.0,0.01,0,0.0
racer,collector,2,9001,19,0,1.0,1.0,62.0,100.0,38.0,109.0,-19.0,0.0,2.0,1.0,15.0,8.0,5.625,7.0,0.0,7.0,4.0,0.0,48.0,0.0,2.0,0.0,0.0,1.0,68.0,0.02,0,0.0
racer,collector,2,9001,20,1,0.0,0.0,-5.0,86.0,91.0,109.0,-23.0,0.0,2.0,0.0,18.0,8.0,5.625,7.0,0.0,6.0,11.0,0.0,53.0,0.0,2.0,0.0,0.0,1.0,79.0,0.02,0,0.0
racer,collector,2,9001,21,0,1.0,1.0,35.0,97.0,62.0,109.0,-22.0,0.0,2.0,1.0,18.0,8.0,5.625,7.0,0.0,6.0,5.0,0.0,51.0,0.0,2.0,0.0,0.0,1.0,71.0,0.01,0,0.0
racer,collector,2,9001,22,0,1.0,1.0,24.0,87.0,63.0,109.0,-22.0,0.0,2.0,0.0,12.0,8.0,5.625,7.0,0.0,6.0,4.0,0.0,52.0,0.0,2.0,0.0,0.0,1.0,71.0,0.02,0,0.0
racer,collector,2,9001,23,0,0.0,0.0,0.0,90.0,90.0,109.0,-19.0,0.0,2.0,0.0,27.0,8.0,5.625,7.0,0.0,3.0,13.0,0.0,39.0,0.0,2.0,0.0,0.0,1.0,68.0,0.02,0,0.0
racer,collector,2,9001,24,0,1.0,1.0,59.0,99.0,40.0,108.0,-19.0,0.0,2.0,1.0,21.0,9.0,5.0,7.0,0.0,7.0,5.0,0.0,39.0,0.0,2.0,0.0,0.0,1.0,62.0,0.02,0,0.0
greedy,collector,2,9001,0,0,0.0,0.0,-31.0,74.0,105.0,56.0,18.0,3.0,1.0,0.0,20.0,13.0,2.923076923076923,1.0,7.0,3.0,7.0,0.0,41.0,1.0,4.0,0.0,0.0,0.0,76.0,0.01,0,0.0
greedy,collector,2,9001,1,0,1.0,1.0,95.0,144.0,49.0,71.0,63.0,5.0,0.0,1.0,35.0,15.0,3.0,2.0,0.0,10.0,10.0,0.0,42.0,2.0,5.0,0.0,0.0,1.0,86.0,0.02,0,0.0
greedy,collector,2,9001,2,1,0.0,0.0,-7.0,120.0,127.0,63.0,47.0,5.0,0.0,1.0,23.0,17.0,2.6470588235294117,2.0,0.0,6.0,21.0,0.0,35.0,2.0,5.0,0.0,0.0,0.0,95.0,0.02,0,0.0
greedy,collector,2,9001,3,0,1.0,1.0,5.0,124.0,119.0,58.0,56.0,6.0,0.0,1.0,20.0,14.0,2.857142857142857,1.0,5.0,8.0,0.0,0.0,48.0,2.0,6.0,0.0,0.0,0.0,81.0,0.02,0,0.0
greedy,collector,2,9001,4,0,0.0,0.0,-1.0,114.0,115.0,57.0,47.0,5.0,0.0,1.0,23.0,19.0,2.3684210526315788,0.0,0.0,4.0,11.0,0.0,33.0,2.0,5.0,0.0,0.0,1.0,85.0,0.02,0,0.0
greedy,collector,2,9001,5,1,1.0,1.0,10.0,108.0,98.0,68.0,40.0,4.0,0.0,0.0,21.0,14.0,3.142857142857143,2.0,1.0,8.0,9.0,0.0,35.0,2.0,4.0,0.0,0.0,0.0,77.0,0.02,0,0.0
greedy,collector,2,9001,6,0,1.0,1.0,17.0,119.0,102.0,57.0,52.0,5.0,0.0,1.0,25.0,19.0,2.3157894736842106,1.0,1.0,4.0,25.0,0.0,19.0,1.0,5.0,0.0,0.0,1.0,83.0,0.02,0,0.0
greedy,collector,2,9001,7,0,0.0,0.0,-47.0,79.0,126.0,59.0,20.0,3.0,1.0,0.0,13.0,13.0,2.8461538461538463,2.0,8.0,5.0,13.0,0.0,39.0,1.0,4.0,0.0,0.0,0.0,81.0,0.02,0,0.0
greedy,collector,2,9001,8,0,1.0,1.0,19.0,122.0,103.0,74.0,38.0,4.0,0.0,1.0,32.0,14.0,3.2142857142857144,3.0,0.0,7.0,12.0,0.0,46.0,1.0,4.0,0.0,0.0,1.0,88.0,0.03,0,0.0
greedy,collector,2,9001,9,0,1.0,1.0,37.0,127.0,90.0,63.0,54.0,6.0,0.0,1.0,19.0,17.0,2.6470588235294117,1.0,0.0,8.0,5.0,0.0,41.0,2.0,6.0,0.0,0.0,1.0,83.0,0.02,0,0.0
greedy,collector,2,9001,10,1,0.0,0.0,-40.0,92.0,132.0,66.0,26.0,4.0,1.0,0.0,19.0,14.0,2.9285714285714284,2.0,4.0,7.0,5.0,0.0,49.0,1.0,5.0,0.0,0.0,0.0,85.0,0.02,0,0.0
greedy,collector,2,9001,11,1,0.0,0.0,-17.0,103.0,120.0,74.0,29.0,3.0,0.0,0.0,19.0,16.0,2.8125,3.0,0.0,10.0,12.0,0.0,44.0,0.0,3.0,0.0,0.0,0.0,89.0,0.02,0,0.0
greedy,collector,2,9001,12,1,1.0,1.0,13.0,113.0,100.0,64.0,39.0,4.0,0.0,1.0,30.0,17.0,2.6470588235294117,2.0,0.0,5.0,12.0,0.0,34.0,1.0,4.0,0.0,0.0,0.0,83.0,0.02,0,0.0
greedy,collector,2,9001,13,1,1.0,1.0,10.0,109.0,99.0,48.0,61.0,7.0,0.0,0.0,16.0,17.0,2.2941176470588234,0.0,6.0,4.0,6.0,0.0,34.0,2.0,7.0,0.0,0.0,0.0,78.0,0.02,0,0.0
greedy,collector,2,9001,14,0,1.0,1.0,48.0,117.0,69.0,59.0,48.0,5.0,0.0,1.0,23.0,17.0,2.6470588235294117,0.0,0.0,6.0,10.0,0.0,38.0,1.0,5.0,0.0,0.0,1.0,84.0,0.02,0,0.0
greedy,collector,2,9001,15,1,1.0,1.0,21.0,127.0,106.0,64.0,53.0,5.0,0.0,1.0,23.0,16.0,2.75,2.0,1.0,3.0,23.0,0.0,27.0,2.0,5.0,0.0,0.0,0.0,87.0,0.02,0,0.0
greedy,collector,2,9001,16,0,1.0,1.0,10.0,91.0,81.0,43.0,38.0,7.0,1.0,1.0,21.0,17.0,2.176470588235294,0.0,8.0,8.0,7.0,0.0,39.0,2.0,8.0,0.0,0.0,0.0,85.0,0.02,0,0.0
greedy,collector,2,9001,17,1,0.0,0.0,-69.0,62.0,131.0,45.0,17.0,3.0,1.0,0.0,14.0,15.0,2.3333333333333335,1.0,10.0,8.0,10.0,0.0,40.0,1.0,4.0,0.0,0.0,0.0,83.0,0.02,0,0.0
greedy,collector,2,9001,18,0,1.0,1.0,49.0,107.0,58.0,62.0,45.0,4.0,0.0,0.0,16.0,17.0,2.6470588235294117,0.0,0.0,6.0,9.0,0.0,35.0,1.0,4.0,0.0,0.0,1.0,79.0,0.02,0,0.0
greedy,collector,2,9001,19,0,1.0,1.0,19.0,118.0,99.0,78.0,40.0,4.0,1.0,0.0,28.0,14.0,3.2142857142857144,3.0,0.0,9.0,10.0,0.0,46.0,1.0,5.0,0.0,0.0,0.0,87.0,0.02,0,0.0
greedy,collector,2,9001,20,1,0.0,0.0,-10.0,115.0,125.0,76.0,39.0,3.0,0.0,0.0,24.0,13.0,3.4615384615384617,3.0,0.0,6.0,11.0,0.0,43.0,1.0,3.0,0.0,0.0,1.0,81.0,0.02,0,0.0
greedy,collector,2,9001,21,0,0.0,0.0,-29.0,77.0,106.0,58.0,9.0,2.0,1.0,1.0,13.0,12.0,3.0,1.0,9.0,3.0,11.0,0.0,45.0,0.0,3.0,0.0,0.0,0.0,80.0,0.02,0,0.0
greedy,collector,2,9001,22,0,1.0,1.0,17.0,114.0,97.0,59.0,55.0,6.0,0.0,0.0,17.0,17.0,2.6470588235294117,0.0,0.0,6.0,8.0,0.0,44.0,2.0,6.0,0.0,0.0,1.0,89.0,0.02,0,0.0
greedy,collector,2,9001,23,0,1.0,1.0,52.0,129.0,77.0,67.0,52.0,5.0,0.0,1.0,20.0,16.0,2.8125,1.0,0.0,5.0,8.0,0.0,38.0,1.0,5.0,0.0,0.0,1.0,80.0,0.02,0,0.0
greedy,collector,2,9001,24,0,1.0,1.0,30.0,109.0,79.0,65.0,34.0,4.0,0.0,1.0,29.0,15.0,3.0,2.0,0.0,6.0,14.0,0.0,32.0,1.0,4.0,0.0,0.0,1.0,78.0,0.02,0,0.0
racer,greedy,2,9001,25,0,1.0,1.0,6.0,90.0,84.0,109.0,-19.0,0.0,2.0,0.0,12.0,8.0,5.625,7.0,0.0,6.0,5.0,0.0,47.0,0.0,2.0,0.0,0.0,1.0,67.0,0.01,0,0.0
racer,greedy,2,9001,26,0,1.0,1.0,62.0,106.0,44.0,109.0,-13.0,0.0,2.0,1.0,15.0,8.0,5.625,7.0,0.0,8.0,6.0,0.0,46.0,0.0,2.0,0.0,0.0,1.0,67.0,0.01,0,0.0
racer,greedy,2,9001,27,1,0.0,0.0,-33.0,96.0,129.0,109.0,-13.0,0.0,2.0,0.0,18.0,8.0,5.625,7.0,0.0,6.0,3.0,0.0,61.0,0.0,2.0,0.0,0.0,1.0,80.0,0.02,0,0.0
racer,greedy,2,9001,28,0,1.0,1.0,43.0,97.0,54.0,109.0,-22.0,0.0,2.0,1.0,21.0,8.0,5.625,7.0,0.0,11.0,2.0,0.0,46.0,0.0,2.0,0.0,0.0,1.0,64.0,0.01,0,0.0
racer,greedy,2,9001,29,1,1.0,1.0,30.0,93.0,63.0,109.0,-26.0,0.0,2.0,1.0,21.0,8.0,5.625,7.0,0.0,6.0,4.0,0.0,46.0,0.0,2.0,0.0,0.0,1.0,65.0,0.01,0,0.0
racer,greedy,2,9001,30,0,1.0,1.0,69.0,97.0,28.0,109.0,-22.0,0.0,2.0,1.0,18.0,8.0,5.625,7.0,0.0,10.0,8.0,0.0,48.0,0.0,2.0,0.0,0.0,1.0,72.0,0.01,0,0.0
racer,greedy,2,9001,31,1,1.0,1.0,18.0,91.0,73.0,109.0,-18.0,0.0,2.0,0.0,18.0,8.0,5.625,7.0,0.0,4.0,5.0,0.0,47.0,0.0,2.0,0.0,0.0,1.0,68.0,0.02,0,0.0
racer,greedy,2,9001,32,1,1.0,1.0,57.0,101.0,44.0,109.0,-18.0,0.0,2.0,1.0,27.0,8.0,5.625,7.0,0.0,6.0,8.0,0.0,46.0,0.0,2.0,0.0,0.0,1.0,69.0,0.01,0,0.0
racer,greedy,2,9001,33,1,0.0,0.0,-11.0,88.0,99.0,109.0,-21.0,0.0,2.0,0.0,18.0,8.0,5.625,7.0,0.0,5.0,3.0,0.0,45.0,0.0,2.0,0.0,0.0,1.0,64.0,0.01,0,0.0
racer,greedy,2,9001,34,1,1.0,1.0,41.0,101.0,60.0,109.0,-18.0,0.0,2.0,1.0,15.0,8.0,5.625,7.0,0.0,5.0,11.0,0.0,41.0,0.0,2.0,0.0,0.0,1.0,67.0,0.02,0,0.0
racer,greedy,2,9001,35,0,1.0,1.0,25.0,106.0,81.0,109.0,-13.0,0.0,2.0,1.0,21.0,8.0,5.625,7.0,0.0,7.0,5.0,0.0,43.0,0.0,2.0,0.0,0.0,1.0,64.0,0.01,0,0.0
racer,greedy,2,9001,36,1,0.0,0.0,-24.0,87.0,111.0,109.0,-22.0,0.0,2.0,0.0,12.0,8.0,5.625,7.0,0.0,8.0,5.0,0.0,51.0,0.0,2.0,0.0,0.0,1.0,72.0,0.01,0,0.0
racer,greedy,2,9001,37,1,1.0,1.0,41.0,84.0,43.0,109.0,-25.0,0.0,2.0,0.0,15.0,8.0,5.625,7.0,0.0,5.0,13.0,0.0,35.0,0.0,2.0,0.0,0.0,1.0,63.0,0.01,0,0.0
racer,greedy,2,9001,38,1,1.0,1.0,18.0,85.0,67.0,109.0,-24.0,0.0,2.0,0.0,15.0,8.0,5.625,7.0,0.0,7.0,5.0,0.0,49.0,0.0,2.0,0.0,0.0,1.0,69.0,0.01,0,0.0
racer,greedy,2,9001,39,0,1.0,1.0,10.0,85.0,75.0,109.0,-24.0,0.0,2.0,0.0,15.0,8.0,5.625,7.0,0.0,6.0,4.0,0.0,50.0,0.0,2.0,0.0,0.0,1.0,69.0,0.01,0,0.0
racer,greedy,2,9001,40,0,1.0,1.0,50.0,104.0,54.0,109.0,-15.0,0.0,2.0,1.0,21.0,8.0,5.625,7.0,0.0,4.0,10.0,0.0,40.0,0.0,2.0,0.0,0.0,1.0,66.0,0.01,0,0.0
racer,greedy,2,9001,41,0,1.0,1.0,52.0,101.0,49.0,109.0,-18.0,0.0,2.0,1.0,18.0,8.0,5.625,7.0,0.0,4.0,10.0,0.0,44.0,0.0,2.0,0.0,0.0,1.0,70.0,0.01,0,0.0
racer,greedy,2,9001,42,1,0.0,0.0,-22.0,98.0,120.0,109.0,-21.0,0.0,2.0,1.0,27.0,8.0,5.625,7.0,0.0,10.0,5.0,0.0,61.0,0.0,2.0,0.0,0.0,1.0,82.0,0.01,0,0.0
racer,greedy,2,9001,43,1,1.0,1.0,69.0,92.0,23.0,108.0,-26.0,0.0,2.0,1.0,21.0,9.0,5.0,7.0,0.0,8.0,5.0,0.0,39.0,0.0,2.0,0.0,0.0,1.0,61.0,0.01,0,0.0
racer,greedy,2,9001,44,0,1.0,1.0,12.0,93.0,81.0,109.0,-16.0,0.0,2.0,0.0,12.0,8.0,5.625,7.0,0.0,7.0,3.0,0.0,45.0,0.0,2.0,0.0,0.0,1.0,63.0,0.01,0,0.0
racer,greedy,2,9001,45,1,1.0,1.0,15.0,89.0,74.0,109.0,-20.0,0.0,2.0,0.0,15.0,8.0,5.625,7.0,0.0,3.0,6.0,0.0,40.0,0.0,2.0,0.0,0.0,1.0,61.0,0.01,0,0.0
racer,greedy,2,9001,46,0,0.0,0.0,-12.0,90.0,102.0,109.0,-19.0,0.0,2.0,0.0,12.0,8.0,5.625,7.0,0.0,8.0,2.0,0.0,58.0,0.0,2.0,0.0,0.0,1.0,75.0,0.02,0,0.0
racer,greedy,2,9001,47,1,1.0,1.0,3.0,90.0,87.0,109.0,-19.0,0.0,2.0,0.0,12.0,8.0,5.625,7.0,0.0,8.0,6.0,0.0,48.0,0.0,2.0,0.0,0.0,1.0,70.0,0.01,0,0.0
racer,greedy,2,9001,48,0,1.0,1.0,13.0,87.0,74.0,109.0,-22.0,0.0,2.0,0.0,12.0,8.0,5.625,7.0,0.0,4.0,3.0,0.0,53.0,0.0,2.0,0.0,0.0,1.0,71.0,0.01,0,0.0
racer,greedy,2,9001,49,0,1.0,1.0,61.0,105.0,44.0,108.0,-13.0,0.0,2.0,1.0,18.0,9.0,5.0,7.0,0.0,6.0,7.0,0.0,39.0,0.0,2.0,0.0,0.0,1.0,64.0,0.01,0,0.0
greedy,greedy,2,9001,25,0,1.0,1.0,22.0,115.0,93.0,65.0,50.0,5.0,0.0,0.0,16.0,16.0,2.8125,2.0,0.0,6.0,4.0,0.0,46.0,1.0,5.0,0.0,0.0,1.0,83.0,0.02,0,0.0
greedy,greedy,2,9001,26,0,0.0,0.0,-9.0,103.0,112.0,55.0,48.0,6.0,0.0,0.0,19.0,17.0,2.4705882352941178,0.0,3.0,3.0,7.0,0.0,39.0,2.0,6.0,0.0,0.0,0.0,84.0,0.01,0,0.0
greedy,greedy,2,9001,27,1,0.0,0.0,-33.0,104.0,137.0,49.0,55.0,7.0,0.0,0.0,15.0,15.0,2.466666666666667,1.0,8.0,3.0,13.0,0.0,33.0,2.0,7.0,0.0,0.0,0.0,81.0,0.01,0,0.0
greedy,greedy,2,9001,28,0,0.0,0.0,-5.0,117.0,122.0,51.0,56.0,6.0,0.0,1.0,21.0,17.0,2.411764705882353,0.0,4.0,4.0,8.0,0.0,36.0,3.0,6.0,0.0,0.0,0.0,85.0,0.01,0,0.0
greedy,greedy,2,9001,29,1,1.0,1.0,23.0,132.0,109.0,74.0,48.0,4.0,0.0,1.0,24.0,14.0,3.2142857142857144,3.0,0.0,4.0,13.0,0.0,43.0,2.0,4.0,0.0,0.0,1.0,87.0,0.01,0,0.0
greedy,greedy,2,9001,30,0,0.0,0.0,-18.0,114.0,132.0,67.0,47.0,4.0,0.0,0.0,26.0,12.0,3.4166666666666665,2.0,4.0,8.0,2.0,0.0,52.0,1.0,4.0,0.0,0.0,0.0,81.0,0.01,0,0.0
greedy,greedy,2,9001,31,1,1.0,1.0,31.0,114.0,83.0,59.0,45.0,4.0,0.0,1.0,30.0,17.0,2.6470588235294117,0.0,0.0,4.0,5.0,0.0,47.0,1.0,4.0,0.0,0.0,1.0,88.0,0.01,0,0.0
greedy,greedy,2,9001,32,1,0.0,0.0,-1.0,105.0,106.0,51.0,54.0,6.0,0.0,0.0,14.0,14.0,2.642857142857143,2.0,8.0,5.0,10.0,0.0,38.0,2.0,6.0,0.0,0.0,0.0,80.0,0.01,0,0.0
greedy,greedy,2,9001,33,1,0.0,0.0,-24.0,109.0,133.0,66.0,43.0,4.0,0.0,0.0,16.0,16.0,2.8125,1.0,0.0,2.0,19.0,0.0,37.0,1.0,4.0,0.0,0.0,1.0,90.0,0.01,0,0.0
greedy,greedy,2,9001,34,1,0.0,0.0,-2.0,116.0,118.0,79.0,37.0,4.0,0.0,0.0,17.0,13.0,3.4615384615384617,3.0,0.0,9.0,8.0,0.0,54.0,1.0,4.0,0.0,0.0,1.0,89.0,0.02,0,0.0
greedy,greedy,2,9001,35,0,0.0,0.0,-19.0,104.0,123.0,59.0,45.0,6.0,0.0,0.0,22.0,18.0,2.5,1.0,0.0,10.0,1.0,0.0,51.0,2.0,6.0,0.0,0.0,1.0,92.0,0.02,0,0.0
greedy,greedy,2,9001,36,1,0.0,0.0,-88.0,61.0,149.0,51.0,10.0,2.0,1.0,0.0,17.0,12.0,2.75,2.0,12.0,5.0,11.0,0.0,43.0,0.0,3.0,0.0,0.0,0.0,79.0,0.01,0,0.0
greedy,greedy,2,9001,37,1,0.0,0.0,-3.0,122.0,125.0,69.0,43.0,4.0,1.0,1.0,24.0,13.0,3.076923076923077,3.0,5.0,7.0,17.0,0.0,41.0,2.0,5.0,0.0,0.0,0.0,88.0,0.01,0,0.0
greedy,greedy,2,9001,38,1,0.0,0.0,-13.0,121.0,134.0,68.0,53.0,5.0,0.0,0.0,26.0,16.0,2.8125,2.0,0.0,5.0,5.0,0.0,53.0,1.0,5.0,0.0,0.0,1.0,91.0,0.01,0,0.0
greedy,greedy,2,9001,39,0,1.0,1.0,10.0,133.0,123.0,71.0,52.0,5.0,0.0,1.0,23.0,14.0,3.2142857142857144,2.0,0.0,9.0,6.0,0.0,52.0,1.0,5.0,0.0,0.0,1.0,87.0,0.01,0,0.0
greedy,greedy,2,9001,40,0,1.0,1.0,25.0,125.0,100.0,53.0,62.0,6.0,0.0,1.0,30.0,16.0,2.5625,1.0,4.0,6.0,6.0,0.0,40.0,2.0,6.0,0.0,0.0,0.0,83.0,0.01,0,0.0
greedy,greedy,2,9001,41,0,1.0,1.0,46.0,119.0,73.0,68.0,41.0,4.0,0.0,1.0,28.0,14.0,3.2142857142857144,1.0,0.0,4.0,14.0,0.0,34.0,1.0,4.0,0.0,0.0,1.0,78.0,0.01,0,0.0
greedy,greedy,2,9001,42,1,0.0,0.0,-51.0,86.0,137.0,47.0,39.0,5.0,1.0,0.0,15.0,13.0,2.5384615384615383,2.0,12.0,5.0,6.0,0.0,42.0,1.0,6.0,0.0,0.0,0.0,77.0,0.01,0,0.0
greedy,greedy,2,9001,43,1,0.0,0.0,-50.0,97.0,147.0,59.0,38.0,4.0,1.0,0.0,24.0,13.0,2.8461538461538463,2.0,8.0,9.0,11.0,0.0,47.0,2.0,5.0,0.0,0.0,0.0,88.0,0.02,0,0.0
greedy,greedy,2,9001,44,0,0.0,0.0,-9.0,127.0,136.0,76.0,41.0,4.0,0.0,1.0,28.0,15.0,3.0,4.0,0.0,4.0,6.0,0.0,44.0,1.0,4.0,0.0,0.0,1.0,81.0,0.02,0,0.0
greedy,greedy,2,9001,45,1,0.0,0.0,-25.0,95.0,120.0,52.0,43.0,5.0,0.0,0.0,18.0,17.0,2.3529411764705883,1.0,5.0,6.0,12.0,0.0,28.0,2.0,5.0,0.0,0.0,0.0,78.0,0.01,0,0.0
greedy,greedy,2,9001,46,0,1.0,1.0,38.0,113.0,75.0,60.0,43.0,4.0,0.0,1.0,34.0,18.0,2.5,1.0,0.0,2.0,17.0,0.0,29.0,1.0,4.0,0.0,0.0,1.0,83.0,0.02,0,0.0
greedy,greedy,2,9001,47,1,0.0,0.0,-33.0,107.0,140.0,77.0,30.0,3.0,0.0,0.0,24.0,14.0,3.2142857142857144,3.0,0.0,3.0,27.0,0.0,29.0,0.0,3.0,0.0,0.0,1.0,84.0,0.02,0,0.0
greedy,greedy,2,9001,48,0,0.0,0.0,-1.0,122.0,123.0,52.0,70.0,7.0,0.0,0.0,22.0,16.0,2.5,1.0,5.0,4.0,6.0,0.0,40.0,2.0,7.0,0.0,0.0,0.0,82.0,0.02,0,0.0
greedy,greedy,2,9001,49,0,0.0,0.0,-44.0,103.0,147.0,61.0,42.0,5.0,0.0,0.0,20.0,17.0,2.6470588235294117,1.0,0.0,7.0,4.0,0.0,46.0,2.0,5.0,0.0,0.0,1.0,88.0,0.02,0,0.0
greedy,linear:runs/linear/pass7/p7b_sarsa_lam98_random_s3.json@best,2,9001,0,0,0.0,0.0,-8.0,73.0,81.0,45.0,18.0,3.0,1.0,1.0,20.0,13.0,2.6923076923076925,0.0,10.0,5.0,8.0,0.0,32.0,1.0,4.0,0.0,0.0,0.0,68.0,0.04,0,0.0
greedy,linear:runs/linear/pass7/p7b_sarsa_lam98_random_s3.json@best,2,9001,1,0,1.0,1.0,39.0,110.0,71.0,39.0,61.0,6.0,0.0,1.0,18.0,13.0,2.3076923076923075,1.0,15.0,5.0,3.0,0.0,27.0,2.0,6.0,0.0,0.0,0.0,61.0,0.04,0,0.0
greedy,linear:runs/linear/pass7/p7b_sarsa_lam98_random_s3.json@best,2,9001,2,1,0.0,0.0,-41.0,48.0,89.0,36.0,2.0,2.0,1.0,1.0,22.0,11.0,2.4545454545454546,1.0,18.0,3.0,13.0,0.0,27.0,0.0,3.0,0.0,0.0,0.0,63.0,0.04,0,0.0
greedy,linear:runs/linear/pass7/p7b_sarsa_lam98_random_s3.json@best,2,9001,3,0,0.0,0.0,-14.0,72.0,86.0,37.0,25.0,4.0,1.0,1.0,14.0,13.0,2.3076923076923075,0.0,15.0,7.0,3.0,0.0,31.0,1.0,5.0,0.0,0.0,0.0,63.0,0.04,0,0.0
greedy,linear:runs/linear/pass7/p7b_sarsa_lam98_random_s3.json@best,2,9001,4,0,1.0,1.0,12.0,103.0,91.0,49.0,44.0,5.0,0.0,1.0,20.0,16.0,2.375,0.0,7.0,4.0,6.0,0.0,30.0,1.0,5.0,0.0,0.0,0.0,70.0,0.04,0,0.0
greedy,linear:runs/linear/pass7/p7b_sarsa_lam98_random_s3.json@best,2,9001,5,1,0.0,0.0,-57.0,32.0,89.0,39.0,-7.0,2.0,3.0,0.0,12.0,9.0,3.0,1.0,18.0,7.0,2.0,0.0,42.0,1.0,5.0,0.0,0.0,0.0,65.0,0.04,0,0.0
greedy,linear:runs/linear/pass7/p7b_sarsa_lam98_random_s3.json@best,2,9001,6,0,0.0,0.0,-56.0,44.0,100.0,41.0,3.0,3.0,2.0,0.0,16.0,13.0,2.3846153846153846,1.0,14.0,2.0,17.0,0.0,21.0,1.0,5.0,0.0,0.0,0.0,66.0,0.03,0,0.0
greedy,linear:runs/linear/pass7/p7b_sarsa_lam98_random_s3.json@best,2,9001,7,0,0.0,0.0,-26.0,66.0,92.0,39.0,27.0,4.0,1.0,0.0,13.0,14.0,2.2857142857142856,0.0,13.0,4.0,3.0,0.0,37.0,1.0,5.0,0.0,0.0,0.0,71.0,0.03,0,0.0
greedy,linear:runs/linear/pass7/p7b_sarsa_lam98_random_s3.json@best,2,9001,8,0,0.0,0.0,-34.0,62.0,96.0,42.0,10.0,3.0,2.0,1.0,11.0,12.0,2.5833333333333335,1.0,14.0,4.0,8.0,0.0,26.0,1.0,5.0,0.0,0.0,0.0,61.0,0.03,0,0.0
greedy,linear:runs/linear/pass7/p7b_sarsa_lam98_random_s3.json@best,2,9001,9,0,0.0,0.0,-55.0,33.0,88.0,38.0,-5.0,2.0,2.0,0.0,9.0,13.0,2.230769230769231,1.0,16.0,7.0,6.0,0.0,30.0,1.0,4.0,0.0,0.0,0.0,64.0,0.03,0,0.0
greedy,linear:runs/linear/pass7/p7b_sarsa_lam98_random_s3.json@best,2,9001,10,1,0.0,0.0,-32.0,67.0,99.0,38.0,29.0,4.0,1.0,0.0,14.0,12.0,2.3333333333333335,1.0,17.0,4.0,6.0,0.0,30.0,1.0,5.0,0.0,0.0,0.0,63.0,0.03,0,0.0
greedy,linear:runs/linear/pass7/p7b_sarsa_lam98_random_s3.json@best,2,9001,11,1,0.0,0.0,-49.0,43.0,92.0,36.0,7.0,2.0,1.0,0.0,12.0,12.0,2.3333333333333335,0.0,17.0,4.0,2.0,0.0,32.0,0.0,3.0,0.0,0.0,0.0,59.0,0.03,0,0.0
greedy,linear:runs/linear/pass7/p7b_sarsa_lam98_random_s3.json@best,2,9001,12,1,0.0,0.0,-51.0,43.0,94.0,33.0,0.0,2.0,1.0,1.0,20.0,12.0,2.25,0.0,18.0,3.0,6.0,0.0,32.0,1.0,3.0,0.0,0.0,0.0,65.0,0.03,0,0.0
greedy,linear:runs/linear/pass7/p7b_sarsa_lam98_random_s3.json@best,2,9001,13,1,1.0,1.0,3.0,79.0,76.0,43.0,36.0,5.0,1.0,0.0,17.0,15.0,2.2,1.0,12.0,4.0,5.0,0.0,29.0,2.0,6.0,0.0,0.0,0.0,68.0,0.04,0,0.0
greedy,linear:runs/linear/pass7/p7b_sarsa_lam98_random_s3.json@best,2,9001,14,0,0.0,0.0,-32.0,51.0,83.0,44.0,-3.0,3.0,2.0,1.0,15.0,13.0,2.4615384615384617,1.0,13.0,6.0,3.0,0.0,37.0,1.0,5.0,0.0,0.0,0.0,69.0,0.04,0,0.0
greedy,linear:runs/linear/pass7/p7b_sarsa_lam98_random_s3.json@best,2,9001,15,1,0.0,0.0,-69.0,32.0,101.0,41.0,-9.0,2.0,3.0,0.0,18.0,13.0,2.3846153846153846,1.0,14.0,4.0,7.0,0.0,31.0,1.0,5.0,0.0,0.0,0.0,67.0,0.03,0,0.0
greedy,linear:runs/linear/pass7/p7b_sarsa_lam98_random_s3.json@best,2,9001,16,0,0.0,0.0,-42.0,46.0,88.0,27.0,19.0,4.0,1.0,0.0,10.0,15.0,1.8,0.0,18.0,5.0,1.0,0.0,27.0,1.0,5.0,0.0,0.0,0.0,61.0,0.03,0,0.0
greedy,linear:runs/linear/pass7/p7b_sarsa_lam98_random_s3.json@best,2,9001,17,1,0.0,0.0,-79.0,25.0,104.0,28.0,-3.0,1.0,1.0,0.0,9.0,10.0,2.2,1.0,23.0,2.0,5.0,0.0,31.0,0.0,2.0,0.0,0.0,0.0,57.0,0.02,0,0.0
greedy,linear:runs/linear/pass7/p7b_sarsa_lam98_random_s3.json@best,2,9001,18,0,0.0,0.0,-35.0,59.0,94.0,37.0,22.0,3.0,2.0,0.0,14.0,13.0,2.3076923076923075,0.0,15.0,4.0,8.0,0.0,30.0,1.0,5.0,0.0,0.0,0.0,66.0,0.03,0,0.0
greedy,linear:runs/linear/pass7/p7b_sarsa_lam98_random_s3.json@best,2,9001,19,0,1.0,1.0,11.0,95.0,84.0,54.0,31.0,4.0,1.0,1.0,23.0,13.0,2.769230769230769,1.0,9.0,3.0,9.0,0.0,31.0,1.0,5.0,0.0,0.0,0.0,69.0,0.04,0,0.0
greedy,linear:runs/linear/pass7/p7b_sarsa_lam98_random_s3.json@best,2,9001,20,1,0.0,0.0,-41.0,49.0,90.0,40.0,-1.0,2.0,2.0,1.0,12.0,9.0,3.0,1.0,18.0,1.0,8.0,0.0,36.0,1.0,4.0,0.0,0.0,0.0,64.0,0.03,0,0.0
greedy,linear:runs/linear/pass7/p7b_sarsa_lam98_random_s3.json@best,2,9001,21,0,0.0,0.0,-28.0,55.0,83.0,36.0,9.0,2.0,1.0,1.0,13.0,12.0,2.3333333333333335,0.0,17.0,6.0,15.0,0.0,23.0,0.0,3.0,0.0,0.0,0.0,62.0,0.03,0,0.0
greedy,linear:runs/linear/pass7/p7b_sarsa_lam98_random_s3.json@best,2,9001,22,0,0.0,0.0,-25.0,64.0,89.0,36.0,18.0,3.0,1.0,1.0,14.0,11.0,2.4545454545454546,1.0,18.0,7.0,4.0,0.0,36.0,1.0,4.0,0.0,0.0,0.0,64.0,0.03,0,0.0
greedy,linear:runs/linear/pass7/p7b_sarsa_lam98_random_s3.json@best,2,9001,23,0,0.0,0.0,-24.0,68.0,92.0,46.0,22.0,4.0,2.0,0.0,16.0,14.0,2.4285714285714284,1.0,11.0,4.0,7.0,0.0,25.0,1.0,6.0,0.0,0.0,0.0,63.0,0.03,0,0.0
greedy,linear:runs/linear/pass7/p7b_sarsa_lam98_random_s3.json@best,2,9001,24,0,0.0,0.0,-26.0,73.0,99.0,44.0,19.0,3.0,1.0,1.0,16.0,12.0,2.75,1.0,12.0,0.0,8.0,0.0,30.0,2.0,4.0,0.0,0.0,0.0,67.0,0.03,0,0.0
racer,linear:runs/linear/pass7/p7b_sarsa_lam98_random_s3.json@best,2,9001,0,0,1.0,1.0,8.0,92.0,84.0,105.0,-23.0,0.0,2.0,1.0,17.0,8.0,5.625,8.0,0.0,9.0,6.0,0.0,46.0,0.0,2.0,0.0,0.0,0.0,68.0,0.04,0,0.0
racer,linear:runs/linear/pass7/p7b_sarsa_lam98_random_s3.json@best,2,9001,1,0,0.0,0.0,-1.0,77.0,78.0,100.0,-23.0,0.0,2.0,0.0,12.0,7.0,5.857142857142857,7.0,4.0,6.0,12.0,0.0,48.0,0.0,2.0,0.0,0.0,0.0,75.0,0.05,0,0.0
racer,linear:runs/linear/pass7/p7b_sarsa_lam98_random_s3.json@best,2,9001,2,1,1.0,1.0,3.0,80.0,77.0,85.0,-15.0,0.0,2.0,1.0,12.0,6.0,5.833333333333333,6.0,10.0,6.0,2.0,0.0,50.0,0.0,2.0,0.0,0.0,0.0,65.0,0.05,0,0.0
racer,linear:runs/linear/pass7/p7b_sarsa_lam98_random_s3.json@best,2,9001,3,0,0.0,0.0,-12.0,81.0,93.0,85.0,-14.0,0.0,2.0,1.0,11.0,6.0,5.833333333333333,6.0,10.0,9.0,6.0,0.0,50.0,0.0,2.0,0.0,0.0,0.0,69.0,0.05,0,0.0
racer,linear:runs/linear/pass7/p7b_sarsa_lam98_random_s3.json@best,2,9001,4,0,1.0,1.0,18.0,93.0,75.0,102.0,-19.0,0.0,2.0,1.0,27.0,8.0,5.5,7.0,1.0,7.0,5.0,0.0,41.0,0.0,2.0,0.0,0.0,0.0,62.0,0.04,0,0.0
racer,linear:runs/linear/pass7/p7b_sarsa_lam98_random_s3.json@best,2,9001,5,1,0.0,0.0,-23.0,64.0,87.0,85.0,-21.0,0.0,2.0,0.0,12.0,6.0,5.833333333333333,6.0,10.0,8.0,7.0,0.0,45.0,0.0,2.0,0.0,0.0,0.0,65.0,0.04,0,0.0
racer,linear:runs/linear/pass7/p7b_sarsa_lam98_random_s3.json@best,2,9001,6,0,0.0,0.0,-3.0,83.0,86.0,100.0,-17.0,0.0,2.0,0.0,18.0,7.0,5.857142857142857,7.0,4.0,5.0,11.0,0.0,39.0,0.0,2.0,0.0,0.0,0.0,64.0,0.04,0,0.0
racer,linear:runs/linear/pass7/p7b_sarsa_lam98_random_s3.json@best,2,9001,7,0,0.0,0.0,-20.0,67.0,87.0,85.0,-18.0,0.0,2.0,0.0,11.0,6.0,5.833333333333333,6.0,10.0,6.0,3.0,0.0,51.0,0.0,2.0,0.0,0.0,0.0,67.0,0.04,0,0.0
racer,linear:runs/linear/pass7/p7b_sarsa_lam98_random_s3.json@best,2,9001,8,0,0.0,0.0,-40.0,54.0,94.0,70.0,-16.0,0.0,2.0,0.0,11.0,5.0,5.8,5.0,16.0,5.0,3.0,0.0,49.0,0.0,2.0,0.0,0.0,0.0,63.0,0.04,0,0.0
racer,linear:runs/linear/pass7/p7b_sarsa_lam98_random_s3.json@best,2,9001,9,0,0.0,0.0,-6.0,84.0,90.0,100.0,-16.0,0.0,2.0,0.0,12.0,7.0,5.857142857142857,7.0,4.0,10.0,11.0,0.0,43.0,0.0,2.0,0.0,0.0,0.0,68.0,0.04,0,0.0
racer,linear:runs/linear/pass7/p7b_sarsa_lam98_random_s3.json@best,2,9001,10,1,1.0,1.0,16.0,95.0,79.0,105.0,-20.0,0.0,2.0,1.0,12.0,9.0,5.0,7.0,0.0,10.0,5.0,0.0,43.0,0.0,2.0,0.0,0.0,1.0,66.0,0.03,0,0.0
racer,linear:runs/linear/pass7/p7b_sarsa_lam98_random_s3.json@best,2,9001,11,1,1.0,1.0,24.0,100.0,76.0,107.0,-17.0,0.0,2.0,1.0,22.0,8.0,5.625,7.0,0.0,6.0,4.0,0.0,44.0,0.0,2.0,0.0,0.0,1.0,64.0,0.03,0,0.0
racer,linear:runs/linear/pass7/p7b_sarsa_lam98_random_s3.json@best,2,9001,12,1,0.0,0.0,-24.0,77.0,101.0,99.0,-22.0,0.0,2.0,0.0,12.0,8.0,5.375,7.0,2.0,7.0,4.0,0.0,44.0,0.0,2.0,0.0,0.0,0.0,65.0,0.04,0,0.0
racer,linear:runs/linear/pass7/p7b_sarsa_lam98_random_s3.json@best,2,9001,13,1,0.0,0.0,-17.0,66.0,83.0,85.0,-19.0,0.0,2.0,0.0,12.0,6.0,5.833333333333333,6.0,10.0,8.0,5.0,0.0,49.0,0.0,2.0,0.0,0.0,0.0,66.0,0.04,0,0.0
racer,linear:runs/linear/pass7/p7b_sarsa_lam98_random_s3.json@best,2,9001,14,0,1.0,1.0,3.0,93.0,90.0,107.0,-14.0,0.0,2.0,0.0,11.0,8.0,5.625,7.0,0.0,7.0,6.0,0.0,50.0,0.0,2.0,0.0,0.0,1.0,72.0,0.04,0,0.0
racer,linear:runs/linear/pass7/p7b_sarsa_lam98_random_s3.json@best,2,9001,15,1,1.0,1.0,14.0,89.0,75.0,105.0,-26.0,0.0,2.0,1.0,15.0,9.0,5.0,7.0,0.0,6.0,9.0,0.0,39.0,0.0,2.0,0.0,0.0,1.0,66.0,0.03,0,0.0
racer,linear:runs/linear/pass7/p7b_sarsa_lam98_random_s3.json@best,2,9001,16,0,1.0,1.0,26.0,103.0,77.0,103.0,-10.0,0.0,2.0,1.0,13.0,9.0,5.0,7.0,0.0,8.0,3.0,0.0,47.0,0.0,2.0,0.0,0.0,1.0,68.0,0.03,0,0.0
racer,linear:runs/linear/pass7/p7b_sarsa_lam98_random_s3.json@best,2,9001,17,1,0.0,0.0,-8.0,86.0,94.0,97.0,-21.0,0.0,2.0,1.0,21.0,8.0,5.375,7.0,2.0,6.0,6.0,0.0,42.0,0.0,2.0,0.0,0.0,0.0,65.0,0.03,0,0.0
racer,linear:runs/linear/pass7/p7b_sarsa_lam98_random_s3.json@best,2,9001,18,0,0.0,0.0,-18.0,86.0,104.0,107.0,-21.0,0.0,2.0,0.0,18.0,8.0,5.625,7.0,0.0,6.0,5.0,0.0,47.0,0.0,2.0,0.0,0.0,1.0,67.0,0.03,0,0.0
racer,linear:runs/linear/pass7/p7b_sarsa_lam98_random_s3.json@best,2,9001,19,0,0.0,0.0,-14.0,66.0,80.0,85.0,-19.0,0.0,2.0,0.0,6.0,6.0,5.833333333333333,6.0,10.0,4.0,4.0,0.0,50.0,0.0,2.0,0.0,0.0,0.0,67.0,0.03,0,0.0
racer,linear:runs/linear/pass7/p7b_sarsa_lam98_random_s3.json@best,2,9001,20,1,0.0,0.0,-41.0,62.0,103.0,85.0,-23.0,0.0,2.0,0.0,12.0,6.0,5.833333333333333,6.0,10.0,5.0,1.0,0.0,61.0,0.0,2.0,0.0,0.0,0.0,74.0,0.04,0,0.0
racer,linear:runs/linear/pass7/p7b_sarsa_lam98_random_s3.json@best,2,9001,21,0,0.0,0.0,-16.0,68.0,84.0,90.0,-22.0,0.0,2.0,0.0,12.0,6.0,6.0,6.0,9.0,11.0,2.0,0.0,54.0,0.0,2.0,0.0,0.0,0.0,68.0,0.04,0,0.0
racer,linear:runs/linear/pass7/p7b_sarsa_lam98_random_s3.json@best,2,9001,22,0,1.0,1.0,0.0,89.0,89.0,101.0,-22.0,0.0,2.0,1.0,17.0,9.0,5.0,8.0,0.0,6.0,12.0,0.0,38.0,0.0,2.0,0.0,0.0,1.0,67.0,0.04,0,0.0
racer,linear:runs/linear/pass7/p7b_sarsa_lam98_random_s3.json@best,2,9001,23,0,0.0,0.0,-9.0,81.0,90.0,100.0,-19.0,0.0,2.0,0.0,12.0,8.0,5.5,8.0,1.0,7.0,5.0,0.0,43.0,0.0,2.0,0.0,0.0,0.0,65.0,0.04,0,0.0
racer,linear:runs/linear/pass7/p7b_sarsa_lam98_random_s3.json@best,2,9001,24,0,0.0,0.0,-1.0,86.0,87.0,105.0,-19.0,0.0,2.0,0.0,11.0,8.0,5.625,8.0,0.0,4.0,2.0,0.0,44.0,0.0,2.0,0.0,0.0,0.0,63.0,0.04,0,0.0
racer,racer,2,9001,25,0,0.0,0.0,-14.0,81.0,95.0,100.0,-19.0,0.0,2.0,0.0,16.0,8.0,5.5,8.0,1.0,7.0,6.0,0.0,42.0,0.0,2.0,0.0,0.0,0.0,64.0,0.01,0,0.0
racer,racer,2,9001,26,0,1.0,1.0,19.0,98.0,79.0,101.0,-13.0,0.0,2.0,1.0,25.0,9.0,5.0,7.0,0.0,7.0,11.0,0.0,37.0,0.0,2.0,0.0,0.0,1.0,65.0,0.01,0,0.0
racer,racer,2,9001,27,1,0.0,0.0,-4.0,94.0,98.0,97.0,-13.0,0.0,2.0,1.0,16.0,8.0,5.375,7.0,2.0,8.0,2.0,0.0,50.0,0.0,2.0,0.0,0.0,0.0,69.0,0.01,0,0.0
racer,racer,2,9001,28,0,1.0,1.0,4.0,89.0,85.0,101.0,-22.0,0.0,2.0,1.0,16.0,9.0,5.0,8.0,0.0,6.0,9.0,0.0,39.0,0.0,2.0,0.0,0.0,1.0,66.0,0.01,0,0.0
racer,racer,2,9001,29,1,0.0,0.0,-3.0,81.0,84.0,97.0,-26.0,0.0,2.0,1.0,21.0,8.0,5.375,7.0,2.0,3.0,4.0,0.0,42.0,0.0,2.0,0.0,0.0,0.0,62.0,0.01,0,0.0
racer,racer,2,9001,30,0,0.0,0.0,-4.0,81.0,85.0,103.0,-22.0,0.0,2.0,0.0,16.0,9.0,5.0,7.0,0.0,7.0,7.0,0.0,39.0,0.0,2.0,0.0,0.0,1.0,64.0,0.01,0,0.0
racer,racer,2,9001,31,1,0.0,0.0,-29.0,62.0,91.0,80.0,-18.0,0.0,2.0,0.0,11.0,6.0,5.666666666666667,6.0,11.0,3.0,3.0,0.0,45.0,0.0,2.0,0.0,0.0,0.0,61.0,0.01,0,0.0
racer,racer,2,9001,32,1,1.0,1.0,16.0,93.0,77.0,101.0,-18.0,0.0,2.0,1.0,18.0,9.0,5.0,8.0,0.0,7.0,5.0,0.0,45.0,0.0,2.0,0.0,0.0,1.0,67.0,0.02,0,0.0
racer,racer,2,9001,33,1,0.0,0.0,-29.0,61.0,90.0,82.0,-21.0,0.0,2.0,0.0,10.0,7.0,5.285714285714286,6.0,8.0,1.0,5.0,0.0,45.0,0.0,2.0,0.0,0.0,0.0,65.0,0.01,0,0.0
racer,racer,2,9001,34,1,0.0,0.0,-15.0,82.0,97.0,100.0,-18.0,0.0,2.0,0.0,12.0,8.0,5.5,8.0,1.0,6.0,8.0,0.0,40.0,0.0,2.0,0.0,0.0,0.0,64.0,0.01,0,0.0
racer,racer,2,9001,35,0,1.0,1.0,27.0,94.0,67.0,97.0,-13.0,0.0,2.0,1.0,16.0,8.0,5.375,7.0,2.0,5.0,6.0,0.0,40.0,0.0,2.0,0.0,0.0,0.0,63.0,0.01,0,0.0
racer,racer,2,9001,36,1,0.0,0.0,-22.0,75.0,97.0,97.0,-22.0,0.0,2.0,0.0,12.0,8.0,5.375,7.0,2.0,2.0,5.0,0.0,45.0,0.0,2.0,0.0,0.0,0.0,67.0,0.02,0,0.0
racer,racer,2,9001,37,1,0.0,0.0,-24.0,75.0,99.0,100.0,-25.0,0.0,2.0,0.0,12.0,8.0,5.5,8.0,1.0,5.0,4.0,0.0,48.0,0.0,2.0,0.0,0.0,0.0,68.0,0.01,0,0.0
racer,racer,2,9001,38,1,0.0,0.0,-8.0,80.0,88.0,94.0,-24.0,0.0,2.0,1.0,15.0,8.0,5.25,7.0,3.0,6.0,1.0,0.0,43.0,0.0,2.0,0.0,0.0,0.0,60.0,0.01,0,0.0
racer,racer,2,9001,39,0,1.0,1.0,22.0,89.0,67.0,103.0,-24.0,0.0,2.0,1.0,11.0,9.0,5.0,7.0,0.0,4.0,5.0,0.0,43.0,0.0,2.0,0.0,0.0,1.0,65.0,0.01,0,0.0
racer,racer,2,9001,40,0,0.0,0.0,-25.0,75.0,100.0,90.0,-15.0,0.0,2.0,0.0,11.0,7.0,5.571428571428571,7.0,6.0,8.0,3.0,0.0,49.0,0.0,2.0,0.0,0.0,0.0,67.0,0.02,0,0.0
racer,racer,2,9001,41,0,1.0,1.0,2.0,95.0,93.0,103.0,-18.0,0.0,2.0,1.0,16.0,9.0,5.0,7.0,0.0,6.0,7.0,0.0,41.0,0.0,2.0,0.0,0.0,1.0,66.0,0.01,0,0.0
racer,racer,2,9001,42,1,1.0,1.0,2.0,92.0,90.0,103.0,-21.0,0.0,2.0,1.0,12.0,9.0,5.0,7.0,0.0,7.0,7.0,0.0,39.0,0.0,2.0,0.0,0.0,1.0,64.0,0.01,0,0.0
racer,racer,2,9001,43,1,1.0,1.0,3.0,81.0,78.0,97.0,-26.0,0.0,2.0,1.0,22.0,8.0,5.375,7.0,2.0,4.0,9.0,0.0,39.0,0.0,2.0,0.0,0.0,0.0,64.0,0.01,0,0.0
racer,racer,2,9001,44,0,0.0,0.0,-6.0,84.0,90.0,100.0,-16.0,0.0,2.0,0.0,13.0,10.0,4.5,7.0,0.0,6.0,14.0,0.0,30.0,0.0,2.0,0.0,0.0,1.0,63.0,0.01,0,0.0
racer,racer,2,9001,45,1,1.0,1.0,24.0,93.0,69.0,103.0,-20.0,0.0,2.0,1.0,24.0,9.0,5.0,7.0,0.0,10.0,2.0,0.0,48.0,0.0,2.0,0.0,0.0,1.0,67.0,0.02,0,0.0
racer,racer,2,9001,46,0,1.0,1.0,11.0,92.0,81.0,101.0,-19.0,0.0,2.0,1.0,14.0,9.0,5.0,7.0,0.0,6.0,5.0,0.0,43.0,0.0,2.0,0.0,0.0,1.0,65.0,0.01,0,0.0
racer,racer,2,9001,47,1,0.0,0.0,-11.0,78.0,89.0,87.0,-19.0,0.0,2.0,1.0,16.0,7.0,5.428571428571429,6.0,7.0,9.0,4.0,0.0,42.0,0.0,2.0,0.0,0.0,0.0,61.0,0.01,0,0.0
racer,racer,2,9001,48,0,1.0,1.0,6.0,81.0,75.0,103.0,-22.0,0.0,2.0,0.0,15.0,9.0,5.0,7.0,0.0,4.0,6.0,0.0,44.0,0.0,2.0,0.0,0.0,1.0,67.0,0.01,0,0.0
racer,racer,2,9001,49,0,0.0,0.0,-9.0,84.0,93.0,97.0,-13.0,0.0,2.0,0.0,11.0,8.0,5.375,7.0,2.0,7.0,4.0,0.0,48.0,0.0,2.0,0.0,0.0,0.0,69.0,0.02,0,0.0
greedy,racer,2,9001,25,0,0.0,0.0,-21.0,70.0,91.0,44.0,16.0,4.0,2.0,1.0,15.0,13.0,2.5384615384615383,1.0,12.0,2.0,3.0,0.0,35.0,2.0,6.0,0.0,0.0,0.0,68.0,0.01,0,0.0
greedy,racer,2,9001,26,0,1.0,1.0,2.0,93.0,91.0,47.0,36.0,5.0,1.0,1.0,19.0,15.0,2.466666666666667,0.0,8.0,2.0,7.0,0.0,31.0,2.0,6.0,0.0,0.0,0.0,72.0,0.01,0,0.0
greedy,racer,2,9001,27,1,0.0,0.0,-37.0,67.0,104.0,43.0,24.0,4.0,1.0,0.0,13.0,10.0,2.8,1.0,17.0,6.0,1.0,0.0,49.0,1.0,5.0,0.0,0.0,0.0,73.0,0.01,0,0.0
greedy,racer,2,9001,28,0,0.0,0.0,-40.0,69.0,109.0,31.0,38.0,4.0,0.0,0.0,12.0,11.0,2.3636363636363638,0.0,19.0,6.0,9.0,0.0,27.0,2.0,4.0,0.0,0.0,0.0,63.0,0.02,0,0.0
greedy,racer,2,9001,29,1,0.0,0.0,-35.0,68.0,103.0,42.0,26.0,2.0,0.0,0.0,13.0,9.0,2.888888888888889,1.0,19.0,7.0,8.0,0.0,50.0,0.0,2.0,0.0,0.0,0.0,76.0,0.01,0,0.0
greedy,racer,2,9001,30,0,0.0,0.0,-30.0,67.0,97.0,39.0,28.0,3.0,0.0,0.0,13.0,10.0,2.7,1.0,18.0,8.0,2.0,0.0,42.0,1.0,3.0,0.0,0.0,0.0,67.0,0.01,0,0.0
greedy,racer,2,9001,31,1,0.0,0.0,-37.0,62.0,99.0,39.0,23.0,3.0,1.0,0.0,15.0,13.0,2.4615384615384617,0.0,13.0,4.0,3.0,0.0,39.0,1.0,4.0,0.0,0.0,0.0,71.0,0.01,0,0.0
greedy,racer,2,9001,32,1,0.0,0.0,-61.0,43.0,104.0,35.0,8.0,2.0,1.0,0.0,9.0,9.0,2.6666666666666665,1.0,21.0,6.0,5.0,0.0,47.0,0.0,3.0,0.0,0.0,0.0,70.0,0.01,0,0.0
greedy,racer,2,9001,33,1,0.0,0.0,-20.0,64.0,84.0,40.0,14.0,3.0,1.0,1.0,22.0,15.0,2.2,0.0,12.0,2.0,18.0,0.0,18.0,1.0,4.0,0.0,0.0,0.0,69.0,0.02,0,0.0
greedy,racer,2,9001,34,1,0.0,0.0,-29.0,66.0,95.0,41.0,15.0,3.0,1.0,1.0,13.0,12.0,2.5,1.0,15.0,3.0,6.0,0.0,36.0,1.0,4.0,0.0,0.0,0.0,68.0,0.01,0,0.0
greedy,racer,2,9001,35,0,0.0,0.0,-4.0,79.0,83.0,34.0,45.0,6.0,0.0,0.0,13.0,14.0,2.142857142857143,0.0,15.0,4.0,0.0,0.0,34.0,2.0,6.0,0.0,0.0,0.0,67.0,0.01,0,0.0
greedy,racer,2,9001,36,1,0.0,0.0,-30.0,65.0,95.0,43.0,12.0,2.0,1.0,1.0,16.0,12.0,2.5833333333333335,1.0,14.0,2.0,18.0,0.0,22.0,0.0,3.0,0.0,0.0,0.0,65.0,0.01,0,0.0
greedy,racer,2,9001,37,1,0.0,0.0,-16.0,79.0,95.0,47.0,22.0,4.0,1.0,1.0,20.0,11.0,2.727272727272727,2.0,15.0,7.0,9.0,0.0,45.0,1.0,5.0,0.0,0.0,0.0,78.0,0.02,0,0.0
greedy,racer,2,9001,38,1,0.0,0.0,-10.0,86.0,96.0,39.0,37.0,4.0,1.0,1.0,18.0,13.0,2.3846153846153846,0.0,14.0,7.0,0.0,0.0,40.0,1.0,5.0,0.0,0.0,0.0,68.0,0.01,0,0.0
greedy,racer,2,9001,39,0,1.0,1.0,5.0,84.0,79.0,57.0,17.0,2.0,1.0,1.0,19.0,9.0,3.6666666666666665,3.0,12.0,6.0,3.0,0.0,45.0,1.0,3.0,0.0,0.0,0.0,68.0,0.01,0,0.0
greedy,racer,2,9001,40,0,1.0,1.0,3.0,99.0,96.0,42.0,47.0,4.0,0.0,1.0,30.0,12.0,2.6666666666666665,1.0,13.0,5.0,7.0,0.0,33.0,1.0,4.0,0.0,0.0,0.0,67.0,0.01,0,0.0
greedy,racer,2,9001,41,0,1.0,1.0,2.0,107.0,105.0,47.0,50.0,5.0,0.0,1.0,12.0,13.0,2.5384615384615383,1.0,12.0,6.0,5.0,0.0,35.0,2.0,5.0,0.0,0.0,0.0,71.0,0.01,0,0.0
greedy,racer,2,9001,42,1,1.0,1.0,6.0,98.0,92.0,49.0,39.0,5.0,1.0,1.0,15.0,14.0,2.5,2.0,10.0,6.0,13.0,0.0,25.0,1.0,6.0,0.0,0.0,0.0,69.0,0.01,0,0.0
greedy,racer,2,9001,43,1,0.0,0.0,-4.0,82.0,86.0,41.0,31.0,3.0,1.0,1.0,21.0,12.0,2.5,1.0,15.0,3.0,17.0,0.0,19.0,1.0,4.0,0.0,0.0,0.0,62.0,0.01,0,0.0
greedy,racer,2,9001,44,0,0.0,0.0,-29.0,66.0,95.0,52.0,4.0,3.0,2.0,1.0,28.0,15.0,2.466666666666667,0.0,8.0,5.0,9.0,0.0,33.0,1.0,5.0,0.0,0.0,0.0,74.0,0.02,0,0.0
greedy,racer,2,9001,45,1,0.0,0.0,-7.0,81.0,88.0,42.0,29.0,4.0,1.0,1.0,18.0,15.0,2.3333333333333335,0.0,10.0,4.0,8.0,0.0,26.0,2.0,5.0,0.0,0.0,0.0,68.0,0.02,0,0.0
greedy,racer,2,9001,46,0,1.0,1.0,14.0,107.0,93.0,54.0,43.0,4.0,0.0,1.0,16.0,13.0,2.769230769230769,2.0,9.0,3.0,13.0,0.0,35.0,1.0,4.0,0.0,0.0,0.0,76.0,0.02,0,0.0
greedy,racer,2,9001,47,1,0.0,0.0,-50.0,55.0,105.0,47.0,8.0,2.0,1.0,0.0,10.0,9.0,3.0,3.0,18.0,6.0,3.0,0.0,47.0,0.0,3.0,0.0,0.0,0.0,69.0,0.01,0,0.0
greedy,racer,2,9001,48,0,0.0,0.0,-4.0,90.0,94.0,38.0,52.0,6.0,1.0,0.0,17.0,15.0,2.2,0.0,12.0,6.0,11.0,0.0,23.0,2.0,7.0,0.0,0.0,0.0,68.0,0.01,0,0.0
greedy,racer,2,9001,49,0,0.0,0.0,-33.0,66.0,99.0,42.0,24.0,4.0,1.0,0.0,13.0,15.0,2.2666666666666666,0.0,11.0,5.0,5.0,0.0,31.0,1.0,5.0,0.0,0.0,0.0,69.0,0.01,0,0.0
racer,wary,2,9001,25,0,1.0,1.0,38.0,100.0,62.0,109.0,-19.0,0.0,2.0,1.0,15.0,8.0,5.625,7.0,0.0,6.0,5.0,0.0,49.0,0.0,2.0,0.0,0.0,1.0,69.0,0.01,0,0.0
racer,wary,2,9001,26,0,1.0,1.0,22.0,106.0,84.0,109.0,-13.0,0.0,2.0,1.0,15.0,8.0,5.625,7.0,0.0,8.0,6.0,0.0,46.0,0.0,2.0,0.0,0.0,1.0,67.0,0.01,0,0.0
racer,wary,2,9001,27,1,0.0,0.0,-2.0,96.0,98.0,109.0,-13.0,0.0,2.0,0.0,15.0,8.0,5.625,7.0,0.0,6.0,3.0,0.0,61.0,0.0,2.0,0.0,0.0,0.0,81.0,0.02,0,0.0
racer,wary,2,9001,28,0,0.0,0.0,-14.0,87.0,101.0,109.0,-22.0,0.0,2.0,0.0,15.0,8.0,5.625,7.0,0.0,11.0,2.0,0.0,46.0,0.0,2.0,0.0,0.0,1.0,64.0,0.02,0,0.0
racer,wary,2,9001,29,1,1.0,1.0,29.0,93.0,64.0,109.0,-26.0,0.0,2.0,1.0,21.0,8.0,5.625,7.0,0.0,6.0,4.0,0.0,46.0,0.0,2.0,0.0,0.0,1.0,65.0,0.01,0,0.0
racer,wary,2,9001,30,0,1.0,1.0,59.0,97.0,38.0,109.0,-22.0,0.0,2.0,1.0,18.0,8.0,5.625,7.0,0.0,10.0,8.0,0.0,48.0,0.0,2.0,0.0,0.0,1.0,72.0,0.02,0,0.0
racer,wary,2,9001,31,1,1.0,1.0,22.0,91.0,69.0,109.0,-18.0,0.0,2.0,0.0,18.0,8.0,5.625,7.0,0.0,4.0,5.0,0.0,47.0,0.0,2.0,0.0,0.0,1.0,68.0,0.01,0,0.0
racer,wary,2,9001,32,1,1.0,1.0,53.0,101.0,48.0,109.0,-18.0,0.0,2.0,1.0,27.0,8.0,5.625,7.0,0.0,6.0,8.0,0.0,46.0,0.0,2.0,0.0,0.0,1.0,69.0,0.01,0,0.0
racer,wary,2,9001,33,1,1.0,1.0,26.0,98.0,72.0,109.0,-21.0,0.0,2.0,1.0,18.0,8.0,5.625,7.0,0.0,5.0,3.0,0.0,45.0,0.0,2.0,0.0,0.0,1.0,64.0,0.01,0,0.0
racer,wary,2,9001,34,1,1.0,1.0,15.0,101.0,86.0,109.0,-18.0,0.0,2.0,1.0,15.0,8.0,5.625,7.0,0.0,5.0,11.0,0.0,41.0,0.0,2.0,0.0,0.0,1.0,67.0,0.01,0,0.0
racer,wary,2,9001,35,0,1.0,1.0,25.0,106.0,81.0,109.0,-13.0,0.0,2.0,1.0,21.0,8.0,5.625,7.0,0.0,7.0,5.0,0.0,43.0,0.0,2.0,0.0,0.0,1.0,64.0,0.01,0,0.0
racer,wary,2,9001,36,1,0.0,0.0,-15.0,87.0,102.0,109.0,-22.0,0.0,2.0,0.0,12.0,8.0,5.625,7.0,0.0,8.0,5.0,0.0,49.0,0.0,2.0,0.0,0.0,0.0,71.0,0.01,0,0.0
racer,wary,2,9001,37,1,1.0,1.0,34.0,84.0,50.0,109.0,-25.0,0.0,2.0,0.0,15.0,8.0,5.625,7.0,0.0,5.0,13.0,0.0,35.0,0.0,2.0,0.0,0.0,1.0,63.0,0.01,0,0.0
racer,wary,2,9001,38,1,0.0,0.0,-5.0,85.0,90.0,109.0,-24.0,0.0,2.0,0.0,15.0,8.0,5.625,7.0,0.0,7.0,5.0,0.0,49.0,0.0,2.0,0.0,0.0,1.0,69.0,0.01,0,0.0
racer,wary,2,9001,39,0,0.0,0.0,-10.0,85.0,95.0,109.0,-24.0,0.0,2.0,0.0,15.0,8.0,5.625,7.0,0.0,6.0,4.0,0.0,50.0,0.0,2.0,0.0,0.0,1.0,69.0,0.01,0,0.0
racer,wary,2,9001,40,0,1.0,1.0,34.0,104.0,70.0,109.0,-15.0,0.0,2.0,1.0,18.0,8.0,5.625,7.0,0.0,4.0,10.0,0.0,40.0,0.0,2.0,0.0,0.0,1.0,66.0,0.01,0,0.0
racer,wary,2,9001,41,0,1.0,1.0,33.0,101.0,68.0,109.0,-18.0,0.0,2.0,1.0,21.0,8.0,5.625,7.0,0.0,5.0,6.0,0.0,52.0,0.0,2.0,0.0,0.0,1.0,74.0,0.01,0,0.0
racer,wary,2,9001,42,1,0.0,0.0,-52.0,64.0,116.0,85.0,-21.0,0.0,2.0,0.0,12.0,6.0,5.833333333333333,6.0,10.0,9.0,5.0,0.0,51.0,0.0,2.0,0.0,0.0,0.0,69.0,0.01,0,0.0
racer,wary,2,9001,43,1,1.0,1.0,59.0,92.0,33.0,108.0,-26.0,0.0,2.0,1.0,21.0,9.0,5.0,7.0,0.0,8.0,5.0,0.0,39.0,0.0,2.0,0.0,0.0,1.0,61.0,0.01,0,0.0
racer,wary,2,9001,44,0,1.0,1.0,11.0,93.0,82.0,109.0,-16.0,0.0,2.0,0.0,12.0,8.0,5.625,7.0,0.0,7.0,3.0,0.0,49.0,0.0,2.0,0.0,0.0,1.0,67.0,0.02,0,0.0
racer,wary,2,9001,45,1,1.0,1.0,14.0,89.0,75.0,109.0,-20.0,0.0,2.0,0.0,15.0,8.0,5.625,7.0,0.0,3.0,6.0,0.0,40.0,0.0,2.0,0.0,0.0,1.0,61.0,0.01,0,0.0
racer,wary,2,9001,46,0,0.0,0.0,-14.0,90.0,104.0,109.0,-19.0,0.0,2.0,0.0,12.0,8.0,5.625,7.0,0.0,8.0,2.0,0.0,58.0,0.0,2.0,0.0,0.0,1.0,75.0,0.01,0,0.0
racer,wary,2,9001,47,1,1.0,1.0,2.0,88.0,86.0,107.0,-19.0,0.0,2.0,0.0,12.0,8.0,5.5,7.0,1.0,10.0,4.0,0.0,48.0,0.0,2.0,0.0,0.0,1.0,68.0,0.01,0,0.0
racer,wary,2,9001,48,0,0.0,0.0,-31.0,78.0,109.0,100.0,-22.0,0.0,2.0,0.0,17.0,7.0,5.857142857142857,7.0,4.0,4.0,3.0,0.0,53.0,0.0,2.0,0.0,0.0,0.0,70.0,0.01,0,0.0
racer,wary,2,9001,49,0,1.0,1.0,26.0,95.0,69.0,108.0,-13.0,0.0,2.0,0.0,18.0,9.0,5.0,7.0,0.0,6.0,7.0,0.0,39.0,0.0,2.0,0.0,0.0,1.0,64.0,0.01,0,0.0
greedy,wary,2,9001,25,0,1.0,1.0,15.0,115.0,100.0,65.0,50.0,5.0,0.0,0.0,16.0,16.0,2.8125,2.0,0.0,6.0,4.0,0.0,46.0,1.0,5.0,0.0,0.0,1.0,83.0,0.02,0,0.0
greedy,wary,2,9001,26,0,0.0,0.0,-9.0,103.0,112.0,55.0,48.0,6.0,0.0,0.0,19.0,17.0,2.4705882352941178,0.0,3.0,3.0,7.0,0.0,39.0,2.0,6.0,0.0,0.0,0.0,84.0,0.02,0,0.0
greedy,wary,2,9001,27,1,0.0,0.0,-42.0,93.0,135.0,52.0,41.0,6.0,1.0,0.0,19.0,15.0,2.533333333333333,1.0,7.0,2.0,13.0,0.0,31.0,2.0,7.0,0.0,0.0,0.0,79.0,0.01,0,0.0
greedy,wary,2,9001,28,0,0.0,0.0,-5.0,117.0,122.0,51.0,56.0,6.0,0.0,1.0,21.0,17.0,2.411764705882353,0.0,4.0,4.0,8.0,0.0,36.0,3.0,6.0,0.0,0.0,0.0,85.0,0.02,0,0.0
greedy,wary,2,9001,29,1,1.0,1.0,28.0,132.0,104.0,74.0,48.0,4.0,0.0,1.0,24.0,14.0,3.2142857142857144,3.0,0.0,4.0,13.0,0.0,43.0,2.0,4.0,0.0,0.0,1.0,87.0,0.01,0,0.0
greedy,wary,2,9001,30,0,0.0,0.0,-18.0,114.0,132.0,67.0,47.0,4.0,0.0,0.0,26.0,12.0,3.4166666666666665,2.0,4.0,8.0,2.0,0.0,52.0,1.0,4.0,0.0,0.0,0.0,81.0,0.01,0,0.0
greedy,wary,2,9001,31,1,1.0,1.0,27.0,114.0,87.0,59.0,45.0,4.0,0.0,1.0,30.0,17.0,2.6470588235294117,0.0,0.0,4.0,5.0,0.0,47.0,1.0,4.0,0.0,0.0,1.0,88.0,0.02,0,0.0
greedy,wary,2,9001,32,1,0.0,0.0,-1.0,105.0,106.0,51.0,54.0,6.0,0.0,0.0,14.0,14.0,2.642857142857143,2.0,8.0,5.0,10.0,0.0,38.0,2.0,6.0,0.0,0.0,0.0,80.0,0.02,0,0.0
greedy,wary,2,9001,33,1,0.0,0.0,-39.0,94.0,133.0,51.0,43.0,4.0,0.0,0.0,16.0,13.0,2.769230769230769,1.0,9.0,2.0,19.0,0.0,37.0,1.0,4.0,0.0,0.0,0.0,85.0,0.02,0,0.0
greedy,wary,2,9001,34,1,0.0,0.0,-10.0,109.0,119.0,72.0,37.0,4.0,0.0,0.0,17.0,12.0,3.4166666666666665,3.0,4.0,9.0,8.0,0.0,52.0,1.0,4.0,0.0,0.0,0.0,86.0,0.02,0,0.0
greedy,wary,2,9001,35,0,0.0,0.0,-20.0,104.0,124.0,59.0,45.0,6.0,0.0,0.0,22.0,18.0,2.5,1.0,0.0,10.0,1.0,0.0,49.0,2.0,6.0,0.0,0.0,0.0,91.0,0.02,0,0.0
greedy,wary,2,9001,36,1,0.0,0.0,-88.0,61.0,149.0,51.0,10.0,2.0,1.0,0.0,17.0,12.0,2.75,2.0,12.0,5.0,11.0,0.0,43.0,0.0,3.0,0.0,0.0,0.0,79.0,0.02,0,0.0
greedy,wary,2,9001,37,1,0.0,0.0,-7.0,114.0,121.0,56.0,48.0,4.0,1.0,1.0,24.0,13.0,2.769230769230769,2.0,9.0,6.0,17.0,0.0,33.0,2.0,5.0,0.0,0.0,0.0,80.0,0.01,0,0.0
greedy,wary,2,9001,38,1,0.0,0.0,-24.0,92.0,116.0,51.0,31.0,4.0,1.0,1.0,20.0,14.0,2.5714285714285716,1.0,9.0,3.0,5.0,0.0,45.0,1.0,5.0,0.0,0.0,0.0,80.0,0.01,0,0.0
greedy,wary,2,9001,39,0,0.0,0.0,-13.0,119.0,132.0,57.0,52.0,5.0,0.0,1.0,22.0,12.0,3.0833333333333335,2.0,8.0,9.0,6.0,0.0,50.0,1.0,5.0,0.0,0.0,0.0,82.0,0.02,0,0.0
greedy,wary,2,9001,40,0,1.0,1.0,9.0,103.0,94.0,51.0,42.0,5.0,1.0,1.0,30.0,16.0,2.5,1.0,5.0,5.0,6.0,0.0,36.0,2.0,6.0,0.0,0.0,0.0,79.0,0.01,0,0.0
greedy,wary,2,9001,41,0,1.0,1.0,41.0,119.0,78.0,68.0,41.0,4.0,0.0,1.0,28.0,14.0,3.2142857142857144,1.0,0.0,4.0,14.0,0.0,34.0,1.0,4.0,0.0,0.0,1.0,78.0,0.01,0,0.0
greedy,wary,2,9001,42,1,0.0,0.0,-51.0,86.0,137.0,47.0,39.0,5.0,1.0,0.0,15.0,13.0,2.5384615384615383,2.0,12.0,5.0,6.0,0.0,42.0,1.0,6.0,0.0,0.0,0.0,77.0,0.01,0,0.0
greedy,wary,2,9001,43,1,0.0,0.0,-45.0,101.0,146.0,59.0,42.0,4.0,0.0,0.0,24.0,13.0,2.8461538461538463,2.0,8.0,9.0,11.0,0.0,45.0,1.0,4.0,0.0,0.0,0.0,84.0,0.01,0,0.0
greedy,wary,2,9001,44,0,1.0,1.0,27.0,127.0,100.0,76.0,41.0,4.0,0.0,1.0,28.0,15.0,3.0,4.0,0.0,4.0,6.0,0.0,44.0,1.0,4.0,0.0,0.0,1.0,81.0,0.01,0,0.0
greedy,wary,2,9001,45,1,0.0,0.0,-25.0,95.0,120.0,52.0,43.0,5.0,0.0,0.0,18.0,17.0,2.3529411764705883,1.0,5.0,6.0,12.0,0.0,28.0,2.0,5.0,0.0,0.0,0.0,78.0,0.02,0,0.0
greedy,wary,2,9001,46,0,1.0,1.0,9.0,113.0,104.0,60.0,43.0,4.0,0.0,1.0,34.0,18.0,2.5,1.0,0.0,2.0,17.0,0.0,29.0,1.0,4.0,0.0,0.0,1.0,83.0,0.01,0,0.0
greedy,wary,2,9001,47,1,1.0,1.0,11.0,117.0,106.0,77.0,30.0,3.0,0.0,1.0,24.0,14.0,3.2142857142857144,3.0,0.0,2.0,27.0,0.0,27.0,0.0,3.0,0.0,0.0,1.0,82.0,0.01,0,0.0
greedy,wary,2,9001,48,0,0.0,0.0,-1.0,122.0,123.0,52.0,70.0,7.0,0.0,0.0,22.0,16.0,2.5,1.0,5.0,4.0,6.0,0.0,40.0,2.0,7.0,0.0,0.0,0.0,82.0,0.01,0,0.0
greedy,wary,2,9001,49,0,0.0,0.0,-18.0,113.0,131.0,61.0,42.0,5.0,0.0,1.0,20.0,17.0,2.6470588235294117,1.0,0.0,7.0,4.0,0.0,44.0,2.0,5.0,0.0,0.0,0.0,87.0,0.02,0,0.0
greedy,ppo:runs/ppo/pass2/p2b_pool_s3.json,2,9001,0,0,0.0,0.0,-26.0,63.0,89.0,45.0,18.0,3.0,1.0,0.0,20.0,13.0,2.6923076923076925,0.0,10.0,4.0,6.0,0.0,32.0,1.0,4.0,0.0,0.0,0.0,66.0,0.11,0,0.0
greedy,ppo:runs/ppo/pass2/p2b_pool_s3.json,2,9001,1,0,1.0,1.0,29.0,106.0,77.0,40.0,66.0,7.0,0.0,0.0,20.0,13.0,2.3846153846153846,1.0,14.0,4.0,4.0,0.0,30.0,3.0,7.0,0.0,0.0,0.0,67.0,0.09,0,0.0
greedy,ppo:runs/ppo/pass2/p2b_pool_s3.json,2,9001,2,1,0.0,0.0,-32.0,61.0,93.0,40.0,21.0,3.0,1.0,0.0,22.0,12.0,2.5,0.0,15.0,4.0,10.0,0.0,28.0,1.0,4.0,0.0,0.0,0.0,65.0,0.12,0,0.0
greedy,ppo:runs/ppo/pass2/p2b_pool_s3.json,2,9001,3,0,0.0,0.0,-35.0,62.0,97.0,37.0,25.0,4.0,1.0,0.0,14.0,13.0,2.3076923076923075,0.0,15.0,5.0,2.0,0.0,28.0,1.0,5.0,0.0,0.0,0.0,59.0,0.1,0,0.0
greedy,ppo:runs/ppo/pass2/p2b_pool_s3.json,2,9001,4,0,0.0,0.0,-30.0,88.0,118.0,44.0,44.0,5.0,0.0,0.0,19.0,13.0,2.4615384615384617,1.0,13.0,5.0,4.0,0.0,30.0,1.0,5.0,0.0,0.0,0.0,62.0,0.1,0,0.0
greedy,ppo:runs/ppo/pass2/p2b_pool_s3.json,2,9001,5,1,0.0,0.0,-68.0,28.0,96.0,35.0,-7.0,2.0,3.0,0.0,12.0,9.0,2.7777777777777777,1.0,20.0,6.0,5.0,0.0,35.0,1.0,5.0,0.0,0.0,0.0,61.0,0.1,0,0.0
greedy,ppo:runs/ppo/pass2/p2b_pool_s3.json,2,9001,6,0,0.0,0.0,-16.0,73.0,89.0,44.0,29.0,4.0,1.0,0.0,16.0,13.0,2.4615384615384617,1.0,13.0,2.0,18.0,0.0,16.0,1.0,5.0,0.0,0.0,0.0,62.0,0.11,0,0.0
greedy,ppo:runs/ppo/pass2/p2b_pool_s3.json,2,9001,7,0,0.0,0.0,-11.0,79.0,90.0,41.0,38.0,6.0,1.0,0.0,13.0,15.0,2.2666666666666666,0.0,11.0,4.0,6.0,0.0,30.0,2.0,7.0,0.0,0.0,0.0,71.0,0.12,0,0.0
greedy,ppo:runs/ppo/pass2/p2b_pool_s3.json,2,9001,8,0,0.0,0.0,-37.0,52.0,89.0,47.0,5.0,2.0,1.0,0.0,13.0,9.0,3.111111111111111,2.0,17.0,5.0,4.0,0.0,40.0,0.0,3.0,0.0,0.0,0.0,63.0,0.1,0,0.0
greedy,ppo:runs/ppo/pass2/p2b_pool_s3.json,2,9001,9,0,0.0,0.0,-61.0,33.0,94.0,38.0,-5.0,2.0,2.0,0.0,9.0,13.0,2.230769230769231,1.0,16.0,6.0,5.0,0.0,31.0,1.0,4.0,0.0,0.0,0.0,64.0,0.12,0,0.0
greedy,ppo:runs/ppo/pass2/p2b_pool_s3.json,2,9001,10,1,0.0,0.0,-37.0,44.0,81.0,46.0,-2.0,1.0,1.0,0.0,11.0,10.0,2.9,2.0,16.0,6.0,7.0,0.0,31.0,0.0,2.0,0.0,0.0,0.0,59.0,0.11,0,0.0
greedy,ppo:runs/ppo/pass2/p2b_pool_s3.json,2,9001,11,1,0.0,0.0,-29.0,58.0,87.0,41.0,17.0,3.0,1.0,0.0,12.0,13.0,2.3846153846153846,1.0,14.0,5.0,20.0,0.0,14.0,1.0,4.0,0.0,0.0,0.0,63.0,0.1,0,0.0
greedy,ppo:runs/ppo/pass2/p2b_pool_s3.json,2,9001,12,1,1.0,1.0,0.0,95.0,95.0,51.0,44.0,3.0,0.0,0.0,28.0,13.0,2.6153846153846154,2.0,11.0,4.0,12.0,0.0,22.0,1.0,3.0,0.0,0.0,0.0,63.0,0.11,0,0.0
greedy,ppo:runs/ppo/pass2/p2b_pool_s3.json,2,9001,13,1,0.0,0.0,-17.0,66.0,83.0,45.0,21.0,3.0,1.0,0.0,17.0,11.0,2.727272727272727,2.0,15.0,5.0,2.0,0.0,38.0,1.0,4.0,0.0,0.0,0.0,64.0,0.1,0,0.0
greedy,ppo:runs/ppo/pass2/p2b_pool_s3.json,2,9001,14,0,0.0,0.0,-66.0,33.0,99.0,36.0,-3.0,3.0,2.0,0.0,15.0,13.0,2.3076923076923075,0.0,15.0,4.0,1.0,0.0,33.0,1.0,5.0,0.0,0.0,0.0,63.0,0.11,0,0.0
greedy,ppo:runs/ppo/pass2/p2b_pool_s3.json,2,9001,15,1,0.0,0.0,-58.0,32.0,90.0,41.0,-9.0,2.0,3.0,0.0,21.0,12.0,2.5,1.0,15.0,1.0,20.0,0.0,14.0,1.0,5.0,0.0,0.0,0.0,61.0,0.1,0,0.0
greedy,ppo:runs/ppo/pass2/p2b_pool_s3.json,2,9001,16,0,0.0,0.0,-41.0,48.0,89.0,29.0,19.0,4.0,1.0,0.0,10.0,15.0,1.8666666666666667,0.0,17.0,4.0,1.0,0.0,27.0,1.0,5.0,0.0,0.0,0.0,61.0,0.12,0,0.0
greedy,ppo:runs/ppo/pass2/p2b_pool_s3.json,2,9001,17,1,0.0,0.0,-39.0,51.0,90.0,39.0,12.0,2.0,1.0,0.0,14.0,12.0,2.4166666666666665,1.0,16.0,4.0,8.0,0.0,30.0,1.0,3.0,0.0,0.0,0.0,65.0,0.11,0,0.0
greedy,ppo:runs/ppo/pass2/p2b_pool_s3.json,2,9001,18,0,0.0,0.0,-34.0,60.0,94.0,38.0,22.0,3.0,2.0,0.0,15.0,12.0,2.4166666666666665,1.0,16.0,4.0,11.0,0.0,25.0,1.0,5.0,0.0,0.0,0.0,62.0,0.11,0,0.0
greedy,ppo:runs/ppo/pass2/p2b_pool_s3.json,2,9001,19,0,1.0,1.0,38.0,102.0,64.0,47.0,45.0,5.0,0.0,1.0,22.0,14.0,2.5,0.0,10.0,5.0,7.0,0.0,25.0,1.0,5.0,0.0,0.0,0.0,63.0,0.11,0,0.0
greedy,ppo:runs/ppo/pass2/p2b_pool_s3.json,2,9001,20,1,0.0,0.0,-18.0,71.0,89.0,48.0,23.0,2.0,0.0,0.0,12.0,9.0,3.2222222222222223,2.0,16.0,2.0,10.0,0.0,38.0,0.0,2.0,0.0,0.0,0.0,66.0,0.12,0,0.0
greedy,ppo:runs/ppo/pass2/p2b_pool_s3.json,2,9001,21,0,0.0,0.0,-45.0,49.0,94.0,40.0,9.0,2.0,1.0,0.0,13.0,13.0,2.3846153846153846,0.0,14.0,3.0,24.0,0.0,12.0,0.0,3.0,0.0,0.0,0.0,62.0,0.11,0,0.0
greedy,ppo:runs/ppo/pass2/p2b_pool_s3.json,2,9001,22,0,0.0,0.0,-35.0,61.0,96.0,43.0,18.0,3.0,1.0,0.0,14.0,12.0,2.5833333333333335,1.0,14.0,5.0,5.0,0.0,35.0,1.0,4.0,0.0,0.0,0.0,66.0,0.11,0,0.0
greedy,ppo:runs/ppo/pass2/p2b_pool_s3.json,2,9001,23,0,0.0,0.0,-16.0,80.0,96.0,48.0,32.0,3.0,0.0,0.0,13.0,11.0,2.909090909090909,2.0,13.0,4.0,9.0,0.0,27.0,0.0,3.0,0.0,0.0,0.0,59.0,0.09,0,0.0
greedy,ppo:runs/ppo/pass2/p2b_pool_s3.json,2,9001,24,0,0.0,0.0,-33.0,64.0,97.0,45.0,19.0,3.0,1.0,0.0,16.0,13.0,2.6153846153846154,1.0,11.0,4.0,10.0,0.0,24.0,2.0,4.0,0.0,0.0,0.0,65.0,0.11,0,0.0
ppo:runs/ppo/pass2/p2b_pool_s3.json,racer,2,9001,0,0,0.0,0.0,-14.0,76.0,90.0,89.0,-23.0,0.0,2.0,1.0,16.0,8.0,5.125,6.0,4.0,5.0,5.0,0.0,39.0,0.0,2.0,0.0,0.0,0.0,60.0,0.11,0,0.0
ppo:runs/ppo/pass2/p2b_pool_s3.json,racer,2,9001,1,0,1.0,1.0,6.0,73.0,67.0,94.0,-31.0,0.0,2.0,1.0,20.0,10.0,4.5,5.0,0.0,5.0,3.0,0.0,41.0,0.0,2.0,0.0,0.0,1.0,64.0,0.11,0,0.0
ppo:runs/ppo/pass2/p2b_pool_s3.json,racer,2,9001,2,1,1.0,1.0,29.0,86.0,57.0,93.0,-17.0,0.0,2.0,1.0,24.0,9.0,4.777777777777778,5.0,2.0,6.0,3.0,2.0,35.0,0.0,2.0,0.0,0.0,1.0,60.0,0.08,0,0.0
ppo:runs/ppo/pass2/p2b_pool_s3.json,racer,2,9001,3,0,0.0,0.0,-2.0,81.0,83.0,92.0,-21.0,0.0,2.0,1.0,29.0,11.0,4.0,5.0,1.0,7.0,6.0,0.0,34.0,0.0,2.0,0.0,0.0,1.0,62.0,0.1,0,0.0
ppo:runs/ppo/pass2/p2b_pool_s3.json,racer,2,9001,4,0,1.0,1.0,13.0,83.0,70.0,94.0,-21.0,0.0,2.0,1.0,30.0,10.0,4.4,6.0,1.0,6.0,4.0,0.0,36.0,0.0,2.0,0.0,0.0,1.0,59.0,0.1,0,0.0
ppo:runs/ppo/pass2/p2b_pool_s3.json,racer,2,9001,5,1,1.0,1.0,6.0,72.0,66.0,93.0,-31.0,0.0,2.0,1.0,33.0,9.0,4.777777777777778,5.0,2.0,8.0,3.0,1.0,37.0,0.0,2.0,0.0,0.0,1.0,60.0,0.09,0,0.0
ppo:runs/ppo/pass2/p2b_pool_s3.json,racer,2,9001,6,0,1.0,1.0,23.0,81.0,58.0,90.0,-19.0,0.0,2.0,1.0,26.0,12.0,3.6666666666666665,4.0,1.0,3.0,6.0,0.0,34.0,0.0,2.0,0.0,0.0,1.0,63.0,0.09,0,0.0
ppo:runs/ppo/pass2/p2b_pool_s3.json,racer,2,9001,7,0,1.0,1.0,5.0,85.0,80.0,93.0,-18.0,0.0,2.0,1.0,29.0,11.0,4.090909090909091,5.0,0.0,5.0,3.0,0.0,39.0,0.0,2.0,0.0,0.0,1.0,64.0,0.11,0,0.0
ppo:runs/ppo/pass2/p2b_pool_s3.json,racer,2,9001,8,0,0.0,0.0,-8.0,81.0,89.0,91.0,-20.0,0.0,2.0,1.0,28.0,11.0,4.0,5.0,1.0,7.0,3.0,0.0,41.0,0.0,2.0,0.0,0.0,1.0,66.0,0.12,0,0.0
ppo:runs/ppo/pass2/p2b_pool_s3.json,racer,2,9001,9,0,1.0,1.0,10.0,80.0,70.0,98.0,-28.0,0.0,2.0,1.0,23.0,10.0,4.4,6.0,1.0,6.0,8.0,0.0,34.0,0.0,2.0,0.0,0.0,1.0,61.0,0.11,0,0.0
ppo:runs/ppo/pass2/p2b_pool_s3.json,racer,2,9001,10,1,0.0,0.0,-2.0,70.0,72.0,92.0,-32.0,0.0,2.0,1.0,16.0,10.0,4.5,6.0,0.0,5.0,4.0,0.0,40.0,0.0,2.0,0.0,0.0,1.0,64.0,0.12,0,0.0
ppo:runs/ppo/pass2/p2b_pool_s3.json,racer,2,9001,11,1,0.0,0.0,-3.0,76.0,79.0,89.0,-23.0,0.0,2.0,1.0,16.0,10.0,4.2,5.0,3.0,7.0,5.0,0.0,35.0,0.0,2.0,0.0,0.0,0.0,61.0,0.1,0,0.0
ppo:runs/ppo/pass2/p2b_pool_s3.json,racer,2,9001,12,1,0.0,0.0,-20.0,67.0,87.0,94.0,-37.0,0.0,2.0,1.0,17.0,10.0,4.4,6.0,1.0,6.0,3.0,1.0,37.0,0.0,2.0,0.0,0.0,1.0,62.0,0.11,0,0.0
ppo:runs/ppo/pass2/p2b_pool_s3.json,racer,2,9001,13,1,1.0,1.0,7.0,85.0,78.0,94.0,-19.0,0.0,2.0,1.0,30.0,10.0,4.5,5.0,0.0,8.0,4.0,0.0,46.0,0.0,2.0,0.0,0.0,1.0,69.0,0.12,0,0.0
ppo:runs/ppo/pass2/p2b_pool_s3.json,racer,2,9001,14,0,1.0,1.0,34.0,87.0,53.0,96.0,-19.0,0.0,2.0,1.0,33.0,10.0,4.5,5.0,0.0,7.0,2.0,0.0,42.0,0.0,2.0,0.0,0.0,1.0,64.0,0.11,0,0.0
ppo:runs/ppo/pass2/p2b_pool_s3.json,racer,2,9001,15,1,0.0,0.0,-14.0,62.0,76.0,89.0,-37.0,0.0,2.0,1.0,31.0,10.0,4.3,6.0,2.0,5.0,5.0,1.0,35.0,0.0,2.0,0.0,0.0,1.0,62.0,0.11,0,0.0
ppo:runs/ppo/pass2/p2b_pool_s3.json,racer,2,9001,16,0,0.0,0.0,-11.0,83.0,94.0,97.0,-14.0,0.0,2.0,0.0,16.0,8.0,5.375,7.0,2.0,4.0,1.0,0.0,45.0,0.0,2.0,0.0,0.0,0.0,63.0,0.11,0,0.0
ppo:runs/ppo/pass2/p2b_pool_s3.json,racer,2,9001,17,1,0.0,0.0,-29.0,60.0,89.0,92.0,-32.0,0.0,2.0,0.0,21.0,11.0,4.090909090909091,5.0,0.0,5.0,1.0,0.0,43.0,0.0,2.0,0.0,0.0,1.0,66.0,0.12,0,0.0
ppo:runs/ppo/pass2/p2b_pool_s3.json,racer,2,9001,18,0,1.0,1.0,22.0,79.0,57.0,94.0,-25.0,0.0,2.0,1.0,26.0,10.0,4.4,5.0,1.0,6.0,2.0,0.0,42.0,0.0,2.0,0.0,0.0,1.0,63.0,0.1,0,0.0
ppo:runs/ppo/pass2/p2b_pool_s3.json,racer,2,9001,19,0,1.0,1.0,12.0,78.0,66.0,90.0,-22.0,0.0,2.0,1.0,36.0,11.0,4.0,4.0,1.0,5.0,4.0,0.0,36.0,0.0,2.0,0.0,0.0,1.0,62.0,0.1,0,0.0
ppo:runs/ppo/pass2/p2b_pool_s3.json,racer,2,9001,20,1,1.0,1.0,33.0,81.0,48.0,94.0,-23.0,0.0,2.0,1.0,21.0,10.0,4.4,5.0,1.0,5.0,2.0,0.0,40.0,0.0,2.0,0.0,0.0,1.0,61.0,0.12,0,0.0
ppo:runs/ppo/pass2/p2b_pool_s3.json,racer,2,9001,21,0,0.0,0.0,-11.0,77.0,88.0,89.0,-22.0,0.0,2.0,1.0,29.0,11.0,4.0,6.0,1.0,5.0,5.0,0.0,35.0,0.0,2.0,0.0,0.0,1.0,61.0,0.1,0,0.0
ppo:runs/ppo/pass2/p2b_pool_s3.json,racer,2,9001,22,0,1.0,1.0,23.0,80.0,57.0,100.0,-30.0,0.0,2.0,1.0,27.0,9.0,5.0,5.0,0.0,7.0,6.0,0.0,40.0,0.0,2.0,0.0,0.0,1.0,63.0,0.1,0,0.0
ppo:runs/ppo/pass2/p2b_pool_s3.json,racer,2,9001,23,0,1.0,1.0,32.0,80.0,48.0,94.0,-24.0,0.0,2.0,1.0,28.0,10.0,4.4,5.0,1.0,6.0,1.0,0.0,43.0,0.0,2.0,0.0,0.0,1.0,64.0,0.09,0,0.0
ppo:runs/ppo/pass2/p2b_pool_s3.json,racer,2,9001,24,0,1.0,1.0,13.0,80.0,67.0,98.0,-28.0,0.0,2.0,1.0,16.0,9.0,4.888888888888889,6.0,1.0,4.0,4.0,0.0,38.0,0.0,2.0,0.0,0.0,1.0,60.0,0.09,0,0.0
racer,ppo:runs/ppo/pass2/p2b_pool_s3.json,2,9001,0,0,0.0,0.0,-25.0,62.0,87.0,85.0,-23.0,0.0,2.0,0.0,12.0,6.0,5.833333333333333,6.0,10.0,7.0,2.0,0.0,48.0,0.0,2.0,0.0,0.0,0.0,62.0,0.1,0,0.0
racer,ppo:runs/ppo/pass2/p2b_pool_s3.json,2,9001,1,0,0.0,0.0,-22.0,47.0,69.0,70.0,-23.0,0.0,2.0,0.0,11.0,5.0,5.8,5.0,16.0,8.0,1.0,0.0,47.0,0.0,2.0,0.0,0.0,0.0,59.0,0.1,0,0.0
racer,ppo:runs/ppo/pass2/p2b_pool_s3.json,2,9001,2,1,0.0,0.0,-15.0,70.0,85.0,85.0,-15.0,0.0,2.0,0.0,12.0,6.0,5.833333333333333,6.0,10.0,6.0,4.0,0.0,46.0,0.0,2.0,0.0,0.0,0.0,63.0,0.11,0,0.0
racer,ppo:runs/ppo/pass2/p2b_pool_s3.json,2,9001,3,0,0.0,0.0,-1.0,85.0,86.0,99.0,-14.0,0.0,2.0,0.0,15.0,9.0,4.888888888888889,7.0,1.0,4.0,6.0,0.0,36.0,0.0,2.0,0.0,0.0,0.0,61.0,0.11,0,0.0
racer,ppo:runs/ppo/pass2/p2b_pool_s3.json,2,9001,4,0,0.0,0.0,-3.0,66.0,69.0,85.0,-19.0,0.0,2.0,0.0,12.0,6.0,5.833333333333333,6.0,10.0,5.0,9.0,0.0,41.0,0.0,2.0,0.0,0.0,0.0,62.0,0.1,0,0.0
racer,ppo:runs/ppo/pass2/p2b_pool_s3.json,2,9001,5,1,0.0,0.0,-40.0,49.0,89.0,70.0,-21.0,0.0,2.0,0.0,12.0,5.0,5.8,5.0,16.0,7.0,6.0,0.0,42.0,0.0,2.0,0.0,0.0,0.0,59.0,0.1,0,0.0
racer,ppo:runs/ppo/pass2/p2b_pool_s3.json,2,9001,6,0,0.0,0.0,-25.0,58.0,83.0,75.0,-17.0,0.0,2.0,0.0,12.0,5.0,6.0,5.0,15.0,3.0,4.0,0.0,48.0,0.0,2.0,0.0,0.0,0.0,62.0,0.09,0,0.0
racer,ppo:runs/ppo/pass2/p2b_pool_s3.json,2,9001,7,0,0.0,0.0,-10.0,67.0,77.0,85.0,-18.0,0.0,2.0,0.0,12.0,6.0,5.833333333333333,6.0,10.0,5.0,8.0,0.0,38.0,0.0,2.0,0.0,0.0,0.0,59.0,0.11,0,0.0
racer,ppo:runs/ppo/pass2/p2b_pool_s3.json,2,9001,8,0,0.0,0.0,-10.0,76.0,86.0,92.0,-16.0,0.0,2.0,0.0,12.0,8.0,5.125,7.0,4.0,2.0,8.0,0.0,36.0,0.0,2.0,0.0,0.0,0.0,61.0,0.11,0,0.0
racer,ppo:runs/ppo/pass2/p2b_pool_s3.json,2,9001,9,0,0.0,0.0,-3.0,81.0,84.0,97.0,-16.0,0.0,2.0,0.0,16.0,7.0,5.714285714285714,6.0,5.0,10.0,4.0,0.0,44.0,0.0,2.0,0.0,0.0,0.0,62.0,0.12,0,0.0
racer,ppo:runs/ppo/pass2/p2b_pool_s3.json,2,9001,10,1,0.0,0.0,-10.0,65.0,75.0,85.0,-20.0,0.0,2.0,0.0,12.0,6.0,5.833333333333333,6.0,10.0,5.0,3.0,0.0,47.0,0.0,2.0,0.0,0.0,0.0,63.0,0.14,0,0.0
racer,ppo:runs/ppo/pass2/p2b_pool_s3.json,2,9001,11,1,0.0,0.0,-8.0,68.0,76.0,85.0,-17.0,0.0,2.0,0.0,12.0,6.0,5.833333333333333,6.0,10.0,5.0,2.0,0.0,46.0,0.0,2.0,0.0,0.0,0.0,61.0,0.12,0,0.0
racer,ppo:runs/ppo/pass2/p2b_pool_s3.json,2,9001,12,1,0.0,0.0,-26.0,65.0,91.0,87.0,-22.0,0.0,2.0,0.0,17.0,7.0,5.428571428571429,6.0,7.0,9.0,2.0,0.0,46.0,0.0,2.0,0.0,0.0,0.0,63.0,0.11,0,0.0
racer,ppo:runs/ppo/pass2/p2b_pool_s3.json,2,9001,13,1,0.0,0.0,-2.0,76.0,78.0,95.0,-19.0,0.0,2.0,0.0,12.0,7.0,5.714285714285714,7.0,5.0,6.0,3.0,0.0,43.0,0.0,2.0,0.0,0.0,0.0,60.0,0.1,0,0.0
racer,ppo:runs/ppo/pass2/p2b_pool_s3.json,2,9001,14,0,0.0,0.0,-14.0,71.0,85.0,85.0,-14.0,0.0,2.0,0.0,12.0,6.0,5.833333333333333,6.0,10.0,7.0,5.0,0.0,45.0,0.0,2.0,0.0,0.0,0.0,63.0,0.11,0,0.0
racer,ppo:runs/ppo/pass2/p2b_pool_s3.json,2,9001,15,1,0.0,0.0,-26.0,58.0,84.0,84.0,-26.0,0.0,2.0,0.0,15.0,7.0,5.285714285714286,6.0,8.0,3.0,4.0,0.0,40.0,0.0,2.0,0.0,0.0,0.0,59.0,0.1,0,0.0
racer,ppo:runs/ppo/pass2/p2b_pool_s3.json,2,9001,16,0,0.0,0.0,-22.0,60.0,82.0,70.0,-10.0,0.0,2.0,0.0,11.0,5.0,5.8,5.0,16.0,8.0,3.0,0.0,49.0,0.0,2.0,0.0,0.0,0.0,63.0,0.11,0,0.0
racer,ppo:runs/ppo/pass2/p2b_pool_s3.json,2,9001,17,1,0.0,0.0,-23.0,54.0,77.0,75.0,-21.0,0.0,2.0,0.0,12.0,5.0,6.0,5.0,15.0,7.0,8.0,0.0,44.0,0.0,2.0,0.0,0.0,0.0,63.0,0.1,0,0.0
racer,ppo:runs/ppo/pass2/p2b_pool_s3.json,2,9001,18,0,0.0,0.0,-38.0,49.0,87.0,70.0,-21.0,0.0,2.0,0.0,11.0,5.0,5.8,5.0,16.0,6.0,8.0,0.0,48.0,0.0,2.0,0.0,0.0,0.0,66.0,0.11,0,0.0
racer,ppo:runs/ppo/pass2/p2b_pool_s3.json,2,9001,19,0,0.0,0.0,-10.0,51.0,61.0,70.0,-19.0,0.0,2.0,0.0,12.0,5.0,5.8,5.0,16.0,3.0,6.0,0.0,46.0,0.0,2.0,0.0,0.0,0.0,63.0,0.1,0,0.0
racer,ppo:runs/ppo/pass2/p2b_pool_s3.json,2,9001,20,1,0.0,0.0,-34.0,47.0,81.0,70.0,-23.0,0.0,2.0,0.0,12.0,5.0,5.8,5.0,16.0,5.0,3.0,0.0,51.0,0.0,2.0,0.0,0.0,0.0,64.0,0.11,0,0.0
racer,ppo:runs/ppo/pass2/p2b_pool_s3.json,2,9001,21,0,0.0,0.0,-24.0,63.0,87.0,85.0,-22.0,0.0,2.0,0.0,12.0,6.0,5.833333333333333,6.0,10.0,4.0,8.0,0.0,42.0,0.0,2.0,0.0,0.0,0.0,62.0,0.09,0,0.0
racer,ppo:runs/ppo/pass2/p2b_pool_s3.json,2,9001,22,0,0.0,0.0,-9.0,78.0,87.0,100.0,-22.0,0.0,2.0,0.0,12.0,7.0,5.857142857142857,7.0,4.0,7.0,10.0,0.0,40.0,0.0,2.0,0.0,0.0,0.0,64.0,0.1,0,0.0
racer,ppo:runs/ppo/pass2/p2b_pool_s3.json,2,9001,23,0,0.0,0.0,-8.0,75.0,83.0,94.0,-19.0,0.0,2.0,0.0,15.0,8.0,5.25,7.0,3.0,5.0,8.0,0.0,36.0,0.0,2.0,0.0,0.0,0.0,61.0,0.1,0,0.0
racer,ppo:runs/ppo/pass2/p2b_pool_s3.json,2,9001,24,0,0.0,0.0,-19.0,66.0,85.0,85.0,-19.0,0.0,2.0,0.0,12.0,6.0,5.833333333333333,6.0,10.0,6.0,2.0,0.0,50.0,0.0,2.0,0.0,0.0,0.0,65.0,0.09,0,0.0
ppo:runs/ppo/pass2/p2b_pool_s3.json,greedy,2,9001,0,0,1.0,1.0,47.0,90.0,43.0,103.0,-23.0,0.0,2.0,1.0,33.0,9.0,4.888888888888889,7.0,1.0,8.0,7.0,0.0,37.0,0.0,2.0,0.0,0.0,1.0,61.0,0.09,0,0.0
ppo:runs/ppo/pass2/p2b_pool_s3.json,greedy,2,9001,1,0,1.0,1.0,20.0,78.0,58.0,99.0,-31.0,0.0,2.0,1.0,31.0,10.0,4.5,5.0,0.0,7.0,3.0,0.0,43.0,0.0,2.0,0.0,0.0,1.0,66.0,0.1,0,0.0
ppo:runs/ppo/pass2/p2b_pool_s3.json,greedy,2,9001,2,1,1.0,1.0,21.0,100.0,79.0,107.0,-17.0,0.0,2.0,1.0,22.0,8.0,5.625,7.0,0.0,6.0,0.0,1.0,46.0,0.0,2.0,0.0,0.0,1.0,64.0,0.12,0,0.0
ppo:runs/ppo/pass2/p2b_pool_s3.json,greedy,2,9001,3,0,1.0,1.0,41.0,91.0,50.0,102.0,-21.0,0.0,2.0,1.0,33.0,10.0,4.5,6.0,0.0,7.0,1.0,0.0,43.0,0.0,2.0,0.0,0.0,1.0,64.0,0.1,0,0.0
ppo:runs/ppo/pass2/p2b_pool_s3.json,greedy,2,9001,4,0,1.0,1.0,29.0,94.0,65.0,105.0,-21.0,0.0,2.0,1.0,29.0,9.0,5.0,6.0,0.0,3.0,3.0,0.0,41.0,0.0,2.0,0.0,0.0,1.0,61.0,0.1,0,0.0
ppo:runs/ppo/pass2/p2b_pool_s3.json,greedy,2,9001,5,1,1.0,1.0,10.0,82.0,72.0,103.0,-31.0,0.0,2.0,1.0,30.0,9.0,5.0,6.0,0.0,6.0,3.0,0.0,43.0,0.0,2.0,0.0,0.0,1.0,64.0,0.1,0,0.0
ppo:runs/ppo/pass2/p2b_pool_s3.json,greedy,2,9001,6,0,1.0,1.0,47.0,98.0,51.0,107.0,-19.0,0.0,2.0,1.0,22.0,8.0,5.625,7.0,0.0,6.0,7.0,0.0,41.0,0.0,2.0,0.0,0.0,1.0,63.0,0.11,0,0.0
ppo:runs/ppo/pass2/p2b_pool_s3.json,greedy,2,9001,7,0,1.0,1.0,39.0,86.0,47.0,94.0,-18.0,0.0,2.0,1.0,37.0,11.0,4.0,5.0,1.0,8.0,4.0,0.0,36.0,0.0,2.0,0.0,0.0,1.0,62.0,0.1,0,0.0
ppo:runs/ppo/pass2/p2b_pool_s3.json,greedy,2,9001,8,0,1.0,1.0,12.0,91.0,79.0,101.0,-20.0,0.0,2.0,1.0,30.0,9.0,5.0,6.0,0.0,7.0,1.0,0.0,51.0,0.0,2.0,0.0,0.0,1.0,70.0,0.13,0,0.0
ppo:runs/ppo/pass2/p2b_pool_s3.json,greedy,2,9001,9,0,1.0,1.0,44.0,87.0,43.0,105.0,-28.0,0.0,2.0,1.0,27.0,9.0,5.0,6.0,0.0,4.0,5.0,0.0,37.0,0.0,2.0,0.0,0.0,1.0,59.0,0.1,0,0.0
ppo:runs/ppo/pass2/p2b_pool_s3.json,greedy,2,9001,10,1,1.0,1.0,6.0,79.0,73.0,101.0,-32.0,0.0,2.0,1.0,24.0,10.0,4.5,6.0,0.0,4.0,3.0,0.0,39.0,0.0,2.0,0.0,0.0,1.0,62.0,0.12,0,0.0
ppo:runs/ppo/pass2/p2b_pool_s3.json,greedy,2,9001,11,1,1.0,1.0,59.0,90.0,31.0,103.0,-23.0,0.0,2.0,1.0,26.0,9.0,5.0,6.0,0.0,7.0,4.0,0.0,38.0,0.0,2.0,0.0,0.0,1.0,60.0,0.12,0,0.0
ppo:runs/ppo/pass2/p2b_pool_s3.json,greedy,2,9001,12,1,1.0,1.0,19.0,74.0,55.0,101.0,-37.0,0.0,2.0,1.0,16.0,9.0,5.0,6.0,0.0,4.0,1.0,0.0,41.0,0.0,2.0,0.0,0.0,1.0,60.0,0.12,0,0.0
ppo:runs/ppo/pass2/p2b_pool_s3.json,greedy,2,9001,13,1,1.0,1.0,67.0,96.0,29.0,105.0,-19.0,0.0,2.0,1.0,22.0,9.0,5.0,7.0,0.0,9.0,6.0,0.0,42.0,0.0,2.0,0.0,0.0,1.0,65.0,0.12,0,0.0
ppo:runs/ppo/pass2/p2b_pool_s3.json,greedy,2,9001,14,0,1.0,1.0,27.0,98.0,71.0,107.0,-19.0,0.0,2.0,1.0,33.0,8.0,5.625,7.0,0.0,9.0,4.0,0.0,50.0,0.0,2.0,0.0,0.0,1.0,70.0,0.12,0,0.0
ppo:runs/ppo/pass2/p2b_pool_s3.json,greedy,2,9001,15,1,1.0,1.0,2.0,74.0,72.0,101.0,-37.0,0.0,2.0,1.0,27.0,9.0,5.0,6.0,0.0,6.0,3.0,0.0,47.0,0.0,2.0,0.0,0.0,1.0,68.0,0.12,0,0.0
ppo:runs/ppo/pass2/p2b_pool_s3.json,greedy,2,9001,16,0,1.0,1.0,32.0,101.0,69.0,105.0,-14.0,0.0,2.0,1.0,26.0,9.0,5.0,6.0,0.0,5.0,3.0,0.0,47.0,0.0,2.0,0.0,0.0,1.0,68.0,0.12,0,0.0
ppo:runs/ppo/pass2/p2b_pool_s3.json,greedy,2,9001,17,1,1.0,1.0,16.0,83.0,67.0,105.0,-32.0,0.0,2.0,1.0,33.0,9.0,5.0,6.0,0.0,5.0,1.0,0.0,45.0,0.0,2.0,0.0,0.0,1.0,64.0,0.11,0,0.0
ppo:runs/ppo/pass2/p2b_pool_s3.json,greedy,2,9001,18,0,1.0,1.0,40.0,88.0,48.0,103.0,-25.0,0.0,2.0,1.0,27.0,9.0,5.0,6.0,0.0,9.0,1.0,0.0,45.0,0.0,2.0,0.0,0.0,1.0,63.0,0.1,0,0.0
ppo:runs/ppo/pass2/p2b_pool_s3.json,greedy,2,9001,19,0,0.0,0.0,-14.0,84.0,98.0,96.0,-22.0,0.0,2.0,1.0,37.0,10.0,4.4,5.0,1.0,3.0,5.0,0.0,37.0,0.0,2.0,0.0,0.0,1.0,62.0,0.13,0,0.0
ppo:runs/ppo/pass2/p2b_pool_s3.json,greedy,2,9001,20,1,1.0,1.0,38.0,88.0,50.0,101.0,-23.0,0.0,2.0,1.0,34.0,9.0,5.0,6.0,0.0,5.0,5.0,0.0,39.0,0.0,2.0,0.0,0.0,1.0,61.0,0.11,0,0.0
ppo:runs/ppo/pass2/p2b_pool_s3.json,greedy,2,9001,21,0,1.0,1.0,29.0,89.0,60.0,101.0,-22.0,0.0,2.0,1.0,34.0,9.0,5.0,6.0,0.0,5.0,5.0,0.0,39.0,0.0,2.0,0.0,0.0,1.0,61.0,0.09,0,0.0
ppo:runs/ppo/pass2/p2b_pool_s3.json,greedy,2,9001,22,0,1.0,1.0,7.0,87.0,80.0,107.0,-30.0,0.0,2.0,1.0,22.0,8.0,5.625,7.0,0.0,5.0,4.0,1.0,44.0,0.0,2.0,0.0,0.0,1.0,65.0,0.1,0,0.0
ppo:runs/ppo/pass2/p2b_pool_s3.json,greedy,2,9001,23,0,1.0,1.0,18.0,91.0,73.0,105.0,-24.0,0.0,2.0,1.0,26.0,9.0,5.0,6.0,0.0,3.0,2.0,0.0,40.0,0.0,2.0,0.0,0.0,1.0,60.0,0.1,0,0.0
ppo:runs/ppo/pass2/p2b_pool_s3.json,greedy,2,9001,24,0,1.0,1.0,41.0,85.0,44.0,103.0,-28.0,0.0,2.0,1.0,27.0,9.0,5.0,7.0,0.0,4.0,1.0,0.0,41.0,0.0,2.0,0.0,0.0,1.0,60.0,0.08,0,0.0
ppo:runs/ppo/pass2/p2b_pool_s3.json,greedy,2,9001,25,0,1.0,1.0,25.0,89.0,64.0,107.0,-28.0,0.0,2.0,1.0,16.0,8.0,5.625,7.0,0.0,5.0,3.0,0.0,51.0,0.0,2.0,0.0,0.0,1.0,69.0,0.09,0,0.0
ppo:runs/ppo/pass2/p2b_pool_s3.json,greedy,2,9001,26,0,1.0,1.0,45.0,92.0,47.0,103.0,-21.0,0.0,2.0,1.0,36.0,9.0,5.0,6.0,0.0,8.0,1.0,0.0,49.0,0.0,2.0,0.0,0.0,1.0,67.0,0.1,0,0.0
ppo:runs/ppo/pass2/p2b_pool_s3.json,greedy,2,9001,27,1,1.0,1.0,7.0,92.0,85.0,100.0,-18.0,0.0,2.0,1.0,29.0,9.0,5.0,5.0,0.0,4.0,7.0,1.0,37.0,0.0,2.0,0.0,0.0,1.0,64.0,0.1,0,0.0
ppo:runs/ppo/pass2/p2b_pool_s3.json,greedy,2,9001,28,0,0.0,0.0,-9.0,80.0,89.0,101.0,-31.0,0.0,2.0,1.0,31.0,10.0,4.4,6.0,1.0,5.0,5.0,0.0,35.0,0.0,2.0,0.0,0.0,1.0,60.0,0.1,0,0.0
ppo:runs/ppo/pass2/p2b_pool_s3.json,greedy,2,9001,29,1,1.0,1.0,4.0,87.0,83.0,103.0,-26.0,0.0,2.0,1.0,19.0,9.0,5.0,7.0,0.0,4.0,2.0,0.0,46.0,0.0,2.0,0.0,0.0,1.0,65.0,0.1,0,0.0
ppo:runs/ppo/pass2/p2b_pool_s3.json,greedy,2,9001,30,0,1.0,1.0,17.0,83.0,66.0,103.0,-30.0,0.0,2.0,1.0,24.0,9.0,5.0,7.0,0.0,7.0,0.0,0.0,48.0,0.0,2.0,0.0,0.0,1.0,66.0,0.11,0,0.0
ppo:runs/ppo/pass2/p2b_pool_s3.json,greedy,2,9001,31,1,1.0,1.0,6.0,97.0,91.0,105.0,-18.0,0.0,2.0,1.0,29.0,9.0,5.0,6.0,0.0,2.0,6.0,0.0,40.0,0.0,2.0,0.0,0.0,1.0,64.0,0.1,0,0.0
ppo:runs/ppo/pass2/p2b_pool_s3.json,greedy,2,9001,32,1,1.0,1.0,17.0,92.0,75.0,101.0,-19.0,0.0,2.0,1.0,30.0,9.0,5.0,6.0,0.0,4.0,14.0,0.0,32.0,0.0,2.0,0.0,0.0,1.0,63.0,0.12,0,0.0
ppo:runs/ppo/pass2/p2b_pool_s3.json,greedy,2,9001,33,1,0.0,0.0,-9.0,86.0,95.0,99.0,-23.0,0.0,2.0,1.0,33.0,10.0,4.5,6.0,0.0,5.0,3.0,0.0,47.0,0.0,2.0,0.0,0.0,1.0,70.0,0.13,0,0.0
ppo:runs/ppo/pass2/p2b_pool_s3.json,greedy,2,9001,34,1,1.0,1.0,31.0,93.0,62.0,101.0,-18.0,0.0,2.0,1.0,36.0,9.0,5.0,6.0,0.0,9.0,0.0,0.0,52.0,0.0,2.0,0.0,0.0,1.0,69.0,0.16,0,0.0
ppo:runs/ppo/pass2/p2b_pool_s3.json,greedy,2,9001,35,0,1.0,1.0,8.0,85.0,77.0,101.0,-26.0,0.0,2.0,1.0,34.0,9.0,5.0,6.0,0.0,9.0,1.0,0.0,43.0,0.0,2.0,0.0,0.0,1.0,62.0,0.12,0,0.0
ppo:runs/ppo/pass2/p2b_pool_s3.json,greedy,2,9001,36,1,1.0,1.0,12.0,86.0,74.0,99.0,-23.0,0.0,2.0,1.0,38.0,10.0,4.5,5.0,0.0,5.0,3.0,0.0,39.0,0.0,2.0,0.0,0.0,1.0,62.0,0.12,0,0.0
ppo:runs/ppo/pass2/p2b_pool_s3.json,greedy,2,9001,37,1,1.0,1.0,4.0,66.0,62.0,103.0,-37.0,0.0,2.0,0.0,14.0,9.0,5.0,6.0,0.0,6.0,2.0,0.0,44.0,0.0,2.0,0.0,0.0,1.0,63.0,0.1,0,0.0
ppo:runs/ppo/pass2/p2b_pool_s3.json,greedy,2,9001,38,1,1.0,1.0,56.0,88.0,32.0,103.0,-25.0,0.0,2.0,1.0,28.0,9.0,5.0,7.0,0.0,6.0,3.0,0.0,43.0,0.0,2.0,0.0,0.0,1.0,63.0,0.1,0,0.0
ppo:runs/ppo/pass2/p2b_pool_s3.json,greedy,2,9001,39,0,1.0,1.0,36.0,74.0,38.0,101.0,-27.0,0.0,2.0,0.0,14.0,9.0,5.0,6.0,0.0,6.0,11.0,0.0,39.0,0.0,2.0,0.0,0.0,1.0,67.0,0.11,0,0.0
ppo:runs/ppo/pass2/p2b_pool_s3.json,greedy,2,9001,40,0,1.0,1.0,46.0,98.0,52.0,103.0,-15.0,0.0,2.0,1.0,39.0,9.0,5.0,6.0,0.0,6.0,1.0,0.0,45.0,0.0,2.0,0.0,0.0,1.0,64.0,0.11,0,0.0
ppo:runs/ppo/pass2/p2b_pool_s3.json,greedy,2,9001,41,0,1.0,1.0,66.0,111.0,45.0,105.0,-4.0,1.0,1.0,1.0,29.0,9.0,5.0,6.0,0.0,5.0,2.0,0.0,44.0,0.0,2.0,0.0,0.0,1.0,64.0,0.11,0,0.0
ppo:runs/ppo/pass2/p2b_pool_s3.json,greedy,2,9001,42,1,1.0,1.0,29.0,92.0,63.0,103.0,-21.0,0.0,2.0,1.0,30.0,9.0,5.0,6.0,0.0,7.0,6.0,0.0,36.0,0.0,2.0,0.0,0.0,1.0,60.0,0.11,0,0.0
ppo:runs/ppo/pass2/p2b_pool_s3.json,greedy,2,9001,43,1,1.0,1.0,59.0,87.0,28.0,103.0,-26.0,0.0,2.0,1.0,33.0,9.0,5.0,6.0,0.0,6.0,2.0,0.0,42.0,0.0,2.0,0.0,0.0,1.0,61.0,0.11,0,0.0
ppo:runs/ppo/pass2/p2b_pool_s3.json,greedy,2,9001,44,0,1.0,1.0,15.0,88.0,73.0,100.0,-22.0,0.0,2.0,1.0,26.0,9.0,4.888888888888889,6.0,1.0,4.0,2.0,0.0,40.0,0.0,2.0,0.0,0.0,1.0,59.0,0.11,0,0.0
ppo:runs/ppo/pass2/p2b_pool_s3.json,greedy,2,9001,45,1,1.0,1.0,13.0,81.0,68.0,101.0,-20.0,0.0,2.0,0.0,16.0,10.0,4.4,6.0,1.0,5.0,3.0,0.0,37.0,0.0,2.0,0.0,0.0,1.0,59.0,0.1,0,0.0
ppo:runs/ppo/pass2/p2b_pool_s3.json,greedy,2,9001,46,0,1.0,1.0,36.0,96.0,60.0,107.0,-21.0,0.0,2.0,1.0,27.0,8.0,5.625,7.0,0.0,6.0,2.0,0.0,56.0,0.0,2.0,0.0,0.0,1.0,73.0,0.12,0,0.0
ppo:runs/ppo/pass2/p2b_pool_s3.json,greedy,2,9001,47,1,0.0,0.0,-6.0,88.0,94.0,99.0,-21.0,0.0,2.0,1.0,43.0,10.0,4.5,6.0,0.0,7.0,4.0,0.0,42.0,0.0,2.0,0.0,0.0,1.0,66.0,0.1,0,0.0
ppo:runs/ppo/pass2/p2b_pool_s3.json,greedy,2,9001,48,0,1.0,1.0,47.0,77.0,30.0,96.0,-29.0,0.0,2.0,1.0,41.0,10.0,4.4,5.0,1.0,6.0,4.0,0.0,38.0,0.0,2.0,0.0,0.0,1.0,61.0,0.1,0,0.0
ppo:runs/ppo/pass2/p2b_pool_s3.json,greedy,2,9001,49,0,1.0,1.0,29.0,94.0,65.0,97.0,-13.0,0.0,2.0,1.0,33.0,10.0,4.4,6.0,1.0,7.0,4.0,1.0,36.0,0.0,2.0,0.0,0.0,1.0,62.0,0.09,0,0.0
ppo:runs/ppo/pass2/p2b_pool_s3.json,wary,2,9001,0,0,1.0,1.0,18.0,90.0,72.0,103.0,-23.0,0.0,2.0,1.0,33.0,9.0,4.888888888888889,7.0,1.0,8.0,7.0,0.0,37.0,0.0,2.0,0.0,0.0,1.0,61.0,0.11,0,0.0
ppo:runs/ppo/pass2/p2b_pool_s3.json,wary,2,9001,1,0,0.0,0.0,-1.0,79.0,80.0,100.0,-31.0,0.0,2.0,1.0,39.0,9.0,5.0,5.0,0.0,7.0,5.0,0.0,43.0,0.0,2.0,0.0,0.0,1.0,66.0,0.13,0,0.0
ppo:runs/ppo/pass2/p2b_pool_s3.json,wary,2,9001,2,1,1.0,1.0,21.0,100.0,79.0,107.0,-17.0,0.0,2.0,1.0,22.0,8.0,5.625,7.0,0.0,6.0,0.0,1.0,46.0,0.0,2.0,0.0,0.0,1.0,64.0,0.09,0,0.0
ppo:runs/ppo/pass2/p2b_pool_s3.json,wary,2,9001,3,0,1.0,1.0,27.0,91.0,64.0,102.0,-21.0,0.0,2.0,1.0,33.0,10.0,4.5,6.0,0.0,7.0,1.0,0.0,43.0,0.0,2.0,0.0,0.0,1.0,64.0,0.1,0,0.0
ppo:runs/ppo/pass2/p2b_pool_s3.json,wary,2,9001,4,0,1.0,1.0,22.0,94.0,72.0,105.0,-21.0,0.0,2.0,1.0,29.0,9.0,5.0,6.0,0.0,3.0,3.0,0.0,41.0,0.0,2.0,0.0,0.0,1.0,61.0,0.11,0,0.0
ppo:runs/ppo/pass2/p2b_pool_s3.json,wary,2,9001,5,1,1.0,1.0,10.0,82.0,72.0,103.0,-31.0,0.0,2.0,1.0,30.0,9.0,5.0,6.0,0.0,6.0,3.0,0.0,43.0,0.0,2.0,0.0,0.0,1.0,64.0,0.11,0,0.0
ppo:runs/ppo/pass2/p2b_pool_s3.json,wary,2,9001,6,0,1.0,1.0,21.0,98.0,77.0,107.0,-19.0,0.0,2.0,1.0,22.0,8.0,5.625,7.0,0.0,6.0,7.0,0.0,41.0,0.0,2.0,0.0,0.0,1.0,63.0,0.09,0,0.0
ppo:runs/ppo/pass2/p2b_pool_s3.json,wary,2,9001,7,0,1.0,1.0,35.0,86.0,51.0,94.0,-18.0,0.0,2.0,1.0,37.0,11.0,4.0,5.0,1.0,8.0,4.0,0.0,36.0,0.0,2.0,0.0,0.0,1.0,62.0,0.12,0,0.0
ppo:runs/ppo/pass2/p2b_pool_s3.json,wary,2,9001,8,0,1.0,1.0,10.0,91.0,81.0,101.0,-20.0,0.0,2.0,1.0,26.0,9.0,5.0,6.0,0.0,7.0,1.0,0.0,51.0,0.0,2.0,0.0,0.0,1.0,70.0,0.13,0,0.0
ppo:runs/ppo/pass2/p2b_pool_s3.json,wary,2,9001,9,0,1.0,1.0,29.0,87.0,58.0,105.0,-28.0,0.0,2.0,1.0,27.0,9.0,5.0,6.0,0.0,4.0,5.0,0.0,37.0,0.0,2.0,0.0,0.0,1.0,59.0,0.11,0,0.0
ppo:runs/ppo/pass2/p2b_pool_s3.json,wary,2,9001,10,1,1.0,1.0,8.0,79.0,71.0,101.0,-32.0,0.0,2.0,1.0,24.0,10.0,4.5,6.0,0.0,4.0,3.0,0.0,39.0,0.0,2.0,0.0,0.0,1.0,62.0,0.13,0,0.0
ppo:runs/ppo/pass2/p2b_pool_s3.json,wary,2,9001,11,1,1.0,1.0,59.0,90.0,31.0,103.0,-23.0,0.0,2.0,1.0,26.0,9.0,5.0,6.0,0.0,7.0,4.0,0.0,38.0,0.0,2.0,0.0,0.0,1.0,60.0,0.11,0,0.0
ppo:runs/ppo/pass2/p2b_pool_s3.json,wary,2,9001,12,1,1.0,1.0,19.0,74.0,55.0,101.0,-37.0,0.0,2.0,1.0,16.0,9.0,5.0,6.0,0.0,4.0,1.0,0.0,41.0,0.0,2.0,0.0,0.0,1.0,60.0,0.11,0,0.0
ppo:runs/ppo/pass2/p2b_pool_s3.json,wary,2,9001,13,1,1.0,1.0,36.0,93.0,57.0,102.0,-19.0,0.0,2.0,1.0,27.0,10.0,4.5,6.0,0.0,8.0,6.0,0.0,42.0,0.0,2.0,0.0,0.0,1.0,67.0,0.11,0,0.0
ppo:runs/ppo/pass2/p2b_pool_s3.json,wary,2,9001,14,0,1.0,1.0,49.0,98.0,49.0,107.0,-19.0,0.0,2.0,1.0,33.0,8.0,5.625,7.0,0.0,9.0,4.0,0.0,50.0,0.0,2.0,0.0,0.0,1.0,70.0,0.12,0,0.0
ppo:runs/ppo/pass2/p2b_pool_s3.json,wary,2,9001,15,1,0.0,0.0,-15.0,72.0,87.0,99.0,-37.0,0.0,2.0,1.0,22.0,10.0,4.5,6.0,0.0,6.0,3.0,0.0,47.0,0.0,2.0,0.0,0.0,1.0,70.0,0.13,0,0.0
ppo:runs/ppo/pass2/p2b_pool_s3.json,wary,2,9001,16,0,1.0,1.0,32.0,101.0,69.0,105.0,-14.0,0.0,2.0,1.0,26.0,9.0,5.0,6.0,0.0,5.0,3.0,0.0,47.0,0.0,2.0,0.0,0.0,1.0,68.0,0.11,0,0.0
ppo:runs/ppo/pass2/p2b_pool_s3.json,wary,2,9001,17,1,1.0,1.0,16.0,83.0,67.0,105.0,-32.0,0.0,2.0,1.0,33.0,9.0,5.0,6.0,0.0,5.0,1.0,0.0,45.0,0.0,2.0,0.0,0.0,1.0,64.0,0.11,0,0.0
ppo:runs/ppo/pass2/p2b_pool_s3.json,wary,2,9001,18,0,1.0,1.0,7.0,84.0,77.0,99.0,-25.0,0.0,2.0,1.0,34.0,10.0,4.5,6.0,0.0,8.0,1.0,0.0,43.0,0.0,2.0,0.0,0.0,1.0,63.0,0.11,0,0.0
ppo:runs/ppo/pass2/p2b_pool_s3.json,wary,2,9001,19,0,0.0,0.0,-15.0,84.0,99.0,96.0,-22.0,0.0,2.0,1.0,37.0,10.0,4.4,5.0,1.0,3.0,5.0,0.0,37.0,0.0,2.0,0.0,0.0,1.0,62.0,0.12,0,0.0
ppo:runs/ppo/pass2/p2b_pool_s3.json,wary,2,9001,20,1,1.0,1.0,38.0,88.0,50.0,101.0,-23.0,0.0,2.0,1.0,34.0,9.0,5.0,6.0,0.0,5.0,5.0,0.0,39.0,0.0,2.0,0.0,0.0,1.0,61.0,0.11,0,0.0
ppo:runs/ppo/pass2/p2b_pool_s3.json,wary,2,9001,21,0,1.0,1.0,29.0,89.0,60.0,101.0,-22.0,0.0,2.0,1.0,34.0,9.0,5.0,6.0,0.0,5.0,5.0,0.0,39.0,0.0,2.0,0.0,0.0,1.0,61.0,0.11,0,0.0
ppo:runs/ppo/pass2/p2b_pool_s3.json,wary,2,9001,22,0,1.0,1.0,10.0,85.0,75.0,105.0,-30.0,0.0,2.0,1.0,29.0,9.0,5.0,6.0,0.0,5.0,4.0,0.0,44.0,0.0,2.0,0.0,0.0,1.0,65.0,0.1,0,0.0
ppo:runs/ppo/pass2/p2b_pool_s3.json,wary,2,9001,23,0,1.0,1.0,18.0,91.0,73.0,105.0,-24.0,0.0,2.0,1.0,26.0,9.0,5.0,6.0,0.0,3.0,2.0,0.0,40.0,0.0,2.0,0.0,0.0,1.0,60.0,0.1,0,0.0
ppo:runs/ppo/pass2/p2b_pool_s3.json,wary,2,9001,24,0,1.0,1.0,13.0,85.0,72.0,103.0,-28.0,0.0,2.0,1.0,27.0,9.0,5.0,7.0,0.0,4.0,1.0,0.0,41.0,0.0,2.0,0.0,0.0,1.0,60.0,0.07,0,0.0
ppo:runs/ppo/pass2/p2b_pool_s3.json,collector,2,9001,0,0,1.0,1.0,31.0,88.0,57.0,101.0,-23.0,0.0,2.0,1.0,33.0,10.0,4.5,6.0,0.0,7.0,6.0,0.0,40.0,0.0,2.0,0.0,0.0,1.0,65.0,0.11,0,0.0
ppo:runs/ppo/pass2/p2b_pool_s3.json,collector,2,9001,1,0,1.0,1.0,23.0,78.0,55.0,99.0,-31.0,0.0,2.0,1.0,33.0,10.0,4.5,5.0,0.0,6.0,3.0,0.0,49.0,0.0,2.0,0.0,0.0,1.0,72.0,0.14,0,0.0
ppo:runs/ppo/pass2/p2b_pool_s3.json,collector,2,9001,2,1,1.0,1.0,18.0,100.0,82.0,107.0,-17.0,0.0,2.0,1.0,22.0,8.0,5.625,7.0,0.0,7.0,0.0,1.0,48.0,0.0,2.0,0.0,0.0,1.0,66.0,0.1,0,0.0
ppo:runs/ppo/pass2/p2b_pool_s3.json,collector,2,9001,3,0,1.0,1.0,27.0,91.0,64.0,102.0,-21.0,0.0,2.0,1.0,33.0,10.0,4.5,6.0,0.0,7.0,1.0,0.0,43.0,0.0,2.0,0.0,0.0,1.0,64.0,0.11,0,0.0
ppo:runs/ppo/pass2/p2b_pool_s3.json,collector,2,9001,4,0,1.0,1.0,52.0,92.0,40.0,103.0,-21.0,0.0,2.0,1.0,24.0,9.0,5.0,7.0,0.0,2.0,3.0,0.0,41.0,0.0,2.0,0.0,0.0,1.0,61.0,0.1,0,0.0
ppo:runs/ppo/pass2/p2b_pool_s3.json,collector,2,9001,5,1,1.0,1.0,9.0,80.0,71.0,101.0,-31.0,0.0,2.0,1.0,26.0,10.0,4.5,6.0,0.0,6.0,3.0,0.0,41.0,0.0,2.0,0.0,0.0,1.0,64.0,0.11,0,0.0
ppo:runs/ppo/pass2/p2b_pool_s3.json,collector,2,9001,6,0,1.0,1.0,69.0,100.0,31.0,109.0,-19.0,0.0,2.0,1.0,21.0,8.0,5.625,7.0,0.0,6.0,6.0,0.0,44.0,0.0,2.0,0.0,0.0,1.0,65.0,0.11,0,0.0
ppo:runs/ppo/pass2/p2b_pool_s3.json,collector,2,9001,7,0,1.0,1.0,63.0,90.0,27.0,98.0,-18.0,0.0,2.0,1.0,36.0,10.0,4.5,5.0,0.0,6.0,4.0,0.0,38.0,0.0,2.0,0.0,0.0,1.0,62.0,0.13,0,0.0
ppo:runs/ppo/pass2/p2b_pool_s3.json,collector,2,9001,8,0,0.0,0.0,-5.0,84.0,89.0,104.0,-20.0,0.0,2.0,0.0,22.0,8.0,5.5,6.0,1.0,2.0,6.0,1.0,44.0,0.0,2.0,0.0,0.0,1.0,68.0,0.14,0,0.0
ppo:runs/ppo/pass2/p2b_pool_s3.json,collector,2,9001,9,0,1.0,1.0,34.0,85.0,51.0,103.0,-28.0,0.0,2.0,1.0,24.0,9.0,5.0,6.0,0.0,6.0,5.0,0.0,37.0,0.0,2.0,0.0,0.0,1.0,59.0,0.12,0,0.0
ppo:runs/ppo/pass2/p2b_pool_s3.json,collector,2,9001,10,1,1.0,1.0,26.0,76.0,50.0,98.0,-32.0,0.0,2.0,1.0,28.0,10.0,4.4,6.0,1.0,6.0,0.0,0.0,42.0,0.0,2.0,0.0,0.0,1.0,62.0,0.11,0,0.0
ppo:runs/ppo/pass2/p2b_pool_s3.json,collector,2,9001,11,1,1.0,1.0,59.0,90.0,31.0,103.0,-23.0,0.0,2.0,1.0,26.0,9.0,5.0,6.0,0.0,7.0,4.0,0.0,38.0,0.0,2.0,0.0,0.0,1.0,60.0,0.11,0,0.0
ppo:runs/ppo/pass2/p2b_pool_s3.json,collector,2,9001,12,1,1.0,1.0,17.0,74.0,57.0,101.0,-37.0,0.0,2.0,1.0,16.0,9.0,5.0,6.0,0.0,4.0,2.0,0.0,42.0,0.0,2.0,0.0,0.0,1.0,62.0,0.12,0,0.0
ppo:runs/ppo/pass2/p2b_pool_s3.json,collector,2,9001,13,1,1.0,1.0,53.0,98.0,45.0,107.0,-19.0,0.0,2.0,1.0,18.0,8.0,5.625,7.0,0.0,7.0,6.0,1.0,38.0,0.0,2.0,0.0,0.0,1.0,61.0,0.11,0,0.0
ppo:runs/ppo/pass2/p2b_pool_s3.json,collector,2,9001,14,0,1.0,1.0,62.0,92.0,30.0,101.0,-19.0,0.0,2.0,1.0,36.0,9.0,5.0,6.0,0.0,8.0,2.0,0.0,46.0,0.0,2.0,0.0,0.0,1.0,66.0,0.12,0,0.0
ppo:runs/ppo/pass2/p2b_pool_s3.json,collector,2,9001,15,1,1.0,1.0,6.0,76.0,70.0,103.0,-37.0,0.0,2.0,1.0,27.0,9.0,5.0,7.0,0.0,9.0,5.0,0.0,43.0,0.0,2.0,0.0,0.0,1.0,66.0,0.12,0,0.0
ppo:runs/ppo/pass2/p2b_pool_s3.json,collector,2,9001,16,0,1.0,1.0,65.0,97.0,32.0,101.0,-14.0,0.0,2.0,1.0,28.0,9.0,5.0,6.0,0.0,4.0,3.0,0.0,43.0,0.0,2.0,0.0,0.0,1.0,64.0,0.11,0,0.0
ppo:runs/ppo/pass2/p2b_pool_s3.json,collector,2,9001,17,1,1.0,1.0,57.0,81.0,24.0,103.0,-32.0,0.0,2.0,1.0,28.0,9.0,5.0,7.0,0.0,6.0,1.0,0.0,45.0,0.0,2.0,0.0,0.0,1.0,64.0,0.13,0,0.0
ppo:runs/ppo/pass2/p2b_pool_s3.json,collector,2,9001,18,0,1.0,1.0,59.0,89.0,30.0,104.0,-25.0,0.0,2.0,1.0,27.0,8.0,5.5,7.0,1.0,7.0,4.0,0.0,42.0,0.0,2.0,0.0,0.0,1.0,61.0,0.12,0,0.0
ppo:runs/ppo/pass2/p2b_pool_s3.json,collector,2,9001,19,0,1.0,1.0,53.0,89.0,36.0,101.0,-22.0,0.0,2.0,1.0,28.0,9.0,5.0,6.0,0.0,5.0,6.0,0.0,46.0,0.0,2.0,0.0,0.0,1.0,70.0,0.11,0,0.0
ppo:runs/ppo/pass2/p2b_pool_s3.json,collector,2,9001,20,1,1.0,1.0,71.0,92.0,21.0,105.0,-23.0,0.0,2.0,1.0,26.0,9.0,5.0,6.0,0.0,7.0,4.0,0.0,40.0,0.0,2.0,0.0,0.0,1.0,61.0,0.1,0,0.0
ppo:runs/ppo/pass2/p2b_pool_s3.json,collector,2,9001,21,0,1.0,1.0,58.0,89.0,31.0,101.0,-22.0,0.0,2.0,1.0,28.0,9.0,5.0,6.0,0.0,4.0,4.0,0.0,40.0,0.0,2.0,0.0,0.0,1.0,61.0,0.1,0,0.0
ppo:runs/ppo/pass2/p2b_pool_s3.json,collector,2,9001,22,0,1.0,1.0,42.0,82.0,40.0,102.0,-30.0,0.0,2.0,1.0,31.0,10.0,4.5,6.0,0.0,3.0,4.0,0.0,40.0,0.0,2.0,0.0,0.0,1.0,63.0,0.11,0,0.0
ppo:runs/ppo/pass2/p2b_pool_s3.json,collector,2,9001,23,0,1.0,1.0,58.0,93.0,35.0,107.0,-24.0,0.0,2.0,1.0,18.0,8.0,5.625,7.0,0.0,7.0,6.0,0.0,44.0,0.0,2.0,0.0,0.0,1.0,66.0,0.11,0,0.0
ppo:runs/ppo/pass2/p2b_pool_s3.json,collector,2,9001,24,0,1.0,1.0,49.0,87.0,38.0,105.0,-28.0,0.0,2.0,1.0,23.0,9.0,5.0,6.0,0.0,7.0,1.0,0.0,43.0,0.0,2.0,0.0,0.0,1.0,62.0,0.09,0,0.0
racer,collector,2,9001,25,0,1.0,1.0,48.0,99.0,51.0,108.0,-19.0,0.0,2.0,1.0,14.0,9.0,5.0,7.0,0.0,5.0,4.0,0.0,40.0,0.0,2.0,0.0,0.0,1.0,61.0,0.01,0,0.0
racer,collector,2,9001,26,0,1.0,1.0,48.0,106.0,58.0,109.0,-13.0,0.0,2.0,1.0,15.0,8.0,5.625,7.0,0.0,6.0,5.0,0.0,51.0,0.0,2.0,0.0,0.0,1.0,71.0,0.01,0,0.0
racer,collector,2,9001,27,1,0.0,0.0,-1.0,96.0,97.0,109.0,-13.0,0.0,2.0,0.0,18.0,8.0,5.625,7.0,0.0,6.0,3.0,0.0,61.0,0.0,2.0,0.0,0.0,1.0,80.0,0.02,0,0.0
racer,collector,2,9001,28,0,0.0,0.0,-23.0,87.0,110.0,109.0,-22.0,0.0,2.0,0.0,12.0,8.0,5.625,7.0,0.0,10.0,1.0,0.0,55.0,0.0,2.0,0.0,0.0,1.0,72.0,0.02,0,0.0
racer,collector,2,9001,29,1,1.0,1.0,41.0,93.0,52.0,109.0,-26.0,0.0,2.0,1.0,18.0,8.0,5.625,7.0,0.0,7.0,4.0,0.0,56.0,0.0,2.0,0.0,0.0,1.0,75.0,0.02,0,0.0
racer,collector,2,9001,30,0,1.0,1.0,59.0,97.0,38.0,109.0,-22.0,0.0,2.0,1.0,18.0,8.0,5.625,7.0,0.0,10.0,8.0,0.0,48.0,0.0,2.0,0.0,0.0,1.0,72.0,0.02,0,0.0
racer,collector,2,9001,31,1,1.0,1.0,24.0,91.0,67.0,109.0,-18.0,0.0,2.0,0.0,12.0,8.0,5.625,7.0,0.0,7.0,2.0,0.0,52.0,0.0,2.0,0.0,0.0,1.0,70.0,0.02,0,0.0
racer,collector,2,9001,32,1,1.0,1.0,51.0,101.0,50.0,109.0,-18.0,0.0,2.0,1.0,27.0,8.0,5.625,7.0,0.0,7.0,9.0,0.0,41.0,0.0,2.0,0.0,0.0,1.0,65.0,0.02,0,0.0
racer,collector,2,9001,33,1,0.0,0.0,-10.0,88.0,98.0,109.0,-21.0,0.0,2.0,0.0,15.0,8.0,5.625,7.0,0.0,5.0,9.0,0.0,41.0,0.0,2.0,0.0,0.0,1.0,66.0,0.01,0,0.0
racer,collector,2,9001,34,1,1.0,1.0,22.0,91.0,69.0,109.0,-18.0,0.0,2.0,0.0,15.0,8.0,5.625,7.0,0.0,8.0,10.0,0.0,44.0,0.0,2.0,0.0,0.0,1.0,69.0,0.02,0,0.0
racer,collector,2,9001,35,0,0.0,0.0,-29.0,96.0,125.0,109.0,-13.0,0.0,2.0,0.0,12.0,8.0,5.625,7.0,0.0,9.0,5.0,0.0,61.0,0.0,2.0,0.0,0.0,1.0,82.0,0.02,0,0.0
racer,collector,2,9001,36,1,1.0,1.0,4.0,87.0,83.0,109.0,-22.0,0.0,2.0,0.0,15.0,8.0,5.625,7.0,0.0,7.0,9.0,0.0,41.0,0.0,2.0,0.0,0.0,1.0,66.0,0.02,0,0.0
racer,collector,2,9001,37,1,1.0,1.0,21.0,84.0,63.0,109.0,-25.0,0.0,2.0,0.0,15.0,8.0,5.625,7.0,0.0,9.0,7.0,0.0,51.0,0.0,2.0,0.0,0.0,1.0,73.0,0.02,0,0.0
racer,collector,2,9001,38,1,0.0,0.0,-15.0,85.0,100.0,109.0,-24.0,0.0,2.0,0.0,18.0,8.0,5.625,7.0,0.0,6.0,2.0,0.0,52.0,0.0,2.0,0.0,0.0,1.0,69.0,0.02,0,0.0
racer,collector,2,9001,39,0,1.0,1.0,49.0,85.0,36.0,109.0,-24.0,0.0,2.0,0.0,15.0,8.0,5.625,7.0,0.0,6.0,3.0,0.0,47.0,0.0,2.0,0.0,0.0,1.0,65.0,0.02,0,0.0
racer,collector,2,9001,40,0,1.0,1.0,71.0,104.0,33.0,109.0,-15.0,0.0,2.0,1.0,18.0,8.0,5.625,7.0,0.0,5.0,6.0,0.0,46.0,0.0,2.0,0.0,0.0,1.0,68.0,0.01,0,0.0
racer,collector,2,9001,41,0,1.0,1.0,27.0,101.0,74.0,109.0,-18.0,0.0,2.0,1.0,27.0,8.0,5.625,7.0,0.0,5.0,8.0,0.0,54.0,0.0,2.0,0.0,0.0,1.0,78.0,0.02,0,0.0
racer,collector,2,9001,42,1,1.0,1.0,29.0,98.0,69.0,109.0,-21.0,0.0,2.0,1.0,27.0,8.0,5.625,7.0,0.0,4.0,11.0,0.0,47.0,0.0,2.0,0.0,0.0,1.0,74.0,0.02,0,0.0
racer,collector,2,9001,43,1,1.0,1.0,59.0,92.0,33.0,108.0,-26.0,0.0,2.0,1.0,21.0,9.0,5.0,7.0,0.0,8.0,5.0,0.0,39.0,0.0,2.0,0.0,0.0,1.0,61.0,0.01,0,0.0
racer,collector,2,9001,44,0,1.0,1.0,30.0,103.0,73.0,109.0,-16.0,0.0,2.0,1.0,27.0,8.0,5.625,7.0,0.0,7.0,2.0,0.0,50.0,0.0,2.0,0.0,0.0,1.0,67.0,0.02,0,0.0
racer,collector,2,9001,45,1,1.0,1.0,17.0,89.0,72.0,109.0,-20.0,0.0,2.0,0.0,15.0,8.0,5.625,7.0,0.0,6.0,5.0,0.0,45.0,0.0,2.0,0.0,0.0,1.0,65.0,0.02,0,0.0
racer,collector,2,9001,46,0,1.0,1.0,41.0,90.0,49.0,109.0,-19.0,0.0,2.0,0.0,12.0,8.0,5.625,7.0,0.0,9.0,1.0,0.0,57.0,0.0,2.0,0.0,0.0,1.0,73.0,0.02,0,0.0
racer,collector,2,9001,47,1,1.0,1.0,74.0,100.0,26.0,109.0,-19.0,0.0,2.0,1.0,21.0,8.0,5.625,7.0,0.0,7.0,4.0,0.0,46.0,0.0,2.0,0.0,0.0,1.0,66.0,0.02,0,0.0
racer,collector,2,9001,48,0,1.0,1.0,30.0,97.0,67.0,109.0,-22.0,0.0,2.0,1.0,18.0,8.0,5.625,7.0,0.0,9.0,4.0,0.0,58.0,0.0,2.0,0.0,0.0,1.0,77.0,0.02,0,0.0
racer,collector,2,9001,49,0,1.0,1.0,27.0,106.0,79.0,109.0,-13.0,0.0,2.0,1.0,18.0,8.0,5.625,7.0,0.0,7.0,7.0,0.0,47.0,0.0,2.0,0.0,0.0,1.0,70.0,0.02,0,0.0
ppo:runs/ppo/pass2/p2b_pool_s3.json,racer,2,9001,25,0,0.0,0.0,-1.0,81.0,82.0,99.0,-28.0,0.0,2.0,1.0,31.0,10.0,4.5,5.0,0.0,3.0,4.0,0.0,40.0,0.0,2.0,0.0,0.0,1.0,63.0,0.1,0,0.0
ppo:runs/ppo/pass2/p2b_pool_s3.json,racer,2,9001,26,0,1.0,1.0,16.0,83.0,67.0,94.0,-21.0,0.0,2.0,1.0,38.0,10.0,4.4,5.0,1.0,7.0,1.0,1.0,39.0,0.0,2.0,0.0,0.0,1.0,61.0,0.11,0,0.0
ppo:runs/ppo/pass2/p2b_pool_s3.json,racer,2,9001,27,1,0.0,0.0,-19.0,78.0,97.0,96.0,-18.0,0.0,2.0,0.0,14.0,10.0,4.5,6.0,0.0,6.0,3.0,0.0,43.0,0.0,2.0,0.0,0.0,1.0,66.0,0.11,0,0.0
ppo:runs/ppo/pass2/p2b_pool_s3.json,racer,2,9001,28,0,0.0,0.0,-2.0,73.0,75.0,94.0,-31.0,0.0,2.0,1.0,32.0,10.0,4.4,6.0,1.0,3.0,3.0,0.0,39.0,0.0,2.0,0.0,0.0,1.0,62.0,0.11,0,0.0
ppo:runs/ppo/pass2/p2b_pool_s3.json,racer,2,9001,29,1,0.0,0.0,-14.0,74.0,88.0,90.0,-26.0,0.0,2.0,1.0,29.0,10.0,4.4,6.0,1.0,5.0,3.0,1.0,37.0,0.0,2.0,0.0,0.0,1.0,61.0,0.12,0,0.0
ppo:runs/ppo/pass2/p2b_pool_s3.json,racer,2,9001,30,0,1.0,1.0,1.0,74.0,73.0,94.0,-30.0,0.0,2.0,1.0,33.0,10.0,4.5,5.0,0.0,6.0,2.0,0.0,42.0,0.0,2.0,0.0,0.0,1.0,64.0,0.12,0,0.0
ppo:runs/ppo/pass2/p2b_pool_s3.json,racer,2,9001,31,1,1.0,1.0,0.0,81.0,81.0,89.0,-18.0,0.0,2.0,1.0,26.0,9.0,4.666666666666667,4.0,3.0,3.0,3.0,0.0,39.0,0.0,2.0,0.0,0.0,0.0,61.0,0.1,0,0.0
ppo:runs/ppo/pass2/p2b_pool_s3.json,racer,2,9001,32,1,1.0,1.0,5.0,85.0,80.0,94.0,-19.0,0.0,2.0,1.0,29.0,10.0,4.4,5.0,1.0,6.0,1.0,0.0,43.0,0.0,2.0,0.0,0.0,1.0,63.0,0.11,0,0.0
ppo:runs/ppo/pass2/p2b_pool_s3.json,racer,2,9001,33,1,1.0,1.0,19.0,79.0,60.0,92.0,-23.0,0.0,2.0,1.0,19.0,10.0,4.5,6.0,0.0,5.0,1.0,0.0,43.0,0.0,2.0,0.0,0.0,1.0,64.0,0.1,0,0.0
ppo:runs/ppo/pass2/p2b_pool_s3.json,racer,2,9001,34,1,1.0,1.0,2.0,85.0,83.0,93.0,-18.0,0.0,2.0,1.0,32.0,10.0,4.4,5.0,1.0,3.0,0.0,0.0,42.0,0.0,2.0,0.0,0.0,1.0,61.0,0.11,0,0.0
ppo:runs/ppo/pass2/p2b_pool_s3.json,racer,2,9001,35,0,1.0,1.0,19.0,75.0,56.0,91.0,-26.0,0.0,2.0,1.0,15.0,11.0,4.0,5.0,1.0,7.0,1.0,0.0,39.0,0.0,2.0,0.0,0.0,1.0,62.0,0.1,0,0.0
ppo:runs/ppo/pass2/p2b_pool_s3.json,racer,2,9001,36,1,0.0,0.0,-37.0,62.0,99.0,85.0,-23.0,0.0,2.0,0.0,16.0,9.0,4.555555555555555,5.0,4.0,5.0,1.0,0.0,39.0,0.0,2.0,0.0,0.0,0.0,59.0,0.09,0,0.0
ppo:runs/ppo/pass2/p2b_pool_s3.json,racer,2,9001,37,1,0.0,0.0,-16.0,67.0,83.0,94.0,-37.0,0.0,2.0,1.0,19.0,10.0,4.5,5.0,0.0,4.0,5.0,0.0,39.0,0.0,2.0,0.0,0.0,1.0,63.0,0.1,0,0.0
ppo:runs/ppo/pass2/p2b_pool_s3.json,racer,2,9001,38,1,1.0,1.0,0.0,79.0,79.0,94.0,-25.0,0.0,2.0,1.0,28.0,10.0,4.4,5.0,1.0,7.0,0.0,0.0,40.0,0.0,2.0,0.0,0.0,1.0,59.0,0.09,0,0.0
ppo:runs/ppo/pass2/p2b_pool_s3.json,racer,2,9001,39,0,0.0,0.0,-9.0,73.0,82.0,90.0,-27.0,0.0,2.0,1.0,22.0,11.0,4.0,5.0,1.0,4.0,6.0,0.0,36.0,0.0,2.0,0.0,0.0,1.0,63.0,0.13,0,0.0
ppo:runs/ppo/pass2/p2b_pool_s3.json,racer,2,9001,40,0,0.0,0.0,-20.0,79.0,99.0,94.0,-15.0,0.0,2.0,0.0,14.0,10.0,4.5,5.0,0.0,5.0,1.0,0.0,43.0,0.0,2.0,0.0,0.0,1.0,64.0,0.1,0,0.0
ppo:runs/ppo/pass2/p2b_pool_s3.json,racer,2,9001,41,0,1.0,1.0,30.0,86.0,56.0,94.0,-18.0,0.0,2.0,1.0,29.0,10.0,4.5,5.0,0.0,6.0,2.0,0.0,44.0,0.0,2.0,0.0,0.0,1.0,66.0,0.11,0,0.0
ppo:runs/ppo/pass2/p2b_pool_s3.json,racer,2,9001,42,1,1.0,1.0,27.0,85.0,58.0,96.0,-21.0,0.0,2.0,1.0,34.0,10.0,4.5,6.0,0.0,6.0,2.0,0.0,40.0,0.0,2.0,0.0,0.0,1.0,62.0,0.09,0,0.0
ppo:runs/ppo/pass2/p2b_pool_s3.json,racer,2,9001,43,1,1.0,1.0,13.0,76.0,63.0,92.0,-26.0,0.0,2.0,1.0,26.0,10.0,4.4,6.0,1.0,7.0,2.0,0.0,40.0,0.0,2.0,0.0,0.0,1.0,61.0,0.1,0,0.0
ppo:runs/ppo/pass2/p2b_pool_s3.json,racer,2,9001,44,0,1.0,1.0,26.0,82.0,56.0,94.0,-22.0,0.0,2.0,1.0,45.0,10.0,4.5,5.0,0.0,10.0,1.0,0.0,45.0,0.0,2.0,0.0,0.0,1.0,65.0,0.09,0,0.0
ppo:runs/ppo/pass2/p2b_pool_s3.json,racer,2,9001,45,1,1.0,1.0,1.0,80.0,79.0,90.0,-20.0,0.0,2.0,1.0,21.0,11.0,4.090909090909091,5.0,0.0,7.0,2.0,0.0,44.0,0.0,2.0,0.0,0.0,1.0,67.0,0.09,0,0.0
ppo:runs/ppo/pass2/p2b_pool_s3.json,racer,2,9001,46,0,1.0,1.0,4.0,83.0,79.0,94.0,-21.0,0.0,2.0,1.0,22.0,10.0,4.4,6.0,1.0,5.0,0.0,0.0,44.0,0.0,2.0,0.0,0.0,1.0,63.0,0.07,0,0.0
ppo:runs/ppo/pass2/p2b_pool_s3.json,racer,2,9001,47,1,0.0,0.0,-11.0,76.0,87.0,87.0,-21.0,0.0,2.0,1.0,24.0,9.0,4.555555555555555,4.0,4.0,5.0,3.0,0.0,37.0,0.0,2.0,0.0,0.0,0.0,59.0,0.06,0,0.0
ppo:runs/ppo/pass2/p2b_pool_s3.json,racer,2,9001,48,0,1.0,1.0,6.0,73.0,67.0,92.0,-29.0,0.0,2.0,1.0,34.0,10.0,4.4,5.0,1.0,2.0,6.0,1.0,34.0,0.0,2.0,0.0,0.0,1.0,61.0,0.07,0,0.0
ppo:runs/ppo/pass2/p2b_pool_s3.json,racer,2,9001,49,0,1.0,1.0,12.0,87.0,75.0,90.0,-13.0,0.0,2.0,1.0,31.0,11.0,4.0,5.0,1.0,5.0,2.0,1.0,38.0,0.0,2.0,0.0,0.0,1.0,64.0,0.08,0,0.0
greedy,collector,2,9001,25,0,1.0,1.0,49.0,108.0,59.0,57.0,41.0,4.0,0.0,1.0,21.0,17.0,2.6470588235294117,0.0,0.0,5.0,4.0,0.0,46.0,2.0,4.0,0.0,0.0,1.0,87.0,0.02,0,0.0
greedy,collector,2,9001,26,0,1.0,1.0,62.0,112.0,50.0,58.0,44.0,5.0,0.0,1.0,27.0,18.0,2.5,0.0,0.0,5.0,6.0,0.0,40.0,1.0,5.0,0.0,0.0,1.0,83.0,0.02,0,0.0
greedy,collector,2,9001,27,1,1.0,1.0,7.0,112.0,105.0,63.0,49.0,6.0,0.0,0.0,18.0,17.0,2.6470588235294117,2.0,0.0,3.0,15.0,0.0,33.0,1.0,6.0,0.0,0.0,0.0,85.0,0.02,0,0.0
greedy,collector,2,9001,28,0,0.0,0.0,-83.0,67.0,150.0,44.0,23.0,3.0,1.0,0.0,12.0,12.0,2.5833333333333335,1.0,14.0,6.0,8.0,0.0,54.0,2.0,4.0,0.0,0.0,0.0,91.0,0.02,0,0.0
greedy,collector,2,9001,29,1,1.0,1.0,54.0,124.0,70.0,66.0,48.0,4.0,0.0,1.0,22.0,15.0,2.933333333333333,1.0,1.0,4.0,10.0,0.0,40.0,2.0,4.0,0.0,0.0,1.0,83.0,0.02,0,0.0
greedy,collector,2,9001,30,0,0.0,0.0,-37.0,95.0,132.0,53.0,42.0,4.0,0.0,0.0,19.0,12.0,3.0,1.0,9.0,8.0,2.0,0.0,56.0,1.0,4.0,0.0,0.0,0.0,85.0,0.02,0,0.0
greedy,collector,2,9001,31,1,1.0,1.0,30.0,114.0,84.0,59.0,45.0,4.0,0.0,1.0,33.0,17.0,2.6470588235294117,0.0,0.0,6.0,5.0,0.0,45.0,1.0,4.0,0.0,0.0,1.0,86.0,0.02,0,0.0
greedy,collector,2,9001,32,1,1.0,1.0,44.0,123.0,79.0,67.0,46.0,5.0,0.0,1.0,19.0,16.0,2.8125,2.0,0.0,8.0,11.0,0.0,51.0,1.0,5.0,0.0,0.0,1.0,95.0,0.04,0,0.0
greedy,collector,2,9001,33,1,0.0,0.0,-14.0,109.0,123.0,66.0,43.0,4.0,0.0,0.0,16.0,16.0,2.8125,1.0,0.0,5.0,17.0,0.0,33.0,1.0,4.0,0.0,0.0,1.0,84.0,0.02,0,0.0
greedy,collector,2,9001,34,1,1.0,1.0,29.0,136.0,107.0,84.0,42.0,4.0,0.0,1.0,32.0,13.0,3.4615384615384617,3.0,0.0,5.0,6.0,0.0,64.0,1.0,4.0,0.0,0.0,0.0,98.0,0.02,0,0.0
greedy,collector,2,9001,35,0,0.0,0.0,-20.0,104.0,124.0,59.0,45.0,6.0,0.0,0.0,22.0,18.0,2.5,1.0,0.0,10.0,1.0,0.0,49.0,2.0,6.0,0.0,0.0,0.0,91.0,0.02,0,0.0
greedy,collector,2,9001,36,1,0.0,0.0,-20.0,118.0,138.0,53.0,65.0,6.0,0.0,0.0,16.0,15.0,2.533333333333333,1.0,7.0,6.0,12.0,0.0,36.0,1.0,6.0,0.0,0.0,0.0,81.0,0.02,0,0.0
greedy,collector,2,9001,37,1,1.0,1.0,16.0,124.0,108.0,72.0,42.0,4.0,0.0,1.0,24.0,15.0,3.0,2.0,0.0,6.0,20.0,0.0,36.0,2.0,4.0,0.0,0.0,1.0,89.0,0.02,0,0.0
greedy,collector,2,9001,38,1,1.0,1.0,46.0,135.0,89.0,70.0,65.0,5.0,0.0,0.0,20.0,16.0,2.8125,2.0,0.0,7.0,3.0,0.0,45.0,2.0,5.0,0.0,0.0,1.0,83.0,0.02,0,0.0
greedy,collector,2,9001,39,0,0.0,0.0,-10.0,123.0,133.0,71.0,52.0,5.0,0.0,0.0,22.0,14.0,3.2142857142857144,3.0,0.0,9.0,6.0,0.0,52.0,1.0,5.0,0.0,0.0,0.0,88.0,0.02,0,0.0
greedy,collector,2,9001,40,0,0.0,0.0,-21.0,102.0,123.0,65.0,37.0,5.0,0.0,0.0,15.0,16.0,2.75,1.0,1.0,5.0,6.0,0.0,48.0,1.0,5.0,0.0,0.0,0.0,89.0,0.02,0,0.0
greedy,collector,2,9001,41,0,1.0,1.0,14.0,109.0,95.0,66.0,43.0,5.0,0.0,0.0,18.0,15.0,3.0,2.0,0.0,4.0,14.0,0.0,38.0,2.0,5.0,0.0,0.0,1.0,86.0,0.02,0,0.0
greedy,collector,2,9001,42,1,1.0,1.0,54.0,125.0,71.0,62.0,53.0,5.0,0.0,1.0,23.0,16.0,2.8125,1.0,0.0,6.0,11.0,0.0,35.0,1.0,5.0,0.0,0.0,1.0,80.0,0.02,0,0.0
greedy,collector,2,9001,43,1,0.0,0.0,-12.0,135.0,147.0,62.0,63.0,5.0,0.0,1.0,26.0,18.0,2.5,1.0,0.0,7.0,13.0,0.0,41.0,2.0,5.0,0.0,0.0,1.0,93.0,0.02,0,0.0
greedy,collector,2,9001,44,0,1.0,1.0,77.0,118.0,41.0,69.0,39.0,4.0,0.0,1.0,29.0,17.0,2.6470588235294117,2.0,0.0,3.0,14.0,0.0,34.0,1.0,4.0,0.0,0.0,1.0,83.0,0.02,0,0.0
greedy,collector,2,9001,45,1,0.0,0.0,-9.0,105.0,114.0,48.0,57.0,6.0,0.0,0.0,23.0,19.0,2.1052631578947367,1.0,5.0,3.0,14.0,0.0,24.0,2.0,6.0,0.0,0.0,0.0,80.0,0.02,0,0.0
greedy,collector,2,9001,46,0,1.0,1.0,45.0,114.0,69.0,63.0,41.0,5.0,0.0,1.0,17.0,16.0,2.8125,1.0,0.0,4.0,31.0,0.0,15.0,1.0,5.0,0.0,0.0,1.0,79.0,0.02,0,0.0
greedy,collector,2,9001,47,1,0.0,0.0,-28.0,96.0,124.0,60.0,36.0,4.0,0.0,0.0,17.0,18.0,2.5,1.0,0.0,4.0,22.0,0.0,28.0,1.0,4.0,0.0,0.0,1.0,88.0,0.02,0,0.0
greedy,collector,2,9001,48,0,1.0,1.0,59.0,140.0,81.0,60.0,70.0,7.0,0.0,1.0,21.0,18.0,2.5,1.0,0.0,2.0,9.0,0.0,41.0,3.0,7.0,0.0,0.0,1.0,91.0,0.03,0,0.0
greedy,collector,2,9001,49,0,0.0,0.0,-39.0,99.0,138.0,57.0,42.0,5.0,0.0,0.0,20.0,18.0,2.5,0.0,0.0,6.0,2.0,0.0,46.0,2.0,5.0,0.0,0.0,1.0,88.0,0.02,0,0.0
racer,greedy,2,9001,50,1,1.0,1.0,18.0,106.0,88.0,109.0,-13.0,0.0,2.0,1.0,15.0,8.0,5.625,7.0,0.0,6.0,5.0,0.0,45.0,0.0,2.0,0.0,0.0,1.0,65.0,0.01,0,0.0
racer,greedy,2,9001,51,1,1.0,1.0,8.0,92.0,84.0,109.0,-17.0,0.0,2.0,0.0,15.0,8.0,5.625,7.0,0.0,8.0,11.0,0.0,41.0,0.0,2.0,0.0,0.0,1.0,68.0,0.01,0,0.0
racer,greedy,2,9001,52,0,1.0,1.0,45.0,103.0,58.0,109.0,-16.0,0.0,2.0,1.0,12.0,8.0,5.625,7.0,0.0,5.0,5.0,0.0,45.0,0.0,2.0,0.0,0.0,1.0,65.0,0.01,0,0.0
racer,greedy,2,9001,53,1,0.0,0.0,-32.0,94.0,126.0,109.0,-15.0,0.0,2.0,0.0,12.0,8.0,5.625,7.0,0.0,11.0,2.0,0.0,58.0,0.0,2.0,0.0,0.0,1.0,76.0,0.01,0,0.0
racer,greedy,2,9001,54,1,1.0,1.0,14.0,86.0,72.0,109.0,-23.0,0.0,2.0,0.0,15.0,8.0,5.625,7.0,0.0,2.0,9.0,0.0,39.0,0.0,2.0,0.0,0.0,1.0,63.0,0.01,0,0.0
racer,greedy,2,9001,55,1,1.0,1.0,11.0,94.0,83.0,109.0,-15.0,0.0,2.0,0.0,18.0,8.0,5.625,7.0,0.0,7.0,5.0,0.0,47.0,0.0,2.0,0.0,0.0,1.0,68.0,0.01,0,0.0
racer,greedy,2,9001,56,0,1.0,1.0,4.0,94.0,90.0,109.0,-15.0,0.0,2.0,0.0,18.0,8.0,5.625,7.0,0.0,7.0,6.0,0.0,46.0,0.0,2.0,0.0,0.0,1.0,68.0,0.01,0,0.0
racer,greedy,2,9001,57,0,0.0,0.0,-32.0,88.0,120.0,109.0,-21.0,0.0,2.0,0.0,12.0,8.0,5.625,7.0,0.0,9.0,4.0,0.0,68.0,0.0,2.0,0.0,0.0,1.0,87.0,0.02,0,0.0
racer,greedy,2,9001,58,0,0.0,0.0,-33.0,79.0,112.0,109.0,-30.0,0.0,2.0,0.0,18.0,8.0,5.625,7.0,0.0,5.0,5.0,0.0,49.0,0.0,2.0,0.0,0.0,1.0,69.0,0.01,0,0.0
racer,greedy,2,9001,59,1,1.0,1.0,14.0,87.0,73.0,109.0,-22.0,0.0,2.0,0.0,21.0,8.0,5.625,7.0,0.0,4.0,2.0,0.0,54.0,0.0,2.0,0.0,0.0,1.0,72.0,0.01,0,0.0
racer,greedy,2,9001,60,1,1.0,1.0,40.0,94.0,54.0,109.0,-15.0,0.0,2.0,0.0,12.0,8.0,5.625,7.0,0.0,6.0,2.0,0.0,52.0,0.0,2.0,0.0,0.0,1.0,70.0,0.01,0,0.0
racer,greedy,2,9001,61,1,0.0,0.0,-8.0,90.0,98.0,109.0,-19.0,0.0,2.0,0.0,18.0,8.0,5.625,7.0,0.0,6.0,5.0,0.0,45.0,0.0,2.0,0.0,0.0,1.0,66.0,0.01,0,0.0
racer,greedy,2,9001,62,1,1.0,1.0,17.0,105.0,88.0,109.0,-14.0,0.0,2.0,1.0,27.0,8.0,5.625,7.0,0.0,5.0,9.0,0.0,43.0,0.0,2.0,0.0,0.0,1.0,67.0,0.02,0,0.0
racer,greedy,2,9001,63,1,1.0,1.0,16.0,94.0,78.0,109.0,-15.0,0.0,2.0,0.0,12.0,8.0,5.625,7.0,0.0,9.0,2.0,0.0,60.0,0.0,2.0,0.0,0.0,1.0,78.0,0.02,0,0.0
racer,greedy,2,9001,64,0,1.0,1.0,35.0,105.0,70.0,109.0,-14.0,0.0,2.0,1.0,12.0,8.0,5.625,7.0,0.0,7.0,5.0,0.0,51.0,0.0,2.0,0.0,0.0,1.0,72.0,0.01,0,0.0
racer,greedy,2,9001,65,0,0.0,0.0,-22.0,91.0,113.0,109.0,-18.0,0.0,2.0,0.0,21.0,8.0,5.625,7.0,0.0,9.0,4.0,0.0,64.0,0.0,2.0,0.0,0.0,1.0,83.0,0.01,0,0.0
racer,greedy,2,9001,66,0,0.0,0.0,-21.0,81.0,102.0,109.0,-28.0,0.0,2.0,0.0,15.0,8.0,5.625,7.0,0.0,10.0,4.0,0.0,54.0,0.0,2.0,0.0,0.0,1.0,73.0,0.02,0,0.0
racer,greedy,2,9001,67,1,1.0,1.0,3.0,88.0,85.0,109.0,-21.0,0.0,2.0,0.0,12.0,8.0,5.625,7.0,0.0,5.0,8.0,0.0,48.0,0.0,2.0,0.0,0.0,1.0,71.0,0.01,0,0.0
racer,greedy,2,9001,68,1,0.0,0.0,-25.0,90.0,115.0,109.0,-19.0,0.0,2.0,0.0,21.0,8.0,5.625,7.0,0.0,9.0,4.0,0.0,52.0,0.0,2.0,0.0,0.0,1.0,71.0,0.02,0,0.0
racer,greedy,2,9001,69,1,0.0,0.0,-35.0,91.0,126.0,109.0,-18.0,0.0,2.0,0.0,12.0,8.0,5.625,7.0,0.0,6.0,12.0,0.0,48.0,0.0,2.0,0.0,0.0,1.0,76.0,0.02,0,0.0
racer,greedy,2,9001,70,1,0.0,0.0,-8.0,105.0,113.0,109.0,-14.0,0.0,2.0,1.0,27.0,8.0,5.625,7.0,0.0,7.0,5.0,0.0,53.0,0.0,2.0,0.0,0.0,1.0,74.0,0.02,0,0.0
racer,greedy,2,9001,71,1,0.0,0.0,-34.0,88.0,122.0,109.0,-21.0,0.0,2.0,0.0,12.0,8.0,5.625,7.0,0.0,8.0,2.0,0.0,56.0,0.0,2.0,0.0,0.0,1.0,73.0,0.01,0,0.0
racer,greedy,2,9001,72,1,0.0,0.0,-6.0,105.0,111.0,109.0,-14.0,0.0,2.0,1.0,18.0,8.0,5.625,7.0,0.0,7.0,10.0,0.0,56.0,0.0,2.0,0.0,0.0,1.0,82.0,0.02,0,0.0
racer,greedy,2,9001,73,1,1.0,1.0,36.0,95.0,59.0,109.0,-14.0,0.0,2.0,0.0,12.0,8.0,5.625,7.0,0.0,7.0,4.0,0.0,46.0,0.0,2.0,0.0,0.0,1.0,65.0,0.01,0,0.0
racer,greedy,2,9001,74,1,1.0,1.0,10.0,94.0,84.0,109.0,-15.0,0.0,2.0,0.0,15.0,8.0,5.625,7.0,0.0,6.0,7.0,0.0,53.0,0.0,2.0,0.0,0.0,1.0,76.0,0.01,0,0.0
ppo:runs/ppo/pass2/p2b_pool_s3.json,linear:runs/linear/pass7/p7b_sarsa_lam98_random_s3.json@best,2,9001,0,0,1.0,1.0,5.0,83.0,78.0,96.0,-23.0,0.0,2.0,1.0,30.0,10.0,4.4,5.0,1.0,7.0,2.0,0.0,40.0,0.0,2.0,0.0,0.0,1.0,61.0,0.13,0,0.0
ppo:runs/ppo/pass2/p2b_pool_s3.json,linear:runs/linear/pass7/p7b_sarsa_lam98_random_s3.json@best,2,9001,1,0,0.0,0.0,-29.0,75.0,104.0,96.0,-31.0,0.0,2.0,1.0,38.0,10.0,4.4,5.0,1.0,6.0,3.0,0.0,39.0,0.0,2.0,0.0,0.0,1.0,62.0,0.13,0,0.0
ppo:runs/ppo/pass2/p2b_pool_s3.json,linear:runs/linear/pass7/p7b_sarsa_lam98_random_s3.json@best,2,9001,2,1,1.0,1.0,4.0,83.0,79.0,90.0,-17.0,0.0,2.0,1.0,33.0,10.0,4.3,4.0,2.0,6.0,0.0,0.0,40.0,0.0,2.0,0.0,0.0,0.0,61.0,0.14,0,0.0
ppo:runs/ppo/pass2/p2b_pool_s3.json,linear:runs/linear/pass7/p7b_sarsa_lam98_random_s3.json@best,2,9001,3,0,1.0,1.0,5.0,79.0,74.0,90.0,-21.0,0.0,2.0,1.0,21.0,11.0,4.090909090909091,4.0,0.0,4.0,2.0,0.0,42.0,0.0,2.0,0.0,0.0,1.0,66.0,0.17,0,0.0
ppo:runs/ppo/pass2/p2b_pool_s3.json,linear:runs/linear/pass7/p7b_sarsa_lam98_random_s3.json@best,2,9001,4,0,0.0,0.0,-33.0,70.0,103.0,91.0,-21.0,0.0,2.0,0.0,15.0,10.0,4.3,5.0,2.0,4.0,4.0,0.0,36.0,0.0,2.0,0.0,0.0,0.0,60.0,0.18,0,0.0
ppo:runs/ppo/pass2/p2b_pool_s3.json,linear:runs/linear/pass7/p7b_sarsa_lam98_random_s3.json@best,2,9001,5,1,0.0,0.0,-15.0,73.0,88.0,94.0,-31.0,0.0,2.0,1.0,29.0,10.0,4.4,5.0,1.0,7.0,1.0,0.0,41.0,0.0,2.0,0.0,0.0,1.0,62.0,0.16,0,0.0
ppo:runs/ppo/pass2/p2b_pool_s3.json,linear:runs/linear/pass7/p7b_sarsa_lam98_random_s3.json@best,2,9001,6,0,1.0,1.0,18.0,83.0,65.0,92.0,-19.0,0.0,2.0,1.0,39.0,11.0,4.0,5.0,1.0,4.0,5.0,0.0,35.0,0.0,2.0,0.0,0.0,1.0,61.0,0.14,0,0.0
ppo:runs/ppo/pass2/p2b_pool_s3.json,linear:runs/linear/pass7/p7b_sarsa_lam98_random_s3.json@best,2,9001,7,0,1.0,1.0,1.0,76.0,75.0,94.0,-18.0,0.0,2.0,0.0,10.0,10.0,4.5,5.0,0.0,7.0,3.0,0.0,41.0,0.0,2.0,0.0,0.0,1.0,64.0,0.15,0,0.0
ppo:runs/ppo/pass2/p2b_pool_s3.json,linear:runs/linear/pass7/p7b_sarsa_lam98_random_s3.json@best,2,9001,8,0,0.0,0.0,-3.0,81.0,84.0,91.0,-20.0,0.0,2.0,1.0,13.0,9.0,4.666666666666667,6.0,3.0,8.0,0.0,0.0,42.0,0.0,2.0,0.0,0.0,0.0,61.0,0.15,0,0.0
ppo:runs/ppo/pass2/p2b_pool_s3.json,linear:runs/linear/pass7/p7b_sarsa_lam98_random_s3.json@best,2,9001,9,0,0.0,0.0,-1.0,74.0,75.0,92.0,-28.0,0.0,2.0,1.0,27.0,10.0,4.5,5.0,0.0,7.0,3.0,0.0,45.0,0.0,2.0,0.0,0.0,1.0,67.0,0.16,0,0.0
ppo:runs/ppo/pass2/p2b_pool_s3.json,linear:runs/linear/pass7/p7b_sarsa_lam98_random_s3.json@best,2,9001,10,1,0.0,0.0,-22.0,74.0,96.0,96.0,-32.0,0.0,2.0,1.0,23.0,11.0,4.090909090909091,6.0,0.0,9.0,1.0,0.0,43.0,0.0,2.0,0.0,0.0,1.0,66.0,0.15,0,0.0
ppo:runs/ppo/pass2/p2b_pool_s3.json,linear:runs/linear/pass7/p7b_sarsa_lam98_random_s3.json@best,2,9001,11,1,0.0,0.0,-1.0,84.0,85.0,97.0,-23.0,0.0,2.0,1.0,28.0,10.0,4.5,5.0,0.0,9.0,7.0,0.0,39.0,0.0,2.0,0.0,0.0,1.0,66.0,0.18,0,0.0
ppo:runs/ppo/pass2/p2b_pool_s3.json,linear:runs/linear/pass7/p7b_sarsa_lam98_random_s3.json@best,2,9001,12,1,0.0,0.0,-10.0,67.0,77.0,94.0,-37.0,0.0,2.0,1.0,38.0,10.0,4.4,6.0,1.0,6.0,1.0,0.0,39.0,0.0,2.0,0.0,0.0,1.0,60.0,0.14,0,0.0
ppo:runs/ppo/pass2/p2b_pool_s3.json,linear:runs/linear/pass7/p7b_sarsa_lam98_random_s3.json@best,2,9001,13,1,1.0,1.0,28.0,83.0,55.0,92.0,-19.0,0.0,2.0,1.0,18.0,11.0,4.0,5.0,1.0,6.0,4.0,0.0,38.0,0.0,2.0,0.0,0.0,1.0,63.0,0.14,0,0.0
ppo:runs/ppo/pass2/p2b_pool_s3.json,linear:runs/linear/pass7/p7b_sarsa_lam98_random_s3.json@best,2,9001,14,0,1.0,1.0,14.0,88.0,74.0,97.0,-19.0,0.0,2.0,1.0,19.0,10.0,4.5,6.0,0.0,7.0,2.0,0.0,44.0,0.0,2.0,0.0,0.0,1.0,66.0,0.14,0,0.0
ppo:runs/ppo/pass2/p2b_pool_s3.json,linear:runs/linear/pass7/p7b_sarsa_lam98_random_s3.json@best,2,9001,15,1,0.0,0.0,-14.0,67.0,81.0,94.0,-37.0,0.0,2.0,1.0,29.0,10.0,4.4,5.0,1.0,6.0,3.0,0.0,37.0,0.0,2.0,0.0,0.0,1.0,60.0,0.11,0,0.0
ppo:runs/ppo/pass2/p2b_pool_s3.json,linear:runs/linear/pass7/p7b_sarsa_lam98_random_s3.json@best,2,9001,16,0,1.0,1.0,22.0,94.0,72.0,98.0,-14.0,0.0,2.0,1.0,19.0,9.0,5.0,6.0,0.0,7.0,3.0,0.0,41.0,0.0,2.0,0.0,0.0,1.0,62.0,0.11,0,0.0
ppo:runs/ppo/pass2/p2b_pool_s3.json,linear:runs/linear/pass7/p7b_sarsa_lam98_random_s3.json@best,2,9001,17,1,1.0,1.0,5.0,74.0,69.0,96.0,-32.0,0.0,2.0,1.0,33.0,11.0,4.0,5.0,1.0,7.0,3.0,0.0,37.0,0.0,2.0,0.0,0.0,1.0,62.0,0.1,0,0.0
ppo:runs/ppo/pass2/p2b_pool_s3.json,linear:runs/linear/pass7/p7b_sarsa_lam98_random_s3.json@best,2,9001,18,0,1.0,1.0,2.0,79.0,77.0,94.0,-25.0,0.0,2.0,1.0,36.0,10.0,4.4,6.0,1.0,6.0,1.0,0.0,41.0,0.0,2.0,0.0,0.0,1.0,61.0,0.1,0,0.0
ppo:runs/ppo/pass2/p2b_pool_s3.json,linear:runs/linear/pass7/p7b_sarsa_lam98_random_s3.json@best,2,9001,19,0,1.0,1.0,25.0,80.0,55.0,92.0,-22.0,0.0,2.0,1.0,17.0,11.0,4.0,5.0,1.0,5.0,2.0,0.0,38.0,0.0,2.0,0.0,0.0,1.0,62.0,0.13,0,0.0
ppo:runs/ppo/pass2/p2b_pool_s3.json,linear:runs/linear/pass7/p7b_sarsa_lam98_random_s3.json@best,2,9001,20,1,1.0,1.0,20.0,83.0,63.0,96.0,-23.0,0.0,2.0,1.0,26.0,10.0,4.5,5.0,0.0,4.0,1.0,0.0,43.0,0.0,2.0,0.0,0.0,1.0,63.0,0.13,0,0.0
ppo:runs/ppo/pass2/p2b_pool_s3.json,linear:runs/linear/pass7/p7b_sarsa_lam98_random_s3.json@best,2,9001,21,0,1.0,1.0,16.0,84.0,68.0,96.0,-22.0,0.0,2.0,1.0,23.0,10.0,4.5,5.0,0.0,4.0,3.0,0.0,39.0,0.0,2.0,0.0,0.0,1.0,61.0,0.11,0,0.0
ppo:runs/ppo/pass2/p2b_pool_s3.json,linear:runs/linear/pass7/p7b_sarsa_lam98_random_s3.json@best,2,9001,22,0,1.0,1.0,2.0,76.0,74.0,96.0,-30.0,0.0,2.0,1.0,23.0,10.0,4.5,6.0,0.0,5.0,4.0,0.0,38.0,0.0,2.0,0.0,0.0,1.0,61.0,0.12,0,0.0
ppo:runs/ppo/pass2/p2b_pool_s3.json,linear:runs/linear/pass7/p7b_sarsa_lam98_random_s3.json@best,2,9001,23,0,1.0,1.0,12.0,80.0,68.0,94.0,-24.0,0.0,2.0,1.0,35.0,10.0,4.4,5.0,1.0,5.0,3.0,0.0,39.0,0.0,2.0,0.0,0.0,1.0,62.0,0.12,0,0.0
ppo:runs/ppo/pass2/p2b_pool_s3.json,linear:runs/linear/pass7/p7b_sarsa_lam98_random_s3.json@best,2,9001,24,0,0.0,0.0,-16.0,68.0,84.0,96.0,-28.0,0.0,2.0,0.0,17.0,10.0,4.5,5.0,0.0,5.0,2.0,0.0,44.0,0.0,2.0,0.0,0.0,1.0,66.0,0.13,0,0.0
greedy,greedy,2,9001,50,1,0.0,0.0,-63.0,96.0,159.0,63.0,33.0,3.0,0.0,0.0,21.0,17.0,2.6470588235294117,2.0,0.0,7.0,9.0,0.0,45.0,0.0,3.0,0.0,0.0,1.0,87.0,0.02,0,0.0
greedy,greedy,2,9001,51,1,0.0,0.0,-31.0,115.0,146.0,47.0,58.0,7.0,0.0,1.0,18.0,17.0,2.2941176470588234,0.0,6.0,7.0,9.0,0.0,31.0,2.0,7.0,0.0,0.0,0.0,79.0,0.02,0,0.0
greedy,greedy,2,9001,52,0,0.0,0.0,-4.0,105.0,109.0,73.0,22.0,4.0,1.0,1.0,26.0,12.0,3.4166666666666665,3.0,4.0,4.0,12.0,0.0,52.0,1.0,5.0,0.0,0.0,0.0,90.0,0.02,0,0.0
greedy,greedy,2,9001,53,1,0.0,0.0,-69.0,60.0,129.0,38.0,22.0,4.0,1.0,0.0,20.0,13.0,2.3076923076923075,1.0,15.0,6.0,10.0,0.0,38.0,1.0,5.0,0.0,0.0,0.0,77.0,0.01,0,0.0
greedy,greedy,2,9001,54,1,0.0,0.0,-40.0,85.0,125.0,49.0,36.0,3.0,0.0,0.0,18.0,12.0,2.75,2.0,12.0,8.0,12.0,0.0,46.0,0.0,3.0,0.0,0.0,0.0,82.0,0.02,0,0.0
greedy,greedy,2,9001,55,1,0.0,0.0,-46.0,92.0,138.0,60.0,32.0,3.0,0.0,0.0,27.0,14.0,2.7857142857142856,2.0,6.0,6.0,22.0,0.0,34.0,0.0,3.0,0.0,0.0,0.0,85.0,0.02,0,0.0
greedy,greedy,2,9001,56,0,0.0,0.0,-7.0,104.0,111.0,57.0,47.0,5.0,0.0,0.0,15.0,14.0,2.7857142857142856,2.0,6.0,4.0,3.0,0.0,47.0,2.0,5.0,0.0,0.0,0.0,83.0,0.02,0,0.0
greedy,greedy,2,9001,57,0,0.0,0.0,-5.0,129.0,134.0,70.0,59.0,6.0,0.0,0.0,28.0,16.0,2.8125,2.0,0.0,5.0,8.0,0.0,48.0,1.0,6.0,0.0,0.0,0.0,90.0,0.02,0,0.0
greedy,greedy,2,9001,58,0,0.0,0.0,-60.0,59.0,119.0,51.0,8.0,2.0,2.0,0.0,21.0,9.0,3.111111111111111,2.0,17.0,3.0,8.0,0.0,46.0,1.0,4.0,0.0,0.0,0.0,74.0,0.02,0,0.0
greedy,greedy,2,9001,59,1,0.0,0.0,-7.0,115.0,122.0,72.0,43.0,4.0,0.0,0.0,22.0,15.0,3.0,2.0,0.0,5.0,14.0,0.0,36.0,1.0,4.0,0.0,0.0,1.0,82.0,0.01,0,0.0
greedy,greedy,2,9001,60,1,0.0,0.0,-38.0,86.0,124.0,47.0,29.0,5.0,1.0,1.0,22.0,17.0,2.2941176470588234,0.0,6.0,5.0,15.0,0.0,29.0,2.0,6.0,0.0,0.0,0.0,83.0,0.02,0,0.0
greedy,greedy,2,9001,61,1,0.0,0.0,-40.0,87.0,127.0,57.0,30.0,3.0,0.0,0.0,21.0,11.0,3.090909090909091,2.0,11.0,6.0,4.0,0.0,52.0,0.0,3.0,0.0,0.0,0.0,79.0,0.02,0,0.0
greedy,greedy,2,9001,62,1,1.0,1.0,12.0,119.0,107.0,69.0,40.0,5.0,0.0,1.0,33.0,14.0,3.0,3.0,3.0,7.0,4.0,0.0,58.0,1.0,5.0,0.0,0.0,0.0,92.0,0.02,0,0.0
greedy,greedy,2,9001,63,1,0.0,0.0,-16.0,109.0,125.0,49.0,50.0,5.0,0.0,1.0,26.0,19.0,2.1578947368421053,1.0,4.0,2.0,20.0,0.0,22.0,1.0,5.0,0.0,0.0,0.0,83.0,0.02,0,0.0
greedy,greedy,2,9001,64,0,0.0,0.0,-7.0,113.0,120.0,67.0,46.0,5.0,0.0,0.0,28.0,17.0,2.6470588235294117,1.0,0.0,4.0,14.0,0.0,38.0,1.0,5.0,0.0,0.0,1.0,88.0,0.02,0,0.0
greedy,greedy,2,9001,65,0,0.0,0.0,-47.0,71.0,118.0,47.0,24.0,3.0,1.0,0.0,11.0,10.0,3.1,2.0,14.0,5.0,8.0,0.0,54.0,1.0,4.0,0.0,0.0,0.0,84.0,0.01,0,0.0
greedy,greedy,2,9001,66,0,0.0,0.0,-76.0,54.0,130.0,40.0,14.0,2.0,2.0,0.0,18.0,12.0,2.5,0.0,15.0,3.0,6.0,0.0,46.0,1.0,4.0,0.0,0.0,0.0,78.0,0.01,0,0.0
greedy,greedy,2,9001,67,1,0.0,0.0,-9.0,112.0,121.0,70.0,42.0,5.0,0.0,0.0,23.0,15.0,2.8,2.0,3.0,6.0,16.0,0.0,38.0,1.0,5.0,0.0,0.0,0.0,86.0,0.02,0,0.0
greedy,greedy,2,9001,68,1,0.0,0.0,-27.0,88.0,115.0,52.0,36.0,5.0,1.0,0.0,17.0,17.0,2.411764705882353,0.0,4.0,4.0,14.0,0.0,30.0,1.0,6.0,0.0,0.0,0.0,80.0,0.02,0,0.0
greedy,greedy,2,9001,69,1,0.0,0.0,-63.0,82.0,145.0,56.0,26.0,4.0,1.0,0.0,18.0,14.0,2.7142857142857144,2.0,7.0,4.0,12.0,0.0,40.0,1.0,5.0,0.0,0.0,0.0,83.0,0.02,0,0.0
greedy,greedy,2,9001,70,1,0.0,0.0,-27.0,106.0,133.0,52.0,54.0,6.0,0.0,0.0,14.0,18.0,2.3333333333333335,0.0,3.0,4.0,14.0,0.0,28.0,3.0,6.0,0.0,0.0,0.0,85.0,0.02,0,0.0
greedy,greedy,2,9001,71,1,1.0,1.0,55.0,132.0,77.0,77.0,45.0,4.0,0.0,1.0,27.0,13.0,3.4615384615384617,3.0,0.0,5.0,9.0,0.0,43.0,2.0,4.0,0.0,0.0,1.0,81.0,0.02,0,0.0
greedy,greedy,2,9001,72,1,0.0,0.0,-48.0,93.0,141.0,51.0,42.0,5.0,0.0,0.0,26.0,16.0,2.5,0.0,5.0,6.0,1.0,0.0,47.0,1.0,5.0,0.0,0.0,0.0,83.0,0.01,0,0.0
greedy,greedy,2,9001,73,1,0.0,0.0,-5.0,124.0,129.0,68.0,46.0,5.0,0.0,1.0,26.0,16.0,2.8125,2.0,0.0,5.0,5.0,0.0,47.0,1.0,5.0,0.0,0.0,0.0,86.0,0.02,0,0.0
greedy,greedy,2,9001,74,1,0.0,0.0,-20.0,78.0,98.0,46.0,32.0,5.0,1.0,0.0,20.0,15.0,2.3333333333333335,1.0,10.0,7.0,16.0,0.0,30.0,2.0,6.0,0.0,0.0,0.0,81.0,0.02,0,0.0
ppo:runs/ppo/pass2/p2b_pool_s3.json,ppo:runs/ppo/pass2/p2b_pool_s3.json,2,9001,0,0,1.0,1.0,16.0,83.0,67.0,96.0,-23.0,0.0,2.0,1.0,25.0,10.0,4.5,6.0,0.0,8.0,2.0,0.0,42.0,0.0,2.0,0.0,0.0,1.0,63.0,0.17,0,0.0
ppo:runs/ppo/pass2/p2b_pool_s3.json,ppo:runs/ppo/pass2/p2b_pool_s3.json,2,9001,1,0,0.0,0.0,-5.0,56.0,61.0,87.0,-31.0,0.0,2.0,0.0,19.0,11.0,3.909090909090909,4.0,2.0,5.0,1.0,0.0,39.0,0.0,2.0,0.0,0.0,0.0,63.0,0.14,0,0.0
ppo:runs/ppo/pass2/p2b_pool_s3.json,ppo:runs/ppo/pass2/p2b_pool_s3.json,2,9001,2,1,0.0,0.0,-7.0,76.0,83.0,93.0,-17.0,0.0,2.0,0.0,18.0,10.0,4.4,5.0,1.0,6.0,0.0,0.0,42.0,0.0,2.0,0.0,0.0,1.0,62.0,0.16,0,0.0
ppo:runs/ppo/pass2/p2b_pool_s3.json,ppo:runs/ppo/pass2/p2b_pool_s3.json,2,9001,3,0,0.0,0.0,-30.0,58.0,88.0,79.0,-21.0,0.0,2.0,0.0,10.0,7.0,5.142857142857143,5.0,9.0,5.0,0.0,0.0,46.0,0.0,2.0,0.0,0.0,0.0,61.0,0.17,0,0.0
ppo:runs/ppo/pass2/p2b_pool_s3.json,ppo:runs/ppo/pass2/p2b_pool_s3.json,2,9001,4,0,1.0,1.0,20.0,87.0,67.0,98.0,-21.0,0.0,2.0,1.0,28.0,9.0,4.888888888888889,5.0,1.0,6.0,2.0,0.0,38.0,0.0,2.0,0.0,0.0,0.0,58.0,0.16,0,0.0
ppo:runs/ppo/pass2/p2b_pool_s3.json,ppo:runs/ppo/pass2/p2b_pool_s3.json,2,9001,5,1,0.0,0.0,-7.0,69.0,76.0,90.0,-31.0,0.0,2.0,1.0,31.0,10.0,4.4,6.0,1.0,6.0,2.0,0.0,40.0,0.0,2.0,0.0,0.0,1.0,62.0,0.2,0,0.0
ppo:runs/ppo/pass2/p2b_pool_s3.json,ppo:runs/ppo/pass2/p2b_pool_s3.json,2,9001,6,0,1.0,1.0,17.0,84.0,67.0,93.0,-19.0,0.0,2.0,1.0,40.0,10.0,4.4,5.0,1.0,3.0,3.0,0.0,37.0,0.0,2.0,0.0,0.0,1.0,59.0,0.22,0,0.0
ppo:runs/ppo/pass2/p2b_pool_s3.json,ppo:runs/ppo/pass2/p2b_pool_s3.json,2,9001,7,0,1.0,1.0,3.0,74.0,71.0,92.0,-18.0,0.0,2.0,0.0,20.0,9.0,4.777777777777778,5.0,2.0,7.0,2.0,1.0,40.0,0.0,2.0,0.0,0.0,0.0,63.0,0.2,0,0.0
ppo:runs/ppo/pass2/p2b_pool_s3.json,ppo:runs/ppo/pass2/p2b_pool_s3.json,2,9001,8,0,1.0,1.0,15.0,84.0,69.0,94.0,-20.0,0.0,2.0,1.0,22.0,10.0,4.4,6.0,1.0,6.0,0.0,0.0,40.0,0.0,2.0,0.0,0.0,1.0,60.0,0.18,0,0.0
ppo:runs/ppo/pass2/p2b_pool_s3.json,ppo:runs/ppo/pass2/p2b_pool_s3.json,2,9001,9,0,1.0,1.0,7.0,77.0,70.0,95.0,-28.0,0.0,2.0,1.0,28.0,10.0,4.5,5.0,0.0,6.0,3.0,0.0,41.0,0.0,2.0,0.0,0.0,1.0,63.0,0.15,0,0.0
ppo:runs/ppo/pass2/p2b_pool_s3.json,ppo:runs/ppo/pass2/p2b_pool_s3.json,2,9001,10,1,0.0,0.0,-11.0,62.0,73.0,94.0,-32.0,0.0,2.0,0.0,21.0,10.0,4.4,6.0,1.0,8.0,0.0,1.0,40.0,0.0,2.0,0.0,0.0,1.0,62.0,0.17,0,0.0
ppo:runs/ppo/pass2/p2b_pool_s3.json,ppo:runs/ppo/pass2/p2b_pool_s3.json,2,9001,11,1,0.0,0.0,-6.0,69.0,75.0,92.0,-23.0,0.0,2.0,0.0,20.0,10.0,4.4,5.0,1.0,9.0,2.0,0.0,40.0,0.0,2.0,0.0,0.0,0.0,63.0,0.19,0,0.0
ppo:runs/ppo/pass2/p2b_pool_s3.json,ppo:runs/ppo/pass2/p2b_pool_s3.json,2,9001,12,1,0.0,0.0,-25.0,65.0,90.0,92.0,-37.0,0.0,2.0,1.0,29.0,9.0,4.777777777777778,5.0,2.0,8.0,0.0,0.0,42.0,0.0,2.0,0.0,0.0,0.0,61.0,0.19,0,0.0
ppo:runs/ppo/pass2/p2b_pool_s3.json,ppo:runs/ppo/pass2/p2b_pool_s3.json,2,9001,13,1,0.0,0.0,-1.0,73.0,74.0,92.0,-19.0,0.0,2.0,0.0,21.0,11.0,4.0,5.0,1.0,6.0,3.0,0.0,37.0,0.0,2.0,0.0,0.0,1.0,61.0,0.18,0,0.0
ppo:runs/ppo/pass2/p2b_pool_s3.json,ppo:runs/ppo/pass2/p2b_pool_s3.json,2,9001,14,0,0.0,0.0,-18.0,72.0,90.0,91.0,-19.0,0.0,2.0,0.0,11.0,8.0,5.125,6.0,4.0,8.0,0.0,0.0,44.0,0.0,2.0,0.0,0.0,0.0,61.0,0.17,0,0.0
ppo:runs/ppo/pass2/p2b_pool_s3.json,ppo:runs/ppo/pass2/p2b_pool_s3.json,2,9001,15,1,0.0,0.0,-19.0,58.0,77.0,95.0,-37.0,0.0,2.0,0.0,16.0,9.0,4.888888888888889,6.0,1.0,6.0,4.0,0.0,38.0,0.0,2.0,0.0,0.0,1.0,60.0,0.12,0,0.0
ppo:runs/ppo/pass2/p2b_pool_s3.json,ppo:runs/ppo/pass2/p2b_pool_s3.json,2,9001,16,0,0.0,0.0,-4.0,78.0,82.0,92.0,-14.0,0.0,2.0,0.0,14.0,9.0,4.777777777777778,6.0,2.0,6.0,2.0,0.0,42.0,0.0,2.0,0.0,0.0,0.0,63.0,0.14,0,0.0
ppo:runs/ppo/pass2/p2b_pool_s3.json,ppo:runs/ppo/pass2/p2b_pool_s3.json,2,9001,17,1,0.0,0.0,-27.0,51.0,78.0,83.0,-32.0,0.0,2.0,0.0,15.0,10.0,4.2,4.0,3.0,5.0,1.0,0.0,41.0,0.0,2.0,0.0,0.0,0.0,63.0,0.12,0,0.0
ppo:runs/ppo/pass2/p2b_pool_s3.json,ppo:runs/ppo/pass2/p2b_pool_s3.json,2,9001,18,0,1.0,1.0,1.0,76.0,75.0,91.0,-25.0,0.0,2.0,1.0,34.0,10.0,4.3,5.0,2.0,9.0,0.0,0.0,40.0,0.0,2.0,0.0,0.0,0.0,60.0,0.12,0,0.0
ppo:runs/ppo/pass2/p2b_pool_s3.json,ppo:runs/ppo/pass2/p2b_pool_s3.json,2,9001,19,0,1.0,1.0,12.0,72.0,60.0,94.0,-22.0,0.0,2.0,0.0,17.0,10.0,4.4,6.0,1.0,5.0,0.0,0.0,42.0,0.0,2.0,0.0,0.0,1.0,62.0,0.16,0,0.0
ppo:runs/ppo/pass2/p2b_pool_s3.json,ppo:runs/ppo/pass2/p2b_pool_s3.json,2,9001,20,1,0.0,0.0,-33.0,69.0,102.0,92.0,-23.0,0.0,2.0,0.0,21.0,11.0,4.0,5.0,1.0,4.0,1.0,0.0,41.0,0.0,2.0,0.0,0.0,1.0,63.0,0.13,0,0.0
ppo:runs/ppo/pass2/p2b_pool_s3.json,ppo:runs/ppo/pass2/p2b_pool_s3.json,2,9001,21,0,0.0,0.0,-11.0,69.0,80.0,91.0,-22.0,0.0,2.0,0.0,23.0,10.0,4.3,5.0,2.0,4.0,5.0,1.0,35.0,0.0,2.0,0.0,0.0,1.0,61.0,0.14,0,0.0
ppo:runs/ppo/pass2/p2b_pool_s3.json,ppo:runs/ppo/pass2/p2b_pool_s3.json,2,9001,22,0,0.0,0.0,-7.0,78.0,85.0,98.0,-30.0,0.0,2.0,1.0,11.0,9.0,5.0,6.0,0.0,6.0,4.0,0.0,40.0,0.0,2.0,0.0,0.0,1.0,61.0,0.14,0,0.0
ppo:runs/ppo/pass2/p2b_pool_s3.json,ppo:runs/ppo/pass2/p2b_pool_s3.json,2,9001,23,0,0.0,0.0,-11.0,72.0,83.0,96.0,-24.0,0.0,2.0,0.0,16.0,9.0,4.888888888888889,6.0,1.0,6.0,1.0,0.0,41.0,0.0,2.0,0.0,0.0,0.0,61.0,0.14,0,0.0
ppo:runs/ppo/pass2/p2b_pool_s3.json,ppo:runs/ppo/pass2/p2b_pool_s3.json,2,9001,24,0,1.0,1.0,8.0,76.0,68.0,94.0,-28.0,0.0,2.0,1.0,23.0,10.0,4.4,6.0,1.0,3.0,0.0,0.0,40.0,0.0,2.0,0.0,0.0,1.0,60.0,0.14,0,0.0
racer,linear:runs/linear/pass7/p7b_sarsa_lam98_random_s3.json@best,2,9001,25,0,0.0,0.0,-20.0,71.0,91.0,90.0,-19.0,0.0,2.0,0.0,10.0,7.0,5.571428571428571,7.0,6.0,3.0,3.0,0.0,47.0,0.0,2.0,0.0,0.0,0.0,64.0,0.04,0,0.0
racer,linear:runs/linear/pass7/p7b_sarsa_lam98_random_s3.json@best,2,9001,26,0,0.0,0.0,-1.0,87.0,88.0,100.0,-13.0,0.0,2.0,0.0,6.0,7.0,5.857142857142857,7.0,4.0,6.0,5.0,0.0,55.0,0.0,2.0,0.0,0.0,0.0,74.0,0.04,0,0.0
racer,linear:runs/linear/pass7/p7b_sarsa_lam98_random_s3.json@best,2,9001,27,1,1.0,1.0,21.0,104.0,83.0,107.0,-13.0,0.0,2.0,1.0,22.0,8.0,5.625,7.0,0.0,7.0,6.0,0.0,48.0,0.0,2.0,0.0,0.0,1.0,70.0,0.03,0,0.0
racer,linear:runs/linear/pass7/p7b_sarsa_lam98_random_s3.json@best,2,9001,28,0,0.0,0.0,-7.0,90.0,97.0,102.0,-22.0,0.0,2.0,1.0,12.0,8.0,5.5,7.0,1.0,6.0,4.0,0.0,44.0,0.0,2.0,0.0,0.0,0.0,65.0,0.03,0,0.0
racer,linear:runs/linear/pass7/p7b_sarsa_lam98_random_s3.json@best,2,9001,29,1,0.0,0.0,-39.0,54.0,93.0,80.0,-26.0,0.0,2.0,0.0,11.0,6.0,5.666666666666667,6.0,11.0,5.0,2.0,0.0,52.0,0.0,2.0,0.0,0.0,0.0,66.0,0.03,0,0.0
racer,linear:runs/linear/pass7/p7b_sarsa_lam98_random_s3.json@best,2,9001,30,0,0.0,0.0,-17.0,70.0,87.0,92.0,-22.0,0.0,2.0,0.0,12.0,7.0,5.571428571428571,6.0,6.0,8.0,8.0,0.0,44.0,0.0,2.0,0.0,0.0,0.0,67.0,0.04,0,0.0
racer,linear:runs/linear/pass7/p7b_sarsa_lam98_random_s3.json@best,2,9001,31,1,1.0,1.0,2.0,77.0,75.0,85.0,-18.0,0.0,2.0,1.0,12.0,6.0,5.833333333333333,6.0,10.0,5.0,5.0,0.0,45.0,0.0,2.0,0.0,0.0,0.0,63.0,0.04,0,0.0
racer,linear:runs/linear/pass7/p7b_sarsa_lam98_random_s3.json@best,2,9001,32,1,1.0,1.0,30.0,95.0,65.0,103.0,-18.0,0.0,2.0,1.0,13.0,9.0,5.0,7.0,0.0,6.0,7.0,0.0,37.0,0.0,2.0,0.0,0.0,1.0,61.0,0.04,0,0.0
racer,linear:runs/linear/pass7/p7b_sarsa_lam98_random_s3.json@best,2,9001,33,1,1.0,1.0,8.0,89.0,81.0,100.0,-21.0,0.0,2.0,1.0,12.0,7.0,5.857142857142857,7.0,4.0,6.0,9.0,0.0,39.0,0.0,2.0,0.0,0.0,0.0,63.0,0.04,0,0.0
racer,linear:runs/linear/pass7/p7b_sarsa_lam98_random_s3.json@best,2,9001,34,1,1.0,1.0,17.0,93.0,76.0,101.0,-18.0,0.0,2.0,1.0,12.0,9.0,5.0,7.0,0.0,4.0,10.0,0.0,36.0,0.0,2.0,0.0,0.0,1.0,63.0,0.04,0,0.0
racer,linear:runs/linear/pass7/p7b_sarsa_lam98_random_s3.json@best,2,9001,35,0,1.0,1.0,56.0,102.0,46.0,105.0,-13.0,0.0,2.0,1.0,17.0,9.0,5.0,7.0,0.0,5.0,9.0,0.0,41.0,0.0,2.0,0.0,0.0,1.0,68.0,0.04,0,0.0
racer,linear:runs/linear/pass7/p7b_sarsa_lam98_random_s3.json@best,2,9001,36,1,0.0,0.0,-51.0,63.0,114.0,85.0,-22.0,0.0,2.0,0.0,12.0,6.0,5.833333333333333,6.0,10.0,3.0,6.0,0.0,50.0,0.0,2.0,0.0,0.0,0.0,69.0,0.04,0,0.0
racer,linear:runs/linear/pass7/p7b_sarsa_lam98_random_s3.json@best,2,9001,37,1,0.0,0.0,-10.0,80.0,90.0,105.0,-25.0,0.0,2.0,0.0,12.0,8.0,5.625,8.0,0.0,7.0,2.0,0.0,48.0,0.0,2.0,0.0,0.0,1.0,65.0,0.04,0,0.0
racer,linear:runs/linear/pass7/p7b_sarsa_lam98_random_s3.json@best,2,9001,38,1,1.0,1.0,15.0,91.0,76.0,105.0,-24.0,0.0,2.0,1.0,19.0,9.0,5.0,7.0,0.0,6.0,5.0,0.0,43.0,0.0,2.0,0.0,0.0,1.0,65.0,0.03,0,0.0
racer,linear:runs/linear/pass7/p7b_sarsa_lam98_random_s3.json@best,2,9001,39,0,1.0,1.0,19.0,83.0,64.0,107.0,-24.0,0.0,2.0,0.0,12.0,8.0,5.625,7.0,0.0,4.0,5.0,0.0,45.0,0.0,2.0,0.0,0.0,1.0,65.0,0.03,0,0.0
racer,linear:runs/linear/pass7/p7b_sarsa_lam98_random_s3.json@best,2,9001,40,0,0.0,0.0,-14.0,90.0,104.0,95.0,-15.0,0.0,2.0,1.0,12.0,8.0,5.375,8.0,2.0,5.0,8.0,0.0,44.0,0.0,2.0,0.0,0.0,0.0,69.0,0.04,0,0.0
racer,linear:runs/linear/pass7/p7b_sarsa_lam98_random_s3.json@best,2,9001,41,0,1.0,1.0,10.0,92.0,82.0,100.0,-18.0,0.0,2.0,1.0,17.0,7.0,5.857142857142857,7.0,4.0,5.0,11.0,0.0,41.0,0.0,2.0,0.0,0.0,0.0,67.0,0.04,0,0.0
racer,linear:runs/linear/pass7/p7b_sarsa_lam98_random_s3.json@best,2,9001,42,1,0.0,0.0,-5.0,87.0,92.0,108.0,-21.0,0.0,2.0,0.0,12.0,9.0,5.0,7.0,0.0,6.0,4.0,0.0,40.0,0.0,2.0,0.0,0.0,1.0,62.0,0.03,0,0.0
racer,linear:runs/linear/pass7/p7b_sarsa_lam98_random_s3.json@best,2,9001,43,1,1.0,1.0,38.0,91.0,53.0,107.0,-26.0,0.0,2.0,1.0,18.0,8.0,5.625,7.0,0.0,7.0,5.0,0.0,43.0,0.0,2.0,0.0,0.0,1.0,63.0,0.03,0,0.0
racer,linear:runs/linear/pass7/p7b_sarsa_lam98_random_s3.json@best,2,9001,44,0,1.0,1.0,24.0,97.0,73.0,103.0,-16.0,0.0,2.0,1.0,23.0,9.0,5.0,7.0,0.0,3.0,8.0,0.0,40.0,0.0,2.0,0.0,0.0,1.0,65.0,0.03,0,0.0
racer,linear:runs/linear/pass7/p7b_sarsa_lam98_random_s3.json@best,2,9001,45,1,1.0,1.0,16.0,90.0,74.0,100.0,-20.0,0.0,2.0,1.0,12.0,7.0,5.857142857142857,7.0,4.0,10.0,5.0,0.0,41.0,0.0,2.0,0.0,0.0,0.0,60.0,0.04,0,0.0
racer,linear:runs/linear/pass7/p7b_sarsa_lam98_random_s3.json@best,2,9001,46,0,1.0,1.0,39.0,98.0,59.0,107.0,-19.0,0.0,2.0,1.0,22.0,8.0,5.625,7.0,0.0,6.0,3.0,0.0,45.0,0.0,2.0,0.0,0.0,1.0,63.0,0.04,0,0.0
racer,linear:runs/linear/pass7/p7b_sarsa_lam98_random_s3.json@best,2,9001,47,1,0.0,0.0,-45.0,51.0,96.0,70.0,-19.0,0.0,2.0,0.0,11.0,5.0,5.8,5.0,16.0,6.0,1.0,0.0,53.0,0.0,2.0,0.0,0.0,0.0,65.0,0.03,0,0.0
racer,linear:runs/linear/pass7/p7b_sarsa_lam98_random_s3.json@best,2,9001,48,0,1.0,1.0,7.0,78.0,71.0,90.0,-22.0,0.0,2.0,1.0,18.0,6.0,6.0,6.0,9.0,9.0,1.0,0.0,59.0,0.0,2.0,0.0,0.0,0.0,72.0,0.04,0,0.0
racer,linear:runs/linear/pass7/p7b_sarsa_lam98_random_s3.json@best,2,9001,49,0,0.0,0.0,-7.0,84.0,91.0,97.0,-13.0,0.0,2.0,0.0,15.0,8.0,5.375,7.0,2.0,5.0,4.0,0.0,48.0,0.0,2.0,0.0,0.0,0.0,69.0,0.04,0,0.0
greedy,linear:runs/linear/pass7/p7b_sarsa_lam98_random_s3.json@best,2,9001,25,0,0.0,0.0,-41.0,55.0,96.0,37.0,18.0,3.0,1.0,0.0,12.0,10.0,2.7,1.0,18.0,5.0,6.0,0.0,40.0,1.0,4.0,0.0,0.0,0.0,68.0,0.04,0,0.0
greedy,linear:runs/linear/pass7/p7b_sarsa_lam98_random_s3.json@best,2,9001,26,0,1.0,1.0,12.0,96.0,84.0,50.0,36.0,5.0,1.0,1.0,19.0,15.0,2.533333333333333,0.0,7.0,5.0,2.0,0.0,38.0,2.0,6.0,0.0,0.0,0.0,74.0,0.03,0,0.0
greedy,linear:runs/linear/pass7/p7b_sarsa_lam98_random_s3.json@best,2,9001,27,1,0.0,0.0,-40.0,47.0,87.0,37.0,0.0,2.0,1.0,1.0,18.0,8.0,2.75,1.0,23.0,4.0,1.0,0.0,47.0,0.0,3.0,0.0,0.0,0.0,65.0,0.03,0,0.0
greedy,linear:runs/linear/pass7/p7b_sarsa_lam98_random_s3.json@best,2,9001,28,0,0.0,0.0,-42.0,62.0,104.0,35.0,27.0,4.0,1.0,0.0,12.0,13.0,2.3076923076923075,0.0,15.0,4.0,8.0,0.0,22.0,3.0,5.0,0.0,0.0,0.0,63.0,0.04,0,0.0
greedy,linear:runs/linear/pass7/p7b_sarsa_lam98_random_s3.json@best,2,9001,29,1,0.0,0.0,-29.0,80.0,109.0,46.0,34.0,4.0,1.0,0.0,13.0,12.0,2.5833333333333335,1.0,14.0,8.0,7.0,0.0,43.0,1.0,5.0,0.0,0.0,0.0,76.0,0.04,0,0.0
greedy,linear:runs/linear/pass7/p7b_sarsa_lam98_random_s3.json@best,2,9001,30,0,0.0,0.0,-2.0,75.0,77.0,46.0,19.0,3.0,1.0,1.0,17.0,11.0,2.8181818181818183,1.0,14.0,8.0,1.0,0.0,41.0,2.0,4.0,0.0,0.0,0.0,69.0,0.04,0,0.0
greedy,linear:runs/linear/pass7/p7b_sarsa_lam98_random_s3.json@best,2,9001,31,1,0.0,0.0,-21.0,61.0,82.0,28.0,23.0,3.0,1.0,1.0,15.0,10.0,2.4,0.0,21.0,3.0,2.0,0.0,38.0,1.0,4.0,0.0,0.0,0.0,63.0,0.03,0,0.0
greedy,linear:runs/linear/pass7/p7b_sarsa_lam98_random_s3.json@best,2,9001,32,1,0.0,0.0,-43.0,45.0,88.0,37.0,8.0,2.0,1.0,0.0,9.0,10.0,2.6,1.0,19.0,2.0,9.0,0.0,37.0,0.0,3.0,0.0,0.0,0.0,66.0,0.03,0,0.0
greedy,linear:runs/linear/pass7/p7b_sarsa_lam98_random_s3.json@best,2,9001,33,1,0.0,0.0,-22.0,52.0,74.0,34.0,8.0,2.0,1.0,1.0,19.0,13.0,2.1538461538461537,0.0,17.0,2.0,16.0,0.0,18.0,0.0,3.0,0.0,0.0,0.0,61.0,0.03,0,0.0
greedy,linear:runs/linear/pass7/p7b_sarsa_lam98_random_s3.json@best,2,9001,34,1,0.0,0.0,-35.0,60.0,95.0,45.0,15.0,3.0,1.0,0.0,13.0,11.0,2.6363636363636362,2.0,16.0,6.0,3.0,0.0,35.0,1.0,4.0,0.0,0.0,0.0,62.0,0.03,0,0.0
greedy,linear:runs/linear/pass7/p7b_sarsa_lam98_random_s3.json@best,2,9001,35,0,1.0,1.0,12.0,73.0,61.0,36.0,27.0,5.0,1.0,1.0,18.0,13.0,2.230769230769231,1.0,16.0,5.0,0.0,0.0,36.0,2.0,6.0,0.0,0.0,0.0,67.0,0.03,0,0.0
greedy,linear:runs/linear/pass7/p7b_sarsa_lam98_random_s3.json@best,2,9001,36,1,0.0,0.0,-23.0,69.0,92.0,47.0,12.0,3.0,2.0,1.0,16.0,13.0,2.6153846153846154,1.0,11.0,3.0,18.0,0.0,26.0,1.0,5.0,0.0,0.0,0.0,73.0,0.04,0,0.0
greedy,linear:runs/linear/pass7/p7b_sarsa_lam98_random_s3.json@best,2,9001,37,1,1.0,1.0,5.0,88.0,83.0,56.0,22.0,4.0,1.0,1.0,26.0,14.0,2.642857142857143,1.0,8.0,6.0,9.0,0.0,31.0,1.0,5.0,0.0,0.0,0.0,70.0,0.03,0,0.0
greedy,linear:runs/linear/pass7/p7b_sarsa_lam98_random_s3.json@best,2,9001,38,1,0.0,0.0,-13.0,86.0,99.0,39.0,37.0,4.0,1.0,1.0,18.0,13.0,2.3846153846153846,0.0,14.0,5.0,0.0,0.0,42.0,1.0,5.0,0.0,0.0,0.0,70.0,0.03,0,0.0
greedy,linear:runs/linear/pass7/p7b_sarsa_lam98_random_s3.json@best,2,9001,39,0,0.0,0.0,-56.0,64.0,120.0,47.0,17.0,2.0,1.0,0.0,19.0,8.0,3.5,2.0,17.0,7.0,2.0,0.0,48.0,1.0,3.0,0.0,0.0,0.0,68.0,0.03,0,0.0
greedy,linear:runs/linear/pass7/p7b_sarsa_lam98_random_s3.json@best,2,9001,40,0,1.0,1.0,0.0,88.0,88.0,46.0,32.0,4.0,2.0,1.0,30.0,14.0,2.5714285714285716,1.0,9.0,6.0,6.0,0.0,30.0,2.0,6.0,0.0,0.0,0.0,69.0,0.03,0,0.0
greedy,linear:runs/linear/pass7/p7b_sarsa_lam98_random_s3.json@best,2,9001,41,0,0.0,0.0,-11.0,87.0,98.0,46.0,41.0,4.0,0.0,0.0,12.0,12.0,2.6666666666666665,1.0,13.0,2.0,4.0,0.0,38.0,1.0,4.0,0.0,0.0,0.0,69.0,0.04,0,0.0
greedy,linear:runs/linear/pass7/p7b_sarsa_lam98_random_s3.json@best,2,9001,42,1,0.0,0.0,-4.0,88.0,92.0,49.0,39.0,5.0,1.0,0.0,15.0,14.0,2.5,2.0,10.0,4.0,12.0,0.0,24.0,1.0,6.0,0.0,0.0,0.0,67.0,0.04,0,0.0
greedy,linear:runs/linear/pass7/p7b_sarsa_lam98_random_s3.json@best,2,9001,43,1,0.0,0.0,-44.0,33.0,77.0,31.0,-8.0,1.0,1.0,1.0,13.0,11.0,2.272727272727273,0.0,20.0,2.0,17.0,0.0,23.0,0.0,2.0,0.0,0.0,0.0,62.0,0.03,0,0.0
greedy,linear:runs/linear/pass7/p7b_sarsa_lam98_random_s3.json@best,2,9001,44,0,0.0,0.0,-24.0,61.0,85.0,52.0,-1.0,2.0,1.0,1.0,18.0,12.0,2.5833333333333335,2.0,14.0,4.0,11.0,0.0,37.0,0.0,3.0,0.0,0.0,0.0,72.0,0.03,0,0.0
greedy,linear:runs/linear/pass7/p7b_sarsa_lam98_random_s3.json@best,2,9001,45,1,0.0,0.0,-32.0,52.0,84.0,38.0,14.0,3.0,1.0,0.0,12.0,14.0,2.2857142857142856,0.0,13.0,4.0,10.0,0.0,26.0,1.0,4.0,0.0,0.0,0.0,66.0,0.04,0,0.0
greedy,linear:runs/linear/pass7/p7b_sarsa_lam98_random_s3.json@best,2,9001,46,0,1.0,1.0,2.0,85.0,83.0,45.0,30.0,3.0,0.0,1.0,16.0,10.0,2.9,2.0,16.0,4.0,13.0,0.0,35.0,0.0,3.0,0.0,0.0,0.0,68.0,0.04,0,0.0
greedy,linear:runs/linear/pass7/p7b_sarsa_lam98_random_s3.json@best,2,9001,47,1,1.0,1.0,8.0,96.0,88.0,54.0,32.0,4.0,1.0,1.0,14.0,12.0,2.9166666666666665,2.0,10.0,9.0,3.0,0.0,43.0,1.0,5.0,0.0,0.0,0.0,73.0,0.04,0,0.0
greedy,linear:runs/linear/pass7/p7b_sarsa_lam98_random_s3.json@best,2,9001,48,0,1.0,1.0,51.0,122.0,71.0,44.0,68.0,7.0,0.0,1.0,17.0,16.0,2.3125,0.0,8.0,4.0,15.0,0.0,23.0,2.0,7.0,0.0,0.0,0.0,74.0,0.04,0,0.0
greedy,linear:runs/linear/pass7/p7b_sarsa_lam98_random_s3.json@best,2,9001,49,0,0.0,0.0,-17.0,66.0,83.0,42.0,24.0,4.0,1.0,0.0,13.0,15.0,2.2666666666666666,0.0,11.0,6.0,1.0,0.0,35.0,1.0,5.0,0.0,0.0,0.0,69.0,0.04,0,0.0
racer,racer,2,9001,50,1,1.0,1.0,16.0,97.0,81.0,100.0,-13.0,0.0,2.0,1.0,13.0,10.0,4.5,7.0,0.0,5.0,11.0,0.0,31.0,0.0,2.0,0.0,0.0,1.0,61.0,0.01,0,0.0
racer,racer,2,9001,51,1,0.0,0.0,-9.0,83.0,92.0,100.0,-17.0,0.0,2.0,0.0,12.0,8.0,5.5,8.0,1.0,7.0,5.0,0.0,45.0,0.0,2.0,0.0,0.0,0.0,67.0,0.01,0,0.0
racer,racer,2,9001,52,0,0.0,0.0,-26.0,71.0,97.0,87.0,-16.0,0.0,2.0,0.0,17.0,7.0,5.428571428571429,6.0,7.0,8.0,6.0,0.0,44.0,0.0,2.0,0.0,0.0,0.0,64.0,0.01,0,0.0
racer,racer,2,9001,53,1,0.0,0.0,-9.0,75.0,84.0,90.0,-15.0,0.0,2.0,0.0,17.0,7.0,5.571428571428571,7.0,6.0,6.0,6.0,0.0,42.0,0.0,2.0,0.0,0.0,0.0,63.0,0.01,0,0.0
racer,racer,2,9001,54,1,0.0,0.0,-3.0,78.0,81.0,101.0,-23.0,0.0,2.0,0.0,11.0,9.0,5.0,7.0,0.0,10.0,6.0,0.0,40.0,0.0,2.0,0.0,0.0,1.0,63.0,0.01,0,0.0
racer,racer,2,9001,55,1,1.0,1.0,2.0,86.0,84.0,101.0,-15.0,0.0,2.0,0.0,11.0,9.0,5.0,8.0,0.0,1.0,2.0,0.0,42.0,0.0,2.0,0.0,0.0,1.0,62.0,0.01,0,0.0
racer,racer,2,9001,56,0,0.0,0.0,-15.0,84.0,99.0,99.0,-15.0,0.0,2.0,0.0,11.0,8.0,5.375,7.0,2.0,11.0,4.0,0.0,44.0,0.0,2.0,0.0,0.0,0.0,65.0,0.01,0,0.0
racer,racer,2,9001,57,0,0.0,0.0,-25.0,69.0,94.0,90.0,-21.0,0.0,2.0,0.0,12.0,7.0,5.571428571428571,7.0,6.0,6.0,5.0,0.0,45.0,0.0,2.0,0.0,0.0,0.0,64.0,0.02,0,0.0
racer,racer,2,9001,58,0,0.0,0.0,-36.0,55.0,91.0,85.0,-30.0,0.0,2.0,0.0,11.0,7.0,5.428571428571429,7.0,7.0,2.0,6.0,0.0,44.0,0.0,2.0,0.0,0.0,0.0,64.0,0.01,0,0.0
racer,racer,2,9001,59,1,0.0,0.0,-14.0,68.0,82.0,90.0,-22.0,0.0,2.0,0.0,16.0,7.0,5.571428571428571,7.0,6.0,3.0,4.0,0.0,46.0,0.0,2.0,0.0,0.0,0.0,65.0,0.01,0,0.0
racer,racer,2,9001,60,1,0.0,0.0,-17.0,75.0,92.0,90.0,-15.0,0.0,2.0,0.0,12.0,7.0,5.571428571428571,7.0,6.0,8.0,0.0,0.0,48.0,0.0,2.0,0.0,0.0,0.0,63.0,0.01,0,0.0
racer,racer,2,9001,61,1,1.0,1.0,7.0,92.0,85.0,101.0,-19.0,0.0,2.0,1.0,17.0,9.0,5.0,8.0,0.0,7.0,4.0,0.0,44.0,0.0,2.0,0.0,0.0,1.0,66.0,0.01,0,0.0
racer,racer,2,9001,62,1,1.0,1.0,17.0,96.0,79.0,100.0,-14.0,0.0,2.0,1.0,17.0,8.0,5.5,8.0,1.0,7.0,3.0,0.0,49.0,0.0,2.0,0.0,0.0,0.0,68.0,0.02,0,0.0
racer,racer,2,9001,63,1,1.0,1.0,19.0,98.0,79.0,103.0,-15.0,0.0,2.0,1.0,16.0,9.0,5.0,7.0,0.0,7.0,8.0,0.0,38.0,0.0,2.0,0.0,0.0,1.0,64.0,0.01,0,0.0
racer,racer,2,9001,64,0,0.0,0.0,-14.0,80.0,94.0,94.0,-14.0,0.0,2.0,0.0,18.0,8.0,5.25,7.0,3.0,4.0,6.0,0.0,38.0,0.0,2.0,0.0,0.0,0.0,61.0,0.01,0,0.0
racer,racer,2,9001,65,0,0.0,0.0,-19.0,72.0,91.0,90.0,-18.0,0.0,2.0,0.0,12.0,7.0,5.571428571428571,7.0,6.0,5.0,4.0,0.0,44.0,0.0,2.0,0.0,0.0,0.0,62.0,0.01,0,0.0
racer,racer,2,9001,66,0,1.0,1.0,3.0,83.0,80.0,101.0,-28.0,0.0,2.0,1.0,18.0,9.0,5.0,7.0,0.0,5.0,7.0,0.0,43.0,0.0,2.0,0.0,0.0,1.0,67.0,0.01,0,0.0
racer,racer,2,9001,67,1,1.0,1.0,16.0,94.0,78.0,105.0,-21.0,0.0,2.0,1.0,12.0,8.0,5.625,8.0,0.0,9.0,3.0,0.0,55.0,0.0,2.0,0.0,0.0,1.0,73.0,0.01,0,0.0
racer,racer,2,9001,68,1,1.0,1.0,9.0,88.0,79.0,97.0,-19.0,0.0,2.0,1.0,27.0,8.0,5.375,7.0,2.0,8.0,5.0,0.0,45.0,0.0,2.0,0.0,0.0,0.0,66.0,0.01,0,0.0
racer,racer,2,9001,69,1,0.0,0.0,-18.0,72.0,90.0,80.0,-18.0,0.0,2.0,1.0,11.0,6.0,5.666666666666667,6.0,11.0,5.0,7.0,0.0,41.0,0.0,2.0,0.0,0.0,0.0,61.0,0.01,0,0.0
racer,racer,2,9001,70,1,0.0,0.0,-6.0,83.0,89.0,97.0,-14.0,0.0,2.0,0.0,11.0,8.0,5.375,7.0,2.0,7.0,3.0,0.0,49.0,0.0,2.0,0.0,0.0,0.0,69.0,0.01,0,0.0
racer,racer,2,9001,71,1,1.0,1.0,11.0,92.0,81.0,103.0,-21.0,0.0,2.0,1.0,22.0,9.0,5.0,7.0,0.0,5.0,1.0,0.0,47.0,0.0,2.0,0.0,0.0,1.0,65.0,0.01,0,0.0
racer,racer,2,9001,72,1,0.0,0.0,-3.0,83.0,86.0,87.0,-14.0,0.0,2.0,1.0,12.0,7.0,5.428571428571429,6.0,7.0,6.0,2.0,0.0,48.0,0.0,2.0,0.0,0.0,0.0,65.0,0.01,0,0.0
racer,racer,2,9001,73,1,1.0,1.0,20.0,99.0,79.0,103.0,-14.0,0.0,2.0,1.0,12.0,9.0,5.0,7.0,0.0,9.0,4.0,0.0,42.0,0.0,2.0,0.0,0.0,1.0,63.0,0.01,0,0.0
racer,racer,2,9001,74,1,1.0,1.0,10.0,92.0,82.0,97.0,-15.0,0.0,2.0,1.0,22.0,8.0,5.375,7.0,2.0,5.0,4.0,0.0,44.0,0.0,2.0,0.0,0.0,0.0,65.0,0.01,0,0.0
greedy,racer,2,9001,50,1,0.0,0.0,-16.0,77.0,93.0,50.0,17.0,2.0,1.0,1.0,23.0,12.0,2.8333333333333335,2.0,11.0,9.0,8.0,0.0,38.0,0.0,3.0,0.0,0.0,0.0,70.0,0.02,0,0.0
greedy,racer,2,9001,51,1,0.0,0.0,-9.0,89.0,98.0,37.0,42.0,6.0,1.0,1.0,18.0,15.0,2.1333333333333333,0.0,13.0,3.0,1.0,0.0,31.0,2.0,7.0,0.0,0.0,0.0,67.0,0.02,0,0.0
greedy,racer,2,9001,52,0,0.0,0.0,-16.0,75.0,91.0,47.0,18.0,3.0,1.0,1.0,21.0,12.0,2.75,1.0,12.0,2.0,11.0,0.0,29.0,1.0,4.0,0.0,0.0,0.0,66.0,0.02,0,0.0
greedy,racer,2,9001,53,1,1.0,1.0,12.0,94.0,82.0,43.0,41.0,5.0,0.0,1.0,20.0,13.0,2.4615384615384617,1.0,13.0,6.0,8.0,0.0,38.0,1.0,5.0,0.0,0.0,0.0,75.0,0.02,0,0.0
greedy,racer,2,9001,54,1,0.0,0.0,-44.0,59.0,103.0,49.0,10.0,2.0,1.0,0.0,14.0,12.0,2.75,2.0,12.0,5.0,12.0,0.0,38.0,0.0,3.0,0.0,0.0,0.0,74.0,0.02,0,0.0
greedy,racer,2,9001,55,1,0.0,0.0,-19.0,61.0,80.0,40.0,11.0,3.0,1.0,1.0,23.0,13.0,2.3846153846153846,1.0,14.0,1.0,23.0,0.0,9.0,1.0,4.0,0.0,0.0,0.0,61.0,0.01,0,0.0
greedy,racer,2,9001,56,0,0.0,0.0,-47.0,50.0,97.0,47.0,-7.0,2.0,2.0,1.0,14.0,10.0,3.0,1.0,15.0,0.0,2.0,0.0,40.0,1.0,4.0,0.0,0.0,0.0,65.0,0.01,0,0.0
greedy,racer,2,9001,57,0,0.0,0.0,-27.0,63.0,90.0,39.0,14.0,2.0,1.0,1.0,19.0,12.0,2.3333333333333335,1.0,17.0,2.0,9.0,0.0,33.0,0.0,3.0,0.0,0.0,0.0,66.0,0.02,0,0.0
greedy,racer,2,9001,58,0,1.0,1.0,34.0,117.0,83.0,60.0,47.0,5.0,1.0,1.0,25.0,13.0,2.923076923076923,2.0,7.0,7.0,7.0,0.0,35.0,2.0,6.0,0.0,0.0,0.0,72.0,0.02,0,0.0
greedy,racer,2,9001,59,1,1.0,1.0,37.0,117.0,80.0,64.0,43.0,4.0,0.0,1.0,22.0,15.0,2.8,1.0,3.0,5.0,17.0,0.0,25.0,1.0,4.0,0.0,0.0,0.0,75.0,0.02,0,0.0
greedy,racer,2,9001,60,1,1.0,1.0,12.0,102.0,90.0,53.0,39.0,6.0,1.0,1.0,16.0,16.0,2.5,0.0,5.0,3.0,10.0,0.0,30.0,2.0,7.0,0.0,0.0,0.0,77.0,0.01,0,0.0
greedy,racer,2,9001,61,1,0.0,0.0,-16.0,89.0,105.0,49.0,30.0,3.0,0.0,1.0,15.0,10.0,3.0,1.0,15.0,7.0,9.0,0.0,37.0,0.0,3.0,0.0,0.0,0.0,67.0,0.01,0,0.0
greedy,racer,2,9001,62,1,0.0,0.0,-19.0,76.0,95.0,45.0,31.0,5.0,1.0,0.0,14.0,16.0,2.1875,1.0,10.0,3.0,10.0,0.0,24.0,1.0,6.0,0.0,0.0,0.0,68.0,0.01,0,0.0
greedy,racer,2,9001,63,1,0.0,0.0,-11.0,80.0,91.0,38.0,32.0,3.0,0.0,1.0,23.0,12.0,2.4166666666666665,1.0,16.0,4.0,13.0,0.0,25.0,0.0,3.0,0.0,0.0,0.0,63.0,0.01,0,0.0
greedy,racer,2,9001,64,0,1.0,1.0,43.0,133.0,90.0,66.0,57.0,5.0,0.0,1.0,28.0,14.0,2.857142857142857,3.0,5.0,5.0,2.0,0.0,44.0,1.0,5.0,0.0,0.0,0.0,77.0,0.02,0,0.0
greedy,racer,2,9001,65,0,0.0,0.0,-25.0,74.0,99.0,45.0,29.0,3.0,0.0,0.0,11.0,9.0,3.2222222222222223,2.0,16.0,10.0,4.0,0.0,50.0,0.0,3.0,0.0,0.0,0.0,72.0,0.02,0,0.0
greedy,racer,2,9001,66,0,0.0,0.0,-39.0,53.0,92.0,39.0,4.0,1.0,1.0,1.0,20.0,10.0,2.6,1.0,19.0,5.0,4.0,0.0,44.0,0.0,2.0,0.0,0.0,0.0,68.0,0.01,0,0.0
greedy,racer,2,9001,67,1,0.0,0.0,-15.0,72.0,87.0,49.0,13.0,2.0,1.0,1.0,21.0,13.0,2.5384615384615383,1.0,12.0,6.0,3.0,0.0,45.0,0.0,3.0,0.0,0.0,0.0,74.0,0.01,0,0.0
greedy,racer,2,9001,68,1,0.0,0.0,-34.0,61.0,95.0,30.0,31.0,3.0,0.0,0.0,13.0,11.0,2.272727272727273,0.0,20.0,5.0,9.0,0.0,33.0,0.0,3.0,0.0,0.0,0.0,64.0,0.01,0,0.0
greedy,racer,2,9001,69,1,0.0,0.0,-35.0,63.0,98.0,48.0,5.0,2.0,1.0,1.0,20.0,10.0,3.0,1.0,15.0,4.0,16.0,0.0,28.0,0.0,3.0,0.0,0.0,0.0,65.0,0.01,0,0.0
greedy,racer,2,9001,70,1,0.0,0.0,-58.0,37.0,95.0,35.0,2.0,2.0,1.0,0.0,11.0,11.0,2.272727272727273,1.0,20.0,2.0,8.0,0.0,38.0,0.0,3.0,0.0,0.0,0.0,69.0,0.01,0,0.0
greedy,racer,2,9001,71,1,0.0,0.0,-4.0,86.0,90.0,55.0,21.0,3.0,2.0,1.0,27.0,11.0,3.1818181818181817,2.0,10.0,4.0,8.0,0.0,34.0,2.0,5.0,0.0,0.0,0.0,68.0,0.01,0,0.0
greedy,racer,2,9001,72,1,0.0,0.0,-23.0,79.0,102.0,40.0,39.0,5.0,0.0,0.0,12.0,15.0,2.2,0.0,12.0,6.0,2.0,0.0,32.0,1.0,5.0,0.0,0.0,0.0,67.0,0.02,0,0.0
greedy,racer,2,9001,73,1,1.0,1.0,16.0,117.0,101.0,60.0,57.0,6.0,0.0,0.0,12.0,17.0,2.588235294117647,1.0,1.0,9.0,3.0,0.0,43.0,2.0,6.0,0.0,0.0,0.0,84.0,0.02,0,0.0
greedy,racer,2,9001,74,1,0.0,0.0,-28.0,72.0,100.0,51.0,21.0,4.0,1.0,0.0,14.0,14.0,2.5714285714285716,1.0,9.0,8.0,9.0,0.0,29.0,2.0,5.0,0.0,0.0,0.0,71.0,0.01,0,0.0
ppo:runs/ppo/pass2/p2b_pool_s3.json,wary,2,9001,25,0,1.0,1.0,25.0,89.0,64.0,107.0,-28.0,0.0,2.0,1.0,16.0,8.0,5.625,7.0,0.0,5.0,3.0,0.0,51.0,0.0,2.0,0.0,0.0,1.0,69.0,0.13,0,0.0
ppo:runs/ppo/pass2/p2b_pool_s3.json,wary,2,9001,26,0,1.0,1.0,45.0,92.0,47.0,103.0,-21.0,0.0,2.0,1.0,36.0,9.0,5.0,6.0,0.0,8.0,1.0,0.0,47.0,0.0,2.0,0.0,0.0,1.0,65.0,0.11,0,0.0
ppo:runs/ppo/pass2/p2b_pool_s3.json,wary,2,9001,27,1,1.0,1.0,8.0,92.0,84.0,100.0,-18.0,0.0,2.0,1.0,29.0,9.0,5.0,5.0,0.0,4.0,7.0,1.0,37.0,0.0,2.0,0.0,0.0,1.0,64.0,0.11,0,0.0
ppo:runs/ppo/pass2/p2b_pool_s3.json,wary,2,9001,28,0,1.0,1.0,26.0,79.0,53.0,100.0,-31.0,0.0,2.0,1.0,24.0,9.0,4.777777777777778,6.0,2.0,5.0,5.0,1.0,35.0,0.0,2.0,0.0,0.0,1.0,60.0,0.1,0,0.0
ppo:runs/ppo/pass2/p2b_pool_s3.json,wary,2,9001,29,1,1.0,1.0,4.0,86.0,82.0,102.0,-26.0,0.0,2.0,1.0,18.0,8.0,5.5,7.0,1.0,4.0,4.0,0.0,46.0,0.0,2.0,0.0,0.0,1.0,65.0,0.09,0,0.0
ppo:runs/ppo/pass2/p2b_pool_s3.json,wary,2,9001,30,0,1.0,1.0,17.0,83.0,66.0,103.0,-30.0,0.0,2.0,1.0,24.0,9.0,5.0,7.0,0.0,7.0,0.0,0.0,48.0,0.0,2.0,0.0,0.0,1.0,66.0,0.09,0,0.0
ppo:runs/ppo/pass2/p2b_pool_s3.json,wary,2,9001,31,1,1.0,1.0,6.0,97.0,91.0,105.0,-18.0,0.0,2.0,1.0,29.0,9.0,5.0,6.0,0.0,2.0,6.0,0.0,40.0,0.0,2.0,0.0,0.0,1.0,64.0,0.09,0,0.0
ppo:runs/ppo/pass2/p2b_pool_s3.json,wary,2,9001,32,1,1.0,1.0,17.0,92.0,75.0,101.0,-19.0,0.0,2.0,1.0,30.0,9.0,5.0,6.0,0.0,4.0,14.0,0.0,32.0,0.0,2.0,0.0,0.0,1.0,63.0,0.08,0,0.0
ppo:runs/ppo/pass2/p2b_pool_s3.json,wary,2,9001,33,1,1.0,1.0,12.0,85.0,73.0,98.0,-23.0,0.0,2.0,1.0,33.0,9.0,4.888888888888889,6.0,1.0,5.0,3.0,1.0,45.0,0.0,2.0,0.0,0.0,1.0,68.0,0.07,0,0.0
ppo:runs/ppo/pass2/p2b_pool_s3.json,wary,2,9001,34,1,1.0,1.0,1.0,93.0,92.0,101.0,-18.0,0.0,2.0,1.0,36.0,9.0,5.0,6.0,0.0,9.0,0.0,0.0,52.0,0.0,2.0,0.0,0.0,1.0,69.0,0.09,0,0.0
ppo:runs/ppo/pass2/p2b_pool_s3.json,wary,2,9001,35,0,1.0,1.0,1.0,85.0,84.0,101.0,-26.0,0.0,2.0,1.0,34.0,9.0,5.0,6.0,0.0,9.0,1.0,0.0,43.0,0.0,2.0,0.0,0.0,1.0,62.0,0.09,0,0.0
ppo:runs/ppo/pass2/p2b_pool_s3.json,wary,2,9001,36,1,0.0,0.0,-10.0,85.0,95.0,98.0,-23.0,0.0,2.0,1.0,38.0,9.0,4.888888888888889,5.0,1.0,5.0,5.0,0.0,39.0,0.0,2.0,0.0,0.0,1.0,62.0,0.09,0,0.0
ppo:runs/ppo/pass2/p2b_pool_s3.json,wary,2,9001,37,1,0.0,0.0,-20.0,66.0,86.0,103.0,-37.0,0.0,2.0,0.0,14.0,9.0,5.0,6.0,0.0,6.0,2.0,0.0,44.0,0.0,2.0,0.0,0.0,1.0,63.0,0.09,0,0.0
ppo:runs/ppo/pass2/p2b_pool_s3.json,wary,2,9001,38,1,1.0,1.0,47.0,88.0,41.0,103.0,-25.0,0.0,2.0,1.0,28.0,9.0,5.0,7.0,0.0,6.0,3.0,0.0,43.0,0.0,2.0,0.0,0.0,1.0,63.0,0.09,0,0.0
ppo:runs/ppo/pass2/p2b_pool_s3.json,wary,2,9001,39,0,1.0,1.0,32.0,74.0,42.0,101.0,-27.0,0.0,2.0,0.0,14.0,9.0,5.0,6.0,0.0,6.0,11.0,0.0,39.0,0.0,2.0,0.0,0.0,1.0,67.0,0.09,0,0.0
ppo:runs/ppo/pass2/p2b_pool_s3.json,wary,2,9001,40,0,1.0,1.0,31.0,98.0,67.0,103.0,-15.0,0.0,2.0,1.0,36.0,9.0,5.0,6.0,0.0,6.0,1.0,0.0,45.0,0.0,2.0,0.0,0.0,1.0,64.0,0.09,0,0.0
ppo:runs/ppo/pass2/p2b_pool_s3.json,wary,2,9001,41,0,1.0,1.0,52.0,96.0,44.0,104.0,-18.0,0.0,2.0,1.0,28.0,8.0,5.5,6.0,1.0,5.0,4.0,0.0,44.0,0.0,2.0,0.0,0.0,1.0,64.0,0.09,0,0.0
ppo:runs/ppo/pass2/p2b_pool_s3.json,wary,2,9001,42,1,1.0,1.0,29.0,92.0,63.0,103.0,-21.0,0.0,2.0,1.0,30.0,9.0,5.0,6.0,0.0,7.0,6.0,0.0,36.0,0.0,2.0,0.0,0.0,1.0,60.0,0.07,0,0.0
ppo:runs/ppo/pass2/p2b_pool_s3.json,wary,2,9001,43,1,1.0,1.0,59.0,87.0,28.0,103.0,-26.0,0.0,2.0,1.0,33.0,9.0,5.0,6.0,0.0,6.0,2.0,0.0,42.0,0.0,2.0,0.0,0.0,1.0,61.0,0.09,0,0.0
ppo:runs/ppo/pass2/p2b_pool_s3.json,wary,2,9001,44,0,1.0,1.0,5.0,88.0,83.0,100.0,-22.0,0.0,2.0,1.0,22.0,9.0,4.888888888888889,6.0,1.0,4.0,2.0,0.0,40.0,0.0,2.0,0.0,0.0,1.0,59.0,0.09,0,0.0
ppo:runs/ppo/pass2/p2b_pool_s3.json,wary,2,9001,45,1,1.0,1.0,13.0,81.0,68.0,101.0,-20.0,0.0,2.0,0.0,16.0,10.0,4.4,6.0,1.0,5.0,3.0,0.0,37.0,0.0,2.0,0.0,0.0,1.0,59.0,0.09,0,0.0
ppo:runs/ppo/pass2/p2b_pool_s3.json,wary,2,9001,46,0,1.0,1.0,50.0,92.0,42.0,103.0,-21.0,0.0,2.0,1.0,30.0,9.0,5.0,6.0,0.0,6.0,0.0,0.0,46.0,0.0,2.0,0.0,0.0,1.0,63.0,0.09,0,0.0
ppo:runs/ppo/pass2/p2b_pool_s3.json,wary,2,9001,47,1,1.0,1.0,17.0,89.0,72.0,100.0,-21.0,0.0,2.0,1.0,21.0,9.0,4.888888888888889,6.0,1.0,7.0,6.0,0.0,40.0,0.0,2.0,0.0,0.0,1.0,64.0,0.09,0,0.0
ppo:runs/ppo/pass2/p2b_pool_s3.json,wary,2,9001,48,0,1.0,1.0,37.0,77.0,40.0,96.0,-29.0,0.0,2.0,1.0,41.0,10.0,4.4,5.0,1.0,6.0,4.0,0.0,38.0,0.0,2.0,0.0,0.0,1.0,61.0,0.08,0,0.0
ppo:runs/ppo/pass2/p2b_pool_s3.json,wary,2,9001,49,0,1.0,1.0,36.0,94.0,58.0,97.0,-13.0,0.0,2.0,1.0,33.0,10.0,4.4,6.0,1.0,7.0,4.0,1.0,36.0,0.0,2.0,0.0,0.0,1.0,62.0,0.09,0,0.0
racer,wary,2,9001,50,1,0.0,0.0,-4.0,96.0,100.0,109.0,-13.0,0.0,2.0,0.0,15.0,8.0,5.625,7.0,0.0,7.0,4.0,0.0,46.0,0.0,2.0,0.0,0.0,1.0,65.0,0.02,0,0.0
racer,wary,2,9001,51,1,0.0,0.0,-11.0,92.0,103.0,109.0,-17.0,0.0,2.0,0.0,15.0,8.0,5.625,7.0,0.0,8.0,11.0,0.0,41.0,0.0,2.0,0.0,0.0,1.0,68.0,0.01,0,0.0
racer,wary,2,9001,52,0,1.0,1.0,8.0,93.0,85.0,109.0,-16.0,0.0,2.0,0.0,12.0,8.0,5.625,7.0,0.0,5.0,5.0,0.0,45.0,0.0,2.0,0.0,0.0,1.0,65.0,0.01,0,0.0
racer,wary,2,9001,53,1,0.0,0.0,-26.0,94.0,120.0,109.0,-15.0,0.0,2.0,0.0,21.0,8.0,5.625,7.0,0.0,9.0,4.0,0.0,50.0,0.0,2.0,0.0,0.0,0.0,71.0,0.02,0,0.0
racer,wary,2,9001,54,1,1.0,1.0,19.0,96.0,77.0,109.0,-23.0,0.0,2.0,1.0,15.0,8.0,5.625,7.0,0.0,2.0,9.0,0.0,39.0,0.0,2.0,0.0,0.0,1.0,63.0,0.01,0,0.0
racer,wary,2,9001,55,1,1.0,1.0,60.0,104.0,44.0,109.0,-15.0,0.0,2.0,1.0,18.0,8.0,5.625,7.0,0.0,7.0,5.0,0.0,47.0,0.0,2.0,0.0,0.0,1.0,68.0,0.01,0,0.0
racer,wary,2,9001,56,0,1.0,1.0,4.0,94.0,90.0,109.0,-15.0,0.0,2.0,0.0,18.0,8.0,5.625,7.0,0.0,7.0,6.0,0.0,46.0,0.0,2.0,0.0,0.0,1.0,68.0,0.01,0,0.0
racer,wary,2,9001,57,0,0.0,0.0,-6.0,88.0,94.0,109.0,-21.0,0.0,2.0,0.0,12.0,8.0,5.625,7.0,0.0,8.0,3.0,0.0,61.0,0.0,2.0,0.0,0.0,1.0,79.0,0.01,0,0.0
racer,wary,2,9001,58,0,0.0,0.0,-34.0,79.0,113.0,109.0,-30.0,0.0,2.0,0.0,12.0,8.0,5.625,7.0,0.0,5.0,5.0,0.0,49.0,0.0,2.0,0.0,0.0,1.0,69.0,0.01,0,0.0
racer,wary,2,9001,59,1,0.0,0.0,-12.0,87.0,99.0,109.0,-22.0,0.0,2.0,0.0,21.0,8.0,5.625,7.0,0.0,4.0,2.0,0.0,54.0,0.0,2.0,0.0,0.0,1.0,72.0,0.01,0,0.0
racer,wary,2,9001,60,1,1.0,1.0,24.0,94.0,70.0,109.0,-15.0,0.0,2.0,0.0,12.0,8.0,5.625,7.0,0.0,7.0,1.0,0.0,57.0,0.0,2.0,0.0,0.0,1.0,74.0,0.02,0,0.0
racer,wary,2,9001,61,1,1.0,1.0,16.0,100.0,84.0,109.0,-19.0,0.0,2.0,1.0,21.0,8.0,5.625,7.0,0.0,6.0,5.0,0.0,47.0,0.0,2.0,0.0,0.0,1.0,68.0,0.01,0,0.0
racer,wary,2,9001,62,1,1.0,1.0,17.0,105.0,88.0,109.0,-14.0,0.0,2.0,1.0,27.0,8.0,5.625,7.0,0.0,5.0,9.0,0.0,43.0,0.0,2.0,0.0,0.0,1.0,67.0,0.01,0,0.0
racer,wary,2,9001,63,1,0.0,0.0,-22.0,94.0,116.0,109.0,-15.0,0.0,2.0,0.0,12.0,8.0,5.625,7.0,0.0,9.0,2.0,0.0,58.0,0.0,2.0,0.0,0.0,0.0,77.0,0.01,0,0.0
racer,wary,2,9001,64,0,1.0,1.0,22.0,95.0,73.0,109.0,-14.0,0.0,2.0,0.0,12.0,8.0,5.625,7.0,0.0,7.0,5.0,0.0,51.0,0.0,2.0,0.0,0.0,1.0,72.0,0.02,0,0.0
racer,wary,2,9001,65,0,0.0,0.0,-24.0,91.0,115.0,109.0,-18.0,0.0,2.0,0.0,21.0,8.0,5.625,7.0,0.0,9.0,4.0,0.0,62.0,0.0,2.0,0.0,0.0,0.0,82.0,0.01,0,0.0
racer,wary,2,9001,66,0,0.0,0.0,-21.0,81.0,102.0,109.0,-28.0,0.0,2.0,0.0,15.0,8.0,5.625,7.0,0.0,10.0,4.0,0.0,54.0,0.0,2.0,0.0,0.0,1.0,73.0,0.01,0,0.0
racer,wary,2,9001,67,1,0.0,0.0,-23.0,84.0,107.0,105.0,-21.0,0.0,2.0,0.0,12.0,7.0,6.0,7.0,3.0,6.0,6.0,0.0,50.0,0.0,2.0,0.0,0.0,0.0,70.0,0.02,0,0.0
racer,wary,2,9001,68,1,0.0,0.0,-13.0,90.0,103.0,109.0,-19.0,0.0,2.0,0.0,12.0,8.0,5.625,7.0,0.0,9.0,4.0,0.0,54.0,0.0,2.0,0.0,0.0,1.0,73.0,0.01,0,0.0
racer,wary,2,9001,69,1,1.0,1.0,36.0,91.0,55.0,109.0,-18.0,0.0,2.0,0.0,21.0,8.0,5.625,7.0,0.0,7.0,11.0,0.0,49.0,0.0,2.0,0.0,0.0,1.0,76.0,0.01,0,0.0
racer,wary,2,9001,70,1,0.0,0.0,-23.0,95.0,118.0,109.0,-14.0,0.0,2.0,0.0,21.0,8.0,5.625,7.0,0.0,7.0,5.0,0.0,51.0,0.0,2.0,0.0,0.0,1.0,72.0,0.01,0,0.0
racer,wary,2,9001,71,1,0.0,0.0,-4.0,88.0,92.0,109.0,-21.0,0.0,2.0,0.0,12.0,8.0,5.625,7.0,0.0,9.0,2.0,0.0,60.0,0.0,2.0,0.0,0.0,1.0,77.0,0.01,0,0.0
racer,wary,2,9001,72,1,1.0,1.0,42.0,105.0,63.0,109.0,-14.0,0.0,2.0,1.0,21.0,8.0,5.625,7.0,0.0,7.0,10.0,0.0,48.0,0.0,2.0,0.0,0.0,1.0,74.0,0.02,0,0.0
racer,wary,2,9001,73,1,1.0,1.0,37.0,95.0,58.0,109.0,-14.0,0.0,2.0,0.0,12.0,8.0,5.625,7.0,0.0,7.0,4.0,0.0,46.0,0.0,2.0,0.0,0.0,1.0,65.0,0.01,0,0.0
racer,wary,2,9001,74,1,0.0,0.0,-11.0,94.0,105.0,109.0,-15.0,0.0,2.0,0.0,15.0,8.0,5.625,7.0,0.0,6.0,7.0,0.0,53.0,0.0,2.0,0.0,0.0,1.0,76.0,0.01,0,0.0
greedy,wary,2,9001,50,1,0.0,0.0,-65.0,94.0,159.0,61.0,33.0,3.0,0.0,0.0,21.0,16.0,2.6875,2.0,2.0,7.0,9.0,0.0,45.0,0.0,3.0,0.0,0.0,0.0,86.0,0.02,0,0.0
greedy,wary,2,9001,51,1,0.0,0.0,-25.0,102.0,127.0,44.0,58.0,7.0,0.0,0.0,18.0,17.0,2.176470588235294,0.0,8.0,6.0,9.0,0.0,27.0,2.0,7.0,0.0,0.0,0.0,75.0,0.02,0,0.0
greedy,wary,2,9001,52,0,0.0,0.0,-23.0,95.0,118.0,73.0,22.0,4.0,1.0,0.0,19.0,12.0,3.4166666666666665,3.0,4.0,4.0,12.0,0.0,52.0,1.0,5.0,0.0,0.0,0.0,90.0,0.01,0,0.0
greedy,wary,2,9001,53,1,0.0,0.0,-69.0,60.0,129.0,38.0,22.0,4.0,1.0,0.0,20.0,13.0,2.3076923076923075,1.0,15.0,6.0,10.0,0.0,38.0,1.0,5.0,0.0,0.0,0.0,77.0,0.01,0,0.0
greedy,wary,2,9001,54,1,0.0,0.0,-40.0,85.0,125.0,49.0,36.0,3.0,0.0,0.0,18.0,12.0,2.75,2.0,12.0,8.0,12.0,0.0,46.0,0.0,3.0,0.0,0.0,0.0,82.0,0.02,0,0.0
greedy,wary,2,9001,55,1,0.0,0.0,-46.0,92.0,138.0,60.0,32.0,3.0,0.0,0.0,27.0,14.0,2.7857142857142856,2.0,6.0,6.0,22.0,0.0,34.0,0.0,3.0,0.0,0.0,0.0,85.0,0.02,0,0.0
greedy,wary,2,9001,56,0,0.0,0.0,-27.0,84.0,111.0,57.0,27.0,4.0,1.0,0.0,13.0,14.0,2.7857142857142856,2.0,6.0,3.0,3.0,0.0,43.0,2.0,5.0,0.0,0.0,0.0,79.0,0.02,0,0.0
greedy,wary,2,9001,57,0,0.0,0.0,-5.0,129.0,134.0,70.0,59.0,6.0,0.0,0.0,28.0,16.0,2.8125,2.0,0.0,5.0,8.0,0.0,48.0,1.0,6.0,0.0,0.0,0.0,90.0,0.02,0,0.0
greedy,wary,2,9001,58,0,0.0,0.0,-60.0,59.0,119.0,51.0,8.0,2.0,2.0,0.0,21.0,9.0,3.111111111111111,2.0,17.0,3.0,8.0,0.0,46.0,1.0,4.0,0.0,0.0,0.0,74.0,0.01,0,0.0
greedy,wary,2,9001,59,1,0.0,0.0,-7.0,115.0,122.0,72.0,43.0,4.0,0.0,0.0,22.0,15.0,3.0,2.0,0.0,5.0,14.0,0.0,36.0,1.0,4.0,0.0,0.0,1.0,82.0,0.02,0,0.0
greedy,wary,2,9001,60,1,0.0,0.0,-26.0,90.0,116.0,45.0,45.0,6.0,1.0,0.0,14.0,17.0,2.235294117647059,0.0,7.0,5.0,13.0,0.0,27.0,2.0,7.0,0.0,0.0,0.0,79.0,0.02,0,0.0
greedy,wary,2,9001,61,1,0.0,0.0,-40.0,87.0,127.0,57.0,30.0,3.0,0.0,0.0,21.0,11.0,3.090909090909091,2.0,11.0,6.0,4.0,0.0,52.0,0.0,3.0,0.0,0.0,0.0,79.0,0.02,0,0.0
greedy,wary,2,9001,62,1,0.0,0.0,-20.0,84.0,104.0,52.0,22.0,4.0,1.0,1.0,18.0,12.0,2.8333333333333335,2.0,11.0,6.0,4.0,0.0,58.0,1.0,5.0,0.0,0.0,0.0,88.0,0.02,0,0.0
greedy,wary,2,9001,63,1,0.0,0.0,-3.0,104.0,107.0,44.0,50.0,5.0,0.0,1.0,26.0,18.0,2.0555555555555554,1.0,8.0,1.0,20.0,0.0,14.0,1.0,5.0,0.0,0.0,0.0,73.0,0.02,0,0.0
greedy,wary,2,9001,64,0,0.0,0.0,-7.0,113.0,120.0,67.0,46.0,5.0,0.0,0.0,28.0,17.0,2.6470588235294117,1.0,0.0,4.0,14.0,0.0,38.0,1.0,5.0,0.0,0.0,1.0,88.0,0.02,0,0.0
greedy,wary,2,9001,65,0,0.0,0.0,-47.0,71.0,118.0,47.0,24.0,3.0,1.0,0.0,11.0,10.0,3.1,2.0,14.0,5.0,8.0,0.0,54.0,1.0,4.0,0.0,0.0,0.0,84.0,0.02,0,0.0
greedy,wary,2,9001,66,0,0.0,0.0,-76.0,54.0,130.0,40.0,14.0,2.0,2.0,0.0,18.0,12.0,2.5,0.0,15.0,3.0,6.0,0.0,46.0,1.0,4.0,0.0,0.0,0.0,78.0,0.02,0,0.0
greedy,wary,2,9001,67,1,0.0,0.0,-23.0,97.0,120.0,55.0,42.0,5.0,0.0,0.0,23.0,14.0,2.5714285714285716,1.0,9.0,6.0,16.0,0.0,38.0,1.0,5.0,0.0,0.0,0.0,84.0,0.02,0,0.0
greedy,wary,2,9001,68,1,0.0,0.0,-21.0,91.0,112.0,55.0,36.0,5.0,1.0,0.0,21.0,17.0,2.4705882352941178,1.0,3.0,5.0,14.0,0.0,30.0,1.0,6.0,0.0,0.0,0.0,80.0,0.02,0,0.0
greedy,wary,2,9001,69,1,0.0,0.0,-53.0,90.0,143.0,59.0,31.0,3.0,0.0,0.0,25.0,13.0,2.8461538461538463,2.0,8.0,4.0,12.0,0.0,40.0,0.0,3.0,0.0,0.0,0.0,79.0,0.01,0,0.0
greedy,wary,2,9001,70,1,0.0,0.0,-13.0,102.0,115.0,48.0,54.0,6.0,0.0,0.0,14.0,17.0,2.2941176470588234,0.0,6.0,4.0,14.0,0.0,24.0,3.0,6.0,0.0,0.0,0.0,79.0,0.01,0,0.0
greedy,wary,2,9001,71,1,1.0,1.0,54.0,132.0,78.0,77.0,45.0,4.0,0.0,1.0,27.0,13.0,3.4615384615384617,3.0,0.0,5.0,9.0,0.0,43.0,2.0,4.0,0.0,0.0,1.0,81.0,0.02,0,0.0
greedy,wary,2,9001,72,1,0.0,0.0,-48.0,64.0,112.0,44.0,20.0,4.0,1.0,0.0,19.0,15.0,2.4,0.0,9.0,5.0,1.0,0.0,41.0,1.0,5.0,0.0,0.0,0.0,75.0,0.01,0,0.0
greedy,wary,2,9001,73,1,0.0,0.0,-41.0,95.0,136.0,57.0,28.0,4.0,1.0,1.0,22.0,14.0,2.7142857142857144,2.0,7.0,5.0,5.0,0.0,45.0,1.0,5.0,0.0,0.0,0.0,80.0,0.02,0,0.0
greedy,wary,2,9001,74,1,0.0,0.0,-20.0,78.0,98.0,46.0,32.0,5.0,1.0,0.0,20.0,15.0,2.3333333333333335,1.0,10.0,7.0,16.0,0.0,30.0,2.0,6.0,0.0,0.0,0.0,81.0,0.02,0,0.0
racer,collector,2,9001,50,1,0.0,0.0,-12.0,96.0,108.0,109.0,-13.0,0.0,2.0,0.0,15.0,8.0,5.625,7.0,0.0,6.0,1.0,0.0,61.0,0.0,2.0,0.0,0.0,1.0,77.0,0.02,0,0.0
racer,collector,2,9001,51,1,0.0,0.0,-11.0,92.0,103.0,109.0,-17.0,0.0,2.0,0.0,18.0,8.0,5.625,7.0,0.0,6.0,2.0,0.0,48.0,0.0,2.0,0.0,0.0,1.0,66.0,0.01,0,0.0
racer,collector,2,9001,52,0,1.0,1.0,31.0,93.0,62.0,109.0,-16.0,0.0,2.0,0.0,12.0,8.0,5.625,7.0,0.0,3.0,8.0,0.0,44.0,0.0,2.0,0.0,0.0,1.0,67.0,0.01,0,0.0
racer,collector,2,9001,53,1,1.0,1.0,52.0,94.0,42.0,109.0,-15.0,0.0,2.0,0.0,12.0,8.0,5.625,7.0,0.0,6.0,7.0,0.0,45.0,0.0,2.0,0.0,0.0,1.0,68.0,0.02,0,0.0
racer,collector,2,9001,54,1,1.0,1.0,12.0,96.0,84.0,109.0,-23.0,0.0,2.0,1.0,15.0,8.0,5.625,7.0,0.0,4.0,5.0,0.0,45.0,0.0,2.0,0.0,0.0,1.0,65.0,0.02,0,0.0
racer,collector,2,9001,55,1,1.0,1.0,60.0,104.0,44.0,109.0,-15.0,0.0,2.0,1.0,18.0,8.0,5.625,7.0,0.0,7.0,5.0,0.0,47.0,0.0,2.0,0.0,0.0,1.0,68.0,0.01,0,0.0
racer,collector,2,9001,56,0,1.0,1.0,64.0,103.0,39.0,108.0,-15.0,0.0,2.0,1.0,32.0,9.0,5.0,7.0,0.0,7.0,7.0,0.0,39.0,0.0,2.0,0.0,0.0,1.0,64.0,0.01,0,0.0
racer,collector,2,9001,57,0,1.0,1.0,34.0,98.0,64.0,109.0,-21.0,0.0,2.0,1.0,18.0,8.0,5.625,7.0,0.0,7.0,5.0,0.0,51.0,0.0,2.0,0.0,0.0,1.0,71.0,0.02,0,0.0
racer,collector,2,9001,58,0,1.0,1.0,27.0,89.0,62.0,109.0,-30.0,0.0,2.0,1.0,18.0,8.0,5.625,7.0,0.0,3.0,6.0,0.0,48.0,0.0,2.0,0.0,0.0,1.0,69.0,0.02,0,0.0
racer,collector,2,9001,59,1,1.0,1.0,38.0,87.0,49.0,109.0,-22.0,0.0,2.0,0.0,15.0,8.0,5.625,7.0,0.0,3.0,2.0,0.0,48.0,0.0,2.0,0.0,0.0,1.0,66.0,0.02,0,0.0
racer,collector,2,9001,60,1,1.0,1.0,18.0,94.0,76.0,109.0,-15.0,0.0,2.0,0.0,18.0,8.0,5.625,7.0,0.0,8.0,5.0,0.0,51.0,0.0,2.0,0.0,0.0,1.0,72.0,0.02,0,0.0
racer,collector,2,9001,61,1,0.0,0.0,-9.0,90.0,99.0,109.0,-19.0,0.0,2.0,0.0,18.0,8.0,5.625,7.0,0.0,6.0,7.0,0.0,43.0,0.0,2.0,0.0,0.0,1.0,66.0,0.01,0,0.0
racer,collector,2,9001,62,1,1.0,1.0,42.0,105.0,63.0,109.0,-14.0,0.0,2.0,1.0,18.0,8.0,5.625,7.0,0.0,7.0,8.0,0.0,50.0,0.0,2.0,0.0,0.0,1.0,73.0,0.02,0,0.0
racer,collector,2,9001,63,1,0.0,0.0,-7.0,104.0,111.0,109.0,-15.0,0.0,2.0,1.0,12.0,8.0,5.625,7.0,0.0,9.0,3.0,0.0,59.0,0.0,2.0,0.0,0.0,1.0,78.0,0.02,0,0.0
racer,collector,2,9001,64,0,0.0,0.0,-10.0,95.0,105.0,109.0,-14.0,0.0,2.0,0.0,12.0,8.0,5.625,7.0,0.0,8.0,5.0,0.0,55.0,0.0,2.0,0.0,0.0,1.0,76.0,0.02,0,0.0
racer,collector,2,9001,65,0,0.0,0.0,-24.0,91.0,115.0,109.0,-18.0,0.0,2.0,0.0,21.0,8.0,5.625,7.0,0.0,9.0,4.0,0.0,62.0,0.0,2.0,0.0,0.0,0.0,82.0,0.02,0,0.0
racer,collector,2,9001,66,0,1.0,1.0,55.0,91.0,36.0,109.0,-28.0,0.0,2.0,1.0,18.0,8.0,5.625,7.0,0.0,10.0,3.0,0.0,49.0,0.0,2.0,0.0,0.0,1.0,67.0,0.02,0,0.0
racer,collector,2,9001,67,1,1.0,1.0,37.0,88.0,51.0,109.0,-21.0,0.0,2.0,0.0,12.0,8.0,5.625,7.0,0.0,7.0,6.0,0.0,48.0,0.0,2.0,0.0,0.0,1.0,69.0,0.02,0,0.0
racer,collector,2,9001,68,1,1.0,1.0,62.0,100.0,38.0,109.0,-19.0,0.0,2.0,1.0,12.0,8.0,5.625,7.0,0.0,10.0,3.0,0.0,45.0,0.0,2.0,0.0,0.0,1.0,63.0,0.01,0,0.0
racer,collector,2,9001,69,1,0.0,0.0,-25.0,91.0,116.0,109.0,-18.0,0.0,2.0,0.0,12.0,8.0,5.625,7.0,0.0,5.0,10.0,0.0,48.0,0.0,2.0,0.0,0.0,1.0,74.0,0.02,0,0.0
racer,collector,2,9001,70,1,0.0,0.0,-12.0,95.0,107.0,109.0,-14.0,0.0,2.0,0.0,15.0,8.0,5.625,7.0,0.0,2.0,5.0,0.0,47.0,0.0,2.0,0.0,0.0,1.0,68.0,0.02,0,0.0
racer,collector,2,9001,71,1,1.0,1.0,30.0,98.0,68.0,109.0,-21.0,0.0,2.0,1.0,12.0,8.0,5.625,7.0,0.0,8.0,1.0,0.0,55.0,0.0,2.0,0.0,0.0,1.0,71.0,0.02,0,0.0
racer,collector,2,9001,72,1,1.0,1.0,65.0,105.0,40.0,109.0,-14.0,0.0,2.0,1.0,18.0,8.0,5.625,7.0,0.0,7.0,6.0,0.0,46.0,0.0,2.0,0.0,0.0,1.0,68.0,0.02,0,0.0
racer,collector,2,9001,73,1,0.0,0.0,0.0,95.0,95.0,109.0,-14.0,0.0,2.0,0.0,12.0,8.0,5.625,7.0,0.0,2.0,9.0,0.0,45.0,0.0,2.0,0.0,0.0,1.0,69.0,0.02,0,0.0
racer,collector,2,9001,74,1,1.0,1.0,25.0,104.0,79.0,109.0,-15.0,0.0,2.0,1.0,18.0,8.0,5.625,7.0,0.0,8.0,7.0,0.0,51.0,0.0,2.0,0.0,0.0,1.0,74.0,0.02,0,0.0
racer,ppo:runs/ppo/pass2/p2b_pool_s3.json,2,9001,25,0,1.0,1.0,7.0,71.0,64.0,90.0,-19.0,0.0,2.0,0.0,12.0,6.0,6.0,6.0,9.0,7.0,3.0,0.0,49.0,0.0,2.0,0.0,0.0,0.0,64.0,0.07,0,0.0
racer,ppo:runs/ppo/pass2/p2b_pool_s3.json,2,9001,26,0,0.0,0.0,-8.0,72.0,80.0,85.0,-13.0,0.0,2.0,0.0,12.0,6.0,5.833333333333333,6.0,10.0,7.0,1.0,0.0,51.0,0.0,2.0,0.0,0.0,0.0,64.0,0.07,0,0.0
racer,ppo:runs/ppo/pass2/p2b_pool_s3.json,2,9001,27,1,0.0,0.0,-10.0,81.0,91.0,94.0,-13.0,0.0,2.0,0.0,11.0,8.0,5.25,7.0,3.0,8.0,7.0,0.0,37.0,0.0,2.0,0.0,0.0,0.0,61.0,0.08,0,0.0
racer,ppo:runs/ppo/pass2/p2b_pool_s3.json,2,9001,28,0,0.0,0.0,-24.0,70.0,94.0,92.0,-22.0,0.0,2.0,0.0,10.0,7.0,5.571428571428571,6.0,6.0,6.0,5.0,0.0,43.0,0.0,2.0,0.0,0.0,0.0,63.0,0.07,0,0.0
racer,ppo:runs/ppo/pass2/p2b_pool_s3.json,2,9001,29,1,0.0,0.0,-44.0,44.0,88.0,70.0,-26.0,0.0,2.0,0.0,12.0,5.0,5.8,5.0,16.0,6.0,7.0,0.0,43.0,0.0,2.0,0.0,0.0,0.0,60.0,0.08,0,0.0
racer,ppo:runs/ppo/pass2/p2b_pool_s3.json,2,9001,30,0,0.0,0.0,-9.0,68.0,77.0,90.0,-22.0,0.0,2.0,0.0,18.0,6.0,6.0,6.0,9.0,6.0,9.0,0.0,45.0,0.0,2.0,0.0,0.0,0.0,67.0,0.1,0,0.0
racer,ppo:runs/ppo/pass2/p2b_pool_s3.json,2,9001,31,1,1.0,1.0,9.0,79.0,70.0,97.0,-18.0,0.0,2.0,0.0,12.0,7.0,5.714285714285714,6.0,5.0,4.0,1.0,0.0,45.0,0.0,2.0,0.0,0.0,0.0,61.0,0.08,0,0.0
racer,ppo:runs/ppo/pass2/p2b_pool_s3.json,2,9001,32,1,1.0,1.0,25.0,97.0,72.0,105.0,-18.0,0.0,2.0,1.0,22.0,9.0,5.0,7.0,0.0,5.0,9.0,0.0,37.0,0.0,2.0,0.0,0.0,1.0,63.0,0.07,0,0.0
racer,ppo:runs/ppo/pass2/p2b_pool_s3.json,2,9001,33,1,0.0,0.0,-20.0,49.0,69.0,70.0,-21.0,0.0,2.0,0.0,11.0,5.0,5.8,5.0,16.0,5.0,1.0,0.0,53.0,0.0,2.0,0.0,0.0,0.0,65.0,0.09,0,0.0
racer,ppo:runs/ppo/pass2/p2b_pool_s3.json,2,9001,34,1,1.0,1.0,13.0,94.0,81.0,102.0,-18.0,0.0,2.0,1.0,21.0,8.0,5.5,7.0,1.0,7.0,5.0,0.0,41.0,0.0,2.0,0.0,0.0,0.0,62.0,0.09,0,0.0
racer,ppo:runs/ppo/pass2/p2b_pool_s3.json,2,9001,35,0,1.0,1.0,12.0,72.0,60.0,85.0,-13.0,0.0,2.0,0.0,17.0,6.0,5.833333333333333,6.0,10.0,5.0,3.0,0.0,45.0,0.0,2.0,0.0,0.0,0.0,61.0,0.08,0,0.0
racer,ppo:runs/ppo/pass2/p2b_pool_s3.json,2,9001,36,1,0.0,0.0,-12.0,73.0,85.0,95.0,-22.0,0.0,2.0,0.0,11.0,7.0,5.714285714285714,7.0,5.0,4.0,7.0,0.0,39.0,0.0,2.0,0.0,0.0,0.0,61.0,0.09,0,0.0
racer,ppo:runs/ppo/pass2/p2b_pool_s3.json,2,9001,37,1,0.0,0.0,-22.0,60.0,82.0,85.0,-25.0,0.0,2.0,0.0,11.0,6.0,5.833333333333333,6.0,10.0,5.0,5.0,0.0,47.0,0.0,2.0,0.0,0.0,0.0,64.0,0.08,0,0.0
racer,ppo:runs/ppo/pass2/p2b_pool_s3.json,2,9001,38,1,0.0,0.0,-16.0,61.0,77.0,85.0,-24.0,0.0,2.0,0.0,11.0,6.0,5.833333333333333,6.0,10.0,7.0,3.0,0.0,47.0,0.0,2.0,0.0,0.0,0.0,62.0,0.08,0,0.0
racer,ppo:runs/ppo/pass2/p2b_pool_s3.json,2,9001,39,0,0.0,0.0,-1.0,71.0,72.0,95.0,-24.0,0.0,2.0,0.0,12.0,7.0,5.714285714285714,7.0,5.0,3.0,8.0,0.0,40.0,0.0,2.0,0.0,0.0,0.0,62.0,0.08,0,0.0
racer,ppo:runs/ppo/pass2/p2b_pool_s3.json,2,9001,40,0,1.0,1.0,4.0,87.0,83.0,102.0,-15.0,0.0,2.0,0.0,17.0,8.0,5.5,7.0,1.0,3.0,4.0,0.0,44.0,0.0,2.0,0.0,0.0,0.0,65.0,0.09,0,0.0
racer,ppo:runs/ppo/pass2/p2b_pool_s3.json,2,9001,41,0,0.0,0.0,-13.0,77.0,90.0,95.0,-18.0,0.0,2.0,0.0,17.0,7.0,5.714285714285714,7.0,5.0,7.0,10.0,0.0,40.0,0.0,2.0,0.0,0.0,0.0,65.0,0.09,0,0.0
racer,ppo:runs/ppo/pass2/p2b_pool_s3.json,2,9001,42,1,0.0,0.0,-14.0,68.0,82.0,89.0,-21.0,0.0,2.0,0.0,11.0,7.0,5.428571428571429,6.0,7.0,5.0,3.0,0.0,43.0,0.0,2.0,0.0,0.0,0.0,61.0,0.08,0,0.0
racer,ppo:runs/ppo/pass2/p2b_pool_s3.json,2,9001,43,1,0.0,0.0,-5.0,76.0,81.0,102.0,-26.0,0.0,2.0,0.0,11.0,8.0,5.5,7.0,1.0,7.0,6.0,0.0,40.0,0.0,2.0,0.0,0.0,0.0,62.0,0.08,0,0.0
racer,ppo:runs/ppo/pass2/p2b_pool_s3.json,2,9001,44,0,1.0,1.0,10.0,81.0,71.0,97.0,-16.0,0.0,2.0,0.0,12.0,7.0,5.714285714285714,6.0,5.0,10.0,5.0,0.0,47.0,0.0,2.0,0.0,0.0,0.0,66.0,0.09,0,0.0
racer,ppo:runs/ppo/pass2/p2b_pool_s3.json,2,9001,45,1,0.0,0.0,-14.0,65.0,79.0,85.0,-20.0,0.0,2.0,0.0,12.0,6.0,5.833333333333333,6.0,10.0,10.0,1.0,0.0,47.0,0.0,2.0,0.0,0.0,0.0,60.0,0.08,0,0.0
racer,ppo:runs/ppo/pass2/p2b_pool_s3.json,2,9001,46,0,0.0,0.0,-8.0,76.0,84.0,95.0,-19.0,0.0,2.0,0.0,12.0,7.0,5.714285714285714,7.0,5.0,6.0,5.0,0.0,41.0,0.0,2.0,0.0,0.0,0.0,60.0,0.09,0,0.0
racer,ppo:runs/ppo/pass2/p2b_pool_s3.json,2,9001,47,1,0.0,0.0,-6.0,82.0,88.0,101.0,-19.0,0.0,2.0,0.0,13.0,9.0,5.0,7.0,0.0,6.0,5.0,0.0,37.0,0.0,2.0,0.0,0.0,1.0,60.0,0.09,0,0.0
racer,ppo:runs/ppo/pass2/p2b_pool_s3.json,2,9001,48,0,0.0,0.0,-13.0,63.0,76.0,85.0,-22.0,0.0,2.0,0.0,12.0,6.0,5.833333333333333,6.0,10.0,3.0,8.0,0.0,46.0,0.0,2.0,0.0,0.0,0.0,66.0,0.11,0,0.0
racer,ppo:runs/ppo/pass2/p2b_pool_s3.json,2,9001,49,0,0.0,0.0,-4.0,72.0,76.0,85.0,-13.0,0.0,2.0,0.0,12.0,6.0,5.833333333333333,6.0,10.0,7.0,6.0,0.0,44.0,0.0,2.0,0.0,0.0,0.0,63.0,0.09,0,0.0
greedy,collector,2,9001,50,1,1.0,1.0,6.0,110.0,104.0,67.0,33.0,3.0,0.0,1.0,23.0,17.0,2.6470588235294117,2.0,0.0,6.0,9.0,0.0,45.0,0.0,3.0,0.0,0.0,1.0,87.0,0.02,0,0.0
greedy,collector,2,9001,51,1,1.0,1.0,45.0,132.0,87.0,65.0,57.0,7.0,0.0,1.0,27.0,18.0,2.5,1.0,0.0,11.0,6.0,0.0,44.0,2.0,7.0,0.0,0.0,1.0,90.0,0.03,0,0.0
greedy,collector,2,9001,52,0,1.0,1.0,61.0,122.0,61.0,59.0,53.0,6.0,0.0,1.0,17.0,17.0,2.588235294117647,1.0,1.0,4.0,13.0,0.0,37.0,2.0,6.0,0.0,0.0,1.0,87.0,0.02,0,0.0
greedy,collector,2,9001,53,1,1.0,1.0,18.0,111.0,93.0,62.0,39.0,5.0,1.0,1.0,22.0,17.0,2.5294117647058822,2.0,2.0,7.0,10.0,0.0,48.0,2.0,6.0,0.0,0.0,0.0,97.0,0.02,0,0.0
greedy,collector,2,9001,54,1,1.0,1.0,13.0,104.0,91.0,68.0,36.0,3.0,0.0,0.0,18.0,16.0,2.8125,2.0,0.0,7.0,12.0,0.0,34.0,0.0,3.0,0.0,0.0,1.0,77.0,0.02,0,0.0
greedy,collector,2,9001,55,1,1.0,1.0,25.0,121.0,96.0,62.0,59.0,5.0,0.0,0.0,29.0,17.0,2.6470588235294117,1.0,0.0,5.0,17.0,0.0,31.0,2.0,5.0,0.0,0.0,1.0,86.0,0.02,0,0.0
greedy,collector,2,9001,56,0,1.0,1.0,37.0,110.0,73.0,63.0,47.0,5.0,0.0,0.0,19.0,16.0,2.8125,1.0,0.0,7.0,4.0,0.0,40.0,2.0,5.0,0.0,0.0,1.0,80.0,0.02,0,0.0
greedy,collector,2,9001,57,0,1.0,1.0,23.0,123.0,100.0,54.0,59.0,6.0,0.0,1.0,26.0,15.0,2.6,1.0,6.0,5.0,26.0,0.0,28.0,1.0,6.0,0.0,0.0,0.0,86.0,0.02,0,0.0
greedy,collector,2,9001,58,0,1.0,1.0,28.0,138.0,110.0,76.0,62.0,5.0,0.0,0.0,28.0,15.0,3.0,2.0,0.0,7.0,8.0,0.0,48.0,3.0,5.0,0.0,0.0,0.0,92.0,0.02,0,0.0
greedy,collector,2,9001,59,1,0.0,0.0,-13.0,148.0,161.0,79.0,59.0,5.0,0.0,1.0,32.0,15.0,3.0,4.0,0.0,4.0,15.0,0.0,49.0,2.0,5.0,0.0,0.0,1.0,98.0,0.02,0,0.0
greedy,collector,2,9001,60,1,1.0,1.0,5.0,97.0,92.0,57.0,40.0,5.0,0.0,0.0,18.0,19.0,2.3684210526315788,0.0,0.0,6.0,9.0,0.0,41.0,1.0,5.0,0.0,0.0,1.0,90.0,0.02,0,0.0
greedy,collector,2,9001,61,1,1.0,1.0,76.0,126.0,50.0,77.0,39.0,4.0,0.0,1.0,20.0,14.0,3.2142857142857144,4.0,0.0,6.0,2.0,0.0,50.0,1.0,4.0,0.0,0.0,1.0,82.0,0.02,0,0.0
greedy,collector,2,9001,62,1,1.0,1.0,2.0,119.0,117.0,70.0,39.0,5.0,0.0,1.0,20.0,15.0,3.0,2.0,0.0,6.0,6.0,0.0,46.0,2.0,5.0,0.0,0.0,1.0,85.0,0.02,0,0.0
greedy,collector,2,9001,63,1,1.0,1.0,8.0,105.0,97.0,45.0,50.0,5.0,0.0,1.0,26.0,18.0,2.111111111111111,1.0,7.0,3.0,26.0,0.0,12.0,1.0,5.0,0.0,0.0,0.0,77.0,0.02,0,0.0
greedy,collector,2,9001,64,0,1.0,1.0,51.0,127.0,76.0,71.0,46.0,5.0,0.0,1.0,28.0,16.0,2.8125,2.0,0.0,5.0,1.0,0.0,59.0,1.0,5.0,0.0,0.0,0.0,95.0,0.03,0,0.0
greedy,collector,2,9001,65,0,0.0,0.0,-34.0,89.0,123.0,60.0,29.0,3.0,0.0,0.0,13.0,10.0,3.5,3.0,10.0,6.0,8.0,0.0,58.0,0.0,3.0,0.0,0.0,0.0,86.0,0.02,0,0.0
greedy,collector,2,9001,66,0,0.0,0.0,-9.0,121.0,130.0,67.0,54.0,4.0,0.0,0.0,20.0,16.0,2.75,2.0,1.0,5.0,12.0,0.0,40.0,1.0,4.0,0.0,0.0,0.0,86.0,0.02,0,0.0
greedy,collector,2,9001,67,1,1.0,1.0,61.0,123.0,62.0,72.0,41.0,4.0,0.0,1.0,28.0,16.0,2.8125,2.0,0.0,4.0,21.0,0.0,31.0,1.0,4.0,0.0,0.0,1.0,85.0,0.02,0,0.0
greedy,collector,2,9001,68,1,1.0,1.0,30.0,113.0,83.0,51.0,62.0,6.0,0.0,0.0,25.0,19.0,2.263157894736842,0.0,2.0,8.0,13.0,0.0,31.0,2.0,6.0,0.0,0.0,0.0,86.0,0.02,0,0.0
greedy,collector,2,9001,69,1,1.0,1.0,35.0,132.0,97.0,76.0,46.0,5.0,0.0,1.0,31.0,15.0,3.0,3.0,0.0,9.0,13.0,0.0,47.0,1.0,5.0,0.0,0.0,1.0,92.0,0.02,0,0.0
greedy,collector,2,9001,70,1,0.0,0.0,-17.0,108.0,125.0,55.0,53.0,6.0,0.0,0.0,14.0,20.0,2.25,0.0,0.0,5.0,10.0,0.0,34.0,3.0,6.0,0.0,0.0,1.0,90.0,0.03,0,0.0
greedy,collector,2,9001,71,1,1.0,1.0,22.0,121.0,99.0,62.0,49.0,5.0,0.0,1.0,32.0,16.0,2.75,1.0,1.0,7.0,6.0,0.0,40.0,2.0,5.0,0.0,0.0,0.0,82.0,0.02,0,0.0
greedy,collector,2,9001,72,1,1.0,1.0,8.0,116.0,108.0,61.0,45.0,4.0,0.0,1.0,27.0,17.0,2.6470588235294117,0.0,0.0,7.0,5.0,0.0,49.0,1.0,4.0,0.0,0.0,1.0,90.0,0.02,0,0.0
greedy,collector,2,9001,73,1,1.0,1.0,52.0,123.0,71.0,65.0,48.0,5.0,0.0,1.0,30.0,16.0,2.8125,2.0,0.0,7.0,8.0,0.0,40.0,2.0,5.0,0.0,0.0,1.0,83.0,0.02,0,0.0
greedy,collector,2,9001,74,1,0.0,0.0,-7.0,104.0,111.0,57.0,37.0,6.0,1.0,1.0,33.0,15.0,2.533333333333333,2.0,7.0,4.0,10.0,0.0,36.0,3.0,7.0,0.0,0.0,0.0,83.0,0.02,0,0.0
greedy,ppo:runs/ppo/pass2/p2b_pool_s3.json,2,9001,25,0,0.0,0.0,-1.0,83.0,84.0,49.0,34.0,5.0,1.0,0.0,16.0,14.0,2.5714285714285716,1.0,9.0,3.0,13.0,0.0,23.0,2.0,6.0,0.0,0.0,0.0,68.0,0.1,0,0.0
greedy,ppo:runs/ppo/pass2/p2b_pool_s3.json,2,9001,26,0,1.0,1.0,6.0,89.0,83.0,43.0,36.0,5.0,1.0,1.0,19.0,14.0,2.4285714285714284,0.0,11.0,3.0,7.0,0.0,27.0,2.0,6.0,0.0,0.0,0.0,66.0,0.1,0,0.0
greedy,ppo:runs/ppo/pass2/p2b_pool_s3.json,2,9001,27,1,0.0,0.0,-9.0,91.0,100.0,45.0,46.0,5.0,0.0,0.0,13.0,11.0,2.727272727272727,1.0,15.0,7.0,1.0,0.0,37.0,1.0,5.0,0.0,0.0,0.0,63.0,0.09,0,0.0
greedy,ppo:runs/ppo/pass2/p2b_pool_s3.json,2,9001,28,0,0.0,0.0,-39.0,62.0,101.0,35.0,27.0,4.0,1.0,0.0,20.0,12.0,2.4166666666666665,0.0,16.0,4.0,7.0,0.0,25.0,3.0,5.0,0.0,0.0,0.0,63.0,0.08,0,0.0
greedy,ppo:runs/ppo/pass2/p2b_pool_s3.json,2,9001,29,1,0.0,0.0,-53.0,46.0,99.0,46.0,0.0,1.0,1.0,0.0,13.0,12.0,2.6666666666666665,1.0,13.0,3.0,5.0,0.0,35.0,0.0,2.0,0.0,0.0,0.0,64.0,0.09,0,0.0
greedy,ppo:runs/ppo/pass2/p2b_pool_s3.json,2,9001,30,0,0.0,0.0,-52.0,34.0,86.0,38.0,-4.0,1.0,1.0,0.0,8.0,7.0,3.142857142857143,1.0,23.0,6.0,1.0,0.0,43.0,0.0,2.0,0.0,0.0,0.0,59.0,0.08,0,0.0
greedy,ppo:runs/ppo/pass2/p2b_pool_s3.json,2,9001,31,1,0.0,0.0,-28.0,55.0,83.0,32.0,23.0,3.0,1.0,0.0,15.0,12.0,2.3333333333333335,0.0,17.0,2.0,4.0,0.0,32.0,1.0,4.0,0.0,0.0,0.0,63.0,0.09,0,0.0
greedy,ppo:runs/ppo/pass2/p2b_pool_s3.json,2,9001,32,1,0.0,0.0,-64.0,38.0,102.0,30.0,8.0,2.0,1.0,0.0,9.0,9.0,2.5555555555555554,1.0,22.0,3.0,6.0,0.0,38.0,0.0,3.0,0.0,0.0,0.0,62.0,0.07,0,0.0
greedy,ppo:runs/ppo/pass2/p2b_pool_s3.json,2,9001,33,1,0.0,0.0,-1.0,76.0,77.0,42.0,34.0,3.0,0.0,0.0,22.0,15.0,2.2666666666666666,0.0,11.0,2.0,23.0,0.0,13.0,0.0,3.0,0.0,0.0,0.0,67.0,0.09,0,0.0
greedy,ppo:runs/ppo/pass2/p2b_pool_s3.json,2,9001,34,1,0.0,0.0,-31.0,64.0,95.0,49.0,15.0,3.0,1.0,0.0,13.0,12.0,2.6666666666666665,2.0,13.0,5.0,3.0,0.0,35.0,1.0,4.0,0.0,0.0,0.0,64.0,0.07,0,0.0
greedy,ppo:runs/ppo/pass2/p2b_pool_s3.json,2,9001,35,0,0.0,0.0,-15.0,58.0,73.0,31.0,27.0,5.0,1.0,0.0,18.0,13.0,2.076923076923077,0.0,18.0,5.0,0.0,0.0,32.0,2.0,6.0,0.0,0.0,0.0,63.0,0.1,0,0.0
greedy,ppo:runs/ppo/pass2/p2b_pool_s3.json,2,9001,36,1,0.0,0.0,-36.0,58.0,94.0,46.0,12.0,2.0,1.0,0.0,15.0,12.0,2.6666666666666665,1.0,13.0,5.0,14.0,0.0,24.0,0.0,3.0,0.0,0.0,0.0,63.0,0.1,0,0.0
greedy,ppo:runs/ppo/pass2/p2b_pool_s3.json,2,9001,37,1,1.0,1.0,7.0,82.0,75.0,50.0,22.0,4.0,1.0,1.0,27.0,15.0,2.466666666666667,1.0,8.0,4.0,13.0,0.0,21.0,1.0,5.0,0.0,0.0,0.0,66.0,0.09,0,0.0
greedy,ppo:runs/ppo/pass2/p2b_pool_s3.json,2,9001,38,1,0.0,0.0,-37.0,52.0,89.0,37.0,15.0,3.0,2.0,0.0,18.0,12.0,2.4166666666666665,0.0,16.0,6.0,0.0,0.0,40.0,1.0,5.0,0.0,0.0,0.0,66.0,0.09,0,0.0
greedy,ppo:runs/ppo/pass2/p2b_pool_s3.json,2,9001,39,0,0.0,0.0,-37.0,50.0,87.0,48.0,2.0,1.0,1.0,0.0,14.0,6.0,4.166666666666667,2.0,20.0,3.0,15.0,0.0,39.0,0.0,2.0,0.0,0.0,0.0,66.0,0.09,0,0.0
greedy,ppo:runs/ppo/pass2/p2b_pool_s3.json,2,9001,40,0,0.0,0.0,-32.0,61.0,93.0,36.0,25.0,3.0,1.0,0.0,25.0,12.0,2.5,0.0,15.0,6.0,6.0,0.0,28.0,1.0,4.0,0.0,0.0,0.0,61.0,0.08,0,0.0
greedy,ppo:runs/ppo/pass2/p2b_pool_s3.json,2,9001,41,0,0.0,0.0,-33.0,62.0,95.0,45.0,17.0,3.0,1.0,0.0,11.0,11.0,2.8181818181818183,1.0,14.0,5.0,5.0,0.0,37.0,1.0,4.0,0.0,0.0,0.0,67.0,0.1,0,0.0
greedy,ppo:runs/ppo/pass2/p2b_pool_s3.json,2,9001,42,1,0.0,0.0,-32.0,62.0,94.0,41.0,21.0,4.0,2.0,0.0,15.0,13.0,2.3846153846153846,1.0,14.0,4.0,11.0,0.0,21.0,1.0,6.0,0.0,0.0,0.0,61.0,0.09,0,0.0
greedy,ppo:runs/ppo/pass2/p2b_pool_s3.json,2,9001,43,1,0.0,0.0,-17.0,66.0,83.0,45.0,21.0,3.0,1.0,0.0,19.0,13.0,2.5384615384615383,1.0,12.0,2.0,19.0,0.0,17.0,1.0,4.0,0.0,0.0,0.0,64.0,0.1,0,0.0
greedy,ppo:runs/ppo/pass2/p2b_pool_s3.json,2,9001,44,0,1.0,1.0,1.0,72.0,71.0,51.0,11.0,2.0,1.0,1.0,20.0,13.0,2.5384615384615383,2.0,12.0,4.0,9.0,0.0,29.0,0.0,3.0,0.0,0.0,0.0,64.0,0.11,0,0.0
greedy,ppo:runs/ppo/pass2/p2b_pool_s3.json,2,9001,45,1,0.0,0.0,-27.0,61.0,88.0,47.0,14.0,3.0,1.0,0.0,18.0,13.0,2.5384615384615383,1.0,12.0,4.0,12.0,0.0,28.0,1.0,4.0,0.0,0.0,0.0,68.0,0.09,0,0.0
greedy,ppo:runs/ppo/pass2/p2b_pool_s3.json,2,9001,46,0,0.0,0.0,-28.0,54.0,82.0,42.0,12.0,2.0,1.0,0.0,16.0,10.0,2.8,1.0,17.0,2.0,16.0,0.0,26.0,0.0,3.0,0.0,0.0,0.0,62.0,0.1,0,0.0
greedy,ppo:runs/ppo/pass2/p2b_pool_s3.json,2,9001,47,1,0.0,0.0,-42.0,54.0,96.0,44.0,10.0,2.0,1.0,0.0,11.0,9.0,2.888888888888889,2.0,19.0,7.0,4.0,0.0,40.0,0.0,3.0,0.0,0.0,0.0,63.0,0.1,0,0.0
greedy,ppo:runs/ppo/pass2/p2b_pool_s3.json,2,9001,48,0,0.0,0.0,-20.0,68.0,88.0,38.0,30.0,4.0,1.0,0.0,14.0,12.0,2.4166666666666665,0.0,16.0,3.0,11.0,0.0,29.0,1.0,5.0,0.0,0.0,0.0,66.0,0.1,0,0.0
greedy,ppo:runs/ppo/pass2/p2b_pool_s3.json,2,9001,49,0,0.0,0.0,-63.0,30.0,93.0,27.0,3.0,2.0,1.0,0.0,9.0,9.0,2.3333333333333335,1.0,24.0,3.0,3.0,0.0,43.0,0.0,3.0,0.0,0.0,0.0,65.0,0.08,0,0.0
ppo:runs/ppo/pass2/p2b_pool_s3.json,greedy,2,9001,50,1,1.0,1.0,7.0,83.0,76.0,101.0,-28.0,0.0,2.0,1.0,39.0,9.0,5.0,6.0,0.0,5.0,4.0,0.0,40.0,0.0,2.0,0.0,0.0,1.0,61.0,0.08,0,0.0
ppo:runs/ppo/pass2/p2b_pool_s3.json,greedy,2,9001,51,1,1.0,1.0,27.0,98.0,71.0,105.0,-17.0,0.0,2.0,1.0,29.0,9.0,5.0,6.0,0.0,5.0,6.0,0.0,40.0,0.0,2.0,0.0,0.0,1.0,64.0,0.1,0,0.0
ppo:runs/ppo/pass2/p2b_pool_s3.json,greedy,2,9001,52,0,1.0,1.0,45.0,101.0,56.0,107.0,-16.0,0.0,2.0,1.0,16.0,8.0,5.625,7.0,0.0,6.0,2.0,0.0,52.0,0.0,2.0,0.0,0.0,1.0,69.0,0.1,0,0.0
ppo:runs/ppo/pass2/p2b_pool_s3.json,greedy,2,9001,53,1,0.0,0.0,-6.0,85.0,91.0,101.0,-16.0,0.0,2.0,0.0,21.0,9.0,5.0,7.0,0.0,9.0,2.0,0.0,42.0,0.0,2.0,0.0,0.0,1.0,62.0,0.08,0,0.0
ppo:runs/ppo/pass2/p2b_pool_s3.json,greedy,2,9001,54,1,1.0,1.0,56.0,93.0,37.0,107.0,-24.0,0.0,2.0,1.0,27.0,8.0,5.625,7.0,0.0,3.0,9.0,1.0,39.0,0.0,2.0,0.0,0.0,1.0,65.0,0.1,0,0.0
ppo:runs/ppo/pass2/p2b_pool_s3.json,greedy,2,9001,55,1,1.0,1.0,46.0,85.0,39.0,101.0,-26.0,0.0,2.0,1.0,23.0,9.0,5.0,7.0,0.0,4.0,2.0,0.0,42.0,0.0,2.0,0.0,0.0,1.0,62.0,0.09,0,0.0
ppo:runs/ppo/pass2/p2b_pool_s3.json,greedy,2,9001,56,0,1.0,1.0,56.0,84.0,28.0,101.0,-27.0,0.0,2.0,1.0,30.0,9.0,5.0,6.0,0.0,10.0,5.0,0.0,43.0,0.0,2.0,0.0,0.0,1.0,66.0,0.08,0,0.0
ppo:runs/ppo/pass2/p2b_pool_s3.json,greedy,2,9001,57,0,1.0,1.0,29.0,85.0,56.0,98.0,-23.0,0.0,2.0,1.0,28.0,9.0,4.888888888888889,5.0,1.0,7.0,3.0,0.0,49.0,0.0,2.0,0.0,0.0,1.0,69.0,0.08,0,0.0
ppo:runs/ppo/pass2/p2b_pool_s3.json,greedy,2,9001,58,0,1.0,1.0,3.0,85.0,82.0,105.0,-30.0,0.0,2.0,1.0,34.0,9.0,5.0,7.0,0.0,3.0,6.0,0.0,42.0,0.0,2.0,0.0,0.0,1.0,65.0,0.09,0,0.0
ppo:runs/ppo/pass2/p2b_pool_s3.json,greedy,2,9001,59,1,1.0,1.0,60.0,83.0,23.0,103.0,-30.0,0.0,2.0,1.0,28.0,9.0,5.0,7.0,0.0,5.0,1.0,0.0,41.0,0.0,2.0,0.0,0.0,1.0,60.0,0.09,0,0.0
ppo:runs/ppo/pass2/p2b_pool_s3.json,greedy,2,9001,60,1,1.0,1.0,44.0,92.0,48.0,101.0,-19.0,0.0,2.0,1.0,31.0,9.0,5.0,6.0,0.0,6.0,3.0,0.0,43.0,0.0,2.0,0.0,0.0,1.0,64.0,0.09,0,0.0
ppo:runs/ppo/pass2/p2b_pool_s3.json,greedy,2,9001,61,1,0.0,0.0,-17.0,84.0,101.0,103.0,-19.0,0.0,2.0,0.0,14.0,9.0,5.0,6.0,0.0,5.0,4.0,0.0,40.0,0.0,2.0,0.0,0.0,1.0,62.0,0.09,0,0.0
ppo:runs/ppo/pass2/p2b_pool_s3.json,greedy,2,9001,62,1,1.0,1.0,10.0,98.0,88.0,103.0,-15.0,0.0,2.0,1.0,33.0,9.0,5.0,7.0,0.0,8.0,2.0,0.0,48.0,0.0,2.0,0.0,0.0,1.0,67.0,0.1,0,0.0
ppo:runs/ppo/pass2/p2b_pool_s3.json,greedy,2,9001,63,1,1.0,1.0,47.0,100.0,53.0,105.0,-15.0,0.0,2.0,1.0,23.0,9.0,5.0,6.0,0.0,4.0,6.0,0.0,38.0,0.0,2.0,0.0,0.0,1.0,62.0,0.09,0,0.0
ppo:runs/ppo/pass2/p2b_pool_s3.json,greedy,2,9001,64,0,1.0,1.0,53.0,101.0,48.0,105.0,-14.0,0.0,2.0,1.0,29.0,9.0,5.0,6.0,0.0,6.0,0.0,0.0,48.0,0.0,2.0,0.0,0.0,1.0,66.0,0.1,0,0.0
ppo:runs/ppo/pass2/p2b_pool_s3.json,greedy,2,9001,65,0,1.0,1.0,23.0,79.0,56.0,101.0,-22.0,0.0,2.0,0.0,19.0,10.0,4.4,6.0,1.0,4.0,3.0,0.0,39.0,0.0,2.0,0.0,0.0,1.0,61.0,0.1,0,0.0
ppo:runs/ppo/pass2/p2b_pool_s3.json,greedy,2,9001,66,0,1.0,1.0,55.0,84.0,29.0,107.0,-33.0,0.0,2.0,1.0,22.0,8.0,5.625,7.0,0.0,6.0,2.0,1.0,46.0,0.0,2.0,0.0,0.0,1.0,65.0,0.09,0,0.0
ppo:runs/ppo/pass2/p2b_pool_s3.json,greedy,2,9001,67,1,1.0,1.0,33.0,93.0,60.0,105.0,-22.0,0.0,2.0,1.0,28.0,9.0,5.0,6.0,0.0,8.0,3.0,0.0,49.0,0.0,2.0,0.0,0.0,1.0,69.0,0.1,0,0.0
ppo:runs/ppo/pass2/p2b_pool_s3.json,greedy,2,9001,68,1,1.0,1.0,29.0,94.0,65.0,103.0,-19.0,0.0,2.0,1.0,27.0,9.0,5.0,6.0,0.0,8.0,3.0,0.0,43.0,0.0,2.0,0.0,0.0,1.0,63.0,0.1,0,0.0
ppo:runs/ppo/pass2/p2b_pool_s3.json,greedy,2,9001,69,1,1.0,1.0,54.0,87.0,33.0,101.0,-24.0,0.0,2.0,1.0,20.0,9.0,5.0,6.0,0.0,7.0,1.0,0.0,43.0,0.0,2.0,0.0,0.0,1.0,62.0,0.1,0,0.0
ppo:runs/ppo/pass2/p2b_pool_s3.json,greedy,2,9001,70,1,1.0,1.0,8.0,95.0,87.0,109.0,-14.0,0.0,2.0,0.0,21.0,8.0,5.625,7.0,0.0,6.0,2.0,0.0,46.0,0.0,2.0,0.0,0.0,1.0,64.0,0.09,0,0.0
ppo:runs/ppo/pass2/p2b_pool_s3.json,greedy,2,9001,71,1,1.0,1.0,40.0,83.0,43.0,101.0,-28.0,0.0,2.0,1.0,37.0,10.0,4.5,6.0,0.0,7.0,0.0,0.0,46.0,0.0,2.0,0.0,0.0,1.0,65.0,0.12,0,0.0
ppo:runs/ppo/pass2/p2b_pool_s3.json,greedy,2,9001,72,1,1.0,1.0,42.0,103.0,61.0,107.0,-14.0,0.0,2.0,1.0,27.0,8.0,5.625,7.0,0.0,7.0,5.0,1.0,45.0,0.0,2.0,0.0,0.0,1.0,68.0,0.1,0,0.0
ppo:runs/ppo/pass2/p2b_pool_s3.json,greedy,2,9001,73,1,1.0,1.0,54.0,96.0,42.0,100.0,-14.0,0.0,2.0,1.0,33.0,9.0,5.0,5.0,0.0,7.0,4.0,0.0,42.0,0.0,2.0,0.0,0.0,1.0,63.0,0.1,0,0.0
ppo:runs/ppo/pass2/p2b_pool_s3.json,greedy,2,9001,74,1,1.0,1.0,47.0,94.0,47.0,101.0,-17.0,0.0,2.0,1.0,28.0,9.0,5.0,6.0,0.0,4.0,4.0,0.0,44.0,0.0,2.0,0.0,0.0,1.0,66.0,0.1,0,0.0
ppo:runs/ppo/pass2/p2b_pool_s3.json,collector,2,9001,25,0,1.0,1.0,62.0,87.0,25.0,105.0,-28.0,0.0,2.0,1.0,28.0,9.0,5.0,7.0,0.0,4.0,1.0,0.0,45.0,0.0,2.0,0.0,0.0,1.0,63.0,0.1,0,0.0
ppo:runs/ppo/pass2/p2b_pool_s3.json,collector,2,9001,26,0,1.0,1.0,57.0,86.0,29.0,97.0,-21.0,0.0,2.0,1.0,31.0,10.0,4.5,5.0,0.0,6.0,2.0,0.0,44.0,0.0,2.0,0.0,0.0,1.0,65.0,0.1,0,0.0
ppo:runs/ppo/pass2/p2b_pool_s3.json,collector,2,9001,27,1,1.0,1.0,8.0,89.0,81.0,97.0,-18.0,0.0,2.0,1.0,38.0,9.0,4.888888888888889,5.0,1.0,4.0,7.0,1.0,35.0,0.0,2.0,0.0,0.0,1.0,62.0,0.09,0,0.0
ppo:runs/ppo/pass2/p2b_pool_s3.json,collector,2,9001,28,0,1.0,1.0,42.0,86.0,44.0,107.0,-31.0,0.0,2.0,1.0,22.0,8.0,5.625,7.0,0.0,6.0,4.0,1.0,40.0,0.0,2.0,0.0,0.0,1.0,62.0,0.09,0,0.0
ppo:runs/ppo/pass2/p2b_pool_s3.json,collector,2,9001,29,1,1.0,1.0,55.0,89.0,34.0,105.0,-26.0,0.0,2.0,1.0,33.0,9.0,5.0,6.0,0.0,7.0,3.0,0.0,39.0,0.0,2.0,0.0,0.0,1.0,59.0,0.09,0,0.0
ppo:runs/ppo/pass2/p2b_pool_s3.json,collector,2,9001,30,0,1.0,1.0,30.0,78.0,48.0,98.0,-30.0,0.0,2.0,1.0,26.0,9.0,4.888888888888889,6.0,1.0,8.0,2.0,0.0,46.0,0.0,2.0,0.0,0.0,1.0,66.0,0.1,0,0.0
ppo:runs/ppo/pass2/p2b_pool_s3.json,collector,2,9001,31,1,1.0,1.0,32.0,92.0,60.0,100.0,-18.0,0.0,2.0,1.0,26.0,9.0,5.0,5.0,0.0,3.0,2.0,0.0,48.0,0.0,2.0,0.0,0.0,1.0,68.0,0.1,0,0.0
ppo:runs/ppo/pass2/p2b_pool_s3.json,collector,2,9001,32,1,1.0,1.0,59.0,92.0,33.0,101.0,-19.0,0.0,2.0,1.0,39.0,9.0,5.0,6.0,0.0,6.0,8.0,0.0,40.0,0.0,2.0,0.0,0.0,1.0,65.0,0.1,0,0.0
ppo:runs/ppo/pass2/p2b_pool_s3.json,collector,2,9001,33,1,1.0,1.0,20.0,85.0,65.0,98.0,-23.0,0.0,2.0,1.0,27.0,9.0,4.888888888888889,6.0,1.0,5.0,2.0,2.0,38.0,0.0,2.0,0.0,0.0,1.0,62.0,0.09,0,0.0
ppo:runs/ppo/pass2/p2b_pool_s3.json,collector,2,9001,34,1,1.0,1.0,24.0,92.0,68.0,100.0,-18.0,0.0,2.0,1.0,28.0,9.0,5.0,5.0,0.0,7.0,0.0,1.0,46.0,0.0,2.0,0.0,0.0,1.0,65.0,0.09,0,0.0
ppo:runs/ppo/pass2/p2b_pool_s3.json,collector,2,9001,35,0,1.0,1.0,31.0,84.0,53.0,100.0,-26.0,0.0,2.0,1.0,39.0,9.0,5.0,5.0,0.0,8.0,3.0,0.0,45.0,0.0,2.0,0.0,0.0,1.0,66.0,0.11,0,0.0
ppo:runs/ppo/pass2/p2b_pool_s3.json,collector,2,9001,36,1,1.0,1.0,21.0,94.0,73.0,107.0,-23.0,0.0,2.0,1.0,27.0,8.0,5.625,7.0,0.0,4.0,5.0,0.0,45.0,0.0,2.0,0.0,0.0,1.0,66.0,0.09,0,0.0
ppo:runs/ppo/pass2/p2b_pool_s3.json,collector,2,9001,37,1,1.0,1.0,53.0,76.0,23.0,103.0,-37.0,0.0,2.0,1.0,30.0,9.0,5.0,7.0,0.0,7.0,2.0,0.0,48.0,0.0,2.0,0.0,0.0,1.0,67.0,0.09,0,0.0
ppo:runs/ppo/pass2/p2b_pool_s3.json,collector,2,9001,38,1,1.0,1.0,57.0,92.0,35.0,107.0,-25.0,0.0,2.0,1.0,18.0,8.0,5.625,7.0,0.0,7.0,6.0,0.0,42.0,0.0,2.0,0.0,0.0,1.0,63.0,0.1,0,0.0
ppo:runs/ppo/pass2/p2b_pool_s3.json,collector,2,9001,39,0,1.0,1.0,59.0,83.0,24.0,100.0,-27.0,0.0,2.0,1.0,28.0,9.0,4.888888888888889,6.0,1.0,5.0,11.0,0.0,39.0,0.0,2.0,0.0,0.0,1.0,67.0,0.1,0,0.0
ppo:runs/ppo/pass2/p2b_pool_s3.json,collector,2,9001,40,0,1.0,1.0,82.0,98.0,16.0,103.0,-15.0,0.0,2.0,1.0,36.0,9.0,5.0,6.0,0.0,6.0,1.0,0.0,45.0,0.0,2.0,0.0,0.0,1.0,64.0,0.1,0,0.0
ppo:runs/ppo/pass2/p2b_pool_s3.json,collector,2,9001,41,0,1.0,1.0,67.0,95.0,28.0,103.0,-18.0,0.0,2.0,1.0,33.0,9.0,5.0,6.0,0.0,9.0,2.0,0.0,42.0,0.0,2.0,0.0,0.0,1.0,62.0,0.1,0,0.0
ppo:runs/ppo/pass2/p2b_pool_s3.json,collector,2,9001,42,1,1.0,1.0,78.0,92.0,14.0,103.0,-21.0,0.0,2.0,1.0,15.0,9.0,5.0,6.0,0.0,4.0,4.0,0.0,40.0,0.0,2.0,0.0,0.0,1.0,62.0,0.09,0,0.0
ppo:runs/ppo/pass2/p2b_pool_s3.json,collector,2,9001,43,1,1.0,1.0,59.0,87.0,28.0,103.0,-26.0,0.0,2.0,1.0,33.0,9.0,5.0,6.0,0.0,6.0,2.0,0.0,42.0,0.0,2.0,0.0,0.0,1.0,61.0,0.1,0,0.0
ppo:runs/ppo/pass2/p2b_pool_s3.json,collector,2,9001,44,0,1.0,1.0,38.0,89.0,51.0,101.0,-22.0,0.0,2.0,1.0,34.0,9.0,5.0,6.0,0.0,5.0,2.0,0.0,44.0,0.0,2.0,0.0,0.0,1.0,63.0,0.12,0,0.0
ppo:runs/ppo/pass2/p2b_pool_s3.json,collector,2,9001,45,1,1.0,1.0,84.0,97.0,13.0,107.0,-20.0,0.0,2.0,1.0,27.0,8.0,5.625,7.0,0.0,3.0,6.0,1.0,42.0,0.0,2.0,0.0,0.0,1.0,65.0,0.12,0,0.0
ppo:runs/ppo/pass2/p2b_pool_s3.json,collector,2,9001,46,0,1.0,1.0,64.0,91.0,27.0,102.0,-21.0,0.0,2.0,1.0,31.0,9.0,4.888888888888889,6.0,1.0,6.0,0.0,0.0,42.0,0.0,2.0,0.0,0.0,1.0,59.0,0.09,0,0.0
ppo:runs/ppo/pass2/p2b_pool_s3.json,collector,2,9001,47,1,1.0,1.0,43.0,89.0,46.0,100.0,-21.0,0.0,2.0,1.0,35.0,9.0,5.0,5.0,0.0,7.0,6.0,0.0,44.0,0.0,2.0,0.0,0.0,1.0,68.0,0.11,0,0.0
ppo:runs/ppo/pass2/p2b_pool_s3.json,collector,2,9001,48,0,1.0,1.0,48.0,81.0,33.0,100.0,-29.0,0.0,2.0,1.0,34.0,9.0,5.0,6.0,0.0,8.0,5.0,0.0,45.0,0.0,2.0,0.0,0.0,1.0,67.0,0.11,0,0.0
ppo:runs/ppo/pass2/p2b_pool_s3.json,collector,2,9001,49,0,1.0,1.0,19.0,96.0,77.0,99.0,-13.0,0.0,2.0,1.0,40.0,10.0,4.5,6.0,0.0,7.0,4.0,0.0,38.0,0.0,2.0,0.0,0.0,1.0,62.0,0.09,0,0.0
racer,linear:runs/linear/pass7/p7b_sarsa_lam98_random_s3.json@best,2,9001,50,1,0.0,0.0,-17.0,72.0,89.0,85.0,-13.0,0.0,2.0,0.0,11.0,6.0,5.833333333333333,6.0,10.0,7.0,7.0,0.0,47.0,0.0,2.0,0.0,0.0,0.0,66.0,0.04,0,0.0
racer,linear:runs/linear/pass7/p7b_sarsa_lam98_random_s3.json@best,2,9001,51,1,1.0,1.0,20.0,93.0,73.0,100.0,-17.0,0.0,2.0,1.0,12.0,7.0,5.857142857142857,7.0,4.0,5.0,7.0,0.0,47.0,0.0,2.0,0.0,0.0,0.0,69.0,0.04,0,0.0
racer,linear:runs/linear/pass7/p7b_sarsa_lam98_random_s3.json@best,2,9001,52,0,1.0,1.0,17.0,96.0,79.0,102.0,-16.0,0.0,2.0,1.0,22.0,8.0,5.5,7.0,1.0,3.0,10.0,0.0,36.0,0.0,2.0,0.0,0.0,0.0,62.0,0.04,0,0.0
racer,linear:runs/linear/pass7/p7b_sarsa_lam98_random_s3.json@best,2,9001,53,1,0.0,0.0,0.0,90.0,90.0,105.0,-15.0,0.0,2.0,0.0,16.0,9.0,5.0,7.0,0.0,8.0,6.0,0.0,46.0,0.0,2.0,0.0,0.0,1.0,70.0,0.04,0,0.0
racer,linear:runs/linear/pass7/p7b_sarsa_lam98_random_s3.json@best,2,9001,54,1,1.0,1.0,1.0,82.0,81.0,95.0,-23.0,0.0,2.0,1.0,12.0,7.0,5.714285714285714,7.0,5.0,6.0,3.0,0.0,49.0,0.0,2.0,0.0,0.0,0.0,66.0,0.05,0,0.0
racer,linear:runs/linear/pass7/p7b_sarsa_lam98_random_s3.json@best,2,9001,55,1,1.0,1.0,16.0,88.0,72.0,103.0,-15.0,0.0,2.0,0.0,16.0,9.0,5.0,7.0,0.0,4.0,4.0,0.0,46.0,0.0,2.0,0.0,0.0,1.0,68.0,0.05,0,0.0
racer,linear:runs/linear/pass7/p7b_sarsa_lam98_random_s3.json@best,2,9001,56,0,1.0,1.0,18.0,96.0,78.0,101.0,-15.0,0.0,2.0,1.0,16.0,9.0,5.0,7.0,0.0,8.0,5.0,0.0,41.0,0.0,2.0,0.0,0.0,1.0,64.0,0.05,0,0.0
racer,linear:runs/linear/pass7/p7b_sarsa_lam98_random_s3.json@best,2,9001,57,0,0.0,0.0,-29.0,82.0,111.0,103.0,-21.0,0.0,2.0,0.0,22.0,9.0,5.0,7.0,0.0,5.0,4.0,0.0,44.0,0.0,2.0,0.0,0.0,1.0,65.0,0.03,0,0.0
racer,linear:runs/linear/pass7/p7b_sarsa_lam98_random_s3.json@best,2,9001,58,0,1.0,1.0,18.0,80.0,62.0,100.0,-30.0,0.0,2.0,1.0,18.0,7.0,5.857142857142857,7.0,4.0,4.0,4.0,0.0,46.0,0.0,2.0,0.0,0.0,0.0,64.0,0.03,0,0.0
racer,linear:runs/linear/pass7/p7b_sarsa_lam98_random_s3.json@best,2,9001,59,1,0.0,0.0,-35.0,83.0,118.0,105.0,-22.0,0.0,2.0,0.0,19.0,9.0,5.0,7.0,0.0,2.0,5.0,0.0,45.0,0.0,2.0,0.0,0.0,1.0,68.0,0.04,0,0.0
racer,linear:runs/linear/pass7/p7b_sarsa_lam98_random_s3.json@best,2,9001,60,1,0.0,0.0,-17.0,70.0,87.0,85.0,-15.0,0.0,2.0,0.0,11.0,6.0,5.833333333333333,6.0,10.0,8.0,3.0,0.0,51.0,0.0,2.0,0.0,0.0,0.0,67.0,0.04,0,0.0
racer,linear:runs/linear/pass7/p7b_sarsa_lam98_random_s3.json@best,2,9001,61,1,1.0,1.0,8.0,94.0,86.0,103.0,-19.0,0.0,2.0,1.0,16.0,9.0,5.0,7.0,0.0,6.0,7.0,0.0,41.0,0.0,2.0,0.0,0.0,1.0,66.0,0.04,0,0.0
racer,linear:runs/linear/pass7/p7b_sarsa_lam98_random_s3.json@best,2,9001,62,1,0.0,0.0,0.0,90.0,90.0,104.0,-14.0,0.0,2.0,0.0,18.0,9.0,5.0,7.0,0.0,5.0,7.0,0.0,39.0,0.0,2.0,0.0,0.0,1.0,63.0,0.04,0,0.0
racer,linear:runs/linear/pass7/p7b_sarsa_lam98_random_s3.json@best,2,9001,63,1,0.0,0.0,-19.0,75.0,94.0,90.0,-15.0,0.0,2.0,0.0,12.0,6.0,6.0,6.0,9.0,7.0,4.0,0.0,50.0,0.0,2.0,0.0,0.0,0.0,67.0,0.04,0,0.0
racer,linear:runs/linear/pass7/p7b_sarsa_lam98_random_s3.json@best,2,9001,64,0,1.0,1.0,4.0,81.0,77.0,85.0,-14.0,0.0,2.0,1.0,18.0,6.0,5.833333333333333,6.0,10.0,6.0,6.0,0.0,56.0,0.0,2.0,0.0,0.0,0.0,75.0,0.05,0,0.0
racer,linear:runs/linear/pass7/p7b_sarsa_lam98_random_s3.json@best,2,9001,65,0,0.0,0.0,-38.0,67.0,105.0,85.0,-18.0,0.0,2.0,0.0,12.0,6.0,5.833333333333333,6.0,10.0,8.0,2.0,0.0,52.0,0.0,2.0,0.0,0.0,0.0,66.0,0.04,0,0.0
racer,linear:runs/linear/pass7/p7b_sarsa_lam98_random_s3.json@best,2,9001,66,0,1.0,1.0,10.0,89.0,79.0,107.0,-28.0,0.0,2.0,1.0,22.0,8.0,5.625,7.0,0.0,6.0,8.0,0.0,42.0,0.0,2.0,0.0,0.0,0.0,66.0,0.04,0,0.0
racer,linear:runs/linear/pass7/p7b_sarsa_lam98_random_s3.json@best,2,9001,67,1,0.0,0.0,-45.0,64.0,109.0,85.0,-21.0,0.0,2.0,0.0,12.0,6.0,5.833333333333333,6.0,10.0,7.0,3.0,0.0,55.0,0.0,2.0,0.0,0.0,0.0,70.0,0.03,0,0.0
racer,linear:runs/linear/pass7/p7b_sarsa_lam98_random_s3.json@best,2,9001,68,1,0.0,0.0,-17.0,66.0,83.0,85.0,-19.0,0.0,2.0,0.0,11.0,6.0,5.833333333333333,6.0,10.0,5.0,5.0,0.0,45.0,0.0,2.0,0.0,0.0,0.0,62.0,0.04,0,0.0
racer,linear:runs/linear/pass7/p7b_sarsa_lam98_random_s3.json@best,2,9001,69,1,1.0,1.0,13.0,93.0,80.0,101.0,-18.0,0.0,2.0,1.0,12.0,9.0,5.0,7.0,0.0,5.0,7.0,0.0,39.0,0.0,2.0,0.0,0.0,1.0,64.0,0.04,0,0.0
racer,linear:runs/linear/pass7/p7b_sarsa_lam98_random_s3.json@best,2,9001,70,1,0.0,0.0,-20.0,66.0,86.0,70.0,-14.0,0.0,2.0,1.0,11.0,5.0,5.8,5.0,16.0,3.0,3.0,0.0,49.0,0.0,2.0,0.0,0.0,0.0,63.0,0.04,0,0.0
racer,linear:runs/linear/pass7/p7b_sarsa_lam98_random_s3.json@best,2,9001,71,1,1.0,1.0,10.0,86.0,76.0,97.0,-21.0,0.0,2.0,1.0,16.0,7.0,5.714285714285714,6.0,5.0,8.0,3.0,0.0,49.0,0.0,2.0,0.0,0.0,0.0,66.0,0.04,0,0.0
racer,linear:runs/linear/pass7/p7b_sarsa_lam98_random_s3.json@best,2,9001,72,1,0.0,0.0,-9.0,71.0,80.0,75.0,-14.0,0.0,2.0,1.0,18.0,5.0,6.0,5.0,15.0,6.0,6.0,0.0,48.0,0.0,2.0,0.0,0.0,0.0,65.0,0.05,0,0.0
racer,linear:runs/linear/pass7/p7b_sarsa_lam98_random_s3.json@best,2,9001,73,1,0.0,0.0,0.0,103.0,103.0,107.0,-14.0,0.0,2.0,1.0,16.0,8.0,5.625,7.0,0.0,7.0,6.0,0.0,42.0,0.0,2.0,0.0,0.0,0.0,64.0,0.04,0,0.0
racer,linear:runs/linear/pass7/p7b_sarsa_lam98_random_s3.json@best,2,9001,74,1,1.0,1.0,23.0,99.0,76.0,104.0,-15.0,0.0,2.0,1.0,12.0,8.0,5.5,7.0,1.0,9.0,3.0,0.0,43.0,0.0,2.0,0.0,0.0,0.0,63.0,0.04,0,0.0
ppo:runs/ppo/pass2/p2b_pool_s3.json,racer,2,9001,50,1,1.0,1.0,7.0,76.0,69.0,94.0,-28.0,0.0,2.0,1.0,25.0,10.0,4.5,5.0,0.0,3.0,3.0,0.0,39.0,0.0,2.0,0.0,0.0,1.0,61.0,0.08,0,0.0
ppo:runs/ppo/pass2/p2b_pool_s3.json,racer,2,9001,51,1,1.0,1.0,0.0,82.0,82.0,89.0,-17.0,0.0,2.0,1.0,17.0,11.0,3.909090909090909,5.0,2.0,4.0,5.0,1.0,33.0,0.0,2.0,0.0,0.0,0.0,63.0,0.08,0,0.0
ppo:runs/ppo/pass2/p2b_pool_s3.json,racer,2,9001,52,0,1.0,1.0,21.0,88.0,67.0,94.0,-16.0,0.0,2.0,1.0,29.0,10.0,4.5,6.0,0.0,6.0,1.0,0.0,41.0,0.0,2.0,0.0,0.0,1.0,61.0,0.08,0,0.0
ppo:runs/ppo/pass2/p2b_pool_s3.json,racer,2,9001,53,1,1.0,1.0,23.0,91.0,68.0,97.0,-16.0,0.0,2.0,1.0,26.0,10.0,4.5,6.0,0.0,5.0,2.0,0.0,40.0,0.0,2.0,0.0,0.0,1.0,62.0,0.09,0,0.0
ppo:runs/ppo/pass2/p2b_pool_s3.json,racer,2,9001,54,1,1.0,1.0,4.0,78.0,74.0,92.0,-24.0,0.0,2.0,1.0,20.0,10.0,4.4,6.0,1.0,6.0,6.0,0.0,38.0,0.0,2.0,0.0,0.0,1.0,63.0,0.09,0,0.0
ppo:runs/ppo/pass2/p2b_pool_s3.json,racer,2,9001,55,1,1.0,1.0,16.0,80.0,64.0,96.0,-26.0,0.0,2.0,1.0,25.0,10.0,4.5,5.0,0.0,1.0,1.0,0.0,41.0,0.0,2.0,0.0,0.0,1.0,62.0,0.08,0,0.0
ppo:runs/ppo/pass2/p2b_pool_s3.json,racer,2,9001,56,0,0.0,0.0,-26.0,71.0,97.0,88.0,-27.0,0.0,2.0,1.0,20.0,8.0,5.0,5.0,5.0,6.0,5.0,0.0,39.0,0.0,2.0,0.0,0.0,0.0,61.0,0.09,0,0.0
ppo:runs/ppo/pass2/p2b_pool_s3.json,racer,2,9001,57,0,1.0,1.0,8.0,74.0,66.0,87.0,-23.0,0.0,2.0,1.0,30.0,11.0,4.0,4.0,1.0,4.0,1.0,0.0,41.0,0.0,2.0,0.0,0.0,1.0,63.0,0.1,0,0.0
ppo:runs/ppo/pass2/p2b_pool_s3.json,racer,2,9001,58,0,1.0,1.0,27.0,76.0,49.0,96.0,-30.0,0.0,2.0,1.0,38.0,10.0,4.5,5.0,0.0,7.0,3.0,0.0,41.0,0.0,2.0,0.0,0.0,1.0,63.0,0.09,0,0.0
ppo:runs/ppo/pass2/p2b_pool_s3.json,racer,2,9001,59,1,1.0,1.0,4.0,72.0,68.0,92.0,-30.0,0.0,2.0,1.0,20.0,11.0,4.0,5.0,1.0,7.0,3.0,0.0,39.0,0.0,2.0,0.0,0.0,1.0,64.0,0.09,0,0.0
ppo:runs/ppo/pass2/p2b_pool_s3.json,racer,2,9001,60,1,0.0,0.0,-3.0,81.0,84.0,90.0,-19.0,0.0,2.0,1.0,25.0,9.0,4.666666666666667,5.0,3.0,7.0,1.0,0.0,43.0,0.0,2.0,0.0,0.0,0.0,63.0,0.09,0,0.0
ppo:runs/ppo/pass2/p2b_pool_s3.json,racer,2,9001,61,1,1.0,1.0,16.0,87.0,71.0,96.0,-19.0,0.0,2.0,1.0,39.0,10.0,4.5,6.0,0.0,6.0,1.0,0.0,43.0,0.0,2.0,0.0,0.0,1.0,64.0,0.09,0,0.0
ppo:runs/ppo/pass2/p2b_pool_s3.json,racer,2,9001,62,1,1.0,1.0,37.0,93.0,56.0,98.0,-15.0,0.0,2.0,1.0,26.0,10.0,4.5,5.0,0.0,5.0,4.0,0.0,44.0,0.0,2.0,0.0,0.0,1.0,67.0,0.09,0,0.0
ppo:runs/ppo/pass2/p2b_pool_s3.json,racer,2,9001,63,1,0.0,0.0,-4.0,85.0,89.0,90.0,-15.0,0.0,2.0,1.0,29.0,11.0,4.090909090909091,4.0,0.0,6.0,5.0,0.0,39.0,0.0,2.0,0.0,0.0,1.0,66.0,0.09,0,0.0
ppo:runs/ppo/pass2/p2b_pool_s3.json,racer,2,9001,64,0,1.0,1.0,0.0,84.0,84.0,88.0,-14.0,0.0,2.0,1.0,19.0,8.0,5.0,5.0,5.0,4.0,1.0,0.0,45.0,0.0,2.0,0.0,0.0,0.0,63.0,0.1,0,0.0
ppo:runs/ppo/pass2/p2b_pool_s3.json,racer,2,9001,65,0,1.0,1.0,32.0,82.0,50.0,94.0,-22.0,0.0,2.0,1.0,32.0,10.0,4.4,5.0,1.0,6.0,2.0,0.0,38.0,0.0,2.0,0.0,0.0,1.0,59.0,0.09,0,0.0
ppo:runs/ppo/pass2/p2b_pool_s3.json,racer,2,9001,66,0,0.0,0.0,-4.0,71.0,75.0,94.0,-33.0,0.0,2.0,1.0,24.0,10.0,4.4,6.0,1.0,5.0,7.0,0.0,35.0,0.0,2.0,0.0,0.0,1.0,61.0,0.1,0,0.0
ppo:runs/ppo/pass2/p2b_pool_s3.json,racer,2,9001,67,1,1.0,1.0,4.0,80.0,76.0,92.0,-22.0,0.0,2.0,1.0,35.0,11.0,4.0,5.0,1.0,4.0,3.0,0.0,37.0,0.0,2.0,0.0,0.0,1.0,61.0,0.08,0,0.0
ppo:runs/ppo/pass2/p2b_pool_s3.json,racer,2,9001,68,1,1.0,1.0,17.0,83.0,66.0,92.0,-19.0,0.0,2.0,1.0,19.0,10.0,4.5,5.0,0.0,7.0,4.0,0.0,40.0,0.0,2.0,0.0,0.0,1.0,63.0,0.09,0,0.0
ppo:runs/ppo/pass2/p2b_pool_s3.json,racer,2,9001,69,1,1.0,1.0,4.0,83.0,79.0,97.0,-24.0,0.0,2.0,1.0,27.0,10.0,4.4,6.0,1.0,7.0,4.0,0.0,38.0,0.0,2.0,0.0,0.0,1.0,62.0,0.09,0,0.0
ppo:runs/ppo/pass2/p2b_pool_s3.json,racer,2,9001,70,1,1.0,1.0,13.0,88.0,75.0,92.0,-14.0,0.0,2.0,1.0,32.0,11.0,4.0,5.0,1.0,6.0,3.0,0.0,39.0,0.0,2.0,0.0,0.0,1.0,64.0,0.1,0,0.0
ppo:runs/ppo/pass2/p2b_pool_s3.json,racer,2,9001,71,1,0.0,0.0,-4.0,76.0,80.0,94.0,-28.0,0.0,2.0,1.0,29.0,10.0,4.4,5.0,1.0,7.0,1.0,0.0,41.0,0.0,2.0,0.0,0.0,1.0,61.0,0.1,0,0.0
ppo:runs/ppo/pass2/p2b_pool_s3.json,racer,2,9001,72,1,1.0,1.0,36.0,94.0,58.0,98.0,-14.0,0.0,2.0,1.0,14.0,9.0,5.0,6.0,0.0,4.0,5.0,0.0,43.0,0.0,2.0,0.0,0.0,1.0,66.0,0.09,0,0.0
ppo:runs/ppo/pass2/p2b_pool_s3.json,racer,2,9001,73,1,1.0,1.0,18.0,92.0,74.0,96.0,-14.0,0.0,2.0,1.0,19.0,10.0,4.5,6.0,0.0,8.0,3.0,0.0,39.0,0.0,2.0,0.0,0.0,1.0,61.0,0.08,0,0.0
ppo:runs/ppo/pass2/p2b_pool_s3.json,racer,2,9001,74,1,1.0,1.0,7.0,85.0,78.0,92.0,-17.0,0.0,2.0,1.0,21.0,10.0,4.5,6.0,0.0,7.0,3.0,0.0,41.0,0.0,2.0,0.0,0.0,1.0,64.0,0.09,0,0.0
racer,greedy,2,9001,75,0,0.0,0.0,-9.0,98.0,107.0,109.0,-21.0,0.0,2.0,1.0,18.0,8.0,5.625,7.0,0.0,6.0,4.0,0.0,52.0,0.0,2.0,0.0,0.0,1.0,72.0,0.01,0,0.0
racer,greedy,2,9001,76,0,1.0,1.0,21.0,95.0,74.0,109.0,-24.0,0.0,2.0,1.0,18.0,8.0,5.625,7.0,0.0,7.0,3.0,0.0,61.0,0.0,2.0,0.0,0.0,1.0,79.0,0.01,0,0.0
racer,greedy,2,9001,77,1,0.0,0.0,-12.0,93.0,105.0,109.0,-16.0,0.0,2.0,0.0,12.0,8.0,5.625,7.0,0.0,6.0,6.0,0.0,44.0,0.0,2.0,0.0,0.0,1.0,66.0,0.01,0,0.0
racer,greedy,2,9001,78,0,0.0,0.0,-24.0,81.0,105.0,109.0,-28.0,0.0,2.0,0.0,15.0,8.0,5.625,7.0,0.0,8.0,4.0,0.0,54.0,0.0,2.0,0.0,0.0,1.0,73.0,0.02,0,0.0
racer,greedy,2,9001,79,1,1.0,1.0,53.0,100.0,47.0,109.0,-19.0,0.0,2.0,1.0,27.0,8.0,5.625,7.0,0.0,2.0,6.0,0.0,48.0,0.0,2.0,0.0,0.0,1.0,69.0,0.01,0,0.0
racer,greedy,2,9001,80,1,1.0,1.0,1.0,107.0,106.0,109.0,-12.0,0.0,2.0,1.0,21.0,8.0,5.625,7.0,0.0,5.0,2.0,0.0,58.0,0.0,2.0,0.0,0.0,1.0,76.0,0.02,0,0.0
racer,greedy,2,9001,81,0,0.0,0.0,-28.0,88.0,116.0,109.0,-21.0,0.0,2.0,0.0,12.0,8.0,5.625,7.0,0.0,6.0,8.0,0.0,46.0,0.0,2.0,0.0,0.0,1.0,70.0,0.02,0,0.0
racer,greedy,2,9001,82,1,1.0,1.0,9.0,90.0,81.0,109.0,-19.0,0.0,2.0,0.0,12.0,8.0,5.625,7.0,0.0,7.0,8.0,0.0,48.0,0.0,2.0,0.0,0.0,1.0,71.0,0.02,0,0.0
racer,greedy,2,9001,83,0,0.0,0.0,-29.0,84.0,113.0,109.0,-25.0,0.0,2.0,0.0,18.0,8.0,5.625,7.0,0.0,6.0,9.0,0.0,53.0,0.0,2.0,0.0,0.0,1.0,78.0,0.02,0,0.0
racer,greedy,2,9001,84,0,1.0,1.0,23.0,102.0,79.0,109.0,-17.0,0.0,2.0,1.0,21.0,8.0,5.625,7.0,0.0,6.0,3.0,0.0,51.0,0.0,2.0,0.0,0.0,1.0,70.0,0.01,0,0.0
racer,greedy,2,9001,85,0,1.0,1.0,46.0,99.0,53.0,109.0,-20.0,0.0,2.0,1.0,15.0,8.0,5.625,7.0,0.0,8.0,6.0,0.0,46.0,0.0,2.0,0.0,0.0,1.0,68.0,0.01,0,0.0
racer,greedy,2,9001,86,1,1.0,1.0,41.0,105.0,64.0,109.0,-14.0,0.0,2.0,1.0,27.0,8.0,5.625,7.0,0.0,7.0,10.0,0.0,54.0,0.0,2.0,0.0,0.0,1.0,79.0,0.02,0,0.0
racer,greedy,2,9001,87,0,1.0,1.0,32.0,104.0,72.0,108.0,-14.0,0.0,2.0,1.0,19.0,9.0,5.0,7.0,0.0,6.0,6.0,0.0,42.0,0.0,2.0,0.0,0.0,1.0,66.0,0.01,0,0.0
racer,greedy,2,9001,88,0,1.0,1.0,12.0,91.0,79.0,109.0,-18.0,0.0,2.0,0.0,12.0,8.0,5.625,7.0,0.0,9.0,4.0,0.0,50.0,0.0,2.0,0.0,0.0,1.0,69.0,0.02,0,0.0
racer,greedy,2,9001,89,0,1.0,1.0,43.0,98.0,55.0,109.0,-21.0,0.0,2.0,1.0,15.0,8.0,5.625,7.0,0.0,10.0,7.0,0.0,47.0,0.0,2.0,0.0,0.0,1.0,70.0,0.02,0,0.0
racer,greedy,2,9001,90,0,1.0,1.0,30.0,85.0,55.0,109.0,-24.0,0.0,2.0,0.0,18.0,8.0,5.625,7.0,0.0,10.0,5.0,0.0,59.0,0.0,2.0,0.0,0.0,1.0,80.0,0.02,0,0.0
racer,greedy,2,9001,91,0,1.0,1.0,51.0,100.0,49.0,109.0,-19.0,0.0,2.0,1.0,27.0,8.0,5.625,7.0,0.0,6.0,4.0,0.0,44.0,0.0,2.0,0.0,0.0,1.0,64.0,0.02,0,0.0
racer,greedy,2,9001,92,0,1.0,1.0,18.0,99.0,81.0,109.0,-20.0,0.0,2.0,1.0,15.0,8.0,5.625,7.0,0.0,7.0,3.0,0.0,55.0,0.0,2.0,0.0,0.0,1.0,73.0,0.02,0,0.0
racer,greedy,2,9001,93,0,1.0,1.0,20.0,102.0,82.0,109.0,-17.0,0.0,2.0,1.0,21.0,8.0,5.625,7.0,0.0,6.0,6.0,0.0,44.0,0.0,2.0,0.0,0.0,1.0,66.0,0.02,0,0.0
racer,greedy,2,9001,94,1,1.0,1.0,26.0,91.0,65.0,109.0,-18.0,0.0,2.0,0.0,15.0,8.0,5.625,7.0,0.0,8.0,5.0,0.0,53.0,0.0,2.0,0.0,0.0,1.0,74.0,0.02,0,0.0
racer,greedy,2,9001,95,0,1.0,1.0,25.0,93.0,68.0,109.0,-16.0,0.0,2.0,0.0,15.0,8.0,5.625,7.0,0.0,6.0,5.0,0.0,39.0,0.0,2.0,0.0,0.0,1.0,59.0,0.01,0,0.0
racer,greedy,2,9001,96,1,1.0,1.0,6.0,91.0,85.0,109.0,-18.0,0.0,2.0,0.0,12.0,8.0,5.625,7.0,0.0,6.0,4.0,0.0,46.0,0.0,2.0,0.0,0.0,1.0,66.0,0.01,0,0.0
racer,greedy,2,9001,97,0,1.0,1.0,9.0,98.0,89.0,109.0,-11.0,0.0,2.0,0.0,12.0,8.0,5.625,7.0,0.0,8.0,4.0,0.0,54.0,0.0,2.0,0.0,0.0,1.0,74.0,0.02,0,0.0
racer,greedy,2,9001,98,1,0.0,0.0,-7.0,83.0,90.0,109.0,-26.0,0.0,2.0,0.0,12.0,8.0,5.625,7.0,0.0,7.0,3.0,0.0,53.0,0.0,2.0,0.0,0.0,1.0,72.0,0.02,0,0.0
racer,greedy,2,9001,99,1,1.0,1.0,28.0,92.0,64.0,109.0,-17.0,0.0,2.0,0.0,12.0,8.0,5.625,7.0,0.0,6.0,6.0,0.0,44.0,0.0,2.0,0.0,0.0,1.0,66.0,0.01,0,0.0
greedy,linear:runs/linear/pass7/p7b_sarsa_lam98_random_s3.json@best,2,9001,50,1,0.0,0.0,-26.0,55.0,81.0,52.0,-7.0,2.0,1.0,1.0,18.0,12.0,2.8333333333333335,1.0,11.0,8.0,4.0,0.0,38.0,0.0,3.0,0.0,0.0,0.0,66.0,0.04,0,0.0
greedy,linear:runs/linear/pass7/p7b_sarsa_lam98_random_s3.json@best,2,9001,51,1,0.0,0.0,-9.0,67.0,76.0,37.0,20.0,5.0,2.0,1.0,18.0,14.0,2.2142857142857144,0.0,14.0,3.0,3.0,0.0,29.0,2.0,7.0,0.0,0.0,0.0,65.0,0.03,0,0.0
greedy,linear:runs/linear/pass7/p7b_sarsa_lam98_random_s3.json@best,2,9001,52,0,0.0,0.0,-30.0,61.0,91.0,36.0,25.0,3.0,0.0,0.0,17.0,9.0,2.7777777777777777,1.0,20.0,5.0,7.0,0.0,39.0,0.0,3.0,0.0,0.0,0.0,64.0,0.03,0,0.0
greedy,linear:runs/linear/pass7/p7b_sarsa_lam98_random_s3.json@best,2,9001,53,1,0.0,0.0,-29.0,56.0,85.0,40.0,6.0,2.0,1.0,1.0,16.0,10.0,2.6,2.0,19.0,3.0,7.0,0.0,39.0,0.0,3.0,0.0,0.0,0.0,67.0,0.03,0,0.0
greedy,linear:runs/linear/pass7/p7b_sarsa_lam98_random_s3.json@best,2,9001,54,1,0.0,0.0,-7.0,74.0,81.0,54.0,10.0,2.0,1.0,1.0,16.0,12.0,2.8333333333333335,2.0,11.0,6.0,6.0,0.0,34.0,0.0,3.0,0.0,0.0,0.0,64.0,0.03,0,0.0
greedy,linear:runs/linear/pass7/p7b_sarsa_lam98_random_s3.json@best,2,9001,55,1,0.0,0.0,-28.0,43.0,71.0,35.0,-2.0,2.0,1.0,1.0,21.0,14.0,2.2142857142857144,0.0,14.0,1.0,13.0,0.0,25.0,0.0,3.0,0.0,0.0,0.0,67.0,0.03,0,0.0
greedy,linear:runs/linear/pass7/p7b_sarsa_lam98_random_s3.json@best,2,9001,56,0,0.0,0.0,-11.0,83.0,94.0,41.0,42.0,6.0,1.0,0.0,15.0,13.0,2.4615384615384617,0.0,13.0,6.0,5.0,0.0,25.0,3.0,7.0,0.0,0.0,0.0,63.0,0.03,0,0.0
greedy,linear:runs/linear/pass7/p7b_sarsa_lam98_random_s3.json@best,2,9001,57,0,0.0,0.0,-13.0,112.0,125.0,53.0,59.0,6.0,0.0,0.0,20.0,14.0,2.5714285714285716,1.0,9.0,5.0,10.0,0.0,38.0,1.0,6.0,0.0,0.0,0.0,78.0,0.06,0,0.0
greedy,linear:runs/linear/pass7/p7b_sarsa_lam98_random_s3.json@best,2,9001,58,0,0.0,0.0,-35.0,64.0,99.0,41.0,13.0,2.0,2.0,1.0,21.0,10.0,2.7,1.0,18.0,5.0,7.0,0.0,39.0,1.0,4.0,0.0,0.0,0.0,68.0,0.05,0,0.0
greedy,linear:runs/linear/pass7/p7b_sarsa_lam98_random_s3.json@best,2,9001,59,1,1.0,1.0,9.0,86.0,77.0,53.0,23.0,3.0,1.0,1.0,19.0,13.0,2.6923076923076925,1.0,10.0,4.0,13.0,0.0,23.0,1.0,4.0,0.0,0.0,0.0,65.0,0.04,0,0.0
greedy,linear:runs/linear/pass7/p7b_sarsa_lam98_random_s3.json@best,2,9001,60,1,0.0,0.0,-15.0,63.0,78.0,42.0,11.0,2.0,1.0,1.0,14.0,11.0,2.5454545454545454,1.0,17.0,5.0,6.0,0.0,34.0,0.0,3.0,0.0,0.0,0.0,63.0,0.03,0,0.0
greedy,linear:runs/linear/pass7/p7b_sarsa_lam98_random_s3.json@best,2,9001,61,1,0.0,0.0,-30.0,82.0,112.0,38.0,44.0,5.0,0.0,0.0,16.0,11.0,2.5454545454545454,0.0,17.0,6.0,4.0,0.0,40.0,1.0,5.0,0.0,0.0,0.0,69.0,0.04,0,0.0
greedy,linear:runs/linear/pass7/p7b_sarsa_lam98_random_s3.json@best,2,9001,62,1,0.0,0.0,-11.0,77.0,88.0,46.0,31.0,5.0,1.0,0.0,14.0,14.0,2.357142857142857,1.0,12.0,1.0,7.0,0.0,31.0,1.0,6.0,0.0,0.0,0.0,68.0,0.03,0,0.0
greedy,linear:runs/linear/pass7/p7b_sarsa_lam98_random_s3.json@best,2,9001,63,1,0.0,0.0,-7.0,87.0,94.0,45.0,32.0,3.0,0.0,1.0,26.0,15.0,2.4,0.0,9.0,5.0,13.0,0.0,27.0,0.0,3.0,0.0,0.0,0.0,71.0,0.03,0,0.0
greedy,linear:runs/linear/pass7/p7b_sarsa_lam98_random_s3.json@best,2,9001,64,0,0.0,0.0,-35.0,67.0,102.0,52.0,5.0,3.0,2.0,1.0,23.0,12.0,2.6666666666666665,2.0,13.0,3.0,1.0,0.0,37.0,1.0,5.0,0.0,0.0,0.0,65.0,0.03,0,0.0
greedy,linear:runs/linear/pass7/p7b_sarsa_lam98_random_s3.json@best,2,9001,65,0,0.0,0.0,-60.0,27.0,87.0,42.0,-15.0,1.0,2.0,0.0,13.0,11.0,2.727272727272727,0.0,15.0,5.0,4.0,0.0,40.0,0.0,3.0,0.0,0.0,0.0,66.0,0.04,0,0.0
greedy,linear:runs/linear/pass7/p7b_sarsa_lam98_random_s3.json@best,2,9001,66,0,0.0,0.0,-37.0,48.0,85.0,34.0,4.0,1.0,1.0,1.0,17.0,10.0,2.5,1.0,20.0,5.0,3.0,0.0,41.0,0.0,2.0,0.0,0.0,0.0,64.0,0.02,0,0.0
greedy,linear:runs/linear/pass7/p7b_sarsa_lam98_random_s3.json@best,2,9001,67,1,0.0,0.0,-32.0,43.0,75.0,42.0,-9.0,1.0,2.0,1.0,19.0,12.0,2.4166666666666665,1.0,16.0,4.0,3.0,0.0,39.0,0.0,3.0,0.0,0.0,0.0,66.0,0.04,0,0.0
greedy,linear:runs/linear/pass7/p7b_sarsa_lam98_random_s3.json@best,2,9001,68,1,1.0,1.0,37.0,113.0,76.0,54.0,49.0,5.0,0.0,1.0,24.0,16.0,2.5625,0.0,4.0,9.0,7.0,0.0,33.0,1.0,5.0,0.0,0.0,0.0,74.0,0.04,0,0.0
greedy,linear:runs/linear/pass7/p7b_sarsa_lam98_random_s3.json@best,2,9001,69,1,0.0,0.0,-31.0,65.0,96.0,43.0,12.0,3.0,2.0,1.0,18.0,12.0,2.6666666666666665,0.0,13.0,6.0,11.0,0.0,29.0,1.0,5.0,0.0,0.0,0.0,67.0,0.04,0,0.0
greedy,linear:runs/linear/pass7/p7b_sarsa_lam98_random_s3.json@best,2,9001,70,1,0.0,0.0,-15.0,68.0,83.0,42.0,26.0,3.0,0.0,0.0,14.0,12.0,2.4166666666666665,1.0,16.0,3.0,11.0,0.0,31.0,0.0,3.0,0.0,0.0,0.0,67.0,0.03,0,0.0
greedy,linear:runs/linear/pass7/p7b_sarsa_lam98_random_s3.json@best,2,9001,71,1,1.0,1.0,10.0,91.0,81.0,44.0,37.0,3.0,0.0,1.0,27.0,11.0,2.8181818181818183,1.0,14.0,6.0,8.0,0.0,32.0,1.0,3.0,0.0,0.0,0.0,64.0,0.03,0,0.0
greedy,linear:runs/linear/pass7/p7b_sarsa_lam98_random_s3.json@best,2,9001,72,1,0.0,0.0,-26.0,64.0,90.0,35.0,29.0,4.0,1.0,0.0,11.0,12.0,2.3333333333333335,0.0,17.0,6.0,2.0,0.0,32.0,1.0,5.0,0.0,0.0,0.0,61.0,0.03,0,0.0
greedy,linear:runs/linear/pass7/p7b_sarsa_lam98_random_s3.json@best,2,9001,73,1,0.0,0.0,-14.0,65.0,79.0,35.0,20.0,4.0,1.0,1.0,18.0,13.0,2.1538461538461537,0.0,17.0,6.0,5.0,0.0,33.0,1.0,5.0,0.0,0.0,0.0,66.0,0.03,0,0.0
greedy,linear:runs/linear/pass7/p7b_sarsa_lam98_random_s3.json@best,2,9001,74,1,0.0,0.0,-32.0,58.0,90.0,37.0,21.0,4.0,1.0,0.0,13.0,14.0,2.2142857142857144,0.0,14.0,6.0,11.0,0.0,21.0,2.0,5.0,0.0,0.0,0.0,65.0,0.03,0,0.0
ppo:runs/ppo/pass2/p2b_pool_s3.json,linear:runs/linear/pass7/p7b_sarsa_lam98_random_s3.json@best,2,9001,25,0,1.0,1.0,8.0,74.0,66.0,92.0,-28.0,0.0,2.0,1.0,22.0,11.0,4.0,5.0,1.0,5.0,1.0,0.0,41.0,0.0,2.0,0.0,0.0,1.0,63.0,0.12,0,0.0
ppo:runs/ppo/pass2/p2b_pool_s3.json,linear:runs/linear/pass7/p7b_sarsa_lam98_random_s3.json@best,2,9001,26,0,1.0,1.0,15.0,82.0,67.0,93.0,-21.0,0.0,2.0,1.0,24.0,11.0,4.0,6.0,1.0,3.0,3.0,0.0,39.0,0.0,2.0,0.0,0.0,1.0,63.0,0.12,0,0.0
ppo:runs/ppo/pass2/p2b_pool_s3.json,linear:runs/linear/pass7/p7b_sarsa_lam98_random_s3.json@best,2,9001,27,1,1.0,1.0,2.0,84.0,82.0,92.0,-18.0,0.0,2.0,1.0,24.0,10.0,4.3,6.0,2.0,5.0,1.0,0.0,39.0,0.0,2.0,0.0,0.0,0.0,61.0,0.11,0,0.0
ppo:runs/ppo/pass2/p2b_pool_s3.json,linear:runs/linear/pass7/p7b_sarsa_lam98_random_s3.json@best,2,9001,28,0,0.0,0.0,-1.0,73.0,74.0,94.0,-31.0,0.0,2.0,1.0,19.0,10.0,4.5,5.0,0.0,7.0,2.0,0.0,42.0,0.0,2.0,0.0,0.0,1.0,64.0,0.12,0,0.0
ppo:runs/ppo/pass2/p2b_pool_s3.json,linear:runs/linear/pass7/p7b_sarsa_lam98_random_s3.json@best,2,9001,29,1,1.0,1.0,10.0,76.0,66.0,92.0,-26.0,0.0,2.0,1.0,14.0,10.0,4.4,4.0,1.0,4.0,4.0,0.0,38.0,0.0,2.0,0.0,0.0,1.0,61.0,0.12,0,0.0
ppo:runs/ppo/pass2/p2b_pool_s3.json,linear:runs/linear/pass7/p7b_sarsa_lam98_random_s3.json@best,2,9001,30,0,0.0,0.0,-11.0,66.0,77.0,86.0,-30.0,0.0,2.0,1.0,24.0,8.0,5.0,6.0,5.0,7.0,0.0,0.0,42.0,0.0,2.0,0.0,0.0,0.0,59.0,0.11,0,0.0
ppo:runs/ppo/pass2/p2b_pool_s3.json,linear:runs/linear/pass7/p7b_sarsa_lam98_random_s3.json@best,2,9001,31,1,1.0,1.0,2.0,82.0,80.0,90.0,-18.0,0.0,2.0,1.0,32.0,11.0,4.0,5.0,1.0,3.0,2.0,0.0,40.0,0.0,2.0,0.0,0.0,1.0,64.0,0.13,0,0.0
ppo:runs/ppo/pass2/p2b_pool_s3.json,linear:runs/linear/pass7/p7b_sarsa_lam98_random_s3.json@best,2,9001,32,1,1.0,1.0,8.0,85.0,77.0,94.0,-19.0,0.0,2.0,1.0,28.0,10.0,4.5,6.0,0.0,4.0,1.0,0.0,45.0,0.0,2.0,0.0,0.0,1.0,65.0,0.13,0,0.0
ppo:runs/ppo/pass2/p2b_pool_s3.json,linear:runs/linear/pass7/p7b_sarsa_lam98_random_s3.json@best,2,9001,33,1,1.0,1.0,27.0,79.0,52.0,92.0,-23.0,0.0,2.0,1.0,28.0,11.0,4.0,5.0,1.0,4.0,3.0,0.0,37.0,0.0,2.0,0.0,0.0,1.0,62.0,0.13,0,0.0
ppo:runs/ppo/pass2/p2b_pool_s3.json,linear:runs/linear/pass7/p7b_sarsa_lam98_random_s3.json@best,2,9001,34,1,1.0,1.0,13.0,83.0,70.0,91.0,-18.0,0.0,2.0,1.0,31.0,11.0,4.090909090909091,5.0,0.0,3.0,0.0,0.0,42.0,0.0,2.0,0.0,0.0,1.0,63.0,0.13,0,0.0
ppo:runs/ppo/pass2/p2b_pool_s3.json,linear:runs/linear/pass7/p7b_sarsa_lam98_random_s3.json@best,2,9001,35,0,1.0,1.0,22.0,80.0,58.0,96.0,-26.0,0.0,2.0,1.0,28.0,8.0,5.25,5.0,3.0,7.0,0.0,0.0,46.0,0.0,2.0,0.0,0.0,0.0,63.0,0.13,0,0.0
ppo:runs/ppo/pass2/p2b_pool_s3.json,linear:runs/linear/pass7/p7b_sarsa_lam98_random_s3.json@best,2,9001,36,1,0.0,0.0,-2.0,81.0,83.0,94.0,-23.0,0.0,2.0,1.0,28.0,10.0,4.4,6.0,1.0,6.0,3.0,0.0,37.0,0.0,2.0,0.0,0.0,1.0,60.0,0.12,0,0.0
ppo:runs/ppo/pass2/p2b_pool_s3.json,linear:runs/linear/pass7/p7b_sarsa_lam98_random_s3.json@best,2,9001,37,1,1.0,1.0,16.0,71.0,55.0,98.0,-37.0,0.0,2.0,1.0,26.0,9.0,5.0,5.0,0.0,5.0,6.0,0.0,38.0,0.0,2.0,0.0,0.0,1.0,61.0,0.13,0,0.0
ppo:runs/ppo/pass2/p2b_pool_s3.json,linear:runs/linear/pass7/p7b_sarsa_lam98_random_s3.json@best,2,9001,38,1,0.0,0.0,-1.0,83.0,84.0,98.0,-25.0,0.0,2.0,1.0,30.0,9.0,5.0,5.0,0.0,8.0,2.0,0.0,44.0,0.0,2.0,0.0,0.0,1.0,63.0,0.13,0,0.0
ppo:runs/ppo/pass2/p2b_pool_s3.json,linear:runs/linear/pass7/p7b_sarsa_lam98_random_s3.json@best,2,9001,39,0,0.0,0.0,-25.0,76.0,101.0,93.0,-27.0,0.0,2.0,1.0,26.0,11.0,4.090909090909091,5.0,0.0,5.0,6.0,0.0,36.0,0.0,2.0,0.0,0.0,1.0,63.0,0.14,0,0.0
ppo:runs/ppo/pass2/p2b_pool_s3.json,linear:runs/linear/pass7/p7b_sarsa_lam98_random_s3.json@best,2,9001,40,0,0.0,0.0,-1.0,83.0,84.0,88.0,-15.0,0.0,2.0,1.0,21.0,10.0,4.2,4.0,3.0,8.0,2.0,0.0,38.0,0.0,2.0,0.0,0.0,0.0,61.0,0.13,0,0.0
ppo:runs/ppo/pass2/p2b_pool_s3.json,linear:runs/linear/pass7/p7b_sarsa_lam98_random_s3.json@best,2,9001,41,0,1.0,1.0,36.0,102.0,66.0,96.0,-4.0,1.0,1.0,1.0,29.0,10.0,4.5,6.0,0.0,7.0,2.0,0.0,40.0,0.0,2.0,0.0,0.0,1.0,62.0,0.13,0,0.0
ppo:runs/ppo/pass2/p2b_pool_s3.json,linear:runs/linear/pass7/p7b_sarsa_lam98_random_s3.json@best,2,9001,42,1,0.0,0.0,-7.0,81.0,88.0,92.0,-21.0,0.0,2.0,1.0,30.0,11.0,4.0,5.0,1.0,7.0,1.0,0.0,39.0,0.0,2.0,0.0,0.0,1.0,62.0,0.13,0,0.0
ppo:runs/ppo/pass2/p2b_pool_s3.json,linear:runs/linear/pass7/p7b_sarsa_lam98_random_s3.json@best,2,9001,43,1,1.0,1.0,28.0,81.0,53.0,97.0,-26.0,0.0,2.0,1.0,29.0,9.0,4.888888888888889,5.0,1.0,5.0,4.0,0.0,38.0,0.0,2.0,0.0,0.0,1.0,59.0,0.11,0,0.0
ppo:runs/ppo/pass2/p2b_pool_s3.json,linear:runs/linear/pass7/p7b_sarsa_lam98_random_s3.json@best,2,9001,44,0,1.0,1.0,6.0,82.0,76.0,94.0,-22.0,0.0,2.0,1.0,34.0,10.0,4.4,5.0,1.0,5.0,4.0,0.0,40.0,0.0,2.0,0.0,0.0,1.0,63.0,0.12,0,0.0
ppo:runs/ppo/pass2/p2b_pool_s3.json,linear:runs/linear/pass7/p7b_sarsa_lam98_random_s3.json@best,2,9001,45,1,1.0,1.0,30.0,89.0,59.0,99.0,-20.0,0.0,2.0,1.0,21.0,10.0,4.5,5.0,0.0,10.0,2.0,0.0,42.0,0.0,2.0,0.0,0.0,1.0,63.0,0.15,0,0.0
ppo:runs/ppo/pass2/p2b_pool_s3.json,linear:runs/linear/pass7/p7b_sarsa_lam98_random_s3.json@best,2,9001,46,0,1.0,1.0,13.0,87.0,74.0,98.0,-21.0,0.0,2.0,1.0,14.0,9.0,5.0,6.0,0.0,7.0,2.0,0.0,44.0,0.0,2.0,0.0,0.0,1.0,63.0,0.12,0,0.0
ppo:runs/ppo/pass2/p2b_pool_s3.json,linear:runs/linear/pass7/p7b_sarsa_lam98_random_s3.json@best,2,9001,47,1,1.0,1.0,7.0,83.0,76.0,94.0,-21.0,0.0,2.0,1.0,38.0,10.0,4.4,5.0,1.0,5.0,2.0,0.0,40.0,0.0,2.0,0.0,0.0,1.0,62.0,0.13,0,0.0
ppo:runs/ppo/pass2/p2b_pool_s3.json,linear:runs/linear/pass7/p7b_sarsa_lam98_random_s3.json@best,2,9001,48,0,1.0,1.0,1.0,73.0,72.0,92.0,-29.0,0.0,2.0,1.0,24.0,10.0,4.4,4.0,1.0,4.0,7.0,0.0,35.0,0.0,2.0,0.0,0.0,0.0,62.0,0.12,0,0.0
ppo:runs/ppo/pass2/p2b_pool_s3.json,linear:runs/linear/pass7/p7b_sarsa_lam98_random_s3.json@best,2,9001,49,0,1.0,1.0,6.0,85.0,79.0,88.0,-13.0,0.0,2.0,1.0,22.0,11.0,4.0,5.0,1.0,5.0,3.0,0.0,37.0,0.0,2.0,0.0,0.0,0.0,63.0,0.14,0,0.0
ppo:runs/ppo/pass2/p2b_pool_s3.json,wary,2,9001,50,1,1.0,1.0,15.0,83.0,68.0,101.0,-28.0,0.0,2.0,1.0,26.0,9.0,5.0,6.0,0.0,5.0,4.0,0.0,40.0,0.0,2.0,0.0,0.0,1.0,61.0,0.09,0,0.0
ppo:runs/ppo/pass2/p2b_pool_s3.json,wary,2,9001,51,1,1.0,1.0,1.0,96.0,95.0,103.0,-17.0,0.0,2.0,1.0,31.0,9.0,5.0,6.0,0.0,5.0,6.0,0.0,40.0,0.0,2.0,0.0,0.0,1.0,64.0,0.08,0,0.0
ppo:runs/ppo/pass2/p2b_pool_s3.json,wary,2,9001,52,0,1.0,1.0,44.0,99.0,55.0,105.0,-16.0,0.0,2.0,1.0,21.0,9.0,5.0,6.0,0.0,6.0,0.0,0.0,52.0,0.0,2.0,0.0,0.0,1.0,69.0,0.1,0,0.0
ppo:runs/ppo/pass2/p2b_pool_s3.json,wary,2,9001,53,1,0.0,0.0,-6.0,85.0,91.0,101.0,-16.0,0.0,2.0,0.0,21.0,9.0,5.0,7.0,0.0,9.0,2.0,0.0,42.0,0.0,2.0,0.0,0.0,1.0,62.0,0.08,0,0.0
ppo:runs/ppo/pass2/p2b_pool_s3.json,wary,2,9001,54,1,1.0,1.0,12.0,93.0,81.0,107.0,-24.0,0.0,2.0,1.0,27.0,8.0,5.625,7.0,0.0,3.0,9.0,1.0,39.0,0.0,2.0,0.0,0.0,1.0,65.0,0.1,0,0.0
ppo:runs/ppo/pass2/p2b_pool_s3.json,wary,2,9001,55,1,1.0,1.0,44.0,85.0,41.0,101.0,-26.0,0.0,2.0,1.0,23.0,9.0,5.0,7.0,0.0,4.0,2.0,0.0,42.0,0.0,2.0,0.0,0.0,1.0,62.0,0.09,0,0.0
ppo:runs/ppo/pass2/p2b_pool_s3.json,wary,2,9001,56,0,1.0,1.0,59.0,96.0,37.0,99.0,-13.0,1.0,1.0,1.0,38.0,10.0,4.5,6.0,0.0,10.0,5.0,0.0,41.0,0.0,2.0,0.0,0.0,1.0,66.0,0.1,0,0.0
ppo:runs/ppo/pass2/p2b_pool_s3.json,wary,2,9001,57,0,1.0,1.0,7.0,85.0,78.0,98.0,-23.0,0.0,2.0,1.0,28.0,9.0,4.888888888888889,5.0,1.0,7.0,3.0,0.0,49.0,0.0,2.0,0.0,0.0,1.0,69.0,0.11,0,0.0
ppo:runs/ppo/pass2/p2b_pool_s3.json,wary,2,9001,58,0,1.0,1.0,3.0,85.0,82.0,105.0,-30.0,0.0,2.0,1.0,34.0,9.0,5.0,7.0,0.0,3.0,6.0,0.0,42.0,0.0,2.0,0.0,0.0,1.0,65.0,0.1,0,0.0
ppo:runs/ppo/pass2/p2b_pool_s3.json,wary,2,9001,59,1,1.0,1.0,60.0,83.0,23.0,103.0,-30.0,0.0,2.0,1.0,28.0,9.0,5.0,7.0,0.0,5.0,1.0,0.0,41.0,0.0,2.0,0.0,0.0,1.0,60.0,0.09,0,0.0
ppo:runs/ppo/pass2/p2b_pool_s3.json,wary,2,9001,60,1,1.0,1.0,44.0,92.0,48.0,101.0,-19.0,0.0,2.0,1.0,31.0,9.0,5.0,6.0,0.0,6.0,3.0,0.0,43.0,0.0,2.0,0.0,0.0,1.0,64.0,0.1,0,0.0
ppo:runs/ppo/pass2/p2b_pool_s3.json,wary,2,9001,61,1,0.0,0.0,-9.0,84.0,93.0,103.0,-19.0,0.0,2.0,0.0,14.0,9.0,5.0,6.0,0.0,5.0,4.0,0.0,40.0,0.0,2.0,0.0,0.0,1.0,62.0,0.08,0,0.0
ppo:runs/ppo/pass2/p2b_pool_s3.json,wary,2,9001,62,1,1.0,1.0,27.0,93.0,66.0,98.0,-15.0,0.0,2.0,1.0,38.0,9.0,4.888888888888889,6.0,1.0,8.0,4.0,0.0,44.0,0.0,2.0,0.0,0.0,1.0,65.0,0.1,0,0.0
ppo:runs/ppo/pass2/p2b_pool_s3.json,wary,2,9001,63,1,1.0,1.0,47.0,100.0,53.0,105.0,-15.0,0.0,2.0,1.0,23.0,9.0,5.0,6.0,0.0,4.0,6.0,0.0,38.0,0.0,2.0,0.0,0.0,1.0,62.0,0.09,0,0.0
ppo:runs/ppo/pass2/p2b_pool_s3.json,wary,2,9001,64,0,1.0,1.0,46.0,101.0,55.0,105.0,-14.0,0.0,2.0,1.0,29.0,9.0,5.0,6.0,0.0,6.0,0.0,0.0,48.0,0.0,2.0,0.0,0.0,1.0,66.0,0.1,0,0.0
ppo:runs/ppo/pass2/p2b_pool_s3.json,wary,2,9001,65,0,1.0,1.0,20.0,79.0,59.0,101.0,-22.0,0.0,2.0,0.0,19.0,10.0,4.4,6.0,1.0,4.0,3.0,0.0,39.0,0.0,2.0,0.0,0.0,1.0,61.0,0.09,0,0.0
ppo:runs/ppo/pass2/p2b_pool_s3.json,wary,2,9001,66,0,1.0,1.0,45.0,84.0,39.0,107.0,-33.0,0.0,2.0,1.0,22.0,8.0,5.625,7.0,0.0,6.0,2.0,1.0,46.0,0.0,2.0,0.0,0.0,1.0,65.0,0.11,0,0.0
ppo:runs/ppo/pass2/p2b_pool_s3.json,wary,2,9001,67,1,1.0,1.0,4.0,93.0,89.0,105.0,-22.0,0.0,2.0,1.0,28.0,9.0,5.0,6.0,0.0,8.0,3.0,0.0,49.0,0.0,2.0,0.0,0.0,1.0,69.0,0.11,0,0.0
ppo:runs/ppo/pass2/p2b_pool_s3.json,wary,2,9001,68,1,1.0,1.0,29.0,94.0,65.0,103.0,-19.0,0.0,2.0,1.0,27.0,9.0,5.0,6.0,0.0,8.0,3.0,0.0,43.0,0.0,2.0,0.0,0.0,1.0,63.0,0.1,0,0.0
ppo:runs/ppo/pass2/p2b_pool_s3.json,wary,2,9001,69,1,1.0,1.0,54.0,87.0,33.0,101.0,-24.0,0.0,2.0,1.0,20.0,9.0,5.0,6.0,0.0,7.0,1.0,0.0,43.0,0.0,2.0,0.0,0.0,1.0,62.0,0.09,0,0.0
ppo:runs/ppo/pass2/p2b_pool_s3.json,wary,2,9001,70,1,1.0,1.0,8.0,95.0,87.0,109.0,-14.0,0.0,2.0,0.0,21.0,8.0,5.625,7.0,0.0,6.0,2.0,0.0,46.0,0.0,2.0,0.0,0.0,1.0,64.0,0.1,0,0.0
ppo:runs/ppo/pass2/p2b_pool_s3.json,wary,2,9001,71,1,1.0,1.0,14.0,83.0,69.0,101.0,-28.0,0.0,2.0,1.0,37.0,10.0,4.5,6.0,0.0,7.0,0.0,0.0,46.0,0.0,2.0,0.0,0.0,1.0,65.0,0.09,0,0.0
ppo:runs/ppo/pass2/p2b_pool_s3.json,wary,2,9001,72,1,1.0,1.0,60.0,103.0,43.0,107.0,-14.0,0.0,2.0,1.0,27.0,8.0,5.625,7.0,0.0,7.0,5.0,1.0,45.0,0.0,2.0,0.0,0.0,1.0,68.0,0.1,0,0.0
ppo:runs/ppo/pass2/p2b_pool_s3.json,wary,2,9001,73,1,1.0,1.0,24.0,94.0,70.0,98.0,-14.0,0.0,2.0,1.0,34.0,10.0,4.5,5.0,0.0,7.0,2.0,0.0,40.0,0.0,2.0,0.0,0.0,1.0,61.0,0.09,0,0.0
ppo:runs/ppo/pass2/p2b_pool_s3.json,wary,2,9001,74,1,1.0,1.0,10.0,94.0,84.0,101.0,-17.0,0.0,2.0,1.0,28.0,9.0,5.0,6.0,0.0,4.0,4.0,0.0,44.0,0.0,2.0,0.0,0.0,1.0,66.0,0.12,0,0.0
ppo:runs/ppo/pass2/p2b_pool_s3.json,ppo:runs/ppo/pass2/p2b_pool_s3.json,2,9001,25,0,0.0,0.0,-7.0,61.0,68.0,89.0,-28.0,0.0,2.0,0.0,21.0,10.0,4.4,5.0,1.0,3.0,1.0,0.0,41.0,0.0,2.0,0.0,0.0,0.0,62.0,0.12,0,0.0
ppo:runs/ppo/pass2/p2b_pool_s3.json,ppo:runs/ppo/pass2/p2b_pool_s3.json,2,9001,26,0,0.0,0.0,-1.0,73.0,74.0,94.0,-21.0,0.0,2.0,0.0,17.0,11.0,4.0,6.0,1.0,5.0,3.0,0.0,37.0,0.0,2.0,0.0,0.0,1.0,61.0,0.13,0,0.0
ppo:runs/ppo/pass2/p2b_pool_s3.json,ppo:runs/ppo/pass2/p2b_pool_s3.json,2,9001,27,1,1.0,1.0,9.0,86.0,77.0,94.0,-18.0,0.0,2.0,1.0,25.0,11.0,4.0,5.0,1.0,7.0,0.0,1.0,40.0,0.0,2.0,0.0,0.0,1.0,64.0,0.14,0,0.0
ppo:runs/ppo/pass2/p2b_pool_s3.json,ppo:runs/ppo/pass2/p2b_pool_s3.json,2,9001,28,0,0.0,0.0,-8.0,72.0,80.0,93.0,-31.0,0.0,2.0,1.0,21.0,11.0,4.090909090909091,5.0,0.0,6.0,0.0,0.0,42.0,0.0,2.0,0.0,0.0,1.0,64.0,0.16,0,0.0
ppo:runs/ppo/pass2/p2b_pool_s3.json,ppo:runs/ppo/pass2/p2b_pool_s3.json,2,9001,29,1,1.0,1.0,14.0,80.0,66.0,96.0,-26.0,0.0,2.0,1.0,27.0,10.0,4.4,5.0,1.0,5.0,1.0,0.0,41.0,0.0,2.0,0.0,0.0,1.0,61.0,0.14,0,0.0
ppo:runs/ppo/pass2/p2b_pool_s3.json,ppo:runs/ppo/pass2/p2b_pool_s3.json,2,9001,30,0,1.0,1.0,8.0,72.0,64.0,92.0,-30.0,0.0,2.0,1.0,23.0,10.0,4.4,6.0,1.0,8.0,2.0,0.0,40.0,0.0,2.0,0.0,0.0,1.0,62.0,0.14,0,0.0
ppo:runs/ppo/pass2/p2b_pool_s3.json,ppo:runs/ppo/pass2/p2b_pool_s3.json,2,9001,31,1,1.0,1.0,10.0,79.0,69.0,87.0,-18.0,0.0,2.0,1.0,20.0,11.0,3.909090909090909,5.0,2.0,6.0,0.0,1.0,38.0,0.0,2.0,0.0,0.0,0.0,63.0,0.15,0,0.0
ppo:runs/ppo/pass2/p2b_pool_s3.json,ppo:runs/ppo/pass2/p2b_pool_s3.json,2,9001,32,1,0.0,0.0,-10.0,74.0,84.0,93.0,-19.0,0.0,2.0,0.0,18.0,11.0,4.090909090909091,5.0,0.0,5.0,1.0,0.0,41.0,0.0,2.0,0.0,0.0,1.0,63.0,0.14,0,0.0
ppo:runs/ppo/pass2/p2b_pool_s3.json,ppo:runs/ppo/pass2/p2b_pool_s3.json,2,9001,33,1,0.0,0.0,-4.0,66.0,70.0,89.0,-23.0,0.0,2.0,0.0,19.0,11.0,4.0,4.0,1.0,7.0,0.0,0.0,40.0,0.0,2.0,0.0,0.0,1.0,62.0,0.14,0,0.0
ppo:runs/ppo/pass2/p2b_pool_s3.json,ppo:runs/ppo/pass2/p2b_pool_s3.json,2,9001,34,1,0.0,0.0,-12.0,68.0,80.0,86.0,-18.0,0.0,2.0,0.0,22.0,12.0,3.6666666666666665,4.0,1.0,4.0,0.0,0.0,40.0,0.0,2.0,0.0,0.0,1.0,63.0,0.15,0,0.0
ppo:runs/ppo/pass2/p2b_pool_s3.json,ppo:runs/ppo/pass2/p2b_pool_s3.json,2,9001,35,0,1.0,1.0,31.0,78.0,47.0,94.0,-26.0,0.0,2.0,1.0,16.0,11.0,4.0,6.0,1.0,6.0,0.0,0.0,40.0,0.0,2.0,0.0,0.0,1.0,62.0,0.13,0,0.0
ppo:runs/ppo/pass2/p2b_pool_s3.json,ppo:runs/ppo/pass2/p2b_pool_s3.json,2,9001,36,1,1.0,1.0,3.0,78.0,75.0,91.0,-23.0,0.0,2.0,1.0,21.0,10.0,4.3,5.0,2.0,3.0,2.0,0.0,40.0,0.0,2.0,0.0,0.0,0.0,63.0,0.15,0,0.0
ppo:runs/ppo/pass2/p2b_pool_s3.json,ppo:runs/ppo/pass2/p2b_pool_s3.json,2,9001,37,1,0.0,0.0,-11.0,65.0,76.0,92.0,-37.0,0.0,2.0,1.0,24.0,9.0,4.777777777777778,4.0,2.0,5.0,4.0,0.0,42.0,0.0,2.0,0.0,0.0,0.0,64.0,0.16,0,0.0
ppo:runs/ppo/pass2/p2b_pool_s3.json,ppo:runs/ppo/pass2/p2b_pool_s3.json,2,9001,38,1,1.0,1.0,7.0,79.0,72.0,94.0,-25.0,0.0,2.0,1.0,16.0,8.0,5.25,6.0,3.0,7.0,0.0,0.0,44.0,0.0,2.0,0.0,0.0,0.0,60.0,0.16,0,0.0
ppo:runs/ppo/pass2/p2b_pool_s3.json,ppo:runs/ppo/pass2/p2b_pool_s3.json,2,9001,39,0,1.0,1.0,6.0,71.0,65.0,88.0,-27.0,0.0,2.0,1.0,24.0,9.0,4.666666666666667,5.0,3.0,6.0,4.0,0.0,40.0,0.0,2.0,0.0,0.0,0.0,62.0,0.15,0,0.0
ppo:runs/ppo/pass2/p2b_pool_s3.json,ppo:runs/ppo/pass2/p2b_pool_s3.json,2,9001,40,0,0.0,0.0,-16.0,68.0,84.0,83.0,-15.0,0.0,2.0,0.0,14.0,8.0,4.875,5.0,6.0,4.0,0.0,0.0,42.0,0.0,2.0,0.0,0.0,0.0,59.0,0.18,0,0.0
ppo:runs/ppo/pass2/p2b_pool_s3.json,ppo:runs/ppo/pass2/p2b_pool_s3.json,2,9001,41,0,1.0,1.0,35.0,87.0,52.0,95.0,-18.0,0.0,2.0,1.0,23.0,9.0,4.888888888888889,5.0,1.0,9.0,4.0,0.0,38.0,0.0,2.0,0.0,0.0,1.0,60.0,0.15,0,0.0
ppo:runs/ppo/pass2/p2b_pool_s3.json,ppo:runs/ppo/pass2/p2b_pool_s3.json,2,9001,42,1,1.0,1.0,3.0,76.0,73.0,87.0,-21.0,0.0,2.0,1.0,30.0,9.0,4.666666666666667,5.0,3.0,6.0,0.0,0.0,42.0,0.0,2.0,0.0,0.0,0.0,61.0,0.14,0,0.0
ppo:runs/ppo/pass2/p2b_pool_s3.json,ppo:runs/ppo/pass2/p2b_pool_s3.json,2,9001,43,1,1.0,1.0,13.0,77.0,64.0,93.0,-26.0,0.0,2.0,1.0,30.0,10.0,4.4,5.0,1.0,5.0,2.0,0.0,38.0,0.0,2.0,0.0,0.0,1.0,59.0,0.16,0,0.0
ppo:runs/ppo/pass2/p2b_pool_s3.json,ppo:runs/ppo/pass2/p2b_pool_s3.json,2,9001,44,0,1.0,1.0,4.0,74.0,70.0,96.0,-22.0,0.0,2.0,0.0,14.0,10.0,4.4,7.0,1.0,4.0,1.0,0.0,39.0,0.0,2.0,0.0,0.0,1.0,59.0,0.16,0,0.0
ppo:runs/ppo/pass2/p2b_pool_s3.json,ppo:runs/ppo/pass2/p2b_pool_s3.json,2,9001,45,1,1.0,1.0,3.0,75.0,72.0,95.0,-20.0,0.0,2.0,0.0,16.0,11.0,4.0,6.0,1.0,7.0,2.0,0.0,38.0,0.0,2.0,0.0,0.0,1.0,61.0,0.19,0,0.0
ppo:runs/ppo/pass2/p2b_pool_s3.json,ppo:runs/ppo/pass2/p2b_pool_s3.json,2,9001,46,0,0.0,0.0,-6.0,72.0,78.0,93.0,-21.0,0.0,2.0,0.0,11.0,9.0,4.777777777777778,5.0,2.0,7.0,0.0,0.0,44.0,0.0,2.0,0.0,0.0,0.0,62.0,0.15,0,0.0
ppo:runs/ppo/pass2/p2b_pool_s3.json,ppo:runs/ppo/pass2/p2b_pool_s3.json,2,9001,47,1,0.0,0.0,-23.0,69.0,92.0,90.0,-21.0,0.0,2.0,0.0,14.0,9.0,4.777777777777778,5.0,2.0,5.0,0.0,0.0,46.0,0.0,2.0,0.0,0.0,0.0,65.0,0.17,0,0.0
ppo:runs/ppo/pass2/p2b_pool_s3.json,ppo:runs/ppo/pass2/p2b_pool_s3.json,2,9001,48,0,0.0,0.0,-11.0,63.0,74.0,92.0,-29.0,0.0,2.0,0.0,23.0,12.0,3.6666666666666665,6.0,1.0,4.0,5.0,0.0,35.0,0.0,2.0,0.0,0.0,1.0,63.0,0.17,0,0.0
ppo:runs/ppo/pass2/p2b_pool_s3.json,ppo:runs/ppo/pass2/p2b_pool_s3.json,2,9001,49,0,1.0,1.0,16.0,80.0,64.0,93.0,-13.0,0.0,2.0,0.0,17.0,11.0,4.090909090909091,5.0,0.0,8.0,1.0,0.0,41.0,0.0,2.0,0.0,0.0,1.0,64.0,0.19,0,0.0
greedy,greedy,2,9001,75,0,1.0,1.0,33.0,129.0,96.0,56.0,63.0,7.0,0.0,1.0,20.0,18.0,2.5,1.0,0.0,6.0,3.0,0.0,45.0,2.0,7.0,0.0,0.0,1.0,88.0,0.02,0,0.0
greedy,greedy,2,9001,76,0,1.0,1.0,57.0,153.0,96.0,80.0,63.0,5.0,0.0,1.0,23.0,13.0,3.4615384615384617,4.0,0.0,11.0,9.0,0.0,59.0,2.0,5.0,0.0,0.0,1.0,97.0,0.02,0,0.0
greedy,greedy,2,9001,77,1,0.0,0.0,-63.0,53.0,116.0,51.0,2.0,3.0,2.0,0.0,17.0,16.0,2.4375,1.0,6.0,5.0,5.0,0.0,41.0,1.0,5.0,0.0,0.0,0.0,81.0,0.02,0,0.0
greedy,greedy,2,9001,78,0,1.0,1.0,7.0,116.0,109.0,62.0,44.0,4.0,0.0,1.0,28.0,17.0,2.6470588235294117,1.0,0.0,4.0,12.0,0.0,34.0,1.0,4.0,0.0,0.0,1.0,81.0,0.02,0,0.0
greedy,greedy,2,9001,79,1,1.0,1.0,27.0,114.0,87.0,63.0,41.0,5.0,0.0,1.0,23.0,16.0,2.8125,0.0,0.0,6.0,6.0,0.0,46.0,2.0,5.0,0.0,0.0,1.0,87.0,0.02,0,0.0
greedy,greedy,2,9001,80,1,0.0,0.0,-16.0,95.0,111.0,54.0,41.0,6.0,1.0,0.0,15.0,14.0,2.7142857142857144,1.0,7.0,7.0,2.0,0.0,46.0,2.0,7.0,0.0,0.0,0.0,81.0,0.02,0,0.0
greedy,greedy,2,9001,81,0,0.0,0.0,-38.0,90.0,128.0,56.0,34.0,3.0,0.0,0.0,14.0,9.0,3.5555555555555554,3.0,13.0,7.0,12.0,0.0,52.0,0.0,3.0,0.0,0.0,0.0,83.0,0.02,0,0.0
greedy,greedy,2,9001,82,1,1.0,1.0,3.0,116.0,113.0,60.0,56.0,6.0,0.0,0.0,17.0,18.0,2.5,1.0,0.0,8.0,2.0,0.0,42.0,2.0,6.0,0.0,0.0,1.0,83.0,0.02,0,0.0
greedy,greedy,2,9001,83,0,0.0,0.0,-1.0,129.0,130.0,61.0,68.0,7.0,0.0,0.0,15.0,18.0,2.5,2.0,0.0,5.0,9.0,0.0,37.0,2.0,7.0,0.0,0.0,1.0,86.0,0.02,0,0.0
greedy,greedy,2,9001,84,0,1.0,1.0,7.0,117.0,110.0,52.0,55.0,6.0,0.0,1.0,20.0,16.0,2.4375,1.0,6.0,5.0,8.0,0.0,38.0,3.0,6.0,0.0,0.0,0.0,85.0,0.01,0,0.0
greedy,greedy,2,9001,85,0,1.0,1.0,19.0,121.0,102.0,71.0,40.0,4.0,0.0,1.0,36.0,15.0,3.0,3.0,0.0,1.0,31.0,0.0,17.0,1.0,4.0,0.0,0.0,1.0,80.0,0.01,0,0.0
greedy,greedy,2,9001,86,1,1.0,1.0,53.0,137.0,84.0,59.0,68.0,7.0,0.0,1.0,30.0,18.0,2.5,1.0,0.0,9.0,3.0,0.0,49.0,2.0,7.0,0.0,0.0,1.0,91.0,0.02,0,0.0
greedy,greedy,2,9001,87,0,0.0,0.0,-5.0,109.0,114.0,72.0,27.0,4.0,1.0,1.0,21.0,11.0,3.4545454545454546,3.0,7.0,7.0,7.0,0.0,49.0,2.0,5.0,0.0,0.0,0.0,83.0,0.02,0,0.0
greedy,greedy,2,9001,88,0,1.0,1.0,60.0,129.0,69.0,74.0,45.0,5.0,0.0,1.0,25.0,14.0,3.2142857142857144,3.0,0.0,7.0,9.0,0.0,45.0,2.0,5.0,0.0,0.0,1.0,85.0,0.02,0,0.0
greedy,greedy,2,9001,89,0,0.0,0.0,-27.0,105.0,132.0,66.0,39.0,4.0,1.0,0.0,20.0,14.0,3.0,2.0,3.0,5.0,21.0,0.0,35.0,2.0,5.0,0.0,0.0,0.0,89.0,0.02,0,0.0
greedy,greedy,2,9001,90,0,1.0,1.0,72.0,162.0,90.0,75.0,77.0,5.0,0.0,1.0,33.0,14.0,3.2142857142857144,3.0,0.0,9.0,11.0,0.0,41.0,2.0,5.0,0.0,0.0,1.0,84.0,0.02,0,0.0
greedy,greedy,2,9001,91,0,1.0,1.0,25.0,114.0,89.0,56.0,48.0,5.0,0.0,1.0,24.0,18.0,2.5,0.0,0.0,5.0,20.0,0.0,26.0,1.0,5.0,0.0,0.0,1.0,84.0,0.02,0,0.0
greedy,greedy,2,9001,92,0,1.0,1.0,9.0,126.0,117.0,70.0,46.0,5.0,0.0,1.0,36.0,16.0,2.8125,1.0,0.0,4.0,15.0,0.0,37.0,1.0,5.0,0.0,0.0,1.0,85.0,0.02,0,0.0
greedy,greedy,2,9001,93,0,1.0,1.0,14.0,116.0,102.0,63.0,43.0,5.0,0.0,1.0,22.0,17.0,2.588235294117647,1.0,1.0,5.0,8.0,0.0,38.0,1.0,5.0,0.0,0.0,0.0,83.0,0.02,0,0.0
greedy,greedy,2,9001,94,1,0.0,0.0,-28.0,124.0,152.0,65.0,59.0,5.0,0.0,0.0,22.0,15.0,2.8,2.0,3.0,5.0,10.0,0.0,44.0,1.0,5.0,0.0,0.0,0.0,87.0,0.02,0,0.0
greedy,greedy,2,9001,95,0,1.0,1.0,21.0,111.0,90.0,66.0,35.0,4.0,0.0,1.0,30.0,16.0,2.8125,2.0,0.0,7.0,11.0,0.0,43.0,1.0,4.0,0.0,0.0,1.0,87.0,0.04,0,0.0
greedy,greedy,2,9001,96,1,0.0,0.0,-45.0,85.0,130.0,55.0,30.0,3.0,0.0,0.0,17.0,13.0,2.769230769230769,1.0,9.0,6.0,4.0,0.0,54.0,0.0,3.0,0.0,0.0,0.0,85.0,0.04,0,0.0
greedy,greedy,2,9001,97,0,0.0,0.0,-17.0,106.0,123.0,51.0,55.0,6.0,0.0,0.0,22.0,17.0,2.4705882352941178,0.0,3.0,6.0,7.0,0.0,47.0,2.0,6.0,0.0,0.0,0.0,93.0,0.04,0,0.0
greedy,greedy,2,9001,98,1,1.0,1.0,13.0,123.0,110.0,64.0,59.0,5.0,0.0,0.0,24.0,16.0,2.8125,1.0,0.0,7.0,4.0,0.0,40.0,2.0,5.0,0.0,0.0,1.0,80.0,0.03,0,0.0
greedy,greedy,2,9001,99,1,1.0,1.0,8.0,108.0,100.0,63.0,45.0,5.0,0.0,0.0,14.0,17.0,2.6470588235294117,1.0,0.0,6.0,2.0,0.0,52.0,1.0,5.0,0.0,0.0,1.0,90.0,0.02,0,0.0
racer,racer,2,9001,75,0,0.0,0.0,-26.0,66.0,92.0,87.0,-21.0,0.0,2.0,0.0,10.0,7.0,5.428571428571429,6.0,7.0,4.0,5.0,0.0,45.0,0.0,2.0,0.0,0.0,0.0,65.0,0.02,0,0.0
racer,racer,2,9001,76,0,0.0,0.0,-4.0,76.0,80.0,100.0,-24.0,0.0,2.0,0.0,14.0,10.0,4.5,7.0,0.0,6.0,8.0,0.0,36.0,0.0,2.0,0.0,0.0,1.0,63.0,0.01,0,0.0
racer,racer,2,9001,77,1,0.0,0.0,-18.0,74.0,92.0,90.0,-16.0,0.0,2.0,0.0,12.0,7.0,5.571428571428571,7.0,6.0,5.0,1.0,0.0,45.0,0.0,2.0,0.0,0.0,0.0,61.0,0.01,0,0.0
racer,racer,2,9001,78,0,1.0,1.0,2.0,85.0,83.0,103.0,-28.0,0.0,2.0,1.0,25.0,9.0,5.0,7.0,0.0,4.0,6.0,0.0,40.0,0.0,2.0,0.0,0.0,1.0,63.0,0.01,0,0.0
racer,racer,2,9001,79,1,1.0,1.0,12.0,91.0,79.0,100.0,-19.0,0.0,2.0,1.0,21.0,10.0,4.5,7.0,0.0,5.0,5.0,0.0,41.0,0.0,2.0,0.0,0.0,1.0,65.0,0.01,0,0.0
racer,racer,2,9001,80,1,0.0,0.0,-20.0,73.0,93.0,85.0,-12.0,0.0,2.0,0.0,11.0,7.0,5.428571428571429,7.0,7.0,5.0,4.0,0.0,50.0,0.0,2.0,0.0,0.0,0.0,69.0,0.01,0,0.0
racer,racer,2,9001,81,0,0.0,0.5,0.0,86.0,86.0,97.0,-21.0,0.0,2.0,1.0,16.0,8.0,5.375,7.0,2.0,3.0,4.0,0.0,42.0,0.0,2.0,0.0,0.0,0.0,63.0,0.01,0,0.0
racer,racer,2,9001,82,1,0.0,0.0,-15.0,81.0,96.0,100.0,-19.0,0.0,2.0,0.0,12.0,8.0,5.5,8.0,1.0,9.0,6.0,0.0,44.0,0.0,2.0,0.0,0.0,0.0,66.0,0.01,0,0.0
racer,racer,2,9001,83,0,1.0,1.0,13.0,86.0,73.0,101.0,-25.0,0.0,2.0,1.0,14.0,9.0,5.0,7.0,0.0,6.0,8.0,0.0,38.0,0.0,2.0,0.0,0.0,1.0,64.0,0.02,0,0.0
racer,racer,2,9001,84,0,0.0,0.0,-4.0,84.0,88.0,101.0,-17.0,0.0,2.0,0.0,14.0,9.0,5.0,7.0,0.0,5.0,3.0,0.0,43.0,0.0,2.0,0.0,0.0,1.0,64.0,0.01,0,0.0
racer,racer,2,9001,85,0,1.0,1.0,10.0,89.0,79.0,99.0,-20.0,0.0,2.0,1.0,26.0,8.0,5.375,7.0,2.0,11.0,11.0,0.0,35.0,0.0,2.0,0.0,0.0,0.0,63.0,0.02,0,0.0
racer,racer,2,9001,86,1,1.0,1.0,31.0,99.0,68.0,103.0,-14.0,0.0,2.0,1.0,27.0,9.0,5.0,7.0,0.0,8.0,7.0,0.0,41.0,0.0,2.0,0.0,0.0,1.0,65.0,0.05,0,0.0
racer,racer,2,9001,87,0,1.0,1.0,23.0,97.0,74.0,101.0,-14.0,0.0,2.0,1.0,12.0,9.0,5.0,7.0,0.0,11.0,0.0,0.0,44.0,0.0,2.0,0.0,0.0,1.0,62.0,0.02,0,0.0
racer,racer,2,9001,88,0,0.0,0.0,-3.0,85.0,88.0,103.0,-18.0,0.0,2.0,0.0,11.0,9.0,5.0,7.0,0.0,9.0,2.0,0.0,50.0,0.0,2.0,0.0,0.0,1.0,69.0,0.03,0,0.0
racer,racer,2,9001,89,0,1.0,1.0,17.0,90.0,73.0,101.0,-21.0,0.0,2.0,1.0,17.0,9.0,5.0,8.0,0.0,8.0,8.0,0.0,44.0,0.0,2.0,0.0,0.0,1.0,70.0,0.02,0,0.0
racer,racer,2,9001,90,0,0.0,0.0,-5.0,83.0,88.0,97.0,-24.0,0.0,2.0,1.0,15.0,8.0,5.375,7.0,2.0,7.0,6.0,0.0,42.0,0.0,2.0,0.0,0.0,0.0,65.0,0.02,0,0.0
racer,racer,2,9001,91,0,1.0,1.0,37.0,98.0,61.0,107.0,-19.0,0.0,2.0,1.0,18.0,8.0,5.625,7.0,0.0,6.0,4.0,0.0,48.0,0.0,2.0,0.0,0.0,1.0,68.0,0.02,0,0.0
racer,racer,2,9001,92,0,1.0,1.0,13.0,90.0,77.0,100.0,-20.0,0.0,2.0,1.0,12.0,10.0,4.5,7.0,0.0,8.0,7.0,0.0,39.0,0.0,2.0,0.0,0.0,1.0,65.0,0.01,0,0.0
racer,racer,2,9001,93,0,0.0,0.0,-3.0,85.0,88.0,102.0,-17.0,0.0,2.0,0.0,16.0,8.0,5.5,7.0,1.0,5.0,4.0,0.0,48.0,0.0,2.0,0.0,0.0,0.0,69.0,0.01,0,0.0
racer,racer,2,9001,94,1,1.0,1.0,17.0,95.0,78.0,103.0,-18.0,0.0,2.0,1.0,23.0,9.0,5.0,7.0,0.0,8.0,3.0,0.0,47.0,0.0,2.0,0.0,0.0,1.0,68.0,0.01,0,0.0
racer,racer,2,9001,95,0,1.0,1.0,18.0,97.0,79.0,103.0,-16.0,0.0,2.0,1.0,22.0,9.0,5.0,7.0,0.0,7.0,4.0,0.0,46.0,0.0,2.0,0.0,0.0,1.0,67.0,0.01,0,0.0
racer,racer,2,9001,96,1,0.0,0.0,-10.0,79.0,89.0,87.0,-18.0,0.0,2.0,1.0,27.0,7.0,5.428571428571429,6.0,7.0,4.0,7.0,0.0,41.0,0.0,2.0,0.0,0.0,0.0,63.0,0.01,0,0.0
racer,racer,2,9001,97,0,0.0,0.0,-10.0,89.0,99.0,100.0,-11.0,0.0,2.0,0.0,16.0,8.0,5.5,8.0,1.0,6.0,4.0,0.0,50.0,0.0,2.0,0.0,0.0,0.0,71.0,0.02,0,0.0
racer,racer,2,9001,98,1,0.0,0.0,-34.0,66.0,100.0,92.0,-26.0,0.0,2.0,0.0,16.0,7.0,5.571428571428571,6.0,6.0,7.0,6.0,0.0,44.0,0.0,2.0,0.0,0.0,0.0,65.0,0.01,0,0.0
racer,racer,2,9001,99,1,0.0,0.0,-23.0,75.0,98.0,92.0,-17.0,0.0,2.0,0.0,12.0,8.0,5.125,7.0,4.0,6.0,8.0,0.0,32.0,0.0,2.0,0.0,0.0,0.0,57.0,0.01,0,0.0
greedy,racer,2,9001,75,0,0.0,0.0,-29.0,69.0,98.0,44.0,25.0,4.0,1.0,0.0,18.0,12.0,2.6666666666666665,1.0,13.0,6.0,5.0,0.0,37.0,1.0,5.0,0.0,0.0,0.0,69.0,0.02,0,0.0
greedy,racer,2,9001,76,0,0.0,0.0,-31.0,71.0,102.0,47.0,24.0,2.0,0.0,0.0,18.0,9.0,3.111111111111111,2.0,17.0,9.0,6.0,0.0,48.0,0.0,2.0,0.0,0.0,0.0,72.0,0.02,0,0.0
greedy,racer,2,9001,77,1,0.0,0.0,-46.0,55.0,101.0,37.0,18.0,3.0,1.0,0.0,15.0,12.0,2.4166666666666665,0.0,16.0,4.0,3.0,0.0,33.0,1.0,4.0,0.0,0.0,0.0,63.0,0.01,0,0.0
greedy,racer,2,9001,78,0,0.0,0.0,-24.0,81.0,105.0,44.0,37.0,3.0,0.0,0.0,15.0,14.0,2.5,0.0,10.0,5.0,11.0,0.0,33.0,1.0,3.0,0.0,0.0,0.0,74.0,0.01,0,0.0
greedy,racer,2,9001,79,1,0.0,0.0,-29.0,72.0,101.0,51.0,21.0,4.0,1.0,0.0,16.0,14.0,2.642857142857143,0.0,8.0,5.0,9.0,0.0,27.0,2.0,5.0,0.0,0.0,0.0,68.0,0.02,0,0.0
greedy,racer,2,9001,80,1,1.0,1.0,7.0,104.0,97.0,49.0,55.0,7.0,0.0,0.0,15.0,13.0,2.6923076923076925,1.0,10.0,4.0,1.0,0.0,43.0,2.0,7.0,0.0,0.0,0.0,75.0,0.01,0,0.0
greedy,racer,2,9001,81,0,0.0,0.0,-16.0,76.0,92.0,51.0,25.0,3.0,1.0,0.0,15.0,12.0,2.9166666666666665,2.0,10.0,5.0,6.0,0.0,40.0,1.0,4.0,0.0,0.0,0.0,73.0,0.01,0,0.0
greedy,racer,2,9001,82,1,0.0,0.0,-43.0,59.0,102.0,47.0,12.0,2.0,1.0,0.0,15.0,10.0,2.9,2.0,16.0,5.0,4.0,0.0,44.0,1.0,3.0,0.0,0.0,0.0,70.0,0.03,0,0.0
greedy,racer,2,9001,83,0,1.0,1.0,17.0,102.0,85.0,48.0,44.0,6.0,2.0,1.0,20.0,13.0,2.6923076923076925,1.0,10.0,0.0,9.0,0.0,29.0,2.0,8.0,0.0,0.0,0.0,69.0,0.01,0,0.0
greedy,racer,2,9001,84,0,0.0,0.0,-7.0,83.0,90.0,42.0,31.0,4.0,1.0,1.0,16.0,13.0,2.3846153846153846,1.0,14.0,5.0,10.0,0.0,40.0,1.0,5.0,0.0,0.0,0.0,79.0,0.02,0,0.0
greedy,racer,2,9001,85,0,0.0,0.0,-34.0,63.0,97.0,52.0,11.0,2.0,1.0,0.0,17.0,11.0,2.909090909090909,2.0,13.0,5.0,11.0,0.0,35.0,0.0,3.0,0.0,0.0,0.0,69.0,0.03,0,0.0
greedy,racer,2,9001,86,1,0.0,0.0,-8.0,79.0,87.0,38.0,31.0,5.0,2.0,1.0,25.0,15.0,2.1333333333333333,0.0,13.0,5.0,9.0,0.0,23.0,2.0,7.0,0.0,0.0,0.0,66.0,0.02,0,0.0
greedy,racer,2,9001,87,0,0.0,0.0,-20.0,69.0,89.0,47.0,12.0,3.0,1.0,1.0,14.0,12.0,2.6666666666666665,1.0,13.0,6.0,2.0,0.0,38.0,1.0,4.0,0.0,0.0,0.0,67.0,0.02,0,0.0
greedy,racer,2,9001,88,0,1.0,1.0,36.0,126.0,90.0,71.0,45.0,5.0,0.0,1.0,20.0,14.0,3.2142857142857144,2.0,0.0,4.0,16.0,0.0,30.0,2.0,5.0,0.0,0.0,1.0,77.0,0.02,0,0.0
greedy,racer,2,9001,89,0,0.0,0.0,-36.0,64.0,100.0,31.0,33.0,3.0,0.0,0.0,12.0,11.0,2.272727272727273,0.0,20.0,5.0,13.0,0.0,31.0,0.0,3.0,0.0,0.0,0.0,67.0,0.01,0,0.0
greedy,racer,2,9001,90,0,0.0,0.0,-7.0,89.0,96.0,53.0,26.0,3.0,1.0,1.0,26.0,11.0,3.0,2.0,12.0,2.0,14.0,0.0,32.0,1.0,4.0,0.0,0.0,0.0,71.0,0.01,0,0.0
greedy,racer,2,9001,91,0,0.0,0.0,-52.0,53.0,105.0,38.0,15.0,2.0,1.0,0.0,16.0,12.0,2.4166666666666665,0.0,16.0,2.0,11.0,0.0,29.0,0.0,3.0,0.0,0.0,0.0,65.0,0.02,0,0.0
greedy,racer,2,9001,92,0,0.0,0.0,-28.0,61.0,89.0,44.0,7.0,2.0,1.0,1.0,23.0,13.0,2.3846153846153846,1.0,14.0,3.0,15.0,0.0,35.0,0.0,3.0,0.0,0.0,0.0,76.0,0.02,0,0.0
greedy,racer,2,9001,93,0,0.0,0.0,-15.0,81.0,96.0,46.0,35.0,5.0,1.0,0.0,16.0,14.0,2.4285714285714284,1.0,11.0,5.0,10.0,0.0,26.0,2.0,6.0,0.0,0.0,0.0,69.0,0.02,0,0.0
greedy,racer,2,9001,94,1,0.0,0.0,-25.0,72.0,97.0,37.0,25.0,5.0,2.0,1.0,18.0,15.0,2.1333333333333333,0.0,13.0,5.0,5.0,0.0,29.0,2.0,7.0,0.0,0.0,0.0,69.0,0.02,0,0.0
greedy,racer,2,9001,95,0,0.0,0.0,-54.0,47.0,101.0,41.0,6.0,2.0,1.0,0.0,9.0,10.0,2.7,1.0,18.0,7.0,3.0,0.0,43.0,0.0,3.0,0.0,0.0,0.0,66.0,0.01,0,0.0
greedy,racer,2,9001,96,1,0.0,0.0,-44.0,64.0,108.0,42.0,22.0,3.0,1.0,0.0,12.0,13.0,2.4615384615384617,0.0,13.0,3.0,10.0,0.0,34.0,1.0,4.0,0.0,0.0,0.0,73.0,0.01,0,0.0
greedy,racer,2,9001,97,0,0.0,0.0,-45.0,60.0,105.0,41.0,19.0,5.0,1.0,0.0,17.0,15.0,2.2666666666666666,0.0,11.0,2.0,11.0,0.0,25.0,1.0,6.0,0.0,0.0,0.0,69.0,0.02,0,0.0
greedy,racer,2,9001,98,1,1.0,1.0,33.0,131.0,98.0,53.0,68.0,6.0,0.0,1.0,22.0,17.0,2.4705882352941178,0.0,3.0,4.0,6.0,0.0,36.0,2.0,6.0,0.0,0.0,0.0,81.0,0.01,0,0.0
greedy,racer,2,9001,99,1,0.0,0.0,-56.0,51.0,107.0,42.0,9.0,2.0,1.0,0.0,12.0,12.0,2.5,1.0,15.0,6.0,1.0,0.0,35.0,0.0,3.0,0.0,0.0,0.0,61.0,0.01,0,0.0
ppo:runs/ppo/pass2/p2b_pool_s3.json,collector,2,9001,50,1,0.0,0.0,-12.0,81.0,93.0,99.0,-28.0,0.0,2.0,1.0,37.0,10.0,4.5,6.0,0.0,5.0,5.0,0.0,39.0,0.0,2.0,0.0,0.0,1.0,63.0,0.09,0,0.0
ppo:runs/ppo/pass2/p2b_pool_s3.json,collector,2,9001,51,1,1.0,1.0,33.0,94.0,61.0,101.0,-17.0,0.0,2.0,1.0,41.0,9.0,5.0,6.0,0.0,8.0,6.0,0.0,44.0,0.0,2.0,0.0,0.0,1.0,68.0,0.1,0,0.0
ppo:runs/ppo/pass2/p2b_pool_s3.json,collector,2,9001,52,0,1.0,1.0,65.0,99.0,34.0,105.0,-16.0,0.0,2.0,1.0,29.0,9.0,5.0,6.0,0.0,4.0,0.0,0.0,44.0,0.0,2.0,0.0,0.0,1.0,61.0,0.1,0,0.0
ppo:runs/ppo/pass2/p2b_pool_s3.json,collector,2,9001,53,1,1.0,1.0,65.0,95.0,30.0,101.0,-16.0,0.0,2.0,1.0,19.0,10.0,4.4,6.0,1.0,8.0,2.0,0.0,40.0,0.0,2.0,0.0,0.0,1.0,62.0,0.1,0,0.0
ppo:runs/ppo/pass2/p2b_pool_s3.json,collector,2,9001,54,1,1.0,1.0,18.0,88.0,70.0,102.0,-24.0,0.0,2.0,1.0,28.0,9.0,4.888888888888889,6.0,1.0,5.0,6.0,0.0,38.0,0.0,2.0,0.0,0.0,1.0,61.0,0.11,0,0.0
ppo:runs/ppo/pass2/p2b_pool_s3.json,collector,2,9001,55,1,1.0,1.0,35.0,85.0,50.0,101.0,-26.0,0.0,2.0,1.0,30.0,9.0,5.0,6.0,0.0,4.0,2.0,0.0,46.0,0.0,2.0,0.0,0.0,1.0,66.0,0.1,0,0.0
ppo:runs/ppo/pass2/p2b_pool_s3.json,collector,2,9001,56,0,1.0,1.0,43.0,102.0,59.0,105.0,-13.0,1.0,1.0,1.0,34.0,9.0,5.0,6.0,0.0,8.0,5.0,0.0,41.0,0.0,2.0,0.0,0.0,1.0,64.0,0.09,0,0.0
ppo:runs/ppo/pass2/p2b_pool_s3.json,collector,2,9001,57,0,1.0,1.0,55.0,90.0,35.0,103.0,-23.0,0.0,2.0,1.0,26.0,9.0,5.0,6.0,0.0,6.0,1.0,0.0,47.0,0.0,2.0,0.0,0.0,1.0,65.0,0.12,0,0.0
ppo:runs/ppo/pass2/p2b_pool_s3.json,collector,2,9001,58,0,1.0,1.0,73.0,82.0,9.0,102.0,-30.0,0.0,2.0,1.0,31.0,10.0,4.5,6.0,0.0,5.0,6.0,0.0,38.0,0.0,2.0,0.0,0.0,1.0,63.0,0.1,0,0.0
ppo:runs/ppo/pass2/p2b_pool_s3.json,collector,2,9001,59,1,1.0,1.0,37.0,83.0,46.0,103.0,-30.0,0.0,2.0,1.0,24.0,9.0,5.0,7.0,0.0,5.0,1.0,0.0,43.0,0.0,2.0,0.0,0.0,1.0,62.0,0.11,0,0.0
ppo:runs/ppo/pass2/p2b_pool_s3.json,collector,2,9001,60,1,1.0,1.0,49.0,91.0,42.0,100.0,-19.0,0.0,2.0,1.0,32.0,9.0,5.0,5.0,0.0,7.0,4.0,1.0,42.0,0.0,2.0,0.0,0.0,1.0,66.0,0.1,0,0.0
ppo:runs/ppo/pass2/p2b_pool_s3.json,collector,2,9001,61,1,1.0,1.0,55.0,92.0,37.0,101.0,-19.0,0.0,2.0,1.0,30.0,9.0,5.0,6.0,0.0,6.0,4.0,0.0,40.0,0.0,2.0,0.0,0.0,1.0,62.0,0.1,0,0.0
ppo:runs/ppo/pass2/p2b_pool_s3.json,collector,2,9001,62,1,1.0,1.0,19.0,98.0,79.0,103.0,-15.0,0.0,2.0,1.0,27.0,9.0,5.0,6.0,0.0,8.0,2.0,0.0,44.0,0.0,2.0,0.0,0.0,1.0,63.0,0.09,0,0.0
ppo:runs/ppo/pass2/p2b_pool_s3.json,collector,2,9001,63,1,1.0,1.0,46.0,100.0,54.0,105.0,-15.0,0.0,2.0,1.0,27.0,9.0,5.0,6.0,0.0,4.0,6.0,0.0,36.0,0.0,2.0,0.0,0.0,1.0,60.0,0.09,0,0.0
ppo:runs/ppo/pass2/p2b_pool_s3.json,collector,2,9001,64,0,1.0,1.0,46.0,101.0,55.0,105.0,-14.0,0.0,2.0,1.0,29.0,9.0,5.0,6.0,0.0,6.0,0.0,0.0,48.0,0.0,2.0,0.0,0.0,1.0,66.0,0.09,0,0.0
ppo:runs/ppo/pass2/p2b_pool_s3.json,collector,2,9001,65,0,1.0,1.0,23.0,83.0,60.0,105.0,-22.0,0.0,2.0,0.0,13.0,9.0,5.0,7.0,0.0,5.0,3.0,0.0,45.0,0.0,2.0,0.0,0.0,1.0,65.0,0.11,0,0.0
ppo:runs/ppo/pass2/p2b_pool_s3.json,collector,2,9001,66,0,1.0,1.0,10.0,82.0,72.0,105.0,-33.0,0.0,2.0,1.0,22.0,9.0,5.0,7.0,0.0,5.0,2.0,0.0,48.0,0.0,2.0,0.0,0.0,1.0,67.0,0.1,0,0.0
ppo:runs/ppo/pass2/p2b_pool_s3.json,collector,2,9001,67,1,1.0,1.0,85.0,91.0,6.0,103.0,-22.0,0.0,2.0,1.0,27.0,9.0,5.0,6.0,0.0,9.0,3.0,0.0,43.0,0.0,2.0,0.0,0.0,1.0,63.0,0.11,0,0.0
ppo:runs/ppo/pass2/p2b_pool_s3.json,collector,2,9001,68,1,1.0,1.0,96.0,100.0,4.0,109.0,-19.0,0.0,2.0,1.0,21.0,8.0,5.625,7.0,0.0,8.0,5.0,0.0,47.0,0.0,2.0,0.0,0.0,1.0,67.0,0.12,0,0.0
ppo:runs/ppo/pass2/p2b_pool_s3.json,collector,2,9001,69,1,1.0,1.0,68.0,89.0,21.0,103.0,-24.0,0.0,2.0,1.0,19.0,9.0,5.0,7.0,0.0,5.0,1.0,0.0,45.0,0.0,2.0,0.0,0.0,1.0,64.0,0.12,0,0.0
ppo:runs/ppo/pass2/p2b_pool_s3.json,collector,2,9001,70,1,1.0,1.0,67.0,99.0,32.0,103.0,-14.0,0.0,2.0,1.0,27.0,9.0,4.888888888888889,7.0,1.0,5.0,1.0,0.0,41.0,0.0,2.0,0.0,0.0,1.0,60.0,0.1,0,0.0
ppo:runs/ppo/pass2/p2b_pool_s3.json,collector,2,9001,71,1,1.0,1.0,19.0,81.0,62.0,99.0,-28.0,0.0,2.0,1.0,42.0,10.0,4.5,6.0,0.0,8.0,0.0,0.0,50.0,0.0,2.0,0.0,0.0,1.0,69.0,0.12,0,0.0
ppo:runs/ppo/pass2/p2b_pool_s3.json,collector,2,9001,72,1,1.0,1.0,56.0,93.0,37.0,107.0,-14.0,0.0,2.0,0.0,18.0,8.0,5.625,7.0,0.0,8.0,7.0,0.0,43.0,0.0,2.0,0.0,0.0,1.0,66.0,0.11,0,0.0
ppo:runs/ppo/pass2/p2b_pool_s3.json,collector,2,9001,73,1,1.0,1.0,54.0,99.0,45.0,103.0,-14.0,0.0,2.0,1.0,39.0,9.0,4.888888888888889,7.0,1.0,8.0,2.0,0.0,44.0,0.0,2.0,0.0,0.0,1.0,63.0,0.09,0,0.0
ppo:runs/ppo/pass2/p2b_pool_s3.json,collector,2,9001,74,1,1.0,1.0,60.0,92.0,32.0,99.0,-17.0,0.0,2.0,1.0,28.0,10.0,4.5,6.0,0.0,5.0,5.0,0.0,39.0,0.0,2.0,0.0,0.0,1.0,64.0,0.1,0,0.0
racer,wary,2,9001,75,0,0.0,0.0,-14.0,88.0,102.0,109.0,-21.0,0.0,2.0,0.0,21.0,8.0,5.625,7.0,0.0,7.0,4.0,0.0,54.0,0.0,2.0,0.0,0.0,1.0,74.0,0.02,0,0.0
racer,wary,2,9001,76,0,0.0,0.0,-4.0,95.0,99.0,109.0,-24.0,0.0,2.0,1.0,18.0,8.0,5.625,7.0,0.0,7.0,3.0,0.0,61.0,0.0,2.0,0.0,0.0,1.0,79.0,0.02,0,0.0
racer,wary,2,9001,77,1,1.0,1.0,19.0,93.0,74.0,109.0,-16.0,0.0,2.0,0.0,12.0,8.0,5.625,7.0,0.0,5.0,6.0,0.0,44.0,0.0,2.0,0.0,0.0,1.0,66.0,0.02,0,0.0
racer,wary,2,9001,78,0,0.0,0.0,-22.0,81.0,103.0,109.0,-28.0,0.0,2.0,0.0,15.0,8.0,5.625,7.0,0.0,8.0,4.0,0.0,58.0,0.0,2.0,0.0,0.0,1.0,77.0,0.02,0,0.0
racer,wary,2,9001,79,1,1.0,1.0,28.0,100.0,72.0,109.0,-19.0,0.0,2.0,1.0,27.0,8.0,5.625,7.0,0.0,2.0,6.0,0.0,48.0,0.0,2.0,0.0,0.0,1.0,69.0,0.02,0,0.0
racer,wary,2,9001,80,1,1.0,1.0,20.0,107.0,87.0,109.0,-12.0,0.0,2.0,1.0,21.0,8.0,5.625,7.0,0.0,5.0,2.0,0.0,52.0,0.0,2.0,0.0,0.0,1.0,70.0,0.02,0,0.0
racer,wary,2,9001,81,0,0.0,0.0,-21.0,88.0,109.0,109.0,-21.0,0.0,2.0,0.0,12.0,8.0,5.625,7.0,0.0,6.0,8.0,0.0,46.0,0.0,2.0,0.0,0.0,1.0,70.0,0.01,0,0.0
racer,wary,2,9001,82,1,0.0,0.0,-8.0,90.0,98.0,109.0,-19.0,0.0,2.0,0.0,12.0,8.0,5.625,7.0,0.0,7.0,8.0,0.0,54.0,0.0,2.0,0.0,0.0,1.0,77.0,0.01,0,0.0
racer,wary,2,9001,83,0,0.0,0.0,-46.0,75.0,121.0,100.0,-25.0,0.0,2.0,0.0,18.0,7.0,5.857142857142857,7.0,4.0,5.0,9.0,0.0,49.0,0.0,2.0,0.0,0.0,0.0,73.0,0.02,0,0.0
racer,wary,2,9001,84,0,1.0,1.0,24.0,102.0,78.0,109.0,-17.0,0.0,2.0,1.0,21.0,8.0,5.625,7.0,0.0,6.0,3.0,0.0,51.0,0.0,2.0,0.0,0.0,1.0,70.0,0.01,0,0.0
racer,wary,2,9001,85,0,1.0,1.0,39.0,99.0,60.0,109.0,-20.0,0.0,2.0,1.0,15.0,8.0,5.625,7.0,0.0,8.0,6.0,0.0,46.0,0.0,2.0,0.0,0.0,1.0,68.0,0.01,0,0.0
racer,wary,2,9001,86,1,1.0,1.0,36.0,105.0,69.0,109.0,-14.0,0.0,2.0,1.0,21.0,8.0,5.625,7.0,0.0,7.0,11.0,0.0,47.0,0.0,2.0,0.0,0.0,1.0,73.0,0.01,0,0.0
racer,wary,2,9001,87,0,1.0,1.0,46.0,104.0,58.0,108.0,-14.0,0.0,2.0,1.0,19.0,9.0,5.0,7.0,0.0,6.0,6.0,0.0,42.0,0.0,2.0,0.0,0.0,1.0,66.0,0.01,0,0.0
racer,wary,2,9001,88,0,1.0,1.0,26.0,91.0,65.0,109.0,-18.0,0.0,2.0,0.0,12.0,8.0,5.625,7.0,0.0,9.0,4.0,0.0,50.0,0.0,2.0,0.0,0.0,1.0,69.0,0.02,0,0.0
racer,wary,2,9001,89,0,1.0,1.0,4.0,98.0,94.0,109.0,-21.0,0.0,2.0,1.0,15.0,8.0,5.625,7.0,0.0,10.0,7.0,0.0,47.0,0.0,2.0,0.0,0.0,1.0,70.0,0.01,0,0.0
racer,wary,2,9001,90,0,1.0,1.0,47.0,95.0,48.0,109.0,-24.0,0.0,2.0,1.0,18.0,8.0,5.625,7.0,0.0,11.0,5.0,0.0,59.0,0.0,2.0,0.0,0.0,0.0,81.0,0.02,0,0.0
racer,wary,2,9001,91,0,1.0,1.0,22.0,100.0,78.0,109.0,-19.0,0.0,2.0,1.0,27.0,8.0,5.625,7.0,0.0,6.0,4.0,0.0,44.0,0.0,2.0,0.0,0.0,1.0,64.0,0.01,0,0.0
racer,wary,2,9001,92,0,0.0,0.0,-3.0,89.0,92.0,109.0,-20.0,0.0,2.0,0.0,12.0,8.0,5.625,7.0,0.0,7.0,3.0,0.0,55.0,0.0,2.0,0.0,0.0,1.0,73.0,0.01,0,0.0
racer,wary,2,9001,93,0,1.0,1.0,27.0,102.0,75.0,109.0,-17.0,0.0,2.0,1.0,21.0,8.0,5.625,7.0,0.0,6.0,6.0,0.0,44.0,0.0,2.0,0.0,0.0,1.0,66.0,0.01,0,0.0
racer,wary,2,9001,94,1,1.0,1.0,26.0,91.0,65.0,109.0,-18.0,0.0,2.0,0.0,15.0,8.0,5.625,7.0,0.0,8.0,5.0,0.0,53.0,0.0,2.0,0.0,0.0,1.0,74.0,0.02,0,0.0
racer,wary,2,9001,95,0,1.0,1.0,47.0,103.0,56.0,109.0,-16.0,0.0,2.0,1.0,15.0,8.0,5.625,7.0,0.0,6.0,5.0,0.0,39.0,0.0,2.0,0.0,0.0,1.0,59.0,0.01,0,0.0
racer,wary,2,9001,96,1,0.0,0.0,-4.0,91.0,95.0,109.0,-18.0,0.0,2.0,0.0,12.0,8.0,5.625,7.0,0.0,6.0,4.0,0.0,46.0,0.0,2.0,0.0,0.0,1.0,66.0,0.02,0,0.0
racer,wary,2,9001,97,0,1.0,1.0,3.0,98.0,95.0,109.0,-11.0,0.0,2.0,0.0,12.0,8.0,5.625,7.0,0.0,8.0,4.0,0.0,54.0,0.0,2.0,0.0,0.0,1.0,74.0,0.01,0,0.0
racer,wary,2,9001,98,1,0.0,0.0,-25.0,71.0,96.0,97.0,-26.0,0.0,2.0,0.0,16.0,7.0,5.714285714285714,6.0,5.0,7.0,3.0,0.0,53.0,0.0,2.0,0.0,0.0,0.0,71.0,0.01,0,0.0
racer,wary,2,9001,99,1,0.0,0.0,-1.0,92.0,93.0,109.0,-17.0,0.0,2.0,0.0,15.0,8.0,5.625,7.0,0.0,6.0,6.0,0.0,44.0,0.0,2.0,0.0,0.0,1.0,66.0,0.01,0,0.0
greedy,wary,2,9001,75,0,1.0,1.0,4.0,117.0,113.0,54.0,63.0,7.0,0.0,0.0,18.0,17.0,2.5294117647058822,1.0,2.0,6.0,3.0,0.0,45.0,2.0,7.0,0.0,0.0,0.0,87.0,0.03,0,0.0
greedy,wary,2,9001,76,0,1.0,1.0,61.0,153.0,92.0,80.0,63.0,5.0,0.0,1.0,23.0,13.0,3.4615384615384617,4.0,0.0,11.0,9.0,0.0,59.0,2.0,5.0,0.0,0.0,1.0,97.0,0.02,0,0.0
greedy,wary,2,9001,77,1,0.0,0.0,-58.0,56.0,114.0,54.0,2.0,3.0,2.0,0.0,13.0,16.0,2.5,2.0,5.0,5.0,5.0,0.0,41.0,1.0,5.0,0.0,0.0,0.0,81.0,0.02,0,0.0
greedy,wary,2,9001,78,0,1.0,1.0,7.0,116.0,109.0,62.0,44.0,4.0,0.0,1.0,28.0,17.0,2.6470588235294117,1.0,0.0,4.0,12.0,0.0,34.0,1.0,4.0,0.0,0.0,1.0,81.0,0.02,0,0.0
greedy,wary,2,9001,79,1,1.0,1.0,16.0,110.0,94.0,59.0,41.0,5.0,0.0,1.0,23.0,15.0,2.8,0.0,3.0,6.0,6.0,0.0,40.0,2.0,5.0,0.0,0.0,0.0,80.0,0.02,0,0.0
greedy,wary,2,9001,80,1,0.0,0.0,-14.0,92.0,106.0,51.0,41.0,6.0,1.0,0.0,15.0,14.0,2.642857142857143,1.0,8.0,7.0,2.0,0.0,38.0,2.0,7.0,0.0,0.0,0.0,73.0,0.01,0,0.0
greedy,wary,2,9001,81,0,0.0,0.0,-38.0,90.0,128.0,56.0,34.0,3.0,0.0,0.0,14.0,9.0,3.5555555555555554,3.0,13.0,7.0,12.0,0.0,52.0,0.0,3.0,0.0,0.0,0.0,83.0,0.02,0,0.0
greedy,wary,2,9001,82,1,0.0,0.0,-4.0,114.0,118.0,58.0,56.0,6.0,0.0,0.0,17.0,17.0,2.5294117647058822,1.0,2.0,8.0,2.0,0.0,42.0,2.0,6.0,0.0,0.0,0.0,82.0,0.02,0,0.0
greedy,wary,2,9001,83,0,0.0,0.0,-6.0,125.0,131.0,57.0,68.0,7.0,0.0,0.0,15.0,17.0,2.4705882352941178,2.0,3.0,4.0,9.0,0.0,35.0,2.0,7.0,0.0,0.0,0.0,83.0,0.02,0,0.0
greedy,wary,2,9001,84,0,1.0,1.0,5.0,113.0,108.0,48.0,55.0,6.0,0.0,1.0,20.0,15.0,2.4,1.0,9.0,5.0,8.0,0.0,38.0,3.0,6.0,0.0,0.0,0.0,83.0,0.02,0,0.0
greedy,wary,2,9001,85,0,1.0,1.0,19.0,121.0,102.0,71.0,40.0,4.0,0.0,1.0,36.0,15.0,3.0,3.0,0.0,1.0,31.0,0.0,17.0,1.0,4.0,0.0,0.0,1.0,80.0,0.02,0,0.0
greedy,wary,2,9001,86,1,1.0,1.0,31.0,134.0,103.0,56.0,68.0,7.0,0.0,1.0,34.0,18.0,2.388888888888889,1.0,2.0,9.0,3.0,0.0,39.0,2.0,7.0,0.0,0.0,0.0,82.0,0.02,0,0.0
greedy,wary,2,9001,87,0,0.0,0.0,0.0,109.0,109.0,72.0,27.0,4.0,1.0,1.0,21.0,11.0,3.4545454545454546,3.0,7.0,7.0,7.0,0.0,49.0,2.0,5.0,0.0,0.0,0.0,83.0,0.02,0,0.0
greedy,wary,2,9001,88,0,1.0,1.0,60.0,129.0,69.0,74.0,45.0,5.0,0.0,1.0,25.0,14.0,3.2142857142857144,3.0,0.0,7.0,9.0,0.0,45.0,2.0,5.0,0.0,0.0,1.0,85.0,0.02,0,0.0
greedy,wary,2,9001,89,0,0.0,0.0,-16.0,105.0,121.0,56.0,39.0,4.0,1.0,1.0,20.0,13.0,2.8461538461538463,1.0,8.0,5.0,21.0,0.0,31.0,2.0,5.0,0.0,0.0,0.0,83.0,0.02,0,0.0
greedy,wary,2,9001,90,0,1.0,1.0,97.0,162.0,65.0,75.0,77.0,5.0,0.0,1.0,33.0,14.0,3.2142857142857144,3.0,0.0,9.0,11.0,0.0,41.0,2.0,5.0,0.0,0.0,1.0,84.0,0.02,0,0.0
greedy,wary,2,9001,91,0,0.0,0.0,-3.0,92.0,95.0,44.0,48.0,5.0,0.0,0.0,20.0,15.0,2.4,0.0,9.0,5.0,20.0,0.0,22.0,1.0,5.0,0.0,0.0,0.0,75.0,0.02,0,0.0
greedy,wary,2,9001,92,0,1.0,1.0,9.0,126.0,117.0,70.0,46.0,5.0,0.0,1.0,36.0,16.0,2.8125,1.0,0.0,4.0,15.0,0.0,37.0,1.0,5.0,0.0,0.0,1.0,85.0,0.02,0,0.0
greedy,wary,2,9001,93,0,1.0,1.0,14.0,116.0,102.0,63.0,43.0,5.0,0.0,1.0,22.0,17.0,2.588235294117647,1.0,1.0,5.0,8.0,0.0,38.0,1.0,5.0,0.0,0.0,0.0,83.0,0.01,0,0.0
greedy,wary,2,9001,94,1,0.0,0.0,-59.0,91.0,150.0,58.0,33.0,4.0,1.0,0.0,22.0,14.0,2.7142857142857144,2.0,7.0,4.0,10.0,0.0,40.0,1.0,5.0,0.0,0.0,0.0,81.0,0.02,0,0.0
greedy,wary,2,9001,95,0,0.0,0.0,-9.0,101.0,110.0,66.0,35.0,4.0,0.0,0.0,30.0,16.0,2.8125,2.0,0.0,7.0,11.0,0.0,43.0,1.0,4.0,0.0,0.0,1.0,87.0,0.02,0,0.0
greedy,wary,2,9001,96,1,0.0,0.0,-45.0,85.0,130.0,55.0,30.0,3.0,0.0,0.0,17.0,13.0,2.769230769230769,1.0,9.0,6.0,4.0,0.0,54.0,0.0,3.0,0.0,0.0,0.0,85.0,0.01,0,0.0
greedy,wary,2,9001,97,0,0.0,0.0,-11.0,96.0,107.0,47.0,39.0,5.0,1.0,1.0,22.0,16.0,2.4375,0.0,6.0,4.0,7.0,0.0,45.0,2.0,6.0,0.0,0.0,0.0,89.0,0.02,0,0.0
greedy,wary,2,9001,98,1,1.0,1.0,39.0,132.0,93.0,63.0,59.0,5.0,0.0,1.0,24.0,15.0,2.933333333333333,1.0,1.0,7.0,4.0,0.0,42.0,2.0,5.0,0.0,0.0,0.0,81.0,0.02,0,0.0
greedy,wary,2,9001,99,1,1.0,1.0,8.0,108.0,100.0,63.0,45.0,5.0,0.0,0.0,14.0,17.0,2.6470588235294117,1.0,0.0,6.0,2.0,0.0,52.0,1.0,5.0,0.0,0.0,1.0,90.0,0.02,0,0.0
racer,collector,2,9001,75,0,1.0,1.0,9.0,98.0,89.0,109.0,-21.0,0.0,2.0,1.0,18.0,8.0,5.625,7.0,0.0,5.0,3.0,0.0,55.0,0.0,2.0,0.0,0.0,1.0,74.0,0.02,0,0.0
racer,collector,2,9001,76,0,1.0,1.0,29.0,95.0,66.0,109.0,-24.0,0.0,2.0,1.0,12.0,8.0,5.625,7.0,0.0,5.0,3.0,0.0,47.0,0.0,2.0,0.0,0.0,1.0,65.0,0.01,0,0.0
racer,collector,2,9001,77,1,1.0,1.0,27.0,103.0,76.0,109.0,-16.0,0.0,2.0,1.0,21.0,8.0,5.625,7.0,0.0,6.0,2.0,0.0,48.0,0.0,2.0,0.0,0.0,1.0,66.0,0.01,0,0.0
racer,collector,2,9001,78,0,0.0,0.0,-8.0,81.0,89.0,109.0,-28.0,0.0,2.0,0.0,18.0,8.0,5.625,7.0,0.0,8.0,4.0,0.0,54.0,0.0,2.0,0.0,0.0,1.0,73.0,0.01,0,0.0
racer,collector,2,9001,79,1,1.0,1.0,45.0,100.0,55.0,109.0,-19.0,0.0,2.0,1.0,18.0,8.0,5.625,7.0,0.0,3.0,7.0,0.0,49.0,0.0,2.0,0.0,0.0,1.0,71.0,0.01,0,0.0
racer,collector,2,9001,80,1,0.0,0.0,-25.0,97.0,122.0,109.0,-12.0,0.0,2.0,0.0,18.0,8.0,5.625,7.0,0.0,8.0,5.0,0.0,57.0,0.0,2.0,0.0,0.0,1.0,78.0,0.01,0,0.0
racer,collector,2,9001,81,0,1.0,1.0,30.0,88.0,58.0,109.0,-21.0,0.0,2.0,0.0,12.0,8.0,5.625,7.0,0.0,8.0,5.0,0.0,57.0,0.0,2.0,0.0,0.0,1.0,78.0,0.02,0,0.0
racer,collector,2,9001,82,1,0.0,0.0,-8.0,90.0,98.0,109.0,-19.0,0.0,2.0,0.0,12.0,8.0,5.625,7.0,0.0,7.0,8.0,0.0,54.0,0.0,2.0,0.0,0.0,1.0,77.0,0.02,0,0.0
racer,collector,2,9001,83,0,1.0,1.0,64.0,94.0,30.0,109.0,-25.0,0.0,2.0,1.0,18.0,8.0,5.625,7.0,0.0,3.0,4.0,0.0,46.0,0.0,2.0,0.0,0.0,1.0,66.0,0.02,0,0.0
racer,collector,2,9001,84,0,0.0,0.0,-5.0,92.0,97.0,109.0,-17.0,0.0,2.0,0.0,12.0,8.0,5.625,7.0,0.0,12.0,1.0,0.0,65.0,0.0,2.0,0.0,0.0,1.0,82.0,0.02,0,0.0
racer,collector,2,9001,85,0,1.0,1.0,67.0,99.0,32.0,109.0,-20.0,0.0,2.0,1.0,15.0,8.0,5.625,7.0,0.0,11.0,3.0,0.0,51.0,0.0,2.0,0.0,0.0,1.0,70.0,0.02,0,0.0
racer,collector,2,9001,86,1,1.0,1.0,50.0,105.0,55.0,109.0,-14.0,0.0,2.0,1.0,18.0,8.0,5.625,7.0,0.0,6.0,8.0,0.0,48.0,0.0,2.0,0.0,0.0,1.0,71.0,0.02,0,0.0
racer,collector,2,9001,87,0,1.0,1.0,13.0,105.0,92.0,109.0,-14.0,0.0,2.0,1.0,21.0,8.0,5.625,7.0,0.0,7.0,6.0,0.0,50.0,0.0,2.0,0.0,0.0,1.0,72.0,0.02,0,0.0
racer,collector,2,9001,88,0,1.0,1.0,43.0,101.0,58.0,109.0,-18.0,0.0,2.0,1.0,21.0,8.0,5.625,7.0,0.0,9.0,3.0,0.0,47.0,0.0,2.0,0.0,0.0,1.0,65.0,0.02,0,0.0
racer,collector,2,9001,89,0,1.0,1.0,4.0,98.0,94.0,109.0,-21.0,0.0,2.0,1.0,15.0,8.0,5.625,7.0,0.0,10.0,7.0,0.0,47.0,0.0,2.0,0.0,0.0,1.0,70.0,0.02,0,0.0
racer,collector,2,9001,90,0,1.0,1.0,50.0,95.0,45.0,109.0,-24.0,0.0,2.0,1.0,12.0,8.0,5.625,7.0,0.0,6.0,4.0,0.0,46.0,0.0,2.0,0.0,0.0,1.0,66.0,0.02,0,0.0
racer,collector,2,9001,91,0,1.0,1.0,22.0,100.0,78.0,109.0,-19.0,0.0,2.0,1.0,27.0,8.0,5.625,7.0,0.0,6.0,4.0,0.0,44.0,0.0,2.0,0.0,0.0,1.0,64.0,0.01,0,0.0
racer,collector,2,9001,92,0,0.0,0.0,-21.0,89.0,110.0,109.0,-20.0,0.0,2.0,0.0,15.0,8.0,5.625,7.0,0.0,6.0,3.0,0.0,57.0,0.0,2.0,0.0,0.0,1.0,75.0,0.01,0,0.0
racer,collector,2,9001,93,0,1.0,1.0,26.0,102.0,76.0,109.0,-17.0,0.0,2.0,1.0,18.0,8.0,5.625,7.0,0.0,7.0,3.0,0.0,57.0,0.0,2.0,0.0,0.0,1.0,76.0,0.01,0,0.0
racer,collector,2,9001,94,1,1.0,1.0,33.0,101.0,68.0,109.0,-18.0,0.0,2.0,1.0,15.0,8.0,5.625,7.0,0.0,8.0,6.0,0.0,48.0,0.0,2.0,0.0,0.0,1.0,70.0,0.01,0,0.0
racer,collector,2,9001,95,0,1.0,1.0,16.0,93.0,77.0,109.0,-16.0,0.0,2.0,0.0,12.0,8.0,5.625,7.0,0.0,5.0,2.0,0.0,48.0,0.0,2.0,0.0,0.0,1.0,65.0,0.02,0,0.0
racer,collector,2,9001,96,1,1.0,1.0,34.0,91.0,57.0,109.0,-18.0,0.0,2.0,0.0,18.0,8.0,5.625,7.0,0.0,5.0,1.0,0.0,51.0,0.0,2.0,0.0,0.0,1.0,68.0,0.02,0,0.0
racer,collector,2,9001,97,0,1.0,1.0,38.0,96.0,58.0,107.0,-11.0,0.0,2.0,0.0,14.0,8.0,5.5,7.0,1.0,5.0,6.0,0.0,42.0,0.0,2.0,0.0,0.0,1.0,64.0,0.02,0,0.0
racer,collector,2,9001,98,1,1.0,1.0,6.0,83.0,77.0,109.0,-26.0,0.0,2.0,0.0,12.0,8.0,5.625,7.0,0.0,6.0,2.0,0.0,56.0,0.0,2.0,0.0,0.0,1.0,74.0,0.02,0,0.0
racer,collector,2,9001,99,1,1.0,1.0,47.0,91.0,44.0,108.0,-17.0,0.0,2.0,0.0,18.0,9.0,5.0,7.0,0.0,5.0,3.0,0.0,39.0,0.0,2.0,0.0,0.0,1.0,60.0,0.02,0,0.0
greedy,collector,2,9001,75,0,0.0,0.0,-36.0,95.0,131.0,63.0,32.0,5.0,1.0,0.0,15.0,14.0,2.9285714285714284,2.0,4.0,10.0,4.0,0.0,54.0,2.0,6.0,0.0,0.0,0.0,91.0,0.02,0,0.0
greedy,collector,2,9001,76,0,1.0,1.0,17.0,101.0,84.0,65.0,36.0,5.0,1.0,0.0,20.0,12.0,3.25,3.0,6.0,6.0,15.0,0.0,53.0,3.0,6.0,0.0,0.0,0.0,98.0,0.03,0,0.0
greedy,collector,2,9001,77,1,0.0,0.0,-50.0,68.0,118.0,48.0,20.0,4.0,1.0,0.0,13.0,16.0,2.375,1.0,7.0,5.0,0.0,0.0,42.0,1.0,5.0,0.0,0.0,0.0,77.0,0.02,0,0.0
greedy,collector,2,9001,78,0,1.0,1.0,25.0,112.0,87.0,61.0,41.0,3.0,0.0,1.0,29.0,17.0,2.6470588235294117,1.0,0.0,5.0,12.0,0.0,32.0,1.0,3.0,0.0,0.0,1.0,79.0,0.02,0,0.0
greedy,collector,2,9001,79,1,1.0,1.0,24.0,106.0,82.0,69.0,37.0,4.0,0.0,0.0,16.0,15.0,3.0,1.0,0.0,6.0,11.0,0.0,39.0,1.0,4.0,0.0,0.0,1.0,81.0,0.02,0,0.0
greedy,collector,2,9001,80,1,1.0,1.0,35.0,112.0,77.0,60.0,52.0,7.0,0.0,0.0,15.0,18.0,2.5,1.0,0.0,6.0,2.0,0.0,44.0,3.0,7.0,0.0,0.0,1.0,88.0,0.02,0,0.0
greedy,collector,2,9001,81,0,0.0,0.0,-6.0,118.0,124.0,72.0,46.0,4.0,0.0,0.0,20.0,14.0,3.2142857142857144,3.0,0.0,3.0,19.0,0.0,31.0,1.0,4.0,0.0,0.0,1.0,80.0,0.02,0,0.0
greedy,collector,2,9001,82,1,1.0,1.0,47.0,122.0,75.0,59.0,53.0,5.0,0.0,1.0,28.0,18.0,2.5,1.0,0.0,8.0,4.0,0.0,46.0,2.0,5.0,0.0,0.0,1.0,89.0,0.02,0,0.0
greedy,collector,2,9001,83,0,1.0,1.0,42.0,101.0,59.0,58.0,43.0,4.0,0.0,0.0,15.0,18.0,2.5,1.0,0.0,4.0,9.0,0.0,35.0,2.0,4.0,0.0,0.0,1.0,84.0,0.02,0,0.0
greedy,collector,2,9001,84,0,1.0,1.0,21.0,120.0,99.0,55.0,55.0,7.0,0.0,1.0,21.0,16.0,2.5,1.0,5.0,5.0,11.0,0.0,31.0,3.0,7.0,0.0,0.0,0.0,81.0,0.02,0,0.0
greedy,collector,2,9001,85,0,1.0,1.0,33.0,137.0,104.0,70.0,57.0,5.0,0.0,1.0,34.0,15.0,3.0,3.0,0.0,3.0,17.0,0.0,45.0,1.0,5.0,0.0,0.0,0.0,95.0,0.02,0,0.0
greedy,collector,2,9001,86,1,1.0,1.0,46.0,124.0,78.0,66.0,48.0,5.0,0.0,1.0,27.0,17.0,2.6470588235294117,1.0,0.0,7.0,4.0,0.0,40.0,1.0,5.0,0.0,0.0,1.0,79.0,0.02,0,0.0
greedy,collector,2,9001,87,0,1.0,1.0,21.0,119.0,98.0,60.0,49.0,5.0,0.0,1.0,25.0,12.0,3.0833333333333335,1.0,8.0,6.0,7.0,0.0,49.0,2.0,5.0,0.0,0.0,0.0,85.0,0.02,0,0.0
greedy,collector,2,9001,88,0,1.0,1.0,3.0,114.0,111.0,63.0,51.0,6.0,0.0,0.0,14.0,14.0,3.0,2.0,3.0,6.0,9.0,0.0,45.0,2.0,6.0,0.0,0.0,0.0,86.0,0.02,0,0.0
greedy,collector,2,9001,89,0,1.0,1.0,11.0,115.0,104.0,51.0,54.0,6.0,0.0,1.0,20.0,18.0,2.3333333333333335,0.0,3.0,2.0,20.0,0.0,24.0,1.0,6.0,0.0,0.0,0.0,83.0,0.02,0,0.0
greedy,collector,2,9001,90,0,1.0,1.0,57.0,133.0,76.0,81.0,42.0,4.0,0.0,1.0,36.0,13.0,3.4615384615384617,3.0,0.0,4.0,15.0,0.0,39.0,2.0,4.0,0.0,0.0,0.0,85.0,0.02,0,0.0
greedy,collector,2,9001,91,0,1.0,1.0,14.0,102.0,88.0,57.0,35.0,4.0,0.0,1.0,16.0,18.0,2.5,0.0,0.0,6.0,15.0,0.0,31.0,1.0,4.0,0.0,0.0,1.0,84.0,0.02,0,0.0
greedy,collector,2,9001,92,0,1.0,1.0,23.0,124.0,101.0,64.0,50.0,5.0,0.0,1.0,29.0,16.0,2.6875,1.0,2.0,3.0,15.0,0.0,29.0,1.0,5.0,0.0,0.0,1.0,77.0,0.02,0,0.0
greedy,collector,2,9001,93,0,1.0,1.0,83.0,121.0,38.0,70.0,41.0,4.0,0.0,1.0,22.0,16.0,2.8125,1.0,0.0,7.0,6.0,0.0,38.0,1.0,4.0,0.0,0.0,1.0,78.0,0.02,0,0.0
greedy,collector,2,9001,94,1,0.0,0.0,-42.0,109.0,151.0,63.0,46.0,5.0,0.0,0.0,20.0,14.0,2.9285714285714284,2.0,4.0,2.0,25.0,0.0,27.0,1.0,5.0,0.0,0.0,0.0,83.0,0.02,0,0.0
greedy,collector,2,9001,95,0,1.0,1.0,20.0,107.0,87.0,64.0,33.0,4.0,0.0,1.0,21.0,16.0,2.8125,1.0,0.0,5.0,12.0,0.0,38.0,1.0,4.0,0.0,0.0,1.0,83.0,0.02,0,0.0
greedy,collector,2,9001,96,1,1.0,1.0,12.0,116.0,104.0,57.0,59.0,6.0,0.0,0.0,15.0,19.0,2.3684210526315788,0.0,0.0,5.0,14.0,0.0,32.0,2.0,6.0,0.0,0.0,1.0,88.0,0.02,0,0.0
greedy,collector,2,9001,97,0,0.0,0.0,-5.0,117.0,122.0,61.0,56.0,6.0,0.0,0.0,22.0,17.0,2.6470588235294117,1.0,0.0,3.0,8.0,0.0,40.0,2.0,6.0,0.0,0.0,1.0,86.0,0.02,0,0.0
greedy,collector,2,9001,98,1,0.0,0.0,-15.0,95.0,110.0,49.0,46.0,4.0,0.0,0.0,21.0,14.0,2.5714285714285716,1.0,9.0,10.0,3.0,0.0,43.0,1.0,4.0,0.0,0.0,0.0,77.0,0.01,0,0.0
greedy,collector,2,9001,99,1,1.0,1.0,93.0,106.0,13.0,69.0,37.0,4.0,0.0,0.0,16.0,17.0,2.6470588235294117,2.0,0.0,6.0,4.0,0.0,52.0,1.0,4.0,0.0,0.0,1.0,92.0,0.02,0,0.0
racer,ppo:runs/ppo/pass2/p2b_pool_s3.json,2,9001,50,1,1.0,1.0,8.0,88.0,80.0,101.0,-13.0,0.0,2.0,0.0,12.0,9.0,5.0,7.0,0.0,6.0,2.0,0.0,42.0,0.0,2.0,0.0,0.0,1.0,61.0,0.09,0,0.0
racer,ppo:runs/ppo/pass2/p2b_pool_s3.json,2,9001,51,1,0.0,0.0,-1.0,78.0,79.0,95.0,-17.0,0.0,2.0,0.0,12.0,7.0,5.714285714285714,7.0,5.0,8.0,5.0,0.0,43.0,0.0,2.0,0.0,0.0,0.0,63.0,0.1,0,0.0
racer,ppo:runs/ppo/pass2/p2b_pool_s3.json,2,9001,52,0,1.0,1.0,27.0,89.0,62.0,105.0,-16.0,0.0,2.0,0.0,21.0,9.0,5.0,7.0,0.0,7.0,8.0,0.0,36.0,0.0,2.0,0.0,0.0,1.0,61.0,0.08,0,0.0
racer,ppo:runs/ppo/pass2/p2b_pool_s3.json,2,9001,53,1,0.0,0.0,-5.0,70.0,75.0,85.0,-15.0,0.0,2.0,0.0,12.0,6.0,5.833333333333333,6.0,10.0,8.0,4.0,0.0,48.0,0.0,2.0,0.0,0.0,0.0,65.0,0.08,0,0.0
racer,ppo:runs/ppo/pass2/p2b_pool_s3.json,2,9001,54,1,1.0,1.0,4.0,77.0,73.0,100.0,-23.0,0.0,2.0,0.0,16.0,9.0,4.888888888888889,7.0,1.0,3.0,9.0,0.0,31.0,0.0,2.0,0.0,0.0,1.0,57.0,0.07,0,0.0
racer,ppo:runs/ppo/pass2/p2b_pool_s3.json,2,9001,55,1,0.0,0.0,-10.0,55.0,65.0,70.0,-15.0,0.0,2.0,0.0,11.0,5.0,5.8,5.0,16.0,4.0,2.0,0.0,50.0,0.0,2.0,0.0,0.0,0.0,63.0,0.1,0,0.0
racer,ppo:runs/ppo/pass2/p2b_pool_s3.json,2,9001,56,0,1.0,1.0,5.0,84.0,79.0,99.0,-15.0,0.0,2.0,0.0,13.0,9.0,4.888888888888889,7.0,1.0,8.0,4.0,0.0,40.0,0.0,2.0,0.0,0.0,0.0,63.0,0.09,0,0.0
racer,ppo:runs/ppo/pass2/p2b_pool_s3.json,2,9001,57,0,0.0,0.0,-17.0,66.0,83.0,87.0,-21.0,0.0,2.0,0.0,12.0,7.0,5.428571428571429,6.0,7.0,5.0,6.0,0.0,40.0,0.0,2.0,0.0,0.0,0.0,60.0,0.09,0,0.0
racer,ppo:runs/ppo/pass2/p2b_pool_s3.json,2,9001,58,0,0.0,0.0,-30.0,40.0,70.0,70.0,-30.0,0.0,2.0,0.0,11.0,5.0,5.8,5.0,16.0,3.0,6.0,0.0,48.0,0.0,2.0,0.0,0.0,0.0,64.0,0.1,0,0.0
racer,ppo:runs/ppo/pass2/p2b_pool_s3.json,2,9001,59,1,1.0,1.0,6.0,82.0,76.0,104.0,-22.0,0.0,2.0,0.0,12.0,8.0,5.5,7.0,1.0,4.0,5.0,0.0,41.0,0.0,2.0,0.0,0.0,0.0,63.0,0.09,0,0.0
racer,ppo:runs/ppo/pass2/p2b_pool_s3.json,2,9001,60,1,1.0,1.0,5.0,80.0,75.0,95.0,-15.0,0.0,2.0,0.0,12.0,7.0,5.714285714285714,7.0,5.0,9.0,2.0,0.0,46.0,0.0,2.0,0.0,0.0,0.0,63.0,0.1,0,0.0
racer,ppo:runs/ppo/pass2/p2b_pool_s3.json,2,9001,61,1,0.0,0.0,-33.0,51.0,84.0,70.0,-19.0,0.0,2.0,0.0,11.0,5.0,5.8,5.0,16.0,5.0,3.0,0.0,49.0,0.0,2.0,0.0,0.0,0.0,63.0,0.09,0,0.0
racer,ppo:runs/ppo/pass2/p2b_pool_s3.json,2,9001,62,1,1.0,1.0,20.0,87.0,67.0,101.0,-14.0,0.0,2.0,0.0,16.0,9.0,5.0,7.0,0.0,6.0,5.0,0.0,37.0,0.0,2.0,0.0,0.0,1.0,59.0,0.09,0,0.0
racer,ppo:runs/ppo/pass2/p2b_pool_s3.json,2,9001,63,1,0.0,0.0,-19.0,80.0,99.0,95.0,-15.0,0.0,2.0,0.0,12.0,7.0,5.714285714285714,7.0,5.0,6.0,5.0,0.0,39.0,0.0,2.0,0.0,0.0,0.0,59.0,0.09,0,0.0
racer,ppo:runs/ppo/pass2/p2b_pool_s3.json,2,9001,64,0,0.0,0.0,-13.0,71.0,84.0,85.0,-14.0,0.0,2.0,0.0,6.0,6.0,5.833333333333333,6.0,10.0,6.0,2.0,0.0,52.0,0.0,2.0,0.0,0.0,0.0,67.0,0.09,0,0.0
racer,ppo:runs/ppo/pass2/p2b_pool_s3.json,2,9001,65,0,0.0,0.0,-10.0,67.0,77.0,85.0,-18.0,0.0,2.0,0.0,12.0,6.0,5.833333333333333,6.0,10.0,5.0,2.0,0.0,50.0,0.0,2.0,0.0,0.0,0.0,64.0,0.09,0,0.0
racer,ppo:runs/ppo/pass2/p2b_pool_s3.json,2,9001,66,0,0.0,0.0,-17.0,72.0,89.0,100.0,-28.0,0.0,2.0,0.0,17.0,8.0,5.5,8.0,1.0,5.0,7.0,0.0,39.0,0.0,2.0,0.0,0.0,0.0,62.0,0.09,0,0.0
racer,ppo:runs/ppo/pass2/p2b_pool_s3.json,2,9001,67,1,0.0,0.0,-3.0,69.0,72.0,90.0,-21.0,0.0,2.0,0.0,12.0,6.0,6.0,6.0,9.0,6.0,4.0,0.0,50.0,0.0,2.0,0.0,0.0,0.0,66.0,0.09,0,0.0
racer,ppo:runs/ppo/pass2/p2b_pool_s3.json,2,9001,68,1,1.0,1.0,7.0,83.0,76.0,102.0,-19.0,0.0,2.0,0.0,15.0,8.0,5.5,7.0,1.0,7.0,7.0,0.0,41.0,0.0,2.0,0.0,0.0,0.0,64.0,0.08,0,0.0
racer,ppo:runs/ppo/pass2/p2b_pool_s3.json,2,9001,69,1,0.0,0.0,-6.0,77.0,83.0,95.0,-18.0,0.0,2.0,0.0,12.0,7.0,5.714285714285714,7.0,5.0,5.0,4.0,0.0,44.0,0.0,2.0,0.0,0.0,0.0,63.0,0.08,0,0.0
racer,ppo:runs/ppo/pass2/p2b_pool_s3.json,2,9001,70,1,0.0,0.0,-13.0,66.0,79.0,80.0,-14.0,0.0,2.0,0.0,11.0,6.0,5.666666666666667,6.0,11.0,4.0,1.0,0.0,47.0,0.0,2.0,0.0,0.0,0.0,61.0,0.07,0,0.0
racer,ppo:runs/ppo/pass2/p2b_pool_s3.json,2,9001,71,1,0.0,0.0,0.0,71.0,71.0,92.0,-21.0,0.0,2.0,0.0,12.0,7.0,5.571428571428571,6.0,6.0,8.0,2.0,0.0,46.0,0.0,2.0,0.0,0.0,0.0,62.0,0.09,0,0.0
racer,ppo:runs/ppo/pass2/p2b_pool_s3.json,2,9001,72,1,0.0,0.0,-18.0,61.0,79.0,75.0,-14.0,0.0,2.0,0.0,12.0,5.0,6.0,5.0,15.0,6.0,1.0,0.0,53.0,0.0,2.0,0.0,0.0,0.0,65.0,0.09,0,0.0
racer,ppo:runs/ppo/pass2/p2b_pool_s3.json,2,9001,73,1,0.0,0.0,-4.0,81.0,85.0,95.0,-14.0,0.0,2.0,0.0,12.0,7.0,5.714285714285714,7.0,5.0,8.0,6.0,0.0,42.0,0.0,2.0,0.0,0.0,0.0,62.0,0.09,0,0.0
racer,ppo:runs/ppo/pass2/p2b_pool_s3.json,2,9001,74,1,0.0,0.0,-34.0,55.0,89.0,70.0,-15.0,0.0,2.0,0.0,12.0,5.0,5.8,5.0,16.0,4.0,3.0,0.0,49.0,0.0,2.0,0.0,0.0,0.0,63.0,0.1,0,0.0
greedy,ppo:runs/ppo/pass2/p2b_pool_s3.json,2,9001,50,1,0.0,0.0,-31.0,62.0,93.0,45.0,17.0,2.0,1.0,0.0,20.0,11.0,2.727272727272727,1.0,15.0,6.0,2.0,0.0,36.0,0.0,3.0,0.0,0.0,0.0,60.0,0.09,0,0.0
greedy,ppo:runs/ppo/pass2/p2b_pool_s3.json,2,9001,51,1,0.0,0.0,-37.0,53.0,90.0,33.0,20.0,5.0,2.0,0.0,18.0,13.0,2.1538461538461537,0.0,17.0,2.0,7.0,0.0,23.0,2.0,7.0,0.0,0.0,0.0,61.0,0.1,0,0.0
greedy,ppo:runs/ppo/pass2/p2b_pool_s3.json,2,9001,52,0,0.0,0.0,-19.0,65.0,84.0,47.0,18.0,3.0,1.0,0.0,17.0,12.0,2.75,1.0,12.0,3.0,7.0,0.0,33.0,1.0,4.0,0.0,0.0,0.0,66.0,0.1,0,0.0
greedy,ppo:runs/ppo/pass2/p2b_pool_s3.json,2,9001,53,1,0.0,0.0,-48.0,36.0,84.0,32.0,4.0,2.0,1.0,0.0,10.0,10.0,2.4,1.0,21.0,4.0,7.0,0.0,33.0,0.0,3.0,0.0,0.0,0.0,61.0,0.12,0,0.0
greedy,ppo:runs/ppo/pass2/p2b_pool_s3.json,2,9001,54,1,0.0,0.0,-43.0,49.0,92.0,39.0,10.0,2.0,1.0,0.0,14.0,11.0,2.5454545454545454,1.0,17.0,1.0,9.0,0.0,29.0,0.0,3.0,0.0,0.0,0.0,60.0,0.09,0,0.0
greedy,ppo:runs/ppo/pass2/p2b_pool_s3.json,2,9001,55,1,0.0,0.0,-42.0,30.0,72.0,32.0,-2.0,2.0,1.0,0.0,18.0,12.0,2.25,0.0,18.0,0.0,19.0,0.0,17.0,0.0,3.0,0.0,0.0,0.0,61.0,0.1,0,0.0
greedy,ppo:runs/ppo/pass2/p2b_pool_s3.json,2,9001,56,0,0.0,0.0,-11.0,78.0,89.0,45.0,33.0,5.0,1.0,0.0,15.0,12.0,2.6666666666666665,1.0,13.0,1.0,3.0,0.0,37.0,2.0,6.0,0.0,0.0,0.0,69.0,0.13,0,0.0
greedy,ppo:runs/ppo/pass2/p2b_pool_s3.json,2,9001,57,0,0.0,0.0,-37.0,53.0,90.0,39.0,14.0,2.0,1.0,0.0,19.0,12.0,2.3333333333333335,1.0,17.0,1.0,9.0,0.0,33.0,0.0,3.0,0.0,0.0,0.0,66.0,0.11,0,0.0
greedy,ppo:runs/ppo/pass2/p2b_pool_s3.json,2,9001,58,0,0.0,0.0,-38.0,40.0,78.0,44.0,-4.0,1.0,1.0,0.0,17.0,9.0,3.0,3.0,18.0,1.0,5.0,0.0,39.0,0.0,2.0,0.0,0.0,0.0,62.0,0.1,0,0.0
greedy,ppo:runs/ppo/pass2/p2b_pool_s3.json,2,9001,59,1,0.0,0.0,-53.0,30.0,83.0,34.0,-4.0,1.0,1.0,0.0,11.0,8.0,2.625,1.0,24.0,1.0,10.0,0.0,36.0,0.0,2.0,0.0,0.0,0.0,63.0,0.15,0,0.0
greedy,ppo:runs/ppo/pass2/p2b_pool_s3.json,2,9001,60,1,0.0,0.0,-20.0,62.0,82.0,36.0,26.0,4.0,1.0,0.0,14.0,13.0,2.230769230769231,0.0,16.0,2.0,14.0,0.0,22.0,1.0,5.0,0.0,0.0,0.0,65.0,0.14,0,0.0
greedy,ppo:runs/ppo/pass2/p2b_pool_s3.json,2,9001,61,1,0.0,0.0,-3.0,86.0,89.0,42.0,44.0,5.0,0.0,0.0,16.0,12.0,2.5833333333333335,0.0,14.0,5.0,10.0,0.0,26.0,1.0,5.0,0.0,0.0,0.0,63.0,0.09,0,0.0
greedy,ppo:runs/ppo/pass2/p2b_pool_s3.json,2,9001,62,1,0.0,0.0,-16.0,69.0,85.0,45.0,24.0,3.0,0.0,0.0,11.0,10.0,2.7,2.0,18.0,5.0,7.0,0.0,37.0,0.0,3.0,0.0,0.0,0.0,64.0,0.08,0,0.0
greedy,ppo:runs/ppo/pass2/p2b_pool_s3.json,2,9001,63,1,0.0,0.0,-43.0,42.0,85.0,34.0,-2.0,2.0,1.0,1.0,23.0,13.0,2.230769230769231,0.0,16.0,5.0,10.0,0.0,24.0,0.0,3.0,0.0,0.0,0.0,61.0,0.09,0,0.0
greedy,ppo:runs/ppo/pass2/p2b_pool_s3.json,2,9001,64,0,0.0,0.0,-42.0,45.0,87.0,38.0,-3.0,2.0,1.0,1.0,13.0,12.0,2.4166666666666665,1.0,16.0,4.0,4.0,0.0,42.0,0.0,3.0,0.0,0.0,0.0,71.0,0.1,0,0.0
greedy,ppo:runs/ppo/pass2/p2b_pool_s3.json,2,9001,65,0,0.0,0.0,-73.0,21.0,94.0,36.0,-15.0,1.0,2.0,0.0,14.0,9.0,2.888888888888889,0.0,19.0,3.0,13.0,0.0,31.0,0.0,3.0,0.0,0.0,0.0,62.0,0.08,0,0.0
greedy,ppo:runs/ppo/pass2/p2b_pool_s3.json,2,9001,66,0,0.0,0.0,-46.0,46.0,92.0,42.0,4.0,2.0,2.0,0.0,24.0,12.0,2.5833333333333335,0.0,14.0,5.0,3.0,0.0,39.0,1.0,4.0,0.0,0.0,0.0,68.0,0.08,0,0.0
greedy,ppo:runs/ppo/pass2/p2b_pool_s3.json,2,9001,67,1,0.0,0.0,-54.0,25.0,79.0,36.0,-11.0,1.0,2.0,0.0,18.0,12.0,2.3333333333333335,0.0,17.0,3.0,6.0,0.0,34.0,0.0,3.0,0.0,0.0,0.0,64.0,0.08,0,0.0
greedy,ppo:runs/ppo/pass2/p2b_pool_s3.json,2,9001,68,1,0.0,0.0,-5.0,80.0,85.0,45.0,35.0,4.0,1.0,0.0,24.0,15.0,2.4,0.0,9.0,6.0,5.0,0.0,29.0,1.0,5.0,0.0,0.0,0.0,66.0,0.08,0,0.0
greedy,ppo:runs/ppo/pass2/p2b_pool_s3.json,2,9001,69,1,0.0,0.0,-37.0,48.0,85.0,43.0,5.0,2.0,1.0,0.0,14.0,10.0,2.9,1.0,16.0,4.0,8.0,0.0,34.0,0.0,3.0,0.0,0.0,0.0,63.0,0.1,0,0.0
greedy,ppo:runs/ppo/pass2/p2b_pool_s3.json,2,9001,70,1,0.0,0.0,-53.0,37.0,90.0,35.0,2.0,2.0,1.0,0.0,11.0,11.0,2.272727272727273,1.0,20.0,2.0,14.0,0.0,26.0,0.0,3.0,0.0,0.0,0.0,63.0,0.09,0,0.0
greedy,ppo:runs/ppo/pass2/p2b_pool_s3.json,2,9001,71,1,0.0,0.0,-27.0,53.0,80.0,32.0,21.0,2.0,0.0,0.0,19.0,7.0,3.0,1.0,24.0,5.0,6.0,0.0,46.0,0.0,2.0,0.0,0.0,0.0,66.0,0.09,0,0.0
greedy,ppo:runs/ppo/pass2/p2b_pool_s3.json,2,9001,72,1,0.0,0.0,-22.0,66.0,88.0,37.0,29.0,4.0,1.0,0.0,11.0,13.0,2.3076923076923075,0.0,15.0,3.0,6.0,0.0,30.0,1.0,5.0,0.0,0.0,0.0,65.0,0.08,0,0.0
greedy,ppo:runs/ppo/pass2/p2b_pool_s3.json,2,9001,73,1,0.0,0.0,-36.0,61.0,97.0,35.0,26.0,4.0,1.0,0.0,12.0,13.0,2.230769230769231,0.0,16.0,5.0,7.0,0.0,31.0,1.0,5.0,0.0,0.0,0.0,66.0,0.1,0,0.0
greedy,ppo:runs/ppo/pass2/p2b_pool_s3.json,2,9001,74,1,0.0,0.0,-36.0,60.0,96.0,37.0,23.0,4.0,1.0,0.0,17.0,13.0,2.3076923076923075,0.0,15.0,3.0,10.0,0.0,22.0,2.0,5.0,0.0,0.0,0.0,63.0,0.08,0,0.0
racer,linear:runs/linear/pass7/p7b_sarsa_lam98_random_s3.json@best,2,9001,75,0,1.0,1.0,30.0,94.0,64.0,105.0,-21.0,0.0,2.0,1.0,19.0,9.0,5.0,7.0,0.0,7.0,4.0,0.0,42.0,0.0,2.0,0.0,0.0,1.0,64.0,0.03,0,0.0
racer,linear:runs/linear/pass7/p7b_sarsa_lam98_random_s3.json@best,2,9001,76,0,0.0,0.0,-29.0,61.0,90.0,85.0,-24.0,0.0,2.0,0.0,11.0,6.0,5.833333333333333,6.0,10.0,6.0,6.0,0.0,48.0,0.0,2.0,0.0,0.0,0.0,66.0,0.04,0,0.0
racer,linear:runs/linear/pass7/p7b_sarsa_lam98_random_s3.json@best,2,9001,77,1,0.0,0.0,-15.0,74.0,89.0,90.0,-16.0,0.0,2.0,0.0,12.0,6.0,6.0,6.0,9.0,10.0,3.0,0.0,51.0,0.0,2.0,0.0,0.0,0.0,67.0,0.04,0,0.0
racer,linear:runs/linear/pass7/p7b_sarsa_lam98_random_s3.json@best,2,9001,78,0,0.0,0.0,-24.0,57.0,81.0,75.0,-28.0,0.0,2.0,1.0,12.0,5.0,6.0,5.0,15.0,7.0,4.0,0.0,50.0,0.0,2.0,0.0,0.0,0.0,64.0,0.03,0,0.0
racer,linear:runs/linear/pass7/p7b_sarsa_lam98_random_s3.json@best,2,9001,79,1,1.0,1.0,21.0,90.0,69.0,99.0,-19.0,0.0,2.0,1.0,15.0,10.0,4.4,7.0,1.0,4.0,7.0,0.0,37.0,0.0,2.0,0.0,0.0,1.0,63.0,0.04,0,0.0
racer,linear:runs/linear/pass7/p7b_sarsa_lam98_random_s3.json@best,2,9001,80,1,0.0,0.0,-28.0,58.0,86.0,70.0,-12.0,0.0,2.0,0.0,11.0,5.0,5.8,5.0,16.0,7.0,4.0,0.0,54.0,0.0,2.0,0.0,0.0,0.0,69.0,0.04,0,0.0
racer,linear:runs/linear/pass7/p7b_sarsa_lam98_random_s3.json@best,2,9001,81,0,1.0,1.0,22.0,89.0,67.0,100.0,-21.0,0.0,2.0,1.0,17.0,10.0,4.5,7.0,0.0,7.0,5.0,0.0,39.0,0.0,2.0,0.0,0.0,1.0,64.0,0.04,0,0.0
racer,linear:runs/linear/pass7/p7b_sarsa_lam98_random_s3.json@best,2,9001,82,1,0.0,0.0,-21.0,83.0,104.0,102.0,-19.0,0.0,2.0,0.0,12.0,8.0,5.5,7.0,1.0,6.0,7.0,0.0,47.0,0.0,2.0,0.0,0.0,0.0,70.0,0.04,0,0.0
racer,linear:runs/linear/pass7/p7b_sarsa_lam98_random_s3.json@best,2,9001,83,0,0.0,0.0,-1.0,82.0,83.0,97.0,-25.0,0.0,2.0,1.0,22.0,8.0,5.375,7.0,2.0,4.0,7.0,0.0,41.0,0.0,2.0,0.0,0.0,0.0,65.0,0.03,0,0.0
racer,linear:runs/linear/pass7/p7b_sarsa_lam98_random_s3.json@best,2,9001,84,0,1.0,1.0,16.0,93.0,77.0,100.0,-17.0,0.0,2.0,1.0,17.0,7.0,5.857142857142857,7.0,4.0,9.0,5.0,0.0,55.0,0.0,2.0,0.0,0.0,0.0,75.0,0.05,0,0.0
racer,linear:runs/linear/pass7/p7b_sarsa_lam98_random_s3.json@best,2,9001,85,0,0.0,0.0,-28.0,70.0,98.0,90.0,-20.0,0.0,2.0,0.0,6.0,6.0,6.0,6.0,9.0,11.0,2.0,0.0,52.0,0.0,2.0,0.0,0.0,0.0,67.0,0.04,0,0.0
racer,linear:runs/linear/pass7/p7b_sarsa_lam98_random_s3.json@best,2,9001,86,1,0.0,0.0,-9.0,66.0,75.0,70.0,-14.0,0.0,2.0,1.0,17.0,5.0,5.8,5.0,16.0,7.0,7.0,0.0,45.0,0.0,2.0,0.0,0.0,0.0,62.0,0.04,0,0.0
racer,linear:runs/linear/pass7/p7b_sarsa_lam98_random_s3.json@best,2,9001,87,0,1.0,1.0,6.0,96.0,90.0,100.0,-14.0,0.0,2.0,1.0,18.0,7.0,5.857142857142857,7.0,4.0,7.0,7.0,0.0,47.0,0.0,2.0,0.0,0.0,0.0,69.0,0.04,0,0.0
racer,linear:runs/linear/pass7/p7b_sarsa_lam98_random_s3.json@best,2,9001,88,0,1.0,1.0,6.0,87.0,81.0,95.0,-18.0,0.0,2.0,1.0,11.0,7.0,5.714285714285714,7.0,5.0,9.0,6.0,0.0,46.0,0.0,2.0,0.0,0.0,0.0,66.0,0.04,0,0.0
racer,linear:runs/linear/pass7/p7b_sarsa_lam98_random_s3.json@best,2,9001,89,0,0.0,0.0,-3.0,79.0,82.0,100.0,-21.0,0.0,2.0,0.0,12.0,7.0,5.857142857142857,7.0,4.0,5.0,6.0,0.0,44.0,0.0,2.0,0.0,0.0,0.0,65.0,0.03,0,0.0
racer,linear:runs/linear/pass7/p7b_sarsa_lam98_random_s3.json@best,2,9001,90,0,1.0,1.0,13.0,90.0,77.0,104.0,-24.0,0.0,2.0,1.0,19.0,9.0,5.0,7.0,0.0,9.0,5.0,0.0,37.0,0.0,2.0,0.0,0.0,1.0,60.0,0.03,0,0.0
racer,linear:runs/linear/pass7/p7b_sarsa_lam98_random_s3.json@best,2,9001,91,0,0.0,0.0,-3.0,76.0,79.0,85.0,-19.0,0.0,2.0,1.0,12.0,6.0,5.833333333333333,6.0,10.0,7.0,2.0,0.0,54.0,0.0,2.0,0.0,0.0,0.0,69.0,0.04,0,0.0
racer,linear:runs/linear/pass7/p7b_sarsa_lam98_random_s3.json@best,2,9001,92,0,0.0,0.0,-1.0,81.0,82.0,101.0,-20.0,0.0,2.0,0.0,11.0,9.0,5.0,8.0,0.0,9.0,8.0,0.0,40.0,0.0,2.0,0.0,0.0,1.0,65.0,0.04,0,0.0
racer,linear:runs/linear/pass7/p7b_sarsa_lam98_random_s3.json@best,2,9001,93,0,0.0,0.0,-16.0,68.0,84.0,85.0,-17.0,0.0,2.0,0.0,12.0,6.0,5.833333333333333,6.0,10.0,4.0,6.0,0.0,52.0,0.0,2.0,0.0,0.0,0.0,71.0,0.04,0,0.0
racer,linear:runs/linear/pass7/p7b_sarsa_lam98_random_s3.json@best,2,9001,94,1,1.0,1.0,23.0,92.0,69.0,100.0,-18.0,0.0,2.0,1.0,17.0,7.0,5.857142857142857,7.0,4.0,10.0,6.0,0.0,54.0,0.0,2.0,0.0,0.0,0.0,75.0,0.04,0,0.0
racer,linear:runs/linear/pass7/p7b_sarsa_lam98_random_s3.json@best,2,9001,95,0,1.0,1.0,18.0,97.0,79.0,103.0,-16.0,0.0,2.0,1.0,16.0,9.0,5.0,7.0,0.0,5.0,2.0,0.0,48.0,0.0,2.0,0.0,0.0,1.0,67.0,0.04,0,0.0
racer,linear:runs/linear/pass7/p7b_sarsa_lam98_random_s3.json@best,2,9001,96,1,0.0,0.0,-6.0,83.0,89.0,101.0,-18.0,0.0,2.0,0.0,11.0,9.0,5.0,7.0,0.0,3.0,2.0,0.0,44.0,0.0,2.0,0.0,0.0,1.0,64.0,0.04,0,0.0
racer,linear:runs/linear/pass7/p7b_sarsa_lam98_random_s3.json@best,2,9001,97,0,0.0,0.0,-52.0,44.0,96.0,55.0,-11.0,0.0,2.0,0.0,11.0,4.0,5.75,4.0,22.0,4.0,7.0,0.0,51.0,0.0,2.0,0.0,0.0,0.0,67.0,0.04,0,0.0
racer,linear:runs/linear/pass7/p7b_sarsa_lam98_random_s3.json@best,2,9001,98,1,0.0,0.0,-9.0,87.0,96.0,103.0,-26.0,0.0,2.0,1.0,27.0,9.0,5.0,7.0,0.0,5.0,5.0,0.0,45.0,0.0,2.0,0.0,0.0,1.0,68.0,0.04,0,0.0
racer,linear:runs/linear/pass7/p7b_sarsa_lam98_random_s3.json@best,2,9001,99,1,0.0,0.0,-10.0,83.0,93.0,100.0,-17.0,0.0,2.0,0.0,12.0,7.0,5.857142857142857,7.0,4.0,8.0,9.0,0.0,41.0,0.0,2.0,0.0,0.0,0.0,65.0,0.04,0,0.0
greedy,linear:runs/linear/pass7/p7b_sarsa_lam98_random_s3.json@best,2,9001,75,0,1.0,1.0,28.0,107.0,79.0,50.0,47.0,6.0,1.0,1.0,23.0,14.0,2.642857142857143,1.0,8.0,5.0,12.0,0.0,26.0,2.0,7.0,0.0,0.0,0.0,71.0,0.04,0,0.0
greedy,linear:runs/linear/pass7/p7b_sarsa_lam98_random_s3.json@best,2,9001,76,0,0.0,0.0,-7.0,75.0,82.0,41.0,24.0,3.0,1.0,1.0,22.0,10.0,2.8,1.0,17.0,9.0,5.0,0.0,37.0,1.0,4.0,0.0,0.0,0.0,64.0,0.03,0,0.0
greedy,linear:runs/linear/pass7/p7b_sarsa_lam98_random_s3.json@best,2,9001,77,1,0.0,0.0,-4.0,84.0,88.0,46.0,38.0,5.0,1.0,0.0,15.0,14.0,2.5,0.0,10.0,7.0,2.0,0.0,38.0,2.0,6.0,0.0,0.0,0.0,73.0,0.04,0,0.0
greedy,linear:runs/linear/pass7/p7b_sarsa_lam98_random_s3.json@best,2,9001,78,0,0.0,0.0,-10.0,88.0,98.0,41.0,37.0,3.0,0.0,1.0,15.0,14.0,2.4285714285714284,0.0,11.0,4.0,10.0,0.0,22.0,1.0,3.0,0.0,0.0,0.0,62.0,0.04,0,0.0
greedy,linear:runs/linear/pass7/p7b_sarsa_lam98_random_s3.json@best,2,9001,79,1,1.0,1.0,33.0,114.0,81.0,49.0,55.0,5.0,0.0,1.0,22.0,15.0,2.466666666666667,0.0,8.0,3.0,8.0,0.0,26.0,1.0,5.0,0.0,0.0,0.0,66.0,0.03,0,0.0
greedy,linear:runs/linear/pass7/p7b_sarsa_lam98_random_s3.json@best,2,9001,80,1,1.0,1.0,9.0,89.0,80.0,42.0,37.0,5.0,0.0,1.0,15.0,10.0,2.8,2.0,17.0,6.0,1.0,0.0,43.0,1.0,5.0,0.0,0.0,0.0,67.0,0.03,0,0.0
greedy,linear:runs/linear/pass7/p7b_sarsa_lam98_random_s3.json@best,2,9001,81,0,1.0,1.0,31.0,106.0,75.0,53.0,43.0,4.0,0.0,1.0,18.0,14.0,2.642857142857143,2.0,8.0,4.0,8.0,0.0,26.0,1.0,4.0,0.0,0.0,0.0,65.0,0.03,0,0.0
greedy,linear:runs/linear/pass7/p7b_sarsa_lam98_random_s3.json@best,2,9001,82,1,0.0,0.0,-46.0,59.0,105.0,47.0,12.0,2.0,1.0,0.0,10.0,10.0,2.9,2.0,16.0,7.0,1.0,0.0,45.0,1.0,3.0,0.0,0.0,0.0,68.0,0.04,0,0.0
greedy,linear:runs/linear/pass7/p7b_sarsa_lam98_random_s3.json@best,2,9001,83,0,0.0,0.0,-25.0,99.0,124.0,45.0,44.0,6.0,2.0,1.0,22.0,13.0,2.5384615384615383,1.0,12.0,0.0,9.0,0.0,29.0,2.0,8.0,0.0,0.0,0.0,69.0,0.04,0,0.0
greedy,linear:runs/linear/pass7/p7b_sarsa_lam98_random_s3.json@best,2,9001,84,0,0.0,0.0,-19.0,65.0,84.0,50.0,15.0,4.0,1.0,0.0,16.0,15.0,2.3333333333333335,1.0,10.0,4.0,16.0,0.0,16.0,1.0,5.0,0.0,0.0,0.0,65.0,0.03,0,0.0
greedy,linear:runs/linear/pass7/p7b_sarsa_lam98_random_s3.json@best,2,9001,85,0,0.0,0.0,-7.0,73.0,80.0,52.0,11.0,2.0,1.0,1.0,17.0,11.0,2.909090909090909,2.0,13.0,1.0,14.0,0.0,28.0,0.0,3.0,0.0,0.0,0.0,65.0,0.03,0,0.0
greedy,linear:runs/linear/pass7/p7b_sarsa_lam98_random_s3.json@best,2,9001,86,1,0.0,0.0,-16.0,80.0,96.0,39.0,31.0,5.0,2.0,1.0,25.0,15.0,2.2,0.0,12.0,5.0,5.0,0.0,29.0,2.0,7.0,0.0,0.0,0.0,68.0,0.04,0,0.0
greedy,linear:runs/linear/pass7/p7b_sarsa_lam98_random_s3.json@best,2,9001,87,0,0.0,0.0,-10.0,70.0,80.0,44.0,16.0,3.0,1.0,1.0,25.0,12.0,2.5833333333333335,0.0,14.0,9.0,3.0,0.0,35.0,1.0,4.0,0.0,0.0,0.0,65.0,0.02,0,0.0
greedy,linear:runs/linear/pass7/p7b_sarsa_lam98_random_s3.json@best,2,9001,88,0,1.0,1.0,26.0,109.0,83.0,54.0,45.0,5.0,0.0,1.0,17.0,13.0,2.8461538461538463,2.0,8.0,5.0,12.0,0.0,24.0,2.0,5.0,0.0,0.0,0.0,66.0,0.03,0,0.0
greedy,linear:runs/linear/pass7/p7b_sarsa_lam98_random_s3.json@best,2,9001,89,0,0.0,0.0,-96.0,-1.0,95.0,32.0,-33.0,0.0,3.0,0.0,8.0,10.0,2.3,1.0,22.0,1.0,16.0,0.0,26.0,0.0,3.0,0.0,0.0,0.0,63.0,0.03,0,0.0
greedy,linear:runs/linear/pass7/p7b_sarsa_lam98_random_s3.json@best,2,9001,90,0,0.0,0.0,-46.0,50.0,96.0,42.0,-2.0,1.0,1.0,1.0,14.0,8.0,3.0,2.0,21.0,2.0,13.0,0.0,39.0,0.0,2.0,0.0,0.0,0.0,69.0,0.03,0,0.0
greedy,linear:runs/linear/pass7/p7b_sarsa_lam98_random_s3.json@best,2,9001,91,0,0.0,0.0,-32.0,76.0,108.0,45.0,31.0,3.0,0.0,0.0,16.0,13.0,2.5384615384615383,1.0,12.0,6.0,4.0,0.0,44.0,0.0,3.0,0.0,0.0,0.0,75.0,0.04,0,0.0
greedy,linear:runs/linear/pass7/p7b_sarsa_lam98_random_s3.json@best,2,9001,92,0,0.0,0.0,-21.0,61.0,82.0,44.0,7.0,2.0,1.0,1.0,20.0,14.0,2.357142857142857,0.0,12.0,3.0,13.0,0.0,23.0,0.0,3.0,0.0,0.0,0.0,64.0,0.04,0,0.0
greedy,linear:runs/linear/pass7/p7b_sarsa_lam98_random_s3.json@best,2,9001,93,0,0.0,0.0,-47.0,63.0,110.0,53.0,10.0,2.0,1.0,0.0,17.0,12.0,2.9166666666666665,1.0,10.0,6.0,3.0,0.0,41.0,0.0,3.0,0.0,0.0,0.0,69.0,0.04,0,0.0
greedy,linear:runs/linear/pass7/p7b_sarsa_lam98_random_s3.json@best,2,9001,94,1,1.0,1.0,9.0,89.0,80.0,37.0,42.0,5.0,0.0,1.0,18.0,15.0,2.1333333333333333,0.0,13.0,4.0,5.0,0.0,27.0,1.0,5.0,0.0,0.0,0.0,65.0,0.04,0,0.0
greedy,linear:runs/linear/pass7/p7b_sarsa_lam98_random_s3.json@best,2,9001,95,0,0.0,0.0,-42.0,54.0,96.0,38.0,6.0,2.0,1.0,1.0,12.0,11.0,2.5454545454545454,1.0,17.0,2.0,6.0,0.0,36.0,0.0,3.0,0.0,0.0,0.0,64.0,0.03,0,0.0
greedy,linear:runs/linear/pass7/p7b_sarsa_lam98_random_s3.json@best,2,9001,96,1,0.0,0.0,-27.0,64.0,91.0,48.0,6.0,2.0,1.0,1.0,24.0,12.0,2.6666666666666665,1.0,13.0,4.0,7.0,0.0,35.0,0.0,3.0,0.0,0.0,0.0,67.0,0.03,0,0.0
greedy,linear:runs/linear/pass7/p7b_sarsa_lam98_random_s3.json@best,2,9001,97,0,0.0,0.0,-25.0,70.0,95.0,41.0,19.0,5.0,1.0,1.0,17.0,15.0,2.2666666666666666,0.0,11.0,4.0,6.0,0.0,28.0,1.0,6.0,0.0,0.0,0.0,67.0,0.04,0,0.0
greedy,linear:runs/linear/pass7/p7b_sarsa_lam98_random_s3.json@best,2,9001,98,1,0.0,0.0,-49.0,52.0,101.0,38.0,4.0,2.0,2.0,1.0,20.0,12.0,2.5,0.0,15.0,3.0,4.0,0.0,34.0,1.0,4.0,0.0,0.0,0.0,65.0,0.03,0,0.0
greedy,linear:runs/linear/pass7/p7b_sarsa_lam98_random_s3.json@best,2,9001,99,1,0.0,0.0,-49.0,48.0,97.0,39.0,9.0,2.0,1.0,0.0,12.0,12.0,2.4166666666666665,0.0,16.0,7.0,1.0,0.0,41.0,0.0,3.0,0.0,0.0,0.0,67.0,0.03,0,0.0
ppo:runs/ppo/pass2/p2b_pool_s3.json,greedy,2,9001,75,0,1.0,1.0,71.0,91.0,20.0,102.0,-21.0,0.0,2.0,1.0,32.0,9.0,4.888888888888889,6.0,1.0,8.0,3.0,0.0,37.0,0.0,2.0,0.0,0.0,1.0,58.0,0.08,0,0.0
ppo:runs/ppo/pass2/p2b_pool_s3.json,greedy,2,9001,76,0,1.0,1.0,16.0,88.0,72.0,107.0,-29.0,0.0,2.0,1.0,28.0,8.0,5.625,7.0,0.0,9.0,3.0,0.0,49.0,0.0,2.0,0.0,0.0,1.0,67.0,0.14,0,0.0
ppo:runs/ppo/pass2/p2b_pool_s3.json,greedy,2,9001,77,1,1.0,1.0,9.0,84.0,75.0,100.0,-16.0,0.0,2.0,0.0,16.0,9.0,4.888888888888889,6.0,1.0,2.0,5.0,0.0,39.0,0.0,2.0,0.0,0.0,1.0,62.0,0.09,0,0.0
ppo:runs/ppo/pass2/p2b_pool_s3.json,greedy,2,9001,78,0,0.0,0.0,-7.0,82.0,89.0,100.0,-28.0,0.0,2.0,1.0,39.0,9.0,5.0,5.0,0.0,6.0,1.0,1.0,45.0,0.0,2.0,0.0,0.0,1.0,65.0,0.1,0,0.0
ppo:runs/ppo/pass2/p2b_pool_s3.json,greedy,2,9001,79,1,1.0,1.0,51.0,98.0,47.0,107.0,-19.0,0.0,2.0,1.0,28.0,8.0,5.625,7.0,0.0,4.0,4.0,0.0,48.0,0.0,2.0,0.0,0.0,1.0,67.0,0.11,0,0.0
ppo:runs/ppo/pass2/p2b_pool_s3.json,greedy,2,9001,80,1,0.0,0.0,-11.0,86.0,97.0,101.0,-25.0,0.0,2.0,1.0,34.0,9.0,5.0,6.0,0.0,4.0,2.0,0.0,46.0,0.0,2.0,0.0,0.0,1.0,66.0,0.11,0,0.0
ppo:runs/ppo/pass2/p2b_pool_s3.json,greedy,2,9001,81,0,0.0,0.0,-11.0,92.0,103.0,105.0,-23.0,0.0,2.0,1.0,32.0,9.0,5.0,7.0,0.0,4.0,4.0,0.0,42.0,0.0,2.0,0.0,0.0,1.0,64.0,0.11,0,0.0
ppo:runs/ppo/pass2/p2b_pool_s3.json,greedy,2,9001,82,1,1.0,1.0,20.0,84.0,64.0,105.0,-31.0,0.0,2.0,1.0,21.0,9.0,5.0,7.0,0.0,6.0,8.0,0.0,38.0,0.0,2.0,0.0,0.0,1.0,63.0,0.1,0,0.0
ppo:runs/ppo/pass2/p2b_pool_s3.json,greedy,2,9001,83,0,0.0,0.0,-2.0,76.0,78.0,105.0,-29.0,0.0,2.0,0.0,18.0,8.0,5.625,8.0,0.0,3.0,5.0,0.0,47.0,0.0,2.0,0.0,0.0,1.0,68.0,0.18,0,0.0
ppo:runs/ppo/pass2/p2b_pool_s3.json,greedy,2,9001,84,0,1.0,1.0,15.0,90.0,75.0,100.0,-20.0,0.0,2.0,1.0,34.0,9.0,4.888888888888889,6.0,1.0,1.0,5.0,0.0,43.0,0.0,2.0,0.0,0.0,1.0,66.0,0.12,0,0.0
ppo:runs/ppo/pass2/p2b_pool_s3.json,greedy,2,9001,85,0,1.0,1.0,18.0,93.0,75.0,105.0,-22.0,0.0,2.0,1.0,24.0,9.0,5.0,7.0,0.0,10.0,3.0,0.0,43.0,0.0,2.0,0.0,0.0,1.0,64.0,0.09,0,0.0
ppo:runs/ppo/pass2/p2b_pool_s3.json,greedy,2,9001,86,1,1.0,1.0,33.0,101.0,68.0,105.0,-14.0,0.0,2.0,1.0,21.0,9.0,5.0,7.0,0.0,7.0,4.0,0.0,44.0,0.0,2.0,0.0,0.0,1.0,65.0,0.09,0,0.0
ppo:runs/ppo/pass2/p2b_pool_s3.json,greedy,2,9001,87,0,1.0,1.0,29.0,85.0,56.0,99.0,-24.0,0.0,2.0,1.0,27.0,10.0,4.5,6.0,0.0,4.0,4.0,0.0,38.0,0.0,2.0,0.0,0.0,1.0,62.0,0.09,0,0.0
ppo:runs/ppo/pass2/p2b_pool_s3.json,greedy,2,9001,88,0,1.0,1.0,61.0,99.0,38.0,107.0,-18.0,0.0,2.0,1.0,22.0,8.0,5.625,7.0,0.0,10.0,3.0,0.0,47.0,0.0,2.0,0.0,0.0,1.0,65.0,0.09,0,0.0
ppo:runs/ppo/pass2/p2b_pool_s3.json,greedy,2,9001,89,0,1.0,1.0,38.0,90.0,52.0,103.0,-23.0,0.0,2.0,1.0,28.0,9.0,5.0,7.0,0.0,7.0,3.0,0.0,41.0,0.0,2.0,0.0,0.0,1.0,62.0,0.08,0,0.0
ppo:runs/ppo/pass2/p2b_pool_s3.json,greedy,2,9001,90,0,1.0,1.0,36.0,86.0,50.0,100.0,-24.0,0.0,2.0,1.0,29.0,9.0,5.0,5.0,0.0,10.0,1.0,1.0,47.0,0.0,2.0,0.0,0.0,1.0,68.0,0.08,0,0.0
ppo:runs/ppo/pass2/p2b_pool_s3.json,greedy,2,9001,91,0,1.0,1.0,21.0,90.0,69.0,99.0,-19.0,0.0,2.0,1.0,24.0,10.0,4.5,6.0,0.0,5.0,3.0,0.0,41.0,0.0,2.0,0.0,0.0,1.0,64.0,0.09,0,0.0
ppo:runs/ppo/pass2/p2b_pool_s3.json,greedy,2,9001,92,0,1.0,1.0,35.0,89.0,54.0,99.0,-20.0,0.0,2.0,1.0,22.0,10.0,4.5,6.0,0.0,8.0,0.0,0.0,46.0,0.0,2.0,0.0,0.0,1.0,65.0,0.09,0,0.0
ppo:runs/ppo/pass2/p2b_pool_s3.json,greedy,2,9001,93,0,1.0,1.0,38.0,98.0,60.0,107.0,-19.0,0.0,2.0,1.0,22.0,8.0,5.625,7.0,0.0,4.0,2.0,1.0,44.0,0.0,2.0,0.0,0.0,1.0,64.0,0.09,0,0.0
ppo:runs/ppo/pass2/p2b_pool_s3.json,greedy,2,9001,94,1,1.0,1.0,43.0,91.0,48.0,101.0,-20.0,0.0,2.0,1.0,41.0,9.0,5.0,6.0,0.0,9.0,0.0,0.0,42.0,0.0,2.0,0.0,0.0,1.0,60.0,0.1,0,0.0
ppo:runs/ppo/pass2/p2b_pool_s3.json,greedy,2,9001,95,0,1.0,1.0,50.0,113.0,63.0,105.0,-2.0,1.0,1.0,1.0,29.0,9.0,5.0,6.0,0.0,4.0,3.0,0.0,45.0,0.0,2.0,0.0,0.0,1.0,65.0,0.1,0,0.0
ppo:runs/ppo/pass2/p2b_pool_s3.json,greedy,2,9001,96,1,1.0,1.0,7.0,90.0,83.0,103.0,-23.0,0.0,2.0,1.0,24.0,9.0,5.0,7.0,0.0,6.0,0.0,0.0,48.0,0.0,2.0,0.0,0.0,1.0,66.0,0.1,0,0.0
ppo:runs/ppo/pass2/p2b_pool_s3.json,greedy,2,9001,97,0,1.0,1.0,61.0,104.0,43.0,105.0,-11.0,0.0,2.0,1.0,29.0,9.0,5.0,6.0,0.0,8.0,3.0,0.0,45.0,0.0,2.0,0.0,0.0,1.0,66.0,0.11,0,0.0
ppo:runs/ppo/pass2/p2b_pool_s3.json,greedy,2,9001,98,1,1.0,1.0,37.0,75.0,38.0,103.0,-38.0,0.0,2.0,1.0,33.0,9.0,5.0,6.0,0.0,6.0,1.0,0.0,41.0,0.0,2.0,0.0,0.0,1.0,60.0,0.08,0,0.0
ppo:runs/ppo/pass2/p2b_pool_s3.json,greedy,2,9001,99,1,1.0,1.0,60.0,94.0,34.0,103.0,-19.0,0.0,2.0,1.0,31.0,9.0,5.0,6.0,0.0,5.0,6.0,0.0,38.0,0.0,2.0,0.0,0.0,1.0,62.0,0.09,0,0.0
ppo:runs/ppo/pass2/p2b_pool_s3.json,linear:runs/linear/pass7/p7b_sarsa_lam98_random_s3.json@best,2,9001,50,1,0.0,0.0,-14.0,65.0,79.0,93.0,-28.0,0.0,2.0,0.0,14.0,9.0,4.777777777777778,5.0,2.0,4.0,2.0,2.0,36.0,0.0,2.0,0.0,0.0,1.0,59.0,0.11,0,0.0
ppo:runs/ppo/pass2/p2b_pool_s3.json,linear:runs/linear/pass7/p7b_sarsa_lam98_random_s3.json@best,2,9001,51,1,0.0,0.0,-2.0,91.0,93.0,98.0,-17.0,0.0,2.0,1.0,30.0,10.0,4.5,5.0,0.0,4.0,7.0,0.0,37.0,0.0,2.0,0.0,0.0,1.0,64.0,0.14,0,0.0
ppo:runs/ppo/pass2/p2b_pool_s3.json,linear:runs/linear/pass7/p7b_sarsa_lam98_random_s3.json@best,2,9001,52,0,1.0,1.0,11.0,88.0,77.0,94.0,-16.0,0.0,2.0,1.0,27.0,10.0,4.4,5.0,1.0,5.0,1.0,0.0,43.0,0.0,2.0,0.0,0.0,1.0,63.0,0.13,0,0.0
ppo:runs/ppo/pass2/p2b_pool_s3.json,linear:runs/linear/pass7/p7b_sarsa_lam98_random_s3.json@best,2,9001,53,1,1.0,1.0,5.0,78.0,73.0,94.0,-16.0,0.0,2.0,0.0,22.0,10.0,4.4,6.0,1.0,6.0,0.0,0.0,40.0,0.0,2.0,0.0,0.0,1.0,60.0,0.13,0,0.0
ppo:runs/ppo/pass2/p2b_pool_s3.json,linear:runs/linear/pass7/p7b_sarsa_lam98_random_s3.json@best,2,9001,54,1,0.0,0.0,-3.0,78.0,81.0,92.0,-24.0,0.0,2.0,1.0,29.0,9.0,4.777777777777778,5.0,2.0,8.0,3.0,0.0,41.0,0.0,2.0,0.0,0.0,0.0,62.0,0.13,0,0.0
ppo:runs/ppo/pass2/p2b_pool_s3.json,linear:runs/linear/pass7/p7b_sarsa_lam98_random_s3.json@best,2,9001,55,1,1.0,1.0,25.0,82.0,57.0,98.0,-26.0,0.0,2.0,1.0,17.0,10.0,4.4,6.0,1.0,4.0,0.0,0.0,42.0,0.0,2.0,0.0,0.0,1.0,62.0,0.13,0,0.0
ppo:runs/ppo/pass2/p2b_pool_s3.json,linear:runs/linear/pass7/p7b_sarsa_lam98_random_s3.json@best,2,9001,56,0,1.0,1.0,13.0,93.0,80.0,96.0,-13.0,1.0,1.0,1.0,28.0,10.0,4.5,6.0,0.0,6.0,4.0,0.0,38.0,0.0,2.0,0.0,0.0,1.0,62.0,0.14,0,0.0
ppo:runs/ppo/pass2/p2b_pool_s3.json,linear:runs/linear/pass7/p7b_sarsa_lam98_random_s3.json@best,2,9001,57,0,0.0,0.0,-16.0,76.0,92.0,99.0,-23.0,0.0,2.0,0.0,12.0,10.0,4.5,6.0,0.0,7.0,1.0,0.0,49.0,0.0,2.0,0.0,0.0,1.0,69.0,0.15,0,0.0
ppo:runs/ppo/pass2/p2b_pool_s3.json,linear:runs/linear/pass7/p7b_sarsa_lam98_random_s3.json@best,2,9001,58,0,1.0,1.0,17.0,78.0,61.0,98.0,-30.0,0.0,2.0,1.0,20.0,9.0,5.0,6.0,0.0,4.0,6.0,0.0,40.0,0.0,2.0,0.0,0.0,1.0,63.0,0.13,0,0.0
ppo:runs/ppo/pass2/p2b_pool_s3.json,linear:runs/linear/pass7/p7b_sarsa_lam98_random_s3.json@best,2,9001,59,1,0.0,0.0,-54.0,64.0,118.0,94.0,-30.0,0.0,2.0,0.0,21.0,10.0,4.4,6.0,1.0,4.0,5.0,0.0,43.0,0.0,2.0,0.0,0.0,1.0,68.0,0.15,0,0.0
ppo:runs/ppo/pass2/p2b_pool_s3.json,linear:runs/linear/pass7/p7b_sarsa_lam98_random_s3.json@best,2,9001,60,1,0.0,0.0,-20.0,73.0,93.0,92.0,-19.0,0.0,2.0,0.0,13.0,9.0,4.777777777777778,5.0,2.0,7.0,1.0,0.0,43.0,0.0,2.0,0.0,0.0,0.0,63.0,0.12,0,0.0
ppo:runs/ppo/pass2/p2b_pool_s3.json,linear:runs/linear/pass7/p7b_sarsa_lam98_random_s3.json@best,2,9001,61,1,1.0,1.0,2.0,84.0,82.0,93.0,-19.0,0.0,2.0,1.0,21.0,11.0,4.090909090909091,5.0,0.0,5.0,5.0,0.0,39.0,0.0,2.0,0.0,0.0,1.0,66.0,0.14,0,0.0
ppo:runs/ppo/pass2/p2b_pool_s3.json,linear:runs/linear/pass7/p7b_sarsa_lam98_random_s3.json@best,2,9001,62,1,1.0,1.0,23.0,93.0,70.0,98.0,-15.0,0.0,2.0,1.0,32.0,9.0,4.888888888888889,6.0,1.0,8.0,3.0,0.0,43.0,0.0,2.0,0.0,0.0,0.0,64.0,0.13,0,0.0
ppo:runs/ppo/pass2/p2b_pool_s3.json,linear:runs/linear/pass7/p7b_sarsa_lam98_random_s3.json@best,2,9001,63,1,1.0,1.0,14.0,91.0,77.0,96.0,-15.0,0.0,2.0,1.0,35.0,10.0,4.5,5.0,0.0,7.0,5.0,0.0,39.0,0.0,2.0,0.0,0.0,1.0,64.0,0.11,0,0.0
ppo:runs/ppo/pass2/p2b_pool_s3.json,linear:runs/linear/pass7/p7b_sarsa_lam98_random_s3.json@best,2,9001,64,0,1.0,1.0,1.0,84.0,83.0,88.0,-14.0,0.0,2.0,1.0,15.0,11.0,4.0,5.0,1.0,4.0,0.0,0.0,44.0,0.0,2.0,0.0,0.0,1.0,66.0,0.13,0,0.0
ppo:runs/ppo/pass2/p2b_pool_s3.json,linear:runs/linear/pass7/p7b_sarsa_lam98_random_s3.json@best,2,9001,65,0,1.0,1.0,22.0,84.0,62.0,96.0,-22.0,0.0,2.0,1.0,20.0,10.0,4.4,5.0,1.0,4.0,1.0,0.0,41.0,0.0,2.0,0.0,0.0,1.0,61.0,0.11,0,0.0
ppo:runs/ppo/pass2/p2b_pool_s3.json,linear:runs/linear/pass7/p7b_sarsa_lam98_random_s3.json@best,2,9001,66,0,0.0,0.0,-4.0,69.0,73.0,92.0,-33.0,0.0,2.0,1.0,36.0,11.0,4.0,5.0,1.0,5.0,2.0,0.0,40.0,0.0,2.0,0.0,0.0,1.0,63.0,0.13,0,0.0
ppo:runs/ppo/pass2/p2b_pool_s3.json,linear:runs/linear/pass7/p7b_sarsa_lam98_random_s3.json@best,2,9001,67,1,1.0,1.0,6.0,79.0,73.0,91.0,-22.0,0.0,2.0,1.0,23.0,12.0,3.6666666666666665,5.0,1.0,5.0,3.0,0.0,37.0,0.0,2.0,0.0,0.0,1.0,63.0,0.13,0,0.0
ppo:runs/ppo/pass2/p2b_pool_s3.json,linear:runs/linear/pass7/p7b_sarsa_lam98_random_s3.json@best,2,9001,68,1,1.0,1.0,24.0,85.0,61.0,94.0,-19.0,0.0,2.0,1.0,21.0,10.0,4.5,5.0,0.0,8.0,2.0,0.0,44.0,0.0,2.0,0.0,0.0,1.0,65.0,0.13,0,0.0
ppo:runs/ppo/pass2/p2b_pool_s3.json,linear:runs/linear/pass7/p7b_sarsa_lam98_random_s3.json@best,2,9001,69,1,0.0,0.0,-11.0,80.0,91.0,94.0,-24.0,0.0,2.0,1.0,20.0,10.0,4.5,5.0,0.0,9.0,3.0,0.0,39.0,0.0,2.0,0.0,0.0,1.0,62.0,0.12,0,0.0
ppo:runs/ppo/pass2/p2b_pool_s3.json,linear:runs/linear/pass7/p7b_sarsa_lam98_random_s3.json@best,2,9001,70,1,1.0,1.0,17.0,88.0,71.0,92.0,-14.0,0.0,2.0,1.0,18.0,9.0,4.777777777777778,4.0,2.0,6.0,1.0,0.0,43.0,0.0,2.0,0.0,0.0,0.0,63.0,0.13,0,0.0
ppo:runs/ppo/pass2/p2b_pool_s3.json,linear:runs/linear/pass7/p7b_sarsa_lam98_random_s3.json@best,2,9001,71,1,0.0,0.0,-8.0,70.0,78.0,88.0,-28.0,0.0,2.0,1.0,28.0,11.0,4.0,5.0,1.0,6.0,1.0,0.0,41.0,0.0,2.0,0.0,0.0,1.0,63.0,0.1,0,0.0
ppo:runs/ppo/pass2/p2b_pool_s3.json,linear:runs/linear/pass7/p7b_sarsa_lam98_random_s3.json@best,2,9001,72,1,1.0,1.0,23.0,92.0,69.0,96.0,-14.0,0.0,2.0,1.0,22.0,10.0,4.4,6.0,1.0,7.0,3.0,0.0,39.0,0.0,2.0,0.0,0.0,1.0,62.0,0.13,0,0.0
ppo:runs/ppo/pass2/p2b_pool_s3.json,linear:runs/linear/pass7/p7b_sarsa_lam98_random_s3.json@best,2,9001,73,1,1.0,1.0,11.0,88.0,77.0,92.0,-14.0,0.0,2.0,1.0,30.0,10.0,4.5,5.0,0.0,9.0,2.0,0.0,42.0,0.0,2.0,0.0,0.0,1.0,63.0,0.13,0,0.0
ppo:runs/ppo/pass2/p2b_pool_s3.json,linear:runs/linear/pass7/p7b_sarsa_lam98_random_s3.json@best,2,9001,74,1,1.0,1.0,14.0,87.0,73.0,94.0,-17.0,0.0,2.0,1.0,21.0,10.0,4.4,5.0,1.0,7.0,4.0,0.0,38.0,0.0,2.0,0.0,0.0,1.0,62.0,0.12,0,0.0
ppo:runs/ppo/pass2/p2b_pool_s3.json,racer,2,9001,75,0,0.0,0.0,-3.0,77.0,80.0,88.0,-21.0,0.0,2.0,1.0,31.0,10.0,4.2,4.0,3.0,5.0,7.0,0.0,33.0,0.0,2.0,0.0,0.0,0.0,61.0,0.09,0,0.0
ppo:runs/ppo/pass2/p2b_pool_s3.json,racer,2,9001,76,0,1.0,1.0,1.0,69.0,68.0,88.0,-29.0,0.0,2.0,1.0,30.0,11.0,4.0,5.0,1.0,6.0,0.0,0.0,40.0,0.0,2.0,0.0,0.0,1.0,61.0,0.1,0,0.0
ppo:runs/ppo/pass2/p2b_pool_s3.json,racer,2,9001,77,1,1.0,1.0,21.0,88.0,67.0,94.0,-16.0,0.0,2.0,1.0,24.0,10.0,4.4,5.0,1.0,7.0,4.0,0.0,40.0,0.0,2.0,0.0,0.0,1.0,64.0,0.22,0,0.0
ppo:runs/ppo/pass2/p2b_pool_s3.json,racer,2,9001,78,0,0.0,0.0,-1.0,70.0,71.0,88.0,-28.0,0.0,2.0,1.0,22.0,11.0,4.0,5.0,1.0,5.0,1.0,0.0,41.0,0.0,2.0,0.0,0.0,1.0,63.0,0.1,0,0.0
ppo:runs/ppo/pass2/p2b_pool_s3.json,racer,2,9001,79,1,1.0,1.0,7.0,84.0,77.0,93.0,-19.0,0.0,2.0,1.0,27.0,11.0,4.090909090909091,5.0,0.0,3.0,9.0,0.0,33.0,0.0,2.0,0.0,0.0,1.0,63.0,0.09,0,0.0
ppo:runs/ppo/pass2/p2b_pool_s3.json,racer,2,9001,80,1,0.0,0.0,-2.0,75.0,77.0,90.0,-25.0,0.0,2.0,1.0,19.0,11.0,4.0,5.0,1.0,5.0,5.0,1.0,35.0,0.0,2.0,0.0,0.0,1.0,64.0,0.09,0,0.0
ppo:runs/ppo/pass2/p2b_pool_s3.json,racer,2,9001,81,0,1.0,1.0,39.0,82.0,43.0,95.0,-23.0,0.0,2.0,1.0,21.0,9.0,4.777777777777778,7.0,2.0,6.0,9.0,1.0,31.0,0.0,2.0,0.0,0.0,1.0,60.0,0.08,0,0.0
ppo:runs/ppo/pass2/p2b_pool_s3.json,racer,2,9001,82,1,0.0,0.0,-9.0,73.0,82.0,94.0,-31.0,0.0,2.0,1.0,28.0,10.0,4.4,6.0,1.0,6.0,4.0,0.0,40.0,0.0,2.0,0.0,0.0,1.0,63.0,0.08,0,0.0
ppo:runs/ppo/pass2/p2b_pool_s3.json,racer,2,9001,83,0,0.0,0.0,-11.0,69.0,80.0,88.0,-29.0,0.0,2.0,1.0,35.0,11.0,4.0,5.0,1.0,4.0,3.0,0.0,37.0,0.0,2.0,0.0,0.0,1.0,62.0,0.08,0,0.0
ppo:runs/ppo/pass2/p2b_pool_s3.json,racer,2,9001,84,0,0.0,0.0,-4.0,77.0,81.0,87.0,-20.0,0.0,2.0,1.0,23.0,12.0,3.6666666666666665,4.0,1.0,4.0,4.0,0.0,36.0,0.0,2.0,0.0,0.0,1.0,64.0,0.08,0,0.0
ppo:runs/ppo/pass2/p2b_pool_s3.json,racer,2,9001,85,0,1.0,1.0,2.0,82.0,80.0,94.0,-22.0,0.0,2.0,1.0,28.0,10.0,4.5,5.0,0.0,10.0,5.0,0.0,43.0,0.0,2.0,0.0,0.0,1.0,68.0,0.08,0,0.0
ppo:runs/ppo/pass2/p2b_pool_s3.json,racer,2,9001,86,1,1.0,1.0,31.0,94.0,63.0,98.0,-14.0,0.0,2.0,1.0,21.0,9.0,5.0,6.0,0.0,5.0,4.0,1.0,38.0,0.0,2.0,0.0,0.0,1.0,61.0,0.08,0,0.0
ppo:runs/ppo/pass2/p2b_pool_s3.json,racer,2,9001,87,0,0.0,0.0,-16.0,69.0,85.0,83.0,-24.0,0.0,2.0,1.0,21.0,8.0,4.875,5.0,6.0,5.0,0.0,0.0,42.0,0.0,2.0,0.0,0.0,0.0,59.0,0.08,0,0.0
ppo:runs/ppo/pass2/p2b_pool_s3.json,racer,2,9001,88,0,1.0,1.0,57.0,93.0,36.0,101.0,-18.0,0.0,2.0,1.0,24.0,9.0,5.0,6.0,0.0,8.0,2.0,0.0,44.0,0.0,2.0,0.0,0.0,1.0,63.0,0.09,0,0.0
ppo:runs/ppo/pass2/p2b_pool_s3.json,racer,2,9001,89,0,0.0,0.0,-4.0,76.0,80.0,89.0,-23.0,0.0,2.0,1.0,24.0,11.0,4.0,4.0,1.0,3.0,4.0,0.0,38.0,0.0,2.0,0.0,0.0,1.0,64.0,0.1,0,0.0
ppo:runs/ppo/pass2/p2b_pool_s3.json,racer,2,9001,90,0,1.0,1.0,1.0,73.0,72.0,87.0,-24.0,0.0,2.0,1.0,39.0,12.0,3.6666666666666665,5.0,1.0,5.0,5.0,1.0,35.0,0.0,2.0,0.0,0.0,1.0,66.0,0.1,0,0.0
ppo:runs/ppo/pass2/p2b_pool_s3.json,racer,2,9001,91,0,0.0,0.0,-7.0,82.0,89.0,91.0,-19.0,0.0,2.0,1.0,24.0,10.0,4.4,4.0,1.0,5.0,5.0,0.0,41.0,0.0,2.0,0.0,0.0,0.0,67.0,0.09,0,0.0
ppo:runs/ppo/pass2/p2b_pool_s3.json,racer,2,9001,92,0,1.0,1.0,32.0,82.0,50.0,92.0,-20.0,0.0,2.0,1.0,27.0,10.0,4.4,5.0,1.0,6.0,6.0,0.0,36.0,0.0,2.0,0.0,0.0,1.0,61.0,0.09,0,0.0
ppo:runs/ppo/pass2/p2b_pool_s3.json,racer,2,9001,93,0,0.0,0.0,-18.0,69.0,87.0,88.0,-19.0,0.0,2.0,0.0,26.0,10.0,4.2,4.0,3.0,2.0,4.0,0.0,36.0,0.0,2.0,0.0,0.0,0.0,61.0,0.08,0,0.0
ppo:runs/ppo/pass2/p2b_pool_s3.json,racer,2,9001,94,1,1.0,1.0,14.0,77.0,63.0,87.0,-20.0,0.0,2.0,1.0,34.0,11.0,4.0,4.0,1.0,8.0,0.0,0.0,44.0,0.0,2.0,0.0,0.0,1.0,66.0,0.08,0,0.0
ppo:runs/ppo/pass2/p2b_pool_s3.json,racer,2,9001,95,0,1.0,1.0,14.0,86.0,72.0,92.0,-16.0,0.0,2.0,1.0,34.0,10.0,4.5,5.0,0.0,5.0,2.0,0.0,40.0,0.0,2.0,0.0,0.0,1.0,61.0,0.07,0,0.0
ppo:runs/ppo/pass2/p2b_pool_s3.json,racer,2,9001,96,1,1.0,1.0,7.0,86.0,79.0,99.0,-23.0,0.0,2.0,1.0,38.0,10.0,4.5,6.0,0.0,5.0,3.0,0.0,39.0,0.0,2.0,0.0,0.0,1.0,62.0,0.08,0,0.0
ppo:runs/ppo/pass2/p2b_pool_s3.json,racer,2,9001,97,0,1.0,1.0,10.0,91.0,81.0,92.0,-11.0,0.0,2.0,1.0,22.0,11.0,4.0,5.0,1.0,5.0,4.0,0.0,38.0,0.0,2.0,0.0,0.0,1.0,64.0,0.08,0,0.0
ppo:runs/ppo/pass2/p2b_pool_s3.json,racer,2,9001,98,1,0.0,0.0,-23.0,66.0,89.0,94.0,-38.0,0.0,2.0,1.0,28.0,10.0,4.5,6.0,0.0,8.0,1.0,0.0,45.0,0.0,2.0,0.0,0.0,1.0,66.0,0.09,0,0.0
ppo:runs/ppo/pass2/p2b_pool_s3.json,racer,2,9001,99,1,1.0,1.0,20.0,93.0,73.0,88.0,-5.0,1.0,1.0,1.0,27.0,11.0,4.0,5.0,1.0,4.0,1.0,0.0,39.0,0.0,2.0,0.0,0.0,1.0,62.0,0.08,0,0.0
ppo:runs/ppo/pass2/p2b_pool_s3.json,ppo:runs/ppo/pass2/p2b_pool_s3.json,2,9001,50,1,0.0,0.0,-1.0,73.0,74.0,91.0,-28.0,0.0,2.0,1.0,28.0,11.0,4.0,5.0,1.0,5.0,3.0,0.0,39.0,0.0,2.0,0.0,0.0,0.0,64.0,0.19,0,0.0
ppo:runs/ppo/pass2/p2b_pool_s3.json,ppo:runs/ppo/pass2/p2b_pool_s3.json,2,9001,51,1,0.0,0.0,-10.0,73.0,83.0,90.0,-17.0,0.0,2.0,0.0,8.0,9.0,4.777777777777778,5.0,2.0,4.0,2.0,0.0,38.0,0.0,2.0,0.0,0.0,0.0,59.0,0.14,0,0.0
ppo:runs/ppo/pass2/p2b_pool_s3.json,ppo:runs/ppo/pass2/p2b_pool_s3.json,2,9001,52,0,1.0,1.0,19.0,85.0,66.0,91.0,-16.0,0.0,2.0,1.0,32.0,10.0,4.3,5.0,2.0,6.0,1.0,1.0,39.0,0.0,2.0,0.0,0.0,0.0,62.0,0.15,0,0.0
ppo:runs/ppo/pass2/p2b_pool_s3.json,ppo:runs/ppo/pass2/p2b_pool_s3.json,2,9001,53,1,1.0,1.0,12.0,77.0,65.0,93.0,-16.0,0.0,2.0,0.0,13.0,11.0,4.090909090909091,5.0,0.0,6.0,0.0,0.0,42.0,0.0,2.0,0.0,0.0,1.0,64.0,0.14,0,0.0
ppo:runs/ppo/pass2/p2b_pool_s3.json,ppo:runs/ppo/pass2/p2b_pool_s3.json,2,9001,54,1,0.0,0.0,-11.0,65.0,76.0,89.0,-24.0,0.0,2.0,0.0,20.0,10.0,4.4,5.0,1.0,6.0,4.0,0.0,38.0,0.0,2.0,0.0,0.0,1.0,61.0,0.18,0,0.0
ppo:runs/ppo/pass2/p2b_pool_s3.json,ppo:runs/ppo/pass2/p2b_pool_s3.json,2,9001,55,1,1.0,1.0,19.0,72.0,53.0,88.0,-26.0,0.0,2.0,1.0,21.0,9.0,4.666666666666667,6.0,3.0,4.0,0.0,1.0,40.0,0.0,2.0,0.0,0.0,0.0,61.0,0.14,0,0.0
ppo:runs/ppo/pass2/p2b_pool_s3.json,ppo:runs/ppo/pass2/p2b_pool_s3.json,2,9001,56,0,0.0,0.0,-13.0,65.0,78.0,92.0,-27.0,0.0,2.0,0.0,11.0,10.0,4.3,6.0,2.0,7.0,2.0,0.0,38.0,0.0,2.0,0.0,0.0,0.0,61.0,0.16,0,0.0
ppo:runs/ppo/pass2/p2b_pool_s3.json,ppo:runs/ppo/pass2/p2b_pool_s3.json,2,9001,57,0,1.0,1.0,32.0,86.0,54.0,99.0,-23.0,0.0,2.0,1.0,21.0,10.0,4.5,6.0,0.0,5.0,1.0,0.0,41.0,0.0,2.0,0.0,0.0,1.0,61.0,0.15,0,0.0
ppo:runs/ppo/pass2/p2b_pool_s3.json,ppo:runs/ppo/pass2/p2b_pool_s3.json,2,9001,58,0,1.0,1.0,16.0,74.0,58.0,94.0,-30.0,0.0,2.0,1.0,24.0,10.0,4.4,6.0,1.0,5.0,2.0,0.0,38.0,0.0,2.0,0.0,0.0,1.0,59.0,0.15,0,0.0
ppo:runs/ppo/pass2/p2b_pool_s3.json,ppo:runs/ppo/pass2/p2b_pool_s3.json,2,9001,59,1,1.0,1.0,18.0,73.0,55.0,93.0,-30.0,0.0,2.0,1.0,24.0,10.0,4.4,5.0,1.0,4.0,0.0,0.0,40.0,0.0,2.0,0.0,0.0,1.0,60.0,0.22,0,0.0
ppo:runs/ppo/pass2/p2b_pool_s3.json,ppo:runs/ppo/pass2/p2b_pool_s3.json,2,9001,60,1,1.0,1.0,3.0,75.0,72.0,94.0,-19.0,0.0,2.0,0.0,17.0,8.0,5.25,7.0,3.0,6.0,1.0,0.0,43.0,0.0,2.0,0.0,0.0,0.0,61.0,0.13,0,0.0
ppo:runs/ppo/pass2/p2b_pool_s3.json,ppo:runs/ppo/pass2/p2b_pool_s3.json,2,9001,61,1,1.0,1.0,14.0,81.0,67.0,90.0,-19.0,0.0,2.0,1.0,31.0,11.0,4.0,4.0,1.0,4.0,2.0,0.0,38.0,0.0,2.0,0.0,0.0,1.0,62.0,0.14,0,0.0
ppo:runs/ppo/pass2/p2b_pool_s3.json,ppo:runs/ppo/pass2/p2b_pool_s3.json,2,9001,62,1,1.0,1.0,21.0,83.0,62.0,88.0,-15.0,0.0,2.0,1.0,26.0,12.0,3.5833333333333335,4.0,2.0,4.0,2.0,0.0,38.0,0.0,2.0,0.0,0.0,0.0,64.0,0.14,0,0.0
ppo:runs/ppo/pass2/p2b_pool_s3.json,ppo:runs/ppo/pass2/p2b_pool_s3.json,2,9001,63,1,0.0,0.0,-25.0,73.0,98.0,88.0,-15.0,0.0,2.0,0.0,12.0,8.0,5.0,5.0,5.0,3.0,6.0,0.0,38.0,0.0,2.0,0.0,0.0,0.0,61.0,0.13,0,0.0
ppo:runs/ppo/pass2/p2b_pool_s3.json,ppo:runs/ppo/pass2/p2b_pool_s3.json,2,9001,64,0,1.0,1.0,17.0,88.0,71.0,92.0,-14.0,0.0,2.0,1.0,26.0,11.0,4.0,5.0,1.0,7.0,0.0,0.0,40.0,0.0,2.0,0.0,0.0,1.0,62.0,0.13,0,0.0
ppo:runs/ppo/pass2/p2b_pool_s3.json,ppo:runs/ppo/pass2/p2b_pool_s3.json,2,9001,65,0,0.0,0.0,-5.0,72.0,77.0,94.0,-22.0,0.0,2.0,0.0,21.0,11.0,4.090909090909091,6.0,0.0,6.0,0.0,0.0,42.0,0.0,2.0,0.0,0.0,1.0,63.0,0.14,0,0.0
ppo:runs/ppo/pass2/p2b_pool_s3.json,ppo:runs/ppo/pass2/p2b_pool_s3.json,2,9001,66,0,0.0,0.0,-10.0,67.0,77.0,90.0,-33.0,0.0,2.0,1.0,19.0,9.0,4.777777777777778,5.0,2.0,4.0,2.0,0.0,42.0,0.0,2.0,0.0,0.0,0.0,62.0,0.15,0,0.0
ppo:runs/ppo/pass2/p2b_pool_s3.json,ppo:runs/ppo/pass2/p2b_pool_s3.json,2,9001,67,1,1.0,1.0,3.0,69.0,66.0,91.0,-22.0,0.0,2.0,0.0,25.0,11.0,4.090909090909091,5.0,0.0,5.0,4.0,0.0,38.0,0.0,2.0,0.0,0.0,1.0,63.0,0.16,0,0.0
ppo:runs/ppo/pass2/p2b_pool_s3.json,ppo:runs/ppo/pass2/p2b_pool_s3.json,2,9001,68,1,1.0,1.0,25.0,88.0,63.0,97.0,-19.0,0.0,2.0,1.0,28.0,10.0,4.5,6.0,0.0,7.0,2.0,0.0,40.0,0.0,2.0,0.0,0.0,1.0,61.0,0.15,0,0.0
ppo:runs/ppo/pass2/p2b_pool_s3.json,ppo:runs/ppo/pass2/p2b_pool_s3.json,2,9001,69,1,0.0,0.0,-2.0,68.0,70.0,82.0,-24.0,0.0,2.0,1.0,32.0,9.0,4.444444444444445,4.0,5.0,7.0,1.0,0.0,41.0,0.0,2.0,0.0,0.0,0.0,61.0,0.13,0,0.0
ppo:runs/ppo/pass2/p2b_pool_s3.json,ppo:runs/ppo/pass2/p2b_pool_s3.json,2,9001,70,1,0.0,0.0,-3.0,73.0,76.0,87.0,-14.0,0.0,2.0,0.0,19.0,9.0,4.555555555555555,4.0,4.0,5.0,2.0,0.0,40.0,0.0,2.0,0.0,0.0,0.0,61.0,0.15,0,0.0
ppo:runs/ppo/pass2/p2b_pool_s3.json,ppo:runs/ppo/pass2/p2b_pool_s3.json,2,9001,71,1,1.0,1.0,10.0,70.0,60.0,88.0,-28.0,0.0,2.0,1.0,29.0,11.0,4.0,4.0,1.0,8.0,0.0,0.0,42.0,0.0,2.0,0.0,0.0,0.0,64.0,0.14,0,0.0
ppo:runs/ppo/pass2/p2b_pool_s3.json,ppo:runs/ppo/pass2/p2b_pool_s3.json,2,9001,72,1,1.0,1.0,4.0,84.0,80.0,88.0,-14.0,0.0,2.0,1.0,16.0,9.0,4.666666666666667,6.0,3.0,8.0,1.0,1.0,39.0,0.0,2.0,0.0,0.0,0.0,61.0,0.14,0,0.0
ppo:runs/ppo/pass2/p2b_pool_s3.json,ppo:runs/ppo/pass2/p2b_pool_s3.json,2,9001,73,1,1.0,1.0,46.0,99.0,53.0,103.0,-14.0,0.0,2.0,1.0,27.0,9.0,5.0,6.0,0.0,10.0,2.0,0.0,40.0,0.0,2.0,0.0,0.0,1.0,59.0,0.11,0,0.0
ppo:runs/ppo/pass2/p2b_pool_s3.json,ppo:runs/ppo/pass2/p2b_pool_s3.json,2,9001,74,1,1.0,1.0,9.0,83.0,74.0,90.0,-17.0,0.0,2.0,1.0,31.0,10.0,4.3,4.0,2.0,7.0,0.0,0.0,44.0,0.0,2.0,0.0,0.0,0.0,65.0,0.11,0,0.0
ppo:runs/ppo/pass2/p2b_pool_s3.json,wary,2,9001,75,0,1.0,1.0,71.0,91.0,20.0,102.0,-21.0,0.0,2.0,1.0,32.0,9.0,4.888888888888889,6.0,1.0,8.0,3.0,0.0,37.0,0.0,2.0,0.0,0.0,1.0,58.0,0.08,0,0.0
ppo:runs/ppo/pass2/p2b_pool_s3.json,wary,2,9001,76,0,1.0,1.0,2.0,88.0,86.0,107.0,-29.0,0.0,2.0,1.0,28.0,8.0,5.625,7.0,0.0,9.0,3.0,0.0,49.0,0.0,2.0,0.0,0.0,1.0,67.0,0.1,0,0.0
ppo:runs/ppo/pass2/p2b_pool_s3.json,wary,2,9001,77,1,1.0,1.0,8.0,84.0,76.0,100.0,-16.0,0.0,2.0,0.0,16.0,9.0,4.888888888888889,6.0,1.0,2.0,5.0,0.0,39.0,0.0,2.0,0.0,0.0,1.0,62.0,0.09,0,0.0
ppo:runs/ppo/pass2/p2b_pool_s3.json,wary,2,9001,78,0,0.0,0.0,-7.0,82.0,89.0,100.0,-28.0,0.0,2.0,1.0,39.0,9.0,5.0,5.0,0.0,6.0,1.0,1.0,45.0,0.0,2.0,0.0,0.0,1.0,65.0,0.1,0,0.0
ppo:runs/ppo/pass2/p2b_pool_s3.json,wary,2,9001,79,1,1.0,1.0,31.0,92.0,61.0,101.0,-19.0,0.0,2.0,1.0,26.0,9.0,5.0,7.0,0.0,4.0,2.0,0.0,42.0,0.0,2.0,0.0,0.0,1.0,61.0,0.08,0,0.0
ppo:runs/ppo/pass2/p2b_pool_s3.json,wary,2,9001,80,1,0.0,0.0,-11.0,86.0,97.0,101.0,-25.0,0.0,2.0,1.0,34.0,9.0,5.0,6.0,0.0,4.0,2.0,0.0,46.0,0.0,2.0,0.0,0.0,1.0,66.0,0.09,0,0.0
ppo:runs/ppo/pass2/p2b_pool_s3.json,wary,2,9001,81,0,1.0,1.0,6.0,92.0,86.0,105.0,-23.0,0.0,2.0,1.0,32.0,9.0,5.0,7.0,0.0,4.0,4.0,0.0,42.0,0.0,2.0,0.0,0.0,1.0,64.0,0.08,0,0.0
ppo:runs/ppo/pass2/p2b_pool_s3.json,wary,2,9001,82,1,1.0,1.0,16.0,84.0,68.0,105.0,-31.0,0.0,2.0,1.0,21.0,9.0,5.0,7.0,0.0,6.0,8.0,0.0,38.0,0.0,2.0,0.0,0.0,1.0,63.0,0.09,0,0.0
ppo:runs/ppo/pass2/p2b_pool_s3.json,wary,2,9001,83,0,0.0,0.0,-2.0,76.0,78.0,105.0,-29.0,0.0,2.0,0.0,18.0,8.0,5.625,8.0,0.0,3.0,5.0,0.0,47.0,0.0,2.0,0.0,0.0,1.0,68.0,0.09,0,0.0
ppo:runs/ppo/pass2/p2b_pool_s3.json,wary,2,9001,84,0,1.0,1.0,27.0,90.0,63.0,100.0,-20.0,0.0,2.0,1.0,34.0,9.0,4.888888888888889,6.0,1.0,1.0,5.0,0.0,43.0,0.0,2.0,0.0,0.0,1.0,66.0,0.09,0,0.0
ppo:runs/ppo/pass2/p2b_pool_s3.json,wary,2,9001,85,0,1.0,1.0,18.0,93.0,75.0,105.0,-22.0,0.0,2.0,1.0,24.0,9.0,5.0,7.0,0.0,10.0,3.0,0.0,43.0,0.0,2.0,0.0,0.0,1.0,64.0,0.09,0,0.0
ppo:runs/ppo/pass2/p2b_pool_s3.json,wary,2,9001,86,1,1.0,1.0,26.0,97.0,71.0,101.0,-14.0,0.0,2.0,1.0,28.0,9.0,5.0,7.0,0.0,7.0,4.0,0.0,44.0,0.0,2.0,0.0,0.0,1.0,65.0,0.1,0,0.0
ppo:runs/ppo/pass2/p2b_pool_s3.json,wary,2,9001,87,0,1.0,1.0,32.0,85.0,53.0,99.0,-24.0,0.0,2.0,1.0,27.0,10.0,4.5,6.0,0.0,4.0,4.0,0.0,38.0,0.0,2.0,0.0,0.0,1.0,62.0,0.1,0,0.0
ppo:runs/ppo/pass2/p2b_pool_s3.json,wary,2,9001,88,0,1.0,1.0,61.0,99.0,38.0,107.0,-18.0,0.0,2.0,1.0,22.0,8.0,5.625,7.0,0.0,10.0,3.0,0.0,47.0,0.0,2.0,0.0,0.0,1.0,65.0,0.09,0,0.0
ppo:runs/ppo/pass2/p2b_pool_s3.json,wary,2,9001,89,0,1.0,1.0,38.0,90.0,52.0,103.0,-23.0,0.0,2.0,1.0,28.0,9.0,5.0,7.0,0.0,7.0,3.0,0.0,41.0,0.0,2.0,0.0,0.0,1.0,62.0,0.09,0,0.0
ppo:runs/ppo/pass2/p2b_pool_s3.json,wary,2,9001,90,0,1.0,1.0,26.0,86.0,60.0,100.0,-24.0,0.0,2.0,1.0,29.0,9.0,5.0,5.0,0.0,10.0,1.0,1.0,47.0,0.0,2.0,0.0,0.0,1.0,68.0,0.1,0,0.0
ppo:runs/ppo/pass2/p2b_pool_s3.json,wary,2,9001,91,0,1.0,1.0,19.0,92.0,73.0,101.0,-19.0,0.0,2.0,1.0,30.0,9.0,5.0,6.0,0.0,5.0,3.0,0.0,45.0,0.0,2.0,0.0,0.0,1.0,66.0,0.1,0,0.0
ppo:runs/ppo/pass2/p2b_pool_s3.json,wary,2,9001,92,0,1.0,1.0,5.0,89.0,84.0,99.0,-20.0,0.0,2.0,1.0,22.0,10.0,4.5,6.0,0.0,8.0,0.0,0.0,46.0,0.0,2.0,0.0,0.0,1.0,65.0,0.08,0,0.0
ppo:runs/ppo/pass2/p2b_pool_s3.json,wary,2,9001,93,0,1.0,1.0,26.0,98.0,72.0,107.0,-19.0,0.0,2.0,1.0,22.0,8.0,5.625,7.0,0.0,4.0,2.0,1.0,44.0,0.0,2.0,0.0,0.0,1.0,64.0,0.07,0,0.0
ppo:runs/ppo/pass2/p2b_pool_s3.json,wary,2,9001,94,1,1.0,1.0,38.0,91.0,53.0,101.0,-20.0,0.0,2.0,1.0,41.0,9.0,5.0,6.0,0.0,9.0,0.0,0.0,42.0,0.0,2.0,0.0,0.0,1.0,60.0,0.07,0,0.0
ppo:runs/ppo/pass2/p2b_pool_s3.json,wary,2,9001,95,0,1.0,1.0,51.0,113.0,62.0,105.0,-2.0,1.0,1.0,1.0,29.0,9.0,5.0,6.0,0.0,4.0,3.0,0.0,45.0,0.0,2.0,0.0,0.0,1.0,65.0,0.09,0,0.0
ppo:runs/ppo/pass2/p2b_pool_s3.json,wary,2,9001,96,1,0.0,0.0,-6.0,90.0,96.0,103.0,-23.0,0.0,2.0,1.0,24.0,9.0,5.0,7.0,0.0,6.0,0.0,0.0,48.0,0.0,2.0,0.0,0.0,1.0,66.0,0.09,0,0.0
ppo:runs/ppo/pass2/p2b_pool_s3.json,wary,2,9001,97,0,1.0,1.0,72.0,103.0,31.0,104.0,-11.0,0.0,2.0,1.0,26.0,8.0,5.5,6.0,1.0,9.0,5.0,0.0,41.0,0.0,2.0,0.0,0.0,1.0,62.0,0.08,0,0.0
ppo:runs/ppo/pass2/p2b_pool_s3.json,wary,2,9001,98,1,1.0,1.0,37.0,75.0,38.0,103.0,-38.0,0.0,2.0,1.0,33.0,9.0,5.0,6.0,0.0,6.0,1.0,0.0,41.0,0.0,2.0,0.0,0.0,1.0,60.0,0.07,0,0.0
ppo:runs/ppo/pass2/p2b_pool_s3.json,wary,2,9001,99,1,1.0,1.0,64.0,106.0,42.0,101.0,-5.0,1.0,1.0,1.0,34.0,10.0,4.5,6.0,0.0,5.0,6.0,0.0,36.0,0.0,2.0,0.0,0.0,1.0,62.0,0.06,0,0.0
ppo:runs/ppo/pass2/p2b_pool_s3.json,collector,2,9001,75,0,1.0,1.0,71.0,91.0,20.0,102.0,-21.0,0.0,2.0,1.0,32.0,9.0,4.888888888888889,6.0,1.0,8.0,3.0,0.0,37.0,0.0,2.0,0.0,0.0,1.0,58.0,0.1,0,0.0
ppo:runs/ppo/pass2/p2b_pool_s3.json,collector,2,9001,76,0,1.0,1.0,30.0,88.0,58.0,107.0,-29.0,0.0,2.0,1.0,28.0,8.0,5.625,7.0,0.0,7.0,3.0,0.0,45.0,0.0,2.0,0.0,0.0,1.0,63.0,0.08,0,0.0
ppo:runs/ppo/pass2/p2b_pool_s3.json,collector,2,9001,77,1,1.0,1.0,39.0,94.0,55.0,100.0,-16.0,0.0,2.0,1.0,25.0,10.0,4.5,6.0,0.0,5.0,6.0,0.0,40.0,0.0,2.0,0.0,0.0,1.0,66.0,0.09,0,0.0
ppo:runs/ppo/pass2/p2b_pool_s3.json,collector,2,9001,78,0,1.0,1.0,4.0,82.0,78.0,100.0,-28.0,0.0,2.0,1.0,31.0,9.0,5.0,5.0,0.0,6.0,1.0,1.0,45.0,0.0,2.0,0.0,0.0,1.0,65.0,0.08,0,0.0
ppo:runs/ppo/pass2/p2b_pool_s3.json,collector,2,9001,79,1,1.0,1.0,68.0,94.0,26.0,103.0,-19.0,0.0,2.0,1.0,15.0,9.0,5.0,6.0,0.0,4.0,2.0,0.0,46.0,0.0,2.0,0.0,0.0,1.0,65.0,0.1,0,0.0
ppo:runs/ppo/pass2/p2b_pool_s3.json,collector,2,9001,80,1,1.0,1.0,20.0,88.0,68.0,103.0,-25.0,0.0,2.0,1.0,19.0,9.0,5.0,7.0,0.0,5.0,3.0,0.0,49.0,0.0,2.0,0.0,0.0,1.0,70.0,0.09,0,0.0
ppo:runs/ppo/pass2/p2b_pool_s3.json,collector,2,9001,81,0,1.0,1.0,4.0,89.0,85.0,102.0,-23.0,0.0,2.0,1.0,28.0,9.0,4.888888888888889,6.0,1.0,5.0,4.0,0.0,40.0,0.0,2.0,0.0,0.0,1.0,62.0,0.07,0,0.0
ppo:runs/ppo/pass2/p2b_pool_s3.json,collector,2,9001,82,1,1.0,1.0,52.0,88.0,36.0,109.0,-31.0,0.0,2.0,1.0,21.0,8.0,5.625,7.0,0.0,6.0,7.0,1.0,39.0,0.0,2.0,0.0,0.0,1.0,63.0,0.1,0,0.0
ppo:runs/ppo/pass2/p2b_pool_s3.json,collector,2,9001,83,0,1.0,1.0,73.0,86.0,13.0,105.0,-29.0,0.0,2.0,1.0,33.0,9.0,5.0,6.0,0.0,4.0,8.0,0.0,40.0,0.0,2.0,0.0,0.0,1.0,66.0,0.11,0,0.0
ppo:runs/ppo/pass2/p2b_pool_s3.json,collector,2,9001,84,0,1.0,1.0,45.0,90.0,45.0,100.0,-20.0,0.0,2.0,1.0,28.0,9.0,4.888888888888889,6.0,1.0,3.0,5.0,0.0,43.0,0.0,2.0,0.0,0.0,1.0,66.0,0.1,0,0.0
ppo:runs/ppo/pass2/p2b_pool_s3.json,collector,2,9001,85,0,1.0,1.0,72.0,91.0,19.0,103.0,-22.0,0.0,2.0,1.0,33.0,9.0,5.0,6.0,0.0,9.0,3.0,0.0,41.0,0.0,2.0,0.0,0.0,1.0,62.0,0.08,0,0.0
ppo:runs/ppo/pass2/p2b_pool_s3.json,collector,2,9001,86,1,1.0,1.0,25.0,98.0,73.0,102.0,-14.0,0.0,2.0,1.0,38.0,9.0,4.888888888888889,6.0,1.0,8.0,4.0,0.0,50.0,0.0,2.0,0.0,0.0,1.0,71.0,0.1,0,0.0
ppo:runs/ppo/pass2/p2b_pool_s3.json,collector,2,9001,87,0,1.0,1.0,54.0,85.0,31.0,99.0,-24.0,0.0,2.0,1.0,24.0,10.0,4.5,6.0,0.0,6.0,5.0,0.0,37.0,0.0,2.0,0.0,0.0,1.0,62.0,0.1,0,0.0
ppo:runs/ppo/pass2/p2b_pool_s3.json,collector,2,9001,88,0,1.0,1.0,36.0,99.0,63.0,107.0,-18.0,0.0,2.0,1.0,18.0,8.0,5.625,7.0,0.0,11.0,3.0,0.0,49.0,0.0,2.0,0.0,0.0,1.0,67.0,0.1,0,0.0
ppo:runs/ppo/pass2/p2b_pool_s3.json,collector,2,9001,89,0,1.0,1.0,22.0,86.0,64.0,99.0,-23.0,0.0,2.0,1.0,24.0,10.0,4.5,5.0,0.0,6.0,3.0,0.0,41.0,0.0,2.0,0.0,0.0,1.0,64.0,0.1,0,0.0
ppo:runs/ppo/pass2/p2b_pool_s3.json,collector,2,9001,90,0,1.0,1.0,60.0,91.0,31.0,105.0,-24.0,0.0,2.0,1.0,33.0,9.0,5.0,7.0,0.0,9.0,4.0,0.0,40.0,0.0,2.0,0.0,0.0,1.0,62.0,0.07,0,0.0
ppo:runs/ppo/pass2/p2b_pool_s3.json,collector,2,9001,91,0,1.0,1.0,21.0,90.0,69.0,99.0,-19.0,0.0,2.0,1.0,27.0,10.0,4.5,6.0,0.0,4.0,3.0,0.0,39.0,0.0,2.0,0.0,0.0,1.0,62.0,0.1,0,0.0
ppo:runs/ppo/pass2/p2b_pool_s3.json,collector,2,9001,92,0,1.0,1.0,47.0,86.0,39.0,96.0,-20.0,0.0,2.0,1.0,34.0,10.0,4.4,5.0,1.0,8.0,0.0,0.0,40.0,0.0,2.0,0.0,0.0,1.0,59.0,0.08,0,0.0
ppo:runs/ppo/pass2/p2b_pool_s3.json,collector,2,9001,93,0,1.0,1.0,35.0,92.0,57.0,101.0,-19.0,0.0,2.0,1.0,12.0,9.0,5.0,6.0,0.0,7.0,2.0,0.0,44.0,0.0,2.0,0.0,0.0,1.0,64.0,0.1,0,0.0
ppo:runs/ppo/pass2/p2b_pool_s3.json,collector,2,9001,94,1,0.0,0.0,0.0,86.0,86.0,96.0,-20.0,0.0,2.0,1.0,24.0,10.0,4.4,6.0,1.0,5.0,0.0,0.0,40.0,0.0,2.0,0.0,0.0,1.0,60.0,0.07,0,0.0
ppo:runs/ppo/pass2/p2b_pool_s3.json,collector,2,9001,95,0,1.0,1.0,79.0,95.0,16.0,101.0,-16.0,0.0,2.0,1.0,28.0,9.0,5.0,7.0,0.0,3.0,3.0,0.0,41.0,0.0,2.0,0.0,0.0,1.0,61.0,0.08,0,0.0
ppo:runs/ppo/pass2/p2b_pool_s3.json,collector,2,9001,96,1,1.0,1.0,81.0,92.0,11.0,105.0,-23.0,0.0,2.0,1.0,28.0,9.0,5.0,7.0,0.0,6.0,1.0,0.0,43.0,0.0,2.0,0.0,0.0,1.0,62.0,0.07,0,0.0
ppo:runs/ppo/pass2/p2b_pool_s3.json,collector,2,9001,97,0,1.0,1.0,45.0,100.0,55.0,101.0,-11.0,0.0,2.0,1.0,30.0,9.0,5.0,6.0,0.0,7.0,7.0,0.0,43.0,0.0,2.0,0.0,0.0,1.0,68.0,0.07,0,0.0
ppo:runs/ppo/pass2/p2b_pool_s3.json,collector,2,9001,98,1,1.0,1.0,11.0,77.0,66.0,105.0,-38.0,0.0,2.0,1.0,29.0,9.0,5.0,6.0,0.0,6.0,4.0,0.0,44.0,0.0,2.0,0.0,0.0,1.0,66.0,0.07,0,0.0
ppo:runs/ppo/pass2/p2b_pool_s3.json,collector,2,9001,99,1,1.0,1.0,81.0,107.0,26.0,102.0,-5.0,1.0,1.0,1.0,34.0,9.0,4.888888888888889,6.0,1.0,5.0,2.0,0.0,40.0,0.0,2.0,0.0,0.0,1.0,60.0,0.07,0,0.0
racer,ppo:runs/ppo/pass2/p2b_pool_s3.json,2,9001,75,0,0.0,0.0,-11.0,64.0,75.0,85.0,-21.0,0.0,2.0,0.0,11.0,6.0,5.833333333333333,6.0,10.0,8.0,1.0,0.0,47.0,0.0,2.0,0.0,0.0,0.0,61.0,0.09,0,0.0
racer,ppo:runs/ppo/pass2/p2b_pool_s3.json,2,9001,76,0,1.0,1.0,20.0,88.0,68.0,102.0,-24.0,0.0,2.0,1.0,21.0,8.0,5.5,7.0,1.0,5.0,7.0,0.0,39.0,0.0,2.0,0.0,0.0,0.0,62.0,0.09,0,0.0
racer,ppo:runs/ppo/pass2/p2b_pool_s3.json,2,9001,77,1,1.0,1.0,15.0,86.0,71.0,102.0,-16.0,0.0,2.0,0.0,21.0,8.0,5.5,7.0,1.0,7.0,4.0,0.0,44.0,0.0,2.0,0.0,0.0,0.0,65.0,0.09,0,0.0
racer,ppo:runs/ppo/pass2/p2b_pool_s3.json,2,9001,78,0,0.0,0.0,-19.0,71.0,90.0,99.0,-28.0,0.0,2.0,0.0,15.0,8.0,5.375,7.0,2.0,7.0,7.0,0.0,43.0,0.0,2.0,0.0,0.0,0.0,66.0,0.09,0,0.0
racer,ppo:runs/ppo/pass2/p2b_pool_s3.json,2,9001,79,1,0.0,0.0,-8.0,76.0,84.0,95.0,-19.0,0.0,2.0,0.0,12.0,7.0,5.714285714285714,7.0,5.0,6.0,5.0,0.0,45.0,0.0,2.0,0.0,0.0,0.0,64.0,0.08,0,0.0
racer,ppo:runs/ppo/pass2/p2b_pool_s3.json,2,9001,80,1,0.0,0.0,-26.0,58.0,84.0,70.0,-12.0,0.0,2.0,0.0,6.0,5.0,5.8,5.0,16.0,7.0,3.0,0.0,47.0,0.0,2.0,0.0,0.0,0.0,61.0,0.08,0,0.0
racer,ppo:runs/ppo/pass2/p2b_pool_s3.json,2,9001,81,0,0.0,0.0,-11.0,68.0,79.0,89.0,-21.0,0.0,2.0,0.0,12.0,7.0,5.428571428571429,6.0,7.0,5.0,4.0,0.0,40.0,0.0,2.0,0.0,0.0,0.0,59.0,0.08,0,0.0
racer,ppo:runs/ppo/pass2/p2b_pool_s3.json,2,9001,82,1,0.0,0.0,-35.0,51.0,86.0,70.0,-19.0,0.0,2.0,0.0,6.0,5.0,5.8,5.0,16.0,5.0,4.0,0.0,48.0,0.0,2.0,0.0,0.0,0.0,62.0,0.09,0,0.0
racer,ppo:runs/ppo/pass2/p2b_pool_s3.json,2,9001,83,0,0.0,0.0,-50.0,35.0,85.0,60.0,-25.0,0.0,2.0,0.0,12.0,4.0,6.0,4.0,21.0,5.0,2.0,0.0,54.0,0.0,2.0,0.0,0.0,0.0,65.0,0.08,0,0.0
racer,ppo:runs/ppo/pass2/p2b_pool_s3.json,2,9001,84,0,0.0,0.0,-8.0,68.0,76.0,85.0,-17.0,0.0,2.0,0.0,12.0,6.0,5.833333333333333,6.0,10.0,9.0,8.0,0.0,42.0,0.0,2.0,0.0,0.0,0.0,63.0,0.09,0,0.0
racer,ppo:runs/ppo/pass2/p2b_pool_s3.json,2,9001,85,0,0.0,0.0,-16.0,55.0,71.0,75.0,-20.0,0.0,2.0,0.0,6.0,5.0,6.0,5.0,15.0,10.0,5.0,0.0,45.0,0.0,2.0,0.0,0.0,0.0,61.0,0.07,0,0.0
racer,ppo:runs/ppo/pass2/p2b_pool_s3.json,2,9001,86,1,1.0,1.0,22.0,88.0,66.0,102.0,-14.0,0.0,2.0,0.0,16.0,8.0,5.5,7.0,1.0,6.0,4.0,0.0,44.0,0.0,2.0,0.0,0.0,0.0,64.0,0.08,0,0.0
racer,ppo:runs/ppo/pass2/p2b_pool_s3.json,2,9001,87,0,1.0,1.0,8.0,87.0,79.0,101.0,-14.0,0.0,2.0,0.0,14.0,9.0,5.0,7.0,0.0,8.0,5.0,0.0,39.0,0.0,2.0,0.0,0.0,1.0,62.0,0.07,0,0.0
racer,ppo:runs/ppo/pass2/p2b_pool_s3.json,2,9001,88,0,0.0,0.0,-16.0,67.0,83.0,85.0,-18.0,0.0,2.0,0.0,12.0,6.0,5.833333333333333,6.0,10.0,8.0,6.0,0.0,46.0,0.0,2.0,0.0,0.0,0.0,64.0,0.07,0,0.0
racer,ppo:runs/ppo/pass2/p2b_pool_s3.json,2,9001,89,0,0.0,0.0,-38.0,49.0,87.0,70.0,-21.0,0.0,2.0,0.0,12.0,5.0,5.8,5.0,16.0,6.0,4.0,0.0,48.0,0.0,2.0,0.0,0.0,0.0,63.0,0.04,0,0.0
racer,ppo:runs/ppo/pass2/p2b_pool_s3.json,2,9001,90,0,0.0,0.0,-31.0,46.0,77.0,70.0,-24.0,0.0,2.0,0.0,11.0,5.0,5.8,5.0,16.0,8.0,1.0,0.0,47.0,0.0,2.0,0.0,0.0,0.0,59.0,0.04,0,0.0
racer,ppo:runs/ppo/pass2/p2b_pool_s3.json,2,9001,91,0,0.0,0.0,-11.0,73.0,84.0,92.0,-19.0,0.0,2.0,0.0,12.0,7.0,5.571428571428571,6.0,6.0,7.0,4.0,0.0,46.0,0.0,2.0,0.0,0.0,0.0,65.0,0.04,0,0.0
racer,ppo:runs/ppo/pass2/p2b_pool_s3.json,2,9001,92,0,1.0,1.0,8.0,80.0,72.0,100.0,-20.0,0.0,2.0,0.0,12.0,10.0,4.5,7.0,0.0,11.0,7.0,0.0,37.0,0.0,2.0,0.0,0.0,1.0,63.0,0.05,0,0.0
racer,ppo:runs/ppo/pass2/p2b_pool_s3.json,2,9001,93,0,0.0,0.0,-4.0,68.0,72.0,85.0,-17.0,0.0,2.0,0.0,12.0,6.0,5.833333333333333,6.0,10.0,5.0,7.0,0.0,43.0,0.0,2.0,0.0,0.0,0.0,63.0,0.04,0,0.0
racer,ppo:runs/ppo/pass2/p2b_pool_s3.json,2,9001,94,1,1.0,1.0,13.0,85.0,72.0,103.0,-18.0,0.0,2.0,0.0,18.0,9.0,5.0,7.0,0.0,5.0,9.0,0.0,39.0,0.0,2.0,0.0,0.0,1.0,66.0,0.06,0,0.0
racer,ppo:runs/ppo/pass2/p2b_pool_s3.json,2,9001,95,0,0.0,0.0,-19.0,54.0,73.0,70.0,-16.0,0.0,2.0,0.0,17.0,5.0,5.8,5.0,16.0,2.0,5.0,0.0,47.0,0.0,2.0,0.0,0.0,0.0,62.0,0.04,0,0.0
racer,ppo:runs/ppo/pass2/p2b_pool_s3.json,2,9001,96,1,0.0,0.0,-16.0,77.0,93.0,95.0,-18.0,0.0,2.0,0.0,17.0,7.0,5.714285714285714,7.0,5.0,5.0,3.0,0.0,43.0,0.0,2.0,0.0,0.0,0.0,61.0,0.04,0,0.0
racer,ppo:runs/ppo/pass2/p2b_pool_s3.json,2,9001,97,0,0.0,0.0,-3.0,74.0,77.0,85.0,-11.0,0.0,2.0,0.0,12.0,6.0,5.833333333333333,6.0,10.0,6.0,6.0,0.0,44.0,0.0,2.0,0.0,0.0,0.0,63.0,0.05,0,0.0
racer,ppo:runs/ppo/pass2/p2b_pool_s3.json,2,9001,98,1,0.0,0.0,-7.0,73.0,80.0,99.0,-26.0,0.0,2.0,0.0,12.0,10.0,4.4,7.0,1.0,5.0,7.0,0.0,35.0,0.0,2.0,0.0,0.0,1.0,62.0,0.05,0,0.0
racer,ppo:runs/ppo/pass2/p2b_pool_s3.json,2,9001,99,1,0.0,0.0,-6.0,77.0,83.0,94.0,-17.0,0.0,2.0,0.0,12.0,8.0,5.25,7.0,3.0,6.0,9.0,0.0,35.0,0.0,2.0,0.0,0.0,0.0,61.0,0.06,0,0.0
greedy,ppo:runs/ppo/pass2/p2b_pool_s3.json,2,9001,75,0,0.0,0.0,-20.0,66.0,86.0,41.0,25.0,4.0,1.0,0.0,18.0,12.0,2.5833333333333335,1.0,14.0,5.0,5.0,0.0,29.0,1.0,5.0,0.0,0.0,0.0,61.0,0.09,0,0.0
greedy,ppo:runs/ppo/pass2/p2b_pool_s3.json,2,9001,76,0,0.0,0.0,-48.0,35.0,83.0,37.0,-2.0,1.0,1.0,0.0,14.0,8.0,2.875,1.0,22.0,3.0,6.0,0.0,42.0,0.0,2.0,0.0,0.0,0.0,64.0,0.09,0,0.0
greedy,ppo:runs/ppo/pass2/p2b_pool_s3.json,2,9001,77,1,0.0,0.0,-17.0,65.0,82.0,47.0,18.0,3.0,1.0,0.0,15.0,13.0,2.6153846153846154,1.0,11.0,3.0,3.0,0.0,33.0,1.0,4.0,0.0,0.0,0.0,65.0,0.09,0,0.0
greedy,ppo:runs/ppo/pass2/p2b_pool_s3.json,2,9001,78,0,0.0,0.0,-65.0,32.0,97.0,36.0,-4.0,1.0,1.0,0.0,12.0,11.0,2.5454545454545454,0.0,17.0,2.0,11.0,0.0,31.0,0.0,2.0,0.0,0.0,0.0,64.0,0.08,0,0.0
greedy,ppo:runs/ppo/pass2/p2b_pool_s3.json,2,9001,79,1,0.0,0.0,-21.0,73.0,94.0,43.0,30.0,3.0,0.0,0.0,15.0,11.0,2.727272727272727,0.0,15.0,4.0,10.0,0.0,30.0,0.0,3.0,0.0,0.0,0.0,62.0,0.08,0,0.0
greedy,ppo:runs/ppo/pass2/p2b_pool_s3.json,2,9001,80,1,0.0,0.0,-43.0,46.0,89.0,29.0,17.0,4.0,1.0,0.0,10.0,9.0,2.4444444444444446,0.0,23.0,5.0,1.0,0.0,39.0,1.0,5.0,0.0,0.0,0.0,61.0,0.1,0,0.0
greedy,ppo:runs/ppo/pass2/p2b_pool_s3.json,2,9001,81,0,0.0,0.0,-9.0,79.0,88.0,45.0,34.0,3.0,0.0,0.0,14.0,9.0,3.2222222222222223,2.0,16.0,4.0,7.0,0.0,33.0,0.0,3.0,0.0,0.0,0.0,59.0,0.07,0,0.0
greedy,ppo:runs/ppo/pass2/p2b_pool_s3.json,2,9001,82,1,0.0,0.0,-31.0,62.0,93.0,36.0,26.0,3.0,0.0,0.0,10.0,10.0,2.6,1.0,19.0,4.0,3.0,0.0,43.0,1.0,3.0,0.0,0.0,0.0,68.0,0.08,0,0.0
greedy,ppo:runs/ppo/pass2/p2b_pool_s3.json,2,9001,83,0,0.0,0.0,-26.0,67.0,93.0,42.0,25.0,2.0,0.0,0.0,15.0,8.0,3.125,2.0,20.0,4.0,9.0,0.0,39.0,0.0,2.0,0.0,0.0,0.0,65.0,0.06,0,0.0
greedy,ppo:runs/ppo/pass2/p2b_pool_s3.json,2,9001,84,0,0.0,0.0,-39.0,48.0,87.0,38.0,10.0,2.0,1.0,0.0,14.0,11.0,2.4545454545454546,1.0,18.0,4.0,12.0,0.0,28.0,0.0,3.0,0.0,0.0,0.0,63.0,0.07,0,0.0
greedy,ppo:runs/ppo/pass2/p2b_pool_s3.json,2,9001,85,0,0.0,0.0,-15.0,61.0,76.0,50.0,11.0,2.0,1.0,0.0,24.0,10.0,3.0,2.0,15.0,2.0,23.0,0.0,17.0,0.0,3.0,0.0,0.0,0.0,61.0,0.07,0,0.0
greedy,ppo:runs/ppo/pass2/p2b_pool_s3.json,2,9001,86,1,1.0,1.0,8.0,85.0,77.0,37.0,48.0,5.0,0.0,0.0,25.0,14.0,2.2142857142857144,0.0,14.0,4.0,4.0,0.0,30.0,1.0,5.0,0.0,0.0,0.0,64.0,0.06,0,0.0
greedy,ppo:runs/ppo/pass2/p2b_pool_s3.json,2,9001,87,0,0.0,0.0,-32.0,58.0,90.0,46.0,12.0,3.0,1.0,0.0,14.0,11.0,2.8181818181818183,1.0,14.0,11.0,3.0,0.0,37.0,1.0,4.0,0.0,0.0,0.0,65.0,0.06,0,0.0
greedy,ppo:runs/ppo/pass2/p2b_pool_s3.json,2,9001,88,0,0.0,0.0,-38.0,50.0,88.0,45.0,5.0,2.0,1.0,0.0,14.0,8.0,3.375,2.0,18.0,3.0,13.0,0.0,35.0,0.0,3.0,0.0,0.0,0.0,64.0,0.06,0,0.0
greedy,ppo:runs/ppo/pass2/p2b_pool_s3.json,2,9001,89,0,0.0,0.0,-44.0,50.0,94.0,39.0,11.0,2.0,1.0,0.0,13.0,11.0,2.4545454545454546,1.0,18.0,3.0,10.0,0.0,28.0,0.0,3.0,0.0,0.0,0.0,61.0,0.05,0,0.0
greedy,ppo:runs/ppo/pass2/p2b_pool_s3.json,2,9001,90,0,0.0,0.0,-38.0,47.0,85.0,45.0,2.0,1.0,1.0,0.0,18.0,8.0,3.25,1.0,19.0,3.0,12.0,0.0,30.0,0.0,2.0,0.0,0.0,0.0,59.0,0.06,0,0.0
greedy,ppo:runs/ppo/pass2/p2b_pool_s3.json,2,9001,91,0,0.0,0.0,-49.0,50.0,99.0,43.0,7.0,2.0,1.0,0.0,16.0,12.0,2.5,1.0,15.0,5.0,8.0,0.0,34.0,0.0,3.0,0.0,0.0,0.0,67.0,0.08,0,0.0
greedy,ppo:runs/ppo/pass2/p2b_pool_s3.json,2,9001,92,0,0.0,0.0,-53.0,30.0,83.0,45.0,-15.0,1.0,2.0,0.0,15.0,13.0,2.4615384615384617,2.0,13.0,3.0,16.0,0.0,22.0,0.0,3.0,0.0,0.0,0.0,64.0,0.07,0,0.0
greedy,ppo:runs/ppo/pass2/p2b_pool_s3.json,2,9001,93,0,1.0,1.0,4.0,74.0,70.0,41.0,23.0,3.0,1.0,1.0,17.0,10.0,2.8,1.0,17.0,4.0,8.0,0.0,34.0,1.0,4.0,0.0,0.0,0.0,65.0,0.04,0,0.0
greedy,ppo:runs/ppo/pass2/p2b_pool_s3.json,2,9001,94,1,0.0,0.0,-23.0,62.0,85.0,37.0,25.0,5.0,2.0,0.0,18.0,15.0,2.1333333333333333,0.0,13.0,7.0,5.0,0.0,25.0,2.0,7.0,0.0,0.0,0.0,65.0,0.04,0,0.0
greedy,ppo:runs/ppo/pass2/p2b_pool_s3.json,2,9001,95,0,0.0,0.0,-14.0,69.0,83.0,43.0,26.0,3.0,0.0,0.0,11.0,11.0,2.727272727272727,1.0,15.0,6.0,7.0,0.0,33.0,0.0,3.0,0.0,0.0,0.0,62.0,0.03,0,0.0
greedy,ppo:runs/ppo/pass2/p2b_pool_s3.json,2,9001,96,1,0.0,0.0,-50.0,52.0,102.0,36.0,16.0,2.0,1.0,0.0,12.0,11.0,2.4545454545454546,0.0,18.0,5.0,7.0,0.0,33.0,0.0,3.0,0.0,0.0,0.0,63.0,0.04,0,0.0
greedy,ppo:runs/ppo/pass2/p2b_pool_s3.json,2,9001,97,0,0.0,0.0,-39.0,46.0,85.0,34.0,12.0,5.0,2.0,0.0,16.0,15.0,2.066666666666667,0.0,14.0,3.0,6.0,0.0,26.0,2.0,7.0,0.0,0.0,0.0,67.0,0.04,0,0.0
greedy,ppo:runs/ppo/pass2/p2b_pool_s3.json,2,9001,98,1,0.0,0.0,-33.0,66.0,99.0,40.0,26.0,3.0,1.0,0.0,22.0,13.0,2.4615384615384617,0.0,13.0,2.0,2.0,0.0,36.0,1.0,4.0,0.0,0.0,0.0,67.0,0.04,0,0.0
greedy,ppo:runs/ppo/pass2/p2b_pool_s3.json,2,9001,99,1,0.0,0.0,-40.0,48.0,88.0,39.0,9.0,2.0,1.0,0.0,20.0,12.0,2.4166666666666665,0.0,16.0,7.0,3.0,0.0,33.0,0.0,3.0,0.0,0.0,0.0,61.0,0.05,0,0.0
ppo:runs/ppo/pass2/p2b_pool_s3.json,linear:runs/linear/pass7/p7b_sarsa_lam98_random_s3.json@best,2,9001,75,0,0.0,0.0,-8.0,73.0,81.0,84.0,-21.0,0.0,2.0,1.0,22.0,11.0,3.909090909090909,4.0,2.0,6.0,1.0,0.0,41.0,0.0,2.0,0.0,0.0,0.0,65.0,0.12,0,0.0
ppo:runs/ppo/pass2/p2b_pool_s3.json,linear:runs/linear/pass7/p7b_sarsa_lam98_random_s3.json@best,2,9001,76,0,0.0,0.0,-7.0,73.0,80.0,92.0,-29.0,0.0,2.0,1.0,40.0,11.0,4.0,5.0,1.0,9.0,1.0,1.0,39.0,0.0,2.0,0.0,0.0,1.0,63.0,0.11,0,0.0
ppo:runs/ppo/pass2/p2b_pool_s3.json,linear:runs/linear/pass7/p7b_sarsa_lam98_random_s3.json@best,2,9001,77,1,0.0,0.0,-9.0,77.0,86.0,93.0,-16.0,0.0,2.0,0.0,13.0,10.0,4.4,5.0,1.0,5.0,4.0,0.0,38.0,0.0,2.0,0.0,0.0,1.0,62.0,0.12,0,0.0
ppo:runs/ppo/pass2/p2b_pool_s3.json,linear:runs/linear/pass7/p7b_sarsa_lam98_random_s3.json@best,2,9001,78,0,1.0,1.0,5.0,73.0,68.0,91.0,-28.0,0.0,2.0,1.0,22.0,11.0,4.090909090909091,6.0,0.0,4.0,2.0,0.0,40.0,0.0,2.0,0.0,0.0,1.0,63.0,0.13,0,0.0
ppo:runs/ppo/pass2/p2b_pool_s3.json,linear:runs/linear/pass7/p7b_sarsa_lam98_random_s3.json@best,2,9001,79,1,1.0,1.0,14.0,85.0,71.0,94.0,-19.0,0.0,2.0,1.0,40.0,10.0,4.4,5.0,1.0,5.0,6.0,0.0,34.0,0.0,2.0,0.0,0.0,1.0,59.0,0.11,0,0.0
ppo:runs/ppo/pass2/p2b_pool_s3.json,linear:runs/linear/pass7/p7b_sarsa_lam98_random_s3.json@best,2,9001,80,1,1.0,1.0,13.0,78.0,65.0,93.0,-25.0,0.0,2.0,1.0,25.0,10.0,4.4,5.0,1.0,7.0,1.0,0.0,41.0,0.0,2.0,0.0,0.0,1.0,62.0,0.13,0,0.0
ppo:runs/ppo/pass2/p2b_pool_s3.json,linear:runs/linear/pass7/p7b_sarsa_lam98_random_s3.json@best,2,9001,81,0,0.0,0.0,-11.0,78.0,89.0,91.0,-23.0,0.0,2.0,1.0,31.0,12.0,3.6666666666666665,5.0,1.0,5.0,3.0,0.0,37.0,0.0,2.0,0.0,0.0,1.0,64.0,0.11,0,0.0
ppo:runs/ppo/pass2/p2b_pool_s3.json,linear:runs/linear/pass7/p7b_sarsa_lam98_random_s3.json@best,2,9001,82,1,0.0,0.0,-21.0,75.0,96.0,96.0,-31.0,0.0,2.0,1.0,35.0,10.0,4.5,6.0,0.0,6.0,4.0,0.0,42.0,0.0,2.0,0.0,0.0,1.0,65.0,0.12,0,0.0
ppo:runs/ppo/pass2/p2b_pool_s3.json,linear:runs/linear/pass7/p7b_sarsa_lam98_random_s3.json@best,2,9001,83,0,1.0,1.0,10.0,73.0,63.0,92.0,-29.0,0.0,2.0,1.0,30.0,11.0,4.0,5.0,1.0,3.0,5.0,0.0,35.0,0.0,2.0,0.0,0.0,1.0,62.0,0.12,0,0.0
ppo:runs/ppo/pass2/p2b_pool_s3.json,linear:runs/linear/pass7/p7b_sarsa_lam98_random_s3.json@best,2,9001,84,0,1.0,1.0,21.0,84.0,63.0,94.0,-20.0,0.0,2.0,1.0,19.0,10.0,4.5,5.0,0.0,6.0,4.0,0.0,40.0,0.0,2.0,0.0,0.0,1.0,64.0,0.1,0,0.0
ppo:runs/ppo/pass2/p2b_pool_s3.json,linear:runs/linear/pass7/p7b_sarsa_lam98_random_s3.json@best,2,9001,85,0,1.0,1.0,22.0,86.0,64.0,98.0,-22.0,0.0,2.0,1.0,28.0,10.0,4.5,5.0,0.0,11.0,3.0,0.0,43.0,0.0,2.0,0.0,0.0,1.0,66.0,0.1,0,0.0
ppo:runs/ppo/pass2/p2b_pool_s3.json,linear:runs/linear/pass7/p7b_sarsa_lam98_random_s3.json@best,2,9001,86,1,1.0,1.0,20.0,89.0,69.0,93.0,-14.0,0.0,2.0,1.0,31.0,11.0,4.090909090909091,5.0,0.0,5.0,2.0,0.0,40.0,0.0,2.0,0.0,0.0,1.0,63.0,0.1,0,0.0
ppo:runs/ppo/pass2/p2b_pool_s3.json,linear:runs/linear/pass7/p7b_sarsa_lam98_random_s3.json@best,2,9001,87,0,0.0,0.0,-24.0,69.0,93.0,93.0,-24.0,0.0,2.0,0.0,14.0,10.0,4.5,6.0,0.0,5.0,0.0,0.0,42.0,0.0,2.0,0.0,0.0,1.0,62.0,0.08,0,0.0
ppo:runs/ppo/pass2/p2b_pool_s3.json,linear:runs/linear/pass7/p7b_sarsa_lam98_random_s3.json@best,2,9001,88,0,1.0,1.0,10.0,86.0,76.0,94.0,-18.0,0.0,2.0,1.0,25.0,10.0,4.4,6.0,1.0,9.0,1.0,0.0,43.0,0.0,2.0,0.0,0.0,1.0,63.0,0.09,0,0.0
ppo:runs/ppo/pass2/p2b_pool_s3.json,linear:runs/linear/pass7/p7b_sarsa_lam98_random_s3.json@best,2,9001,89,0,1.0,1.0,14.0,75.0,61.0,88.0,-23.0,0.0,2.0,1.0,23.0,11.0,4.0,4.0,1.0,5.0,4.0,0.0,36.0,0.0,2.0,0.0,0.0,1.0,62.0,0.09,0,0.0
ppo:runs/ppo/pass2/p2b_pool_s3.json,linear:runs/linear/pass7/p7b_sarsa_lam98_random_s3.json@best,2,9001,90,0,1.0,1.0,4.0,78.0,74.0,92.0,-24.0,0.0,2.0,1.0,19.0,10.0,4.5,5.0,0.0,5.0,3.0,0.0,41.0,0.0,2.0,0.0,0.0,1.0,64.0,0.1,0,0.0
ppo:runs/ppo/pass2/p2b_pool_s3.json,linear:runs/linear/pass7/p7b_sarsa_lam98_random_s3.json@best,2,9001,91,0,0.0,0.0,-2.0,81.0,83.0,90.0,-19.0,0.0,2.0,1.0,23.0,9.0,4.666666666666667,5.0,3.0,6.0,4.0,0.0,40.0,0.0,2.0,0.0,0.0,0.0,63.0,0.09,0,0.0
ppo:runs/ppo/pass2/p2b_pool_s3.json,linear:runs/linear/pass7/p7b_sarsa_lam98_random_s3.json@best,2,9001,92,0,1.0,1.0,17.0,84.0,67.0,94.0,-20.0,0.0,2.0,1.0,25.0,11.0,4.090909090909091,6.0,0.0,6.0,0.0,0.0,42.0,0.0,2.0,0.0,0.0,1.0,63.0,0.09,0,0.0
ppo:runs/ppo/pass2/p2b_pool_s3.json,linear:runs/linear/pass7/p7b_sarsa_lam98_random_s3.json@best,2,9001,93,0,1.0,1.0,15.0,84.0,69.0,93.0,-19.0,0.0,2.0,1.0,30.0,11.0,4.090909090909091,4.0,0.0,6.0,2.0,0.0,42.0,0.0,2.0,0.0,0.0,1.0,66.0,0.08,0,0.0
ppo:runs/ppo/pass2/p2b_pool_s3.json,linear:runs/linear/pass7/p7b_sarsa_lam98_random_s3.json@best,2,9001,94,1,1.0,1.0,14.0,82.0,68.0,92.0,-20.0,0.0,2.0,1.0,26.0,11.0,4.0,5.0,1.0,9.0,0.0,0.0,42.0,0.0,2.0,0.0,0.0,1.0,64.0,0.08,0,0.0
ppo:runs/ppo/pass2/p2b_pool_s3.json,linear:runs/linear/pass7/p7b_sarsa_lam98_random_s3.json@best,2,9001,95,0,1.0,1.0,12.0,91.0,79.0,97.0,-16.0,0.0,2.0,1.0,25.0,10.0,4.5,6.0,0.0,2.0,2.0,0.0,42.0,0.0,2.0,0.0,0.0,1.0,63.0,0.07,0,0.0
ppo:runs/ppo/pass2/p2b_pool_s3.json,linear:runs/linear/pass7/p7b_sarsa_lam98_random_s3.json@best,2,9001,96,1,0.0,0.0,-7.0,81.0,88.0,94.0,-23.0,0.0,2.0,1.0,27.0,8.0,5.25,6.0,3.0,2.0,1.0,0.0,43.0,0.0,2.0,0.0,0.0,0.0,61.0,0.07,0,0.0
ppo:runs/ppo/pass2/p2b_pool_s3.json,linear:runs/linear/pass7/p7b_sarsa_lam98_random_s3.json@best,2,9001,97,0,1.0,1.0,21.0,97.0,76.0,98.0,-11.0,0.0,2.0,1.0,35.0,9.0,5.0,6.0,0.0,6.0,3.0,1.0,43.0,0.0,2.0,0.0,0.0,1.0,66.0,0.09,0,0.0
ppo:runs/ppo/pass2/p2b_pool_s3.json,linear:runs/linear/pass7/p7b_sarsa_lam98_random_s3.json@best,2,9001,98,1,0.0,0.0,-30.0,66.0,96.0,94.0,-38.0,0.0,2.0,1.0,23.0,10.0,4.5,4.0,0.0,7.0,2.0,0.0,46.0,0.0,2.0,0.0,0.0,1.0,68.0,0.07,0,0.0
ppo:runs/ppo/pass2/p2b_pool_s3.json,linear:runs/linear/pass7/p7b_sarsa_lam98_random_s3.json@best,2,9001,99,1,1.0,1.0,10.0,85.0,75.0,94.0,-19.0,0.0,2.0,1.0,19.0,10.0,4.5,5.0,0.0,5.0,0.0,0.0,44.0,0.0,2.0,0.0,0.0,1.0,64.0,0.08,0,0.0
ppo:runs/ppo/pass2/p2b_pool_s3.json,ppo:runs/ppo/pass2/p2b_pool_s3.json,2,9001,75,0,0.0,0.0,-13.0,63.0,76.0,84.0,-21.0,0.0,2.0,0.0,20.0,9.0,4.444444444444445,4.0,5.0,8.0,4.0,0.0,38.0,0.0,2.0,0.0,0.0,0.0,61.0,0.15,0,0.0
ppo:runs/ppo/pass2/p2b_pool_s3.json,ppo:runs/ppo/pass2/p2b_pool_s3.json,2,9001,76,0,1.0,1.0,2.0,73.0,71.0,92.0,-29.0,0.0,2.0,1.0,28.0,11.0,4.0,5.0,1.0,8.0,1.0,0.0,39.0,0.0,2.0,0.0,0.0,1.0,61.0,0.13,0,0.0
ppo:runs/ppo/pass2/p2b_pool_s3.json,ppo:runs/ppo/pass2/p2b_pool_s3.json,2,9001,77,1,1.0,1.0,11.0,81.0,70.0,97.0,-16.0,0.0,2.0,0.0,24.0,10.0,4.5,6.0,0.0,5.0,2.0,0.0,40.0,0.0,2.0,0.0,0.0,1.0,62.0,0.16,0,0.0
ppo:runs/ppo/pass2/p2b_pool_s3.json,ppo:runs/ppo/pass2/p2b_pool_s3.json,2,9001,78,0,0.0,0.0,-24.0,62.0,86.0,90.0,-28.0,0.0,2.0,0.0,18.0,11.0,4.090909090909091,5.0,0.0,5.0,1.0,0.0,41.0,0.0,2.0,0.0,0.0,1.0,63.0,0.14,0,0.0
ppo:runs/ppo/pass2/p2b_pool_s3.json,ppo:runs/ppo/pass2/p2b_pool_s3.json,2,9001,79,1,1.0,1.0,4.0,78.0,74.0,87.0,-19.0,0.0,2.0,1.0,33.0,11.0,3.909090909090909,4.0,2.0,2.0,3.0,0.0,37.0,0.0,2.0,0.0,0.0,0.0,62.0,0.15,0,0.0
ppo:runs/ppo/pass2/p2b_pool_s3.json,ppo:runs/ppo/pass2/p2b_pool_s3.json,2,9001,80,1,1.0,1.0,11.0,79.0,68.0,94.0,-25.0,0.0,2.0,1.0,23.0,10.0,4.4,6.0,1.0,7.0,0.0,0.0,42.0,0.0,2.0,0.0,0.0,1.0,62.0,0.13,0,0.0
ppo:runs/ppo/pass2/p2b_pool_s3.json,ppo:runs/ppo/pass2/p2b_pool_s3.json,2,9001,81,0,1.0,1.0,12.0,78.0,66.0,91.0,-23.0,0.0,2.0,1.0,29.0,10.0,4.3,5.0,2.0,7.0,2.0,0.0,40.0,0.0,2.0,0.0,0.0,0.0,63.0,0.14,0,0.0
ppo:runs/ppo/pass2/p2b_pool_s3.json,ppo:runs/ppo/pass2/p2b_pool_s3.json,2,9001,82,1,1.0,1.0,7.0,75.0,68.0,96.0,-31.0,0.0,2.0,1.0,25.0,10.0,4.5,5.0,0.0,5.0,2.0,0.0,40.0,0.0,2.0,0.0,0.0,1.0,61.0,0.14,0,0.0
ppo:runs/ppo/pass2/p2b_pool_s3.json,ppo:runs/ppo/pass2/p2b_pool_s3.json,2,9001,83,0,1.0,1.0,6.0,75.0,69.0,94.0,-29.0,0.0,2.0,1.0,32.0,9.0,4.666666666666667,5.0,3.0,2.0,3.0,0.0,37.0,0.0,2.0,0.0,0.0,0.0,59.0,0.11,0,0.0
ppo:runs/ppo/pass2/p2b_pool_s3.json,ppo:runs/ppo/pass2/p2b_pool_s3.json,2,9001,84,0,1.0,1.0,13.0,79.0,66.0,89.0,-20.0,0.0,2.0,1.0,29.0,11.0,3.909090909090909,4.0,2.0,9.0,2.0,1.0,36.0,0.0,2.0,0.0,0.0,0.0,63.0,0.09,0,0.0
ppo:runs/ppo/pass2/p2b_pool_s3.json,ppo:runs/ppo/pass2/p2b_pool_s3.json,2,9001,85,0,1.0,1.0,5.0,75.0,70.0,97.0,-22.0,0.0,2.0,0.0,21.0,10.0,4.5,6.0,0.0,11.0,0.0,0.0,42.0,0.0,2.0,0.0,0.0,1.0,62.0,0.11,0,0.0
ppo:runs/ppo/pass2/p2b_pool_s3.json,ppo:runs/ppo/pass2/p2b_pool_s3.json,2,9001,86,1,1.0,1.0,8.0,78.0,70.0,92.0,-14.0,0.0,2.0,0.0,23.0,9.0,4.777777777777778,5.0,2.0,6.0,2.0,0.0,42.0,0.0,2.0,0.0,0.0,0.0,62.0,0.11,0,0.0
ppo:runs/ppo/pass2/p2b_pool_s3.json,ppo:runs/ppo/pass2/p2b_pool_s3.json,2,9001,87,0,1.0,1.0,3.0,74.0,71.0,88.0,-24.0,0.0,2.0,1.0,40.0,9.0,4.666666666666667,5.0,3.0,7.0,0.0,0.0,42.0,0.0,2.0,0.0,0.0,0.0,61.0,0.1,0,0.0
ppo:runs/ppo/pass2/p2b_pool_s3.json,ppo:runs/ppo/pass2/p2b_pool_s3.json,2,9001,88,0,0.0,0.0,-2.0,77.0,79.0,95.0,-18.0,0.0,2.0,0.0,14.0,9.0,4.888888888888889,5.0,1.0,7.0,1.0,0.0,45.0,0.0,2.0,0.0,0.0,0.0,64.0,0.08,0,0.0
ppo:runs/ppo/pass2/p2b_pool_s3.json,ppo:runs/ppo/pass2/p2b_pool_s3.json,2,9001,89,0,0.0,0.0,-16.0,66.0,82.0,89.0,-23.0,0.0,2.0,0.0,19.0,10.0,4.3,5.0,2.0,9.0,2.0,0.0,40.0,0.0,2.0,0.0,0.0,0.0,63.0,0.1,0,0.0
ppo:runs/ppo/pass2/p2b_pool_s3.json,ppo:runs/ppo/pass2/p2b_pool_s3.json,2,9001,90,0,1.0,1.0,12.0,77.0,65.0,91.0,-24.0,0.0,2.0,1.0,23.0,10.0,4.3,5.0,2.0,7.0,1.0,0.0,39.0,0.0,2.0,0.0,0.0,0.0,61.0,0.09,0,0.0
ppo:runs/ppo/pass2/p2b_pool_s3.json,ppo:runs/ppo/pass2/p2b_pool_s3.json,2,9001,91,0,0.0,0.0,-14.0,68.0,82.0,87.0,-19.0,0.0,2.0,0.0,23.0,9.0,4.555555555555555,4.0,4.0,6.0,1.0,0.0,41.0,0.0,2.0,0.0,0.0,0.0,61.0,0.08,0,0.0
ppo:runs/ppo/pass2/p2b_pool_s3.json,ppo:runs/ppo/pass2/p2b_pool_s3.json,2,9001,92,0,1.0,1.0,4.0,71.0,67.0,81.0,-20.0,0.0,2.0,1.0,24.0,10.0,4.0,5.0,5.0,6.0,4.0,0.0,38.0,0.0,2.0,0.0,0.0,0.0,62.0,0.1,0,0.0
ppo:runs/ppo/pass2/p2b_pool_s3.json,ppo:runs/ppo/pass2/p2b_pool_s3.json,2,9001,93,0,0.0,0.0,-3.0,68.0,71.0,87.0,-19.0,0.0,2.0,0.0,23.0,11.0,3.909090909090909,4.0,2.0,3.0,0.0,1.0,38.0,0.0,2.0,0.0,0.0,0.0,63.0,0.08,0,0.0
ppo:runs/ppo/pass2/p2b_pool_s3.json,ppo:runs/ppo/pass2/p2b_pool_s3.json,2,9001,94,1,1.0,1.0,0.0,71.0,71.0,81.0,-20.0,0.0,2.0,1.0,28.0,9.0,4.444444444444445,3.0,5.0,8.0,0.0,0.0,40.0,0.0,2.0,0.0,0.0,0.0,59.0,0.08,0,0.0
ppo:runs/ppo/pass2/p2b_pool_s3.json,ppo:runs/ppo/pass2/p2b_pool_s3.json,2,9001,95,0,1.0,1.0,22.0,85.0,63.0,91.0,-16.0,0.0,2.0,1.0,28.0,10.0,4.4,6.0,1.0,5.0,3.0,0.0,39.0,0.0,2.0,0.0,0.0,1.0,61.0,0.08,0,0.0
ppo:runs/ppo/pass2/p2b_pool_s3.json,ppo:runs/ppo/pass2/p2b_pool_s3.json,2,9001,96,1,0.0,0.0,-4.0,79.0,83.0,92.0,-23.0,0.0,2.0,1.0,26.0,11.0,4.0,5.0,1.0,4.0,0.0,0.0,40.0,0.0,2.0,0.0,0.0,1.0,62.0,0.08,0,0.0
ppo:runs/ppo/pass2/p2b_pool_s3.json,ppo:runs/ppo/pass2/p2b_pool_s3.json,2,9001,97,0,1.0,1.0,26.0,91.0,65.0,92.0,-11.0,0.0,2.0,1.0,17.0,11.0,4.0,5.0,1.0,7.0,0.0,0.0,40.0,0.0,2.0,0.0,0.0,1.0,62.0,0.07,0,0.0
ppo:runs/ppo/pass2/p2b_pool_s3.json,ppo:runs/ppo/pass2/p2b_pool_s3.json,2,9001,98,1,0.0,0.0,-36.0,53.0,89.0,91.0,-38.0,0.0,2.0,0.0,19.0,10.0,4.4,4.0,1.0,7.0,2.0,0.0,40.0,0.0,2.0,0.0,0.0,0.0,63.0,0.05,0,0.0
ppo:runs/ppo/pass2/p2b_pool_s3.json,ppo:runs/ppo/pass2/p2b_pool_s3.json,2,9001,99,1,0.0,0.0,-5.0,74.0,79.0,93.0,-19.0,0.0,2.0,0.0,19.0,9.0,4.777777777777778,6.0,2.0,5.0,0.0,0.0,42.0,0.0,2.0,0.0,0.0,0.0,61.0,0.05,0,0.0
